#"Step","Time (ps)","Potential Energy (kJ/mole)","Temperature (K)"
5000,10.000000000000009,-53430.7976752891,306.4678542410614
10000,19.999999999999794,-54000.56506415247,298.897078967543
15000,29.99999999999425,-53537.662891269836,301.742627639732
20000,40.00000000000292,-53556.819995214,293.87438173337443
25000,50.00000000001514,-54097.12367225785,305.96707415743754
30000,60.00000000002736,-53704.399948564125,291.1692498562061
35000,70.00000000001826,-53371.265216839645,296.47741369413177
40000,79.99999999999496,-54065.78178043323,293.5196560493939
45000,89.99999999997165,-53748.579781120294,300.8875868262567
50000,99.99999999994834,-53723.5773996487,296.64054478193447
55000,109.99999999992504,-53722.17307523277,305.4885052405025
60000,119.99999999990173,-53962.167630930955,297.786879431948
65000,129.99999999989262,-53981.24734185904,298.3633146427001
70000,139.99999999994037,-53460.64593867073,298.62509081289755
75000,149.99999999998812,-53585.26318933122,292.8023395508973
80000,160.00000000003587,-53872.51445266712,298.5805630862919
85000,170.00000000008362,-53825.32261726106,297.8622449836514
90000,180.00000000013137,-54228.66453946437,298.01222768754474
95000,190.0000000001791,-54024.341206329525,294.9395340127516
100000,200.00000000022686,-53456.148476701404,291.48183504883485
105000,210.0000000002746,-53621.32148507764,294.2611788727839
110000,220.00000000032236,-53878.705725566426,300.79700750060465
115000,230.0000000003701,-54161.666630539316,303.56080240567195
120000,240.00000000041786,-53634.030877160985,298.3543100753221
125000,250.0000000004656,-53849.708701751224,297.5345579987185
130000,260.00000000051335,-53972.403368360625,294.0579557992815
135000,270.0000000005611,-54036.30722305871,293.2422721133076
140000,280.00000000060885,-53787.92647799314,295.95460734559606
145000,290.0000000006566,-53717.35543801868,307.88717485535886
150000,300.00000000070435,-53945.48387404511,301.67482655573593
155000,310.0000000007521,-53542.95576716092,298.3005179168569
160000,320.00000000079984,-53686.557582863956,305.9432626392938
165000,330.0000000008476,-53432.16985576801,299.5045775693252
170000,340.00000000089534,-53574.02557074092,294.6113705640082
175000,350.0000000009431,-54556.34806174802,294.35609232454004
180000,360.00000000099084,-53823.51244572905,297.26167583214277
185000,370.0000000010386,-53804.02260496214,302.51265552880966
190000,380.00000000108633,-53679.63864900096,299.0803321521185
195000,390.0000000011341,-53870.9342098402,298.01772130497505
200000,400.00000000118183,-53802.00277137366,306.1504113832944
205000,410.0000000012296,-53674.19596653839,302.556253276722
210000,420.00000000127733,-53984.53873838621,291.7883024289003
215000,430.0000000013251,-54138.975183881616,296.4367560599575
220000,440.0000000013728,-53555.085573590826,298.23884483466907
225000,450.0000000014206,-53875.11682126747,293.1769229730436
230000,460.0000000014683,-53737.2176379647,296.78435849543246
235000,470.00000000151607,-54126.58464887066,306.3853850735377
240000,480.0000000015638,-53973.842732615216,301.2266892173131
245000,490.00000000161157,-53947.58902587337,299.9813493014532
250000,500.0000000016593,-53891.40340336505,297.1042483698142
255000,510.00000000170706,-54191.294815091795,304.6307582438185
260000,520.0000000015274,-53995.32888810904,302.3382647322779
265000,530.0000000012909,-53980.86920219145,286.8647853328174
270000,540.0000000010544,-53938.232461064326,302.21424238754037
275000,550.000000000818,-53897.25623131762,299.5749431758712
280000,560.0000000005815,-53390.315588922094,298.8093256204089
285000,570.000000000345,-54058.87919396744,298.9152754428573
290000,580.0000000001086,-53911.09554013368,298.0399629939988
295000,589.9999999998721,-54020.70045514117,291.54069851647813
300000,599.9999999996356,-54192.670179546694,293.36464556712014
305000,609.9999999993992,-54045.87483722612,300.8070509676376
310000,619.9999999991627,-53732.39625444962,291.6214220144545
315000,629.9999999989262,-54210.37941627778,300.4189718792474
320000,639.9999999986898,-53993.20316582668,301.4863183817531
325000,649.9999999984533,-53692.850633866095,294.945944641846
330000,659.9999999982168,-53872.080127394176,298.38761686534184
335000,669.9999999979804,-54146.39039254462,298.98419410738484
340000,679.9999999977439,-53821.587800580746,302.3195537383641
345000,689.9999999975074,-53531.70291583243,290.08436660628234
350000,699.999999997271,-53471.568904440705,296.77972128427194
355000,709.9999999970345,-53655.618691115145,294.9996471069651
360000,719.999999996798,-54005.01205144479,296.6437612085773
365000,729.9999999965615,-53868.70476627044,306.3637451037431
370000,739.9999999963251,-54048.53026228395,294.5157846557774
375000,749.9999999960886,-53609.92547327682,297.9796614774972
380000,759.9999999958521,-53769.03671897817,302.0337420121261
385000,769.9999999956157,-53311.368496038136,297.5746951715435
390000,779.9999999953792,-53480.23742351303,299.34706897964406
395000,789.9999999951427,-53903.54347769014,296.2173929510992
400000,799.9999999949063,-53896.74295863087,295.7772153821084
405000,809.9999999946698,-53930.51352506672,299.9205560621455
410000,819.9999999944333,-53998.01354740467,303.9332213978061
415000,829.9999999941969,-53819.54098290368,304.8195355827845
420000,839.9999999939604,-53948.68957794059,300.3498559201801
425000,849.9999999937239,-54121.56483472057,302.5432600253156
430000,859.9999999934874,-53638.9929755129,298.5934920789261
435000,869.999999993251,-53861.45015389967,297.8008628217283
440000,879.9999999930145,-53627.05065692909,298.7652903230181
445000,889.999999992778,-53948.57792933198,292.39223200982656
450000,899.9999999925416,-53980.26775638384,311.23962767587784
455000,909.9999999923051,-53794.13389682851,296.64111794883917
460000,919.9999999920686,-53388.691270667885,297.9067314361766
465000,929.9999999918322,-53913.25604621606,293.6777394771509
470000,939.9999999915957,-53948.57134370072,292.79404110848026
475000,949.9999999913592,-53925.131020188564,302.4120380784013
480000,959.9999999911228,-53995.81050149718,299.05153037972013
485000,969.9999999908863,-53856.89922700974,289.47705695342626
490000,979.9999999906498,-53987.64917915707,302.4503016854197
495000,989.9999999904134,-54071.14402147272,294.1538581512497
500000,999.9999999901769,-53924.99815214888,302.96011626098897
505000,1009.9999999899404,-54055.65016630088,297.91599735331835
510000,1019.999999989704,-53838.691477996676,293.70000131792375
515000,1029.9999999894676,-53797.66528432997,305.839791207979
520000,1039.9999999892311,-53941.72744561621,300.3008437048171
525000,1049.9999999889947,-54177.00264559378,297.74886427822037
530000,1059.9999999887582,-53932.88302486349,295.39692079371275
535000,1069.9999999885217,-54036.48073163585,300.36511862561196
540000,1079.9999999882853,-53860.928243214,295.39187850391465
545000,1089.9999999880488,-54051.576587271615,292.53971479909535
550000,1099.9999999878123,-53847.66898630874,298.4321295562783
555000,1109.9999999875758,-53882.35783919686,301.47740662496466
560000,1119.9999999873394,-53712.17018496466,295.0027411060032
565000,1129.999999987103,-53479.70910240422,300.5790583961615
570000,1139.9999999868664,-53326.565289995255,297.8612206220252
575000,1149.99999998663,-53870.7991449511,298.34427805696515
580000,1159.9999999863935,-53669.00442067892,305.2123901507341
585000,1169.999999986157,-53510.087625077664,306.28407968179056
590000,1179.9999999859206,-54204.3481891111,296.6602264014538
595000,1189.999999985684,-53488.02657306794,303.2105713057847
600000,1199.9999999854476,-53635.01006214321,297.32670357853533
605000,1209.9999999852112,-53827.97744491848,295.9885887692108
610000,1219.9999999849747,-53827.43357299705,289.3415351054808
615000,1229.9999999847382,-53863.29143434143,300.213865090389
620000,1239.9999999845018,-53870.25448363085,299.66443949884706
625000,1249.9999999842653,-53786.61809175552,307.23075232988396
630000,1259.9999999840288,-53589.054841217614,293.8071825809976
635000,1269.9999999837923,-54060.960674912494,297.085146618281
640000,1279.9999999835559,-54127.735843188246,293.58148239575974
645000,1289.9999999833194,-53786.26931289371,294.65793912512424
650000,1299.999999983083,-53537.561508854356,304.6773768320965
655000,1309.9999999828465,-54002.187165752286,303.2501665173095
660000,1319.99999998261,-53759.180870955286,294.5482023779226
665000,1329.9999999823735,-54111.495925261435,305.82738062918816
670000,1339.999999982137,-53846.12466379508,293.3799414434647
675000,1349.9999999819006,-53777.71464185277,298.7979905226344
680000,1359.9999999816641,-53783.67363384715,298.4190833902325
685000,1369.9999999814277,-53851.63527884148,304.29540292211425
690000,1379.9999999811912,-54002.85172453811,298.16453769716463
695000,1389.9999999809547,-53597.39655721435,293.0461247641821
700000,1399.9999999807183,-53920.95174172183,296.3449097621786
705000,1409.9999999804818,-53650.93078175123,296.931924232189
710000,1419.9999999802453,-53952.34038214543,295.98374476140873
715000,1429.9999999800089,-53703.35819744444,293.53995856084333
720000,1439.9999999797724,-53966.07634283698,295.61267480368167
725000,1449.999999979536,-54199.621354563045,299.2839139886085
730000,1459.9999999792994,-53614.796358429245,297.3779961758263
735000,1469.999999979063,-53568.08475940983,300.5956188898849
740000,1479.9999999788265,-53823.91592129215,300.1284439138753
745000,1489.99999997859,-54120.823473507015,304.0592038557796
750000,1499.9999999783536,-53731.925425979454,307.4696119159957
755000,1509.999999978117,-53408.95097494242,297.34733892518113
760000,1519.9999999778806,-53623.504959421465,299.57273664791387
765000,1529.9999999776442,-53629.80661309452,300.1498844112925
770000,1539.9999999774077,-53666.56641798245,300.65872057643054
775000,1549.9999999771712,-53720.332990885305,296.92900274244863
780000,1559.9999999769348,-53710.229038900026,296.8967614090055
785000,1569.9999999766983,-53427.67836870189,306.8482545538823
790000,1579.9999999764618,-53830.37219781327,298.82147046973006
795000,1589.9999999762254,-54128.14407174973,302.32101072095924
800000,1599.9999999759889,-53886.21757303376,301.4137802920953
805000,1609.9999999757524,-54014.82935472281,296.1282559334031
810000,1619.999999975516,-54034.313461902086,297.77854548958015
815000,1629.9999999752795,-53722.676521495974,290.9575303258511
820000,1639.999999975043,-53780.096158536064,293.35181402615945
825000,1649.9999999748065,-54097.76896657364,295.4181672543678
830000,1659.99999997457,-53958.36535543625,299.07664683562103
835000,1669.9999999743336,-53804.37645424713,298.5232209085444
840000,1679.9999999740971,-53653.67627051624,303.84134902372654
845000,1689.9999999738607,-53602.51393379673,287.63586605280426
850000,1699.9999999736242,-54130.17541330599,288.4557038320851
855000,1709.9999999733877,-53817.194696826715,296.14839101025
860000,1719.9999999731513,-53825.50016305104,304.83217754994956
865000,1729.9999999729148,-53582.08831289789,295.66407039015627
870000,1739.9999999726783,-54021.35576378959,290.7423005276098
875000,1749.9999999724419,-53695.477161089686,295.9801547906906
880000,1759.9999999722054,-53291.08485740126,294.3735376205233
885000,1769.999999971969,-54368.21822474312,303.1246080167386
890000,1779.9999999717324,-54153.98503835275,300.1878272851093
895000,1789.999999971496,-53611.665792432526,298.2981353302264
900000,1799.9999999712595,-53669.98958977964,294.64957668312456
905000,1809.999999971023,-53692.0829010616,296.4549960042213
910000,1819.9999999707866,-53815.4406436804,296.9021915461751
915000,1829.99999997055,-53818.63751721248,293.5938116465398
920000,1839.9999999703136,-53926.78394797363,299.01854507277795
925000,1849.9999999700772,-53899.17355696511,291.23572313296035
930000,1859.9999999698407,-53738.25601663801,305.48942984658856
935000,1869.9999999696042,-53787.35368792678,289.5720125006417
940000,1879.9999999693678,-53301.131119638274,300.0242464125283
945000,1889.9999999691313,-53474.13556782939,304.5203504214819
950000,1899.9999999688948,-53773.27267641353,302.2776683714251
955000,1909.9999999686584,-53670.994234359474,292.53821108161833
960000,1919.999999968422,-54143.41472451517,293.29463690960506
965000,1929.9999999681854,-53705.4740318516,296.78532140169307
970000,1939.999999967949,-54201.76758229954,296.23815247056194
975000,1949.9999999677125,-53604.48767377151,299.2917453214089
980000,1959.999999967476,-53950.262721882056,298.8630923300415
985000,1969.9999999672395,-53976.65265223128,294.5650033244773
990000,1979.999999967003,-54108.6056878487,290.96370025927223
995000,1989.9999999667666,-54176.02575882373,290.81005073179927
1000000,1999.9999999665301,-53861.58029259447,294.29365591986453
1005000,2009.9999999662937,-53856.22207908743,285.56914264047873
1010000,2019.9999999660572,-54184.70401062598,307.24703759217243
1015000,2029.9999999658207,-53743.45165652552,294.7999460225145
1020000,2039.9999999655843,-53501.816456361645,297.01546651468476
1025000,2049.999999965348,-53877.54970455574,295.55603219519867
1030000,2059.9999999651113,-53727.41309859275,313.5155011755019
1035000,2069.999999964875,-53884.22700145503,299.4008662610523
1040000,2079.9999999646384,-53656.93382607083,294.7738798607617
1045000,2089.999999964402,-53380.48653775922,297.8257968455761
1050000,2099.9999999641655,-53291.26256637604,290.96628917233386
1055000,2109.999999963929,-53634.65188519363,298.5723304387386
1060000,2119.9999999636925,-54121.698651580606,293.8882496757406
1065000,2129.999999963456,-53767.35458863221,310.1660053280873
1070000,2139.9999999632196,-54070.64080616311,300.6229669211274
1075000,2149.999999962983,-53800.716951655195,301.40085622650435
1080000,2159.9999999627466,-53839.62773819288,303.99812037490216
1085000,2169.99999996251,-53474.0613604238,296.4705237462294
1090000,2179.9999999622737,-54269.780934160866,301.7897080860428
1095000,2189.9999999620372,-53832.01231017796,299.70893609169457
1100000,2199.9999999618008,-54010.965446657705,298.8220745889934
1105000,2209.9999999615643,-54014.53092092031,299.5469227395623
1110000,2219.999999961328,-53739.738439238485,293.6555476487727
1115000,2229.9999999610914,-53568.04215204509,304.74706284519266
1120000,2239.999999960855,-53669.40417423911,289.1101060767548
1125000,2249.9999999606184,-53764.54986880373,303.14193133311886
1130000,2259.999999960382,-53855.98380326695,295.0134634948041
1135000,2269.9999999601455,-54077.07447308034,301.23937243934495
1140000,2279.999999959909,-54034.662471268035,294.47723908420227
1145000,2289.9999999596726,-53589.52304161157,294.48339402138305
1150000,2299.999999959436,-53717.902663205285,301.2283914079171
1155000,2309.9999999591996,-53567.3897579395,300.2065265061354
1160000,2319.999999958963,-53926.5148379202,297.8255369610323
1165000,2329.9999999587267,-53926.185913267254,302.63262292901896
1170000,2339.99999995849,-53963.83022188008,296.8682960336407
1175000,2349.9999999582537,-54077.00884624274,295.1350032512997
1180000,2359.9999999580173,-53752.44035065459,308.01830108599927
1185000,2369.999999957781,-53806.43726253393,290.5985284894541
1190000,2379.9999999575443,-54062.986480744206,295.0794045402612
1195000,2389.999999957308,-54061.78564350019,294.0876137112713
1200000,2399.9999999570714,-53904.08525792009,307.91724810775037
1205000,2409.999999956835,-53803.62727581381,296.9905552274784
1210000,2419.9999999565985,-53723.3625750427,297.75132970823887
1215000,2429.999999956362,-54011.60161285437,302.8979069224258
1220000,2439.9999999561255,-53489.90638401493,297.15657258673724
1225000,2449.999999955889,-53583.598987647565,298.5301901392239
1230000,2459.9999999556526,-53283.683141152374,295.92792800469283
1235000,2469.999999955416,-53797.47783107823,286.1504398888212
1240000,2479.9999999551796,-53733.52657988947,300.89751328570736
1245000,2489.999999954943,-54231.12426053005,299.71297047399224
1250000,2499.9999999547067,-53658.46419126968,288.96228796613855
1255000,2509.9999999544702,-54131.148476810515,296.955769662652
1260000,2519.9999999542338,-54211.517186407145,303.24467451169926
1265000,2529.9999999539973,-53798.079536669364,299.196382581663
1270000,2539.999999953761,-53776.02884627375,305.49524236526537
1275000,2549.9999999535244,-53735.03323269336,294.40211127704407
1280000,2559.999999953288,-54027.726130190626,304.49784582874935
1285000,2569.9999999530514,-54051.6161452122,295.2999211558399
1290000,2579.999999952815,-53901.54601608717,302.6870898838026
1295000,2589.9999999525785,-53677.790796984365,301.1419316565622
1300000,2599.999999952342,-53757.33332928343,300.8280508344606
1305000,2609.9999999521056,-53789.01298777529,300.7436651400363
1310000,2619.999999951869,-53846.643688114884,299.6961896848814
1315000,2629.9999999516326,-54092.29204067952,292.5713928971608
1320000,2639.999999951396,-53708.96649508679,306.13978629851454
1325000,2649.9999999511597,-53259.638198866945,300.3036440163375
1330000,2659.999999950923,-53454.60753959464,295.6367738450427
1335000,2669.9999999506867,-54296.72785140248,296.81297935204225
1340000,2679.9999999504503,-53971.49234954693,300.24541625892545
1345000,2689.999999950214,-53743.33607619989,295.4552366197283
1350000,2699.9999999499773,-53814.405856088124,298.1845729722758
1355000,2709.999999949741,-54080.09102314178,297.0658583709337
1360000,2719.9999999495044,-53621.2355345978,296.266060562866
1365000,2729.999999949268,-54011.18938900705,295.8932520323017
1370000,2739.9999999490315,-53966.977481213864,297.5155428202067
1375000,2749.999999948795,-53451.7990393544,305.0429417820928
1380000,2759.9999999485585,-53873.155157932546,299.2934573976429
1385000,2769.999999948322,-53820.66525203554,291.7172963237843
1390000,2779.9999999480856,-54088.146864001435,298.4052362859631
1395000,2789.999999947849,-53630.37338217764,297.6647678299484
1400000,2799.9999999476127,-53887.217692350445,304.7499440704477
1405000,2809.999999947376,-53941.52331380904,299.4903209374469
1410000,2819.9999999471397,-54033.58230345143,300.1605612423344
1415000,2829.9999999469032,-54099.21336105079,297.4501927719022
1420000,2839.999999946667,-54226.58452332963,291.00192132881085
1425000,2849.9999999464303,-53727.49811630751,304.8287704856518
1430000,2859.999999946194,-54045.2546307063,294.76026410871276
1435000,2869.9999999459574,-53564.72500449448,303.97183608884194
1440000,2879.999999945721,-53864.489670957846,296.38091072613196
1445000,2889.9999999454844,-53773.76157275119,293.0087946949752
1450000,2899.999999945248,-53804.03597095446,301.63108603495635
1455000,2909.9999999450115,-53954.170067032974,296.37061689322013
1460000,2919.999999944775,-53763.88491210088,293.60841263458315
1465000,2929.9999999445386,-53434.96088111831,297.18597148753184
1470000,2939.999999944302,-53866.223877699755,297.1482136181453
1475000,2949.9999999440656,-53621.22959501276,299.52946650541855
1480000,2959.999999943829,-54043.78737885988,307.58594990384626
1485000,2969.9999999435927,-53811.81434883311,304.94400508121464
1490000,2979.999999943356,-53896.70679526712,298.30418951860605
1495000,2989.9999999431197,-54049.68019785793,298.7480148929547
1500000,2999.9999999428833,-53888.83942585744,297.3011564897738
1505000,3009.999999942647,-53690.34205773505,300.4670766168205
1510000,3019.9999999424103,-54059.33261018054,293.79834491031164
1515000,3029.999999942174,-53787.009613782226,298.94966184028505
1520000,3039.9999999419374,-53702.63237823523,294.3836011360646
1525000,3049.999999941701,-53628.6922553576,296.3342426144354
1530000,3059.9999999414645,-53722.80840055362,291.29281452468587
1535000,3069.999999941228,-53945.4883305635,299.4253732307974
1540000,3079.9999999409915,-53895.198152266676,299.1917623651136
1545000,3089.999999940755,-53411.41581157828,296.7069671629217
1550000,3099.9999999405186,-53578.60506015143,298.2369431902681
1555000,3109.999999940282,-54278.14528224565,294.6598667109953
1560000,3119.9999999400457,-53804.850678146584,300.36550505128014
1565000,3129.999999939809,-53860.17406658706,294.3481430011932
1570000,3139.9999999395727,-53873.64223096357,309.1311475396014
1575000,3149.9999999393362,-54359.25735606323,294.65416358345607
1580000,3159.9999999391,-53785.50987612337,293.8103770637196
1585000,3169.9999999388633,-54034.07804828687,296.2684407983763
1590000,3179.999999938627,-53671.91684526845,293.65274387851497
1595000,3189.9999999383904,-53645.6428868575,305.09094734024563
1600000,3199.999999938154,-53782.17501859076,297.65273965075835
1605000,3209.9999999379174,-53761.20546504512,299.21143771843884
1610000,3219.999999937681,-53954.850035015814,303.28912447338723
1615000,3229.9999999374445,-53993.70690681928,296.58848529342924
1620000,3239.999999937208,-53848.1785319841,306.2955719079065
1625000,3249.9999999369716,-53904.57441839634,299.8586109814478
1630000,3259.999999936735,-54004.994173554005,299.87112600938485
1635000,3269.9999999364986,-53671.5821190642,305.6538343139449
1640000,3279.999999936262,-53683.93550935062,295.37986242891094
1645000,3289.9999999360257,-53690.95058530659,299.29298714298073
1650000,3299.999999935789,-53484.547997606045,309.89497237173896
1655000,3309.9999999355528,-53942.42199659595,293.7363783054047
1660000,3319.9999999353163,-53855.417038754036,299.78945925807216
1665000,3329.99999993508,-53878.360316530685,296.64356998917793
1670000,3339.9999999348433,-53839.9741437051,292.1293640977028
1675000,3349.999999934607,-53677.67977558618,300.33192287345497
1680000,3359.9999999343704,-53881.841189324594,292.4603674640281
1685000,3369.999999934134,-54085.63812287545,305.5641646598493
1690000,3379.9999999338975,-53949.55394918888,291.0605028837269
1695000,3389.999999933661,-53674.35001511738,302.8288790828596
1700000,3399.9999999334245,-53914.92767401118,299.8187039738909
1705000,3409.999999933188,-53917.743890703976,297.50838025006783
1710000,3419.9999999329516,-53877.728571549145,302.77900322975756
1715000,3429.999999932715,-53802.39372185862,301.1861685638321
1720000,3439.9999999324787,-53885.90054145476,295.44443003090987
1725000,3449.999999932242,-53889.968423363636,293.8475357012786
1730000,3459.9999999320057,-53743.99171104797,307.972431690853
1735000,3469.9999999317693,-53858.79230122629,300.6128194652962
1740000,3479.999999931533,-53673.885640689405,290.57148075762
1745000,3489.9999999312963,-53823.09772318628,299.10408214047857
1750000,3499.99999993106,-54187.285137408006,301.9757335344018
1755000,3509.9999999308234,-53671.429253795504,302.5527370829682
1760000,3519.999999930587,-53887.53518087359,300.05254047022487
1765000,3529.9999999303504,-53823.680598153325,300.1728234322024
1770000,3539.999999930114,-53344.006108087604,292.73566696492645
1775000,3549.9999999298775,-53557.505563129875,303.8707877129501
1780000,3559.999999929641,-53607.64276411355,290.7679997845066
1785000,3569.9999999294046,-53827.455968386086,294.21123314826707
1790000,3579.999999929168,-53822.286781571805,303.21177963111177
1795000,3589.9999999289316,-53650.07446179431,292.40069024212164
1800000,3599.999999928695,-53427.52663861372,295.404117523329
1805000,3609.9999999284587,-53467.63414060752,295.0682486745391
1810000,3619.999999928222,-53806.80932546506,291.820649747738
1815000,3629.9999999279858,-53217.90330795967,298.77940884088906
1820000,3639.9999999277493,-53737.15454186709,297.020442265829
1825000,3649.999999927513,-54229.323159868334,301.41652065362956
1830000,3659.9999999272763,-53795.040121947066,294.13872694529454
1835000,3669.99999992704,-54045.805447686405,290.89093869972334
1840000,3679.9999999268034,-53785.31120460652,295.712946962583
1845000,3689.999999926567,-53984.383988549875,297.4171072775869
1850000,3699.9999999263305,-53339.243359462795,294.22272191519596
1855000,3709.999999926094,-53959.809280843474,296.7953699061767
1860000,3719.9999999258575,-54120.978189417976,304.63440274802065
1865000,3729.999999925621,-53841.90308007813,297.57105958338826
1870000,3739.9999999253846,-54119.09912556663,305.6444508119882
1875000,3749.999999925148,-53718.68730745453,305.80702434074584
1880000,3759.9999999249117,-53864.552231094945,291.0372085030003
1885000,3769.999999924675,-53702.72071446566,300.2367287903623
1890000,3779.9999999244387,-53937.216558127344,296.5299371293096
1895000,3789.9999999242023,-53607.42477775196,297.34691651450765
1900000,3799.999999923966,-54142.298081228015,303.13918971711047
1905000,3809.9999999237293,-53832.851907969714,304.08947115685413
1910000,3819.999999923493,-53613.51733393807,301.3819990715119
1915000,3829.9999999232564,-53210.025853462255,298.5883949223419
1920000,3839.99999992302,-54142.97848092113,303.2470389913423
1925000,3849.9999999227834,-53716.89215754275,296.3335813985927
1930000,3859.999999922547,-54231.20415449355,306.6288498725312
1935000,3869.9999999223105,-53514.016521696554,305.2745684454033
1940000,3879.999999922074,-53646.31110728957,303.07208061603563
1945000,3889.9999999218376,-53690.83067042485,297.2030500096506
1950000,3899.999999921601,-53778.551448558515,301.2583119944914
1955000,3909.9999999213646,-53323.27516701381,303.1702931868206
1960000,3919.999999921128,-54213.35195710856,302.6565382833141
1965000,3929.9999999208917,-53918.153802042914,300.4585168287756
1970000,3939.9999999206552,-53695.53003112631,289.266518567549
1975000,3949.9999999204188,-53786.157242454006,292.58924255736275
1980000,3959.9999999201823,-53783.563375895785,303.92857606985945
1985000,3969.999999919946,-53945.29666643101,293.1857325179846
1990000,3979.9999999197094,-53517.60644440632,309.31035891092307
1995000,3989.999999919473,-53816.92806475304,296.0086285842968
2000000,3999.9999999192364,-54135.35265152258,301.29486713276987
2005000,4009.999999919,-53879.16317416122,304.7473301245908
2010000,4019.9999999187635,-53835.06919590142,295.05221017163507
2015000,4029.999999918527,-54099.90739914079,301.2370004527352
2020000,4039.9999999182905,-53761.94573473756,297.4533330489913
2025000,4049.999999918054,-54002.014768044726,294.02484588370754
2030000,4059.9999999178176,-53662.80849810783,294.6951467741276
2035000,4069.999999917581,-53540.493045493844,296.1869182887833
2040000,4079.9999999173447,-54311.1909899856,297.9004520751603
2045000,4089.999999917108,-54090.68408399174,295.65529980143873
2050000,4099.999999917781,-54037.361987097596,294.7765905567443
2055000,4109.999999919818,-53783.15757997689,295.9587676721096
2060000,4119.999999921855,-53727.93577316409,298.2763474486904
2065000,4129.999999923893,-54186.931451390556,297.0798407413008
2070000,4139.99999992593,-53937.8995861485,300.0542628234051
2075000,4149.999999927967,-53966.55245730429,308.537324109096
2080000,4159.999999930004,-53589.68607096092,294.065469739877
2085000,4169.999999932042,-53587.35667783211,295.48672208574044
2090000,4179.999999934079,-54074.520614775654,292.5535443553323
2095000,4189.999999936116,-53511.25538085459,292.2518703039875
2100000,4199.999999938153,-53653.971692552645,299.3036462263115
2105000,4209.999999940191,-53439.037272956426,302.5598819525662
2110000,4219.999999942228,-53672.09917380262,290.86855823494994
2115000,4229.999999944265,-54184.45703862433,299.31329215058133
2120000,4239.9999999463025,-53611.94737432699,300.1875406838306
2125000,4249.99999994834,-53955.79552560783,294.29693727177903
2130000,4259.999999950377,-53698.241264503915,294.6489835760874
2135000,4269.999999952414,-53633.49514576074,301.7882214508097
2140000,4279.999999954452,-53792.33992931701,298.6202230914384
2145000,4289.999999956489,-53831.789225157176,299.65279122655284
2150000,4299.999999958526,-53795.30418033636,294.13304188788095
2155000,4309.999999960563,-53692.2434125978,295.8609470530925
2160000,4319.999999962601,-54374.192974392936,296.9140560434144
2165000,4329.999999964638,-53967.38307148122,301.7482000267222
2170000,4339.999999966675,-53851.815178879246,305.1036875364463
2175000,4349.9999999687125,-53640.20462836337,298.2965026716186
2180000,4359.99999997075,-53499.57049500797,296.01711506098695
2185000,4369.999999972787,-53900.94677876582,302.89272986027765
2190000,4379.999999974824,-53888.04243658707,294.7149601670311
2195000,4389.999999976862,-53624.13839281612,294.11088794739527
2200000,4399.999999978899,-53470.34984054958,294.8726299892092
2205000,4409.999999980936,-53677.13909946557,302.22190398944946
2210000,4419.999999982973,-54094.04536340595,290.2760385509623
2215000,4429.999999985011,-53963.07743851899,301.02227812865425
2220000,4439.999999987048,-53648.65488243193,305.01021479638064
2225000,4449.999999989085,-54130.041385571996,303.4611613878054
2230000,4459.999999991122,-54114.822822683695,300.79652910929815
2235000,4469.99999999316,-53717.91654073418,288.1953004859556
2240000,4479.999999995197,-54062.006899176486,300.11573730064464
2245000,4489.999999997234,-53710.252328394476,295.6015107777489
2250000,4499.9999999992715,-53751.20666637004,300.2235833058433
2255000,4510.000000001309,-53698.2249674426,298.32989307898697
2260000,4520.000000003346,-53688.469000280485,298.2424096284814
2265000,4530.000000005383,-53795.87517337565,302.45702368896644
2270000,4540.000000007421,-53886.85466633062,296.7040052447543
2275000,4550.000000009458,-53796.614655587386,295.6911289128281
2280000,4560.000000011495,-54093.71074696467,302.19103346285976
2285000,4570.000000013532,-53511.67016911239,298.78285152921137
2290000,4580.00000001557,-53542.9175047451,291.2523791235139
2295000,4590.000000017607,-53937.708947392035,308.4142724373781
2300000,4600.000000019644,-53814.876435686136,299.65838925249193
2305000,4610.000000021681,-53890.67023144569,304.06400413694723
2310000,4620.000000023719,-53486.36539080096,294.9802916070772
2315000,4630.000000025756,-53647.02264615189,295.0991980722245
2320000,4640.000000027793,-53783.05723227156,307.9694370819102
2325000,4650.0000000298305,-53657.61964255126,288.5909129032173
2330000,4660.000000031868,-53801.59138060134,295.07757326810787
2335000,4670.000000033905,-54098.19596349512,293.06624903096537
2340000,4680.000000035942,-53682.187567622226,293.3766789592908
2345000,4690.00000003798,-53736.21760717215,303.692350821589
2350000,4700.000000040017,-53993.40807295297,303.5598856057365
2355000,4710.000000042054,-54048.21294546267,299.8770031907271
2360000,4720.000000044091,-53792.50619399984,305.59620005004655
2365000,4730.000000046129,-54158.87543126318,304.6355724765226
2370000,4740.000000048166,-53268.69045295997,302.3202123476656
2375000,4750.000000050203,-53899.808194326324,305.2791961512114
2380000,4760.0000000522405,-53703.87924935541,305.03196761297374
2385000,4770.000000054278,-53928.265964364866,306.1948173142402
2390000,4780.000000056315,-53662.60064129572,300.3690796985099
2395000,4790.000000058352,-54077.685494780744,303.37475660989304
2400000,4800.0000000603895,-53551.449825500895,295.917224542657
2405000,4810.000000062427,-53698.195270680706,297.11071935974894
2410000,4820.000000064464,-53519.853593009844,301.5029233135341
2415000,4830.000000066501,-54036.028798493324,302.25685960174275
2420000,4840.000000068539,-53951.4461276645,301.7737470474616
2425000,4850.000000070576,-53990.51042347512,298.03282310107903
2430000,4860.000000072613,-54064.827653651766,296.4262066188665
2435000,4870.00000007465,-53980.66141622543,293.6072985072036
2440000,4880.000000076688,-54159.80006935468,296.38603555622205
2445000,4890.000000078725,-53799.82172545482,297.44859755181903
2450000,4900.000000080762,-54062.77070223392,290.802647463533
2455000,4910.0000000827995,-53621.681312853325,296.59851489951257
2460000,4920.000000084837,-53756.07336954909,298.15003362985414
2465000,4930.000000086874,-53428.14788308804,301.3017000683276
2470000,4940.000000088911,-53596.80281984917,290.03173828611267
2475000,4950.000000090949,-53564.75113599794,308.19539163027196
2480000,4960.000000092986,-53678.16294129641,296.45334282772404
2485000,4970.000000095023,-53837.45897488855,291.03631016070705
2490000,4980.00000009706,-53771.50400463649,306.5486299035041
2495000,4990.000000099098,-54324.21691798369,286.5514112634368
2500000,5000.000000101135,-53917.062843543536,296.75209906829156
2505000,5010.000000103172,-53907.945932847535,288.52447436790135
2510000,5020.000000105209,-53838.775068670046,302.43145535283253
2515000,5030.000000107247,-53905.173295981076,292.2011668047623
2520000,5040.000000109284,-53482.346613334725,292.1134803966826
2525000,5050.000000111321,-53701.25522417881,299.33316509316717
2530000,5060.0000001133585,-53963.865490472206,297.28450369365555
2535000,5070.000000115396,-53513.21671473747,292.8318218094995
2540000,5080.000000117433,-53942.23528785765,296.49698236721895
2545000,5090.00000011947,-53731.104920151236,289.78328120548156
2550000,5100.000000121508,-53916.02116541253,302.0782262327268
2555000,5110.000000123545,-54227.95768609719,299.0268594006971
2560000,5120.000000125582,-53583.63803699237,296.69755066793147
2565000,5130.000000127619,-53618.96124142947,298.68315187624364
2570000,5140.000000129657,-53874.3786953004,297.6124588529409
2575000,5150.000000131694,-54045.6433956314,300.38813239079764
2580000,5160.000000133731,-54062.312487684365,301.47708017880825
2585000,5170.0000001357685,-53548.096127364435,308.21508077908123
2590000,5180.000000137806,-53527.99731771523,293.6129949760983
2595000,5190.000000139843,-53573.46140659979,302.6193518028769
2600000,5200.00000014188,-53579.58858357195,302.8236187277356
2605000,5210.0000001439175,-53925.58410853939,298.0662871109813
2610000,5220.000000145955,-53838.3339688908,295.9293942791354
2615000,5230.000000147992,-53715.32106205658,297.9966414584069
2620000,5240.000000150029,-53752.29726013946,290.1317423451305
2625000,5250.000000152067,-53829.55506385438,296.19963907220983
2630000,5260.000000154104,-53344.09579218624,302.2509530036329
2635000,5270.000000156141,-53691.38368688882,305.94997126127373
2640000,5280.000000158178,-54010.512411325064,291.4273616929567
2645000,5290.000000160216,-53675.08062170877,307.44294908688744
2650000,5300.000000162253,-53526.46398385186,291.24710753173656
2655000,5310.00000016429,-53871.585873226344,299.68208488613425
2660000,5320.0000001663275,-53533.03259316087,295.9758829156549
2665000,5330.000000168365,-53378.01770573316,301.77459520687745
2670000,5340.000000170402,-53998.22518742381,290.5146637280999
2675000,5350.000000172439,-53928.863297719654,304.26973634723635
2680000,5360.000000174477,-54019.46777659,296.5951058159229
2685000,5370.000000176514,-53735.12933502995,302.59748959831114
2690000,5380.000000178551,-53712.26387616579,300.0778074720536
2695000,5390.000000180588,-53825.030697891285,294.2503986534424
2700000,5400.000000182626,-53901.2979669589,288.85323154868087
2705000,5410.000000184663,-54258.93065553278,298.57210060259433
2710000,5420.0000001867,-53487.59890048223,302.40089556633535
2715000,5430.000000188737,-53620.1132198796,301.33368899946447
2720000,5440.000000190775,-54318.28681338226,300.5346133591873
2725000,5450.000000192812,-53711.01489585973,296.3941515557626
2730000,5460.000000194849,-53736.34505471098,300.95016440769615
2735000,5470.0000001968865,-53957.463552286266,297.1317030056704
2740000,5480.000000198924,-53619.92215776618,303.77803403041423
2745000,5490.000000200961,-54144.155987898965,303.63994180202445
2750000,5500.000000202998,-54046.57776352408,291.2498880340981
2755000,5510.000000205036,-53941.11500036443,306.0310196489836
2760000,5520.000000207073,-53947.49040511635,297.3697320981816
2765000,5530.00000020911,-53564.340367192985,295.05913289588625
2770000,5540.000000211147,-54040.644556027226,305.7808783793722
2775000,5550.000000213185,-53537.24068109511,294.66253494312036
2780000,5560.000000215222,-53602.84587315016,293.5448421484314
2785000,5570.000000217259,-53836.19631153508,298.25937007619376
2790000,5580.000000219296,-53860.666017663025,305.161629624902
2795000,5590.000000221334,-53560.5288572032,296.6458116350484
2800000,5600.000000223371,-53845.03201937757,300.4364240690749
2805000,5610.000000225408,-53892.15576411699,295.35727038151356
2810000,5620.0000002274455,-53683.211926821794,302.4655894954833
2815000,5630.000000229483,-53430.69359277218,299.3085710098087
2820000,5640.00000023152,-53720.925240405515,297.66533916407576
2825000,5650.000000233557,-53964.09838444897,298.0364970351937
2830000,5660.000000235595,-53783.54896751937,289.6305569727283
2835000,5670.000000237632,-53926.78484415388,292.0200014841975
2840000,5680.000000239669,-53917.36073941091,298.9356844868862
2845000,5690.000000241706,-53538.25970748553,296.0503434595594
2850000,5700.000000243744,-53602.64478341112,298.8321488060031
2855000,5710.000000245781,-53880.6038577772,300.9143097635581
2860000,5720.000000247818,-53985.439792700665,298.6139594062534
2865000,5730.0000002498555,-53793.93348419541,305.80777842309317
2870000,5740.000000251893,-53864.790447950014,297.9389636040674
2875000,5750.00000025393,-54132.103155107994,293.5929287763957
2880000,5760.000000255967,-53784.62745818621,304.7934225202557
2885000,5770.000000258005,-53419.57424578903,299.90575811078685
2890000,5780.000000260042,-53764.4939603348,295.1573696387151
2895000,5790.000000262079,-54057.811297206674,301.79166386757834
2900000,5800.000000264116,-53493.232476837235,291.1686426668681
2905000,5810.000000266154,-53975.717139975895,299.08601897700487
2910000,5820.000000268191,-53666.196888912906,298.9695590506679
2915000,5830.000000270228,-53945.34449669946,305.8762160946669
2920000,5840.000000272265,-53833.75188044511,298.3679001840695
2925000,5850.000000274303,-53964.133884265146,296.78400069558376
2930000,5860.00000027634,-53679.733320271334,299.03691070499576
2935000,5870.000000278377,-54089.372085235926,300.09419087771744
2940000,5880.0000002804145,-54034.83192998619,294.80106721766595
2945000,5890.000000282452,-53508.37675600557,294.62582099521774
2950000,5900.000000284489,-53599.92687506194,293.1789772007219
2955000,5910.000000286526,-53629.76724866161,294.4387519360295
2960000,5920.000000288564,-53947.86485277247,303.32320419637597
2965000,5930.000000290601,-53735.9076196918,295.8174079494736
2970000,5940.000000292638,-53805.966050064395,293.9948673563103
2975000,5950.000000294675,-54087.41433838499,295.38362888397813
2980000,5960.000000296713,-53780.57758107135,303.2618093204187
2985000,5970.00000029875,-53951.20485371561,302.25748938966643
2990000,5980.000000300787,-53895.45872018763,301.52451184375326
2995000,5990.000000302824,-54010.814429514576,291.6831452686763
3000000,6000.000000304862,-53703.32706853788,307.41711939187314
3005000,6010.000000306899,-53731.70735199569,300.53696391659895
3010000,6020.000000308936,-53852.93042025325,295.01084479685017
3015000,6030.0000003109735,-53573.36233406665,299.85582241591413
3020000,6040.000000313011,-53932.32749957024,301.08087620653606
3025000,6050.000000315048,-53964.22419482563,302.5230219736575
3030000,6060.000000317085,-53590.379895846476,302.50898901404116
3035000,6070.000000319123,-53588.246267861774,304.11202686439333
3040000,6080.00000032116,-53964.91892029485,304.88945222136437
3045000,6090.000000323197,-53981.78358618097,297.0095310262829
3050000,6100.000000325234,-53708.75083856302,291.9552686643827
3055000,6110.000000327272,-53731.748226432246,299.43105102210035
3060000,6120.000000329309,-53533.146051581454,299.3144076484734
3065000,6130.000000331346,-54014.79657632098,292.44053129669055
3070000,6140.0000003333835,-54065.95431778641,288.9861984895374
3075000,6150.000000335421,-53741.463603128446,306.2964987118992
3080000,6160.000000337458,-54036.254342311586,294.3572911250112
3085000,6170.000000339495,-53479.176418950665,302.3877784772342
3090000,6180.0000003415325,-53879.91667965567,296.26453392251125
3095000,6190.00000034357,-53946.55517793514,297.4205754912909
3100000,6200.000000345607,-53983.42142799613,304.22978434550674
3105000,6210.000000347644,-54007.78783523833,307.36211229323175
3110000,6220.000000349682,-53888.39444280608,296.9623903119182
3115000,6230.000000351719,-53818.22189289486,289.88787822205705
3120000,6240.000000353756,-53531.26681971803,301.65866083754497
3125000,6250.000000355793,-53604.69005482725,303.8428144088126
3130000,6260.000000357831,-53886.81374488957,294.6692048212171
3135000,6270.000000359868,-54159.32240064471,296.3981206654613
3140000,6280.000000361905,-53897.77842582844,295.79568657202145
3145000,6290.0000003639425,-54206.74707571842,294.4413398292499
3150000,6300.00000036598,-53526.01884041025,308.61070495034494
3155000,6310.000000368017,-53713.420856262936,305.1465255719585
3160000,6320.000000370054,-53665.84312679077,297.8569436435973
3165000,6330.000000372092,-53562.46296764494,297.1888265505855
3170000,6340.000000374129,-53723.49244241961,292.75169461039246
3175000,6350.000000376166,-54068.80354538624,300.3645338708124
3180000,6360.000000378203,-53773.921522294,302.79816172510283
3185000,6370.000000380241,-53859.006482904835,297.360873188765
3190000,6380.000000382278,-53884.590727123665,296.18601099686197
3195000,6390.000000384315,-54130.764835367445,296.82393047021515
3200000,6400.000000386352,-53493.16467845708,307.5996425677059
3205000,6410.00000038839,-53688.122449485905,300.7165897978659
3210000,6420.000000390427,-53158.009346111445,306.47542183251306
3215000,6430.000000392464,-54030.64094889135,298.27586477063926
3220000,6440.0000003945015,-53593.90042740182,288.69757535658397
3225000,6450.000000396539,-53871.496744365635,302.45399337487646
3230000,6460.000000398576,-53866.644135972805,297.53932853029266
3235000,6470.000000400613,-53847.78728066193,301.6982973009409
3240000,6480.000000402651,-53572.02882398068,298.9443731375672
3245000,6490.000000404688,-54008.900757379655,300.47492933296706
3250000,6500.000000406725,-54139.39606119532,307.03327692764054
3255000,6510.000000408762,-53936.74203158854,296.4328722390617
3260000,6520.0000004108,-53993.38504971459,300.10795345889835
3265000,6530.000000412837,-53836.93741005217,295.3085509404698
3270000,6540.000000414874,-53866.48188646397,307.4771481777707
3275000,6550.0000004169115,-53851.70602299733,289.16591114253214
3280000,6560.000000418949,-53723.8161651009,298.75505483041115
3285000,6570.000000420986,-54027.48404784544,301.3129738512839
3290000,6580.000000423023,-53964.877730507986,295.34637025898456
3295000,6590.0000004250605,-53867.266582576034,294.84000138407913
3300000,6600.000000427098,-53899.36700943808,310.87241858075276
3305000,6610.000000429135,-53720.007017939526,290.3902160491473
3310000,6620.000000431172,-53737.28652623971,297.2066172653836
3315000,6630.00000043321,-53454.47584447908,300.87664526087053
3320000,6640.000000435247,-53710.657784869516,299.99484516764426
3325000,6650.000000437284,-53919.730285870784,298.19419862387537
3330000,6660.000000439321,-53922.30000004443,293.48741114999865
3335000,6670.000000441359,-53903.88830996008,303.53691540798013
3340000,6680.000000443396,-54066.40665917759,298.7468385747175
3345000,6690.000000445433,-53634.115955948626,300.82856526883893
3350000,6700.0000004474705,-53704.55141457275,297.96499680234075
3355000,6710.000000449508,-53805.339827351476,295.9795538772831
3360000,6720.000000451545,-53698.626506999135,287.1758460107716
3365000,6730.000000453582,-53404.96336626838,301.39526992708545
3370000,6740.00000045562,-54044.704446182615,290.62221813830604
3375000,6750.000000457657,-53709.92785499577,299.4115660053653
3380000,6760.000000459694,-53691.28216969545,307.25303965592184
3385000,6770.000000461731,-54050.268731813616,305.6190771428635
3390000,6780.000000463769,-53569.321396457584,304.4613902300282
3395000,6790.000000465806,-53833.688464195584,302.9203934329273
3400000,6800.000000467843,-53612.01646517505,300.25310586025967
3405000,6810.00000046988,-53763.85206747305,303.52350697376266
3410000,6820.000000471918,-53921.43570574399,303.9956720358161
3415000,6830.000000473955,-53702.04588202486,305.19406930158226
3420000,6840.000000475992,-54458.76209734267,291.8978003375246
3425000,6850.0000004780295,-53987.53008987487,293.06834947765975
3430000,6860.000000480067,-53897.179432624165,304.71769748481154
3435000,6870.000000482104,-53896.7194895306,308.75794512834534
3440000,6880.000000484141,-54212.840382901544,303.2830018006946
3445000,6890.000000486179,-53525.030567873386,304.04653854950806
3450000,6900.000000488216,-54050.548246068734,305.781119876026
3455000,6910.000000490253,-54220.12967386318,301.26015377298404
3460000,6920.00000049229,-53791.82109261016,300.9109927469082
3465000,6930.000000494328,-54344.35433967796,296.41387545068505
3470000,6940.000000496365,-53781.14836273028,299.07800022952745
3475000,6950.000000498402,-53696.9795333808,299.2559298663572
3480000,6960.0000005004395,-53587.28368593438,297.70802912974034
3485000,6970.000000502477,-53815.792545240954,287.4597042510871
3490000,6980.000000504514,-54211.61326422321,298.7923252339149
3495000,6990.000000506551,-53827.40421925354,293.5378804231046
3500000,7000.0000005085885,-53550.056913412904,293.38623108514827
3505000,7010.000000510626,-53927.616179402336,297.13392627240654
3510000,7020.000000512663,-53775.807161079894,298.55689415268154
3515000,7030.0000005147,-53916.365597015305,300.8796466938914
3520000,7040.000000516738,-53781.60697108027,300.62822603301925
3525000,7050.000000518775,-53917.51221277125,303.244411180538
3530000,7060.000000520812,-53808.832700199855,302.1978459996225
3535000,7070.000000522849,-54059.61430319035,295.986635405801
3540000,7080.000000524887,-54383.31429887732,302.9331106215205
3545000,7090.000000526924,-54002.45726361481,294.27976727661303
3550000,7100.000000528961,-53594.34776421852,299.104702212482
3555000,7110.0000005309985,-53832.53120598363,307.069741656679
3560000,7120.000000533036,-53463.66812505387,305.15200035479955
3565000,7130.000000535073,-53739.581732206716,295.38604189867436
3570000,7140.00000053711,-53892.63989580033,298.3832684573441
3575000,7150.000000539148,-53856.13720791819,299.96219900502956
3580000,7160.000000541185,-53974.93070717118,299.33238727857093
3585000,7170.000000543222,-53930.50821325247,300.24100098434224
3590000,7180.000000545259,-53797.33514057408,297.0989836889973
3595000,7190.000000547297,-53608.007967009326,302.48077025318213
3600000,7200.000000549334,-53711.27493960934,297.03980285794
3605000,7210.000000551371,-53930.42294874726,301.01908425272114
3610000,7220.000000553408,-53858.77858782507,292.25481586811975
3615000,7230.000000555446,-53827.97977336793,310.27693756012866
3620000,7240.000000557483,-54022.05866883451,303.94710784109196
3625000,7250.00000055952,-53661.46070127585,296.3264280298729
3630000,7260.0000005615575,-54055.489574468724,298.93362933612747
3635000,7270.000000563595,-53732.00657811147,295.5146440345182
3640000,7280.000000565632,-54060.1706652907,300.9108457548282
3645000,7290.000000567669,-54078.952783924,292.7468013450426
3650000,7300.000000569707,-53901.31930936131,308.16296204874016
3655000,7310.000000571744,-53445.19417763996,302.7684412568178
3660000,7320.000000573781,-53254.35696042745,299.2911336123714
3665000,7330.000000575818,-53875.218439319,296.62724972300543
3670000,7340.000000577856,-53573.38957936756,301.68621938605185
3675000,7350.000000579893,-53825.7908101246,291.07722947277165
3680000,7360.00000058193,-54130.31731337978,297.9638683232831
3685000,7370.000000583967,-53936.38239537008,295.496263214686
3690000,7380.000000586005,-53808.29800004972,298.1345806507117
3695000,7390.000000588042,-53491.83371128212,291.3516327551489
3700000,7400.000000590079,-54323.585051589675,295.7693739418282
3705000,7410.0000005921165,-54035.163300126995,300.4690910806563
3710000,7420.000000594154,-53509.44629880169,297.8704478221012
3715000,7430.000000596191,-53751.59745616285,296.9578807132366
3720000,7440.000000598228,-53862.585107982944,295.84857200506224
3725000,7450.000000600266,-53782.71273127926,298.11941888654167
3730000,7460.000000602303,-53841.225737655535,302.10636631244654
3735000,7470.00000060434,-53983.690446300374,294.6873836862053
3740000,7480.000000606377,-54212.470054102625,301.17427801417824
3745000,7490.000000608415,-53702.790212412976,307.07410648828596
3750000,7500.000000610452,-53747.48358049712,293.7672527793916
3755000,7510.000000612489,-54017.792651671276,301.0938381000459
3760000,7520.0000006145265,-54072.81345535253,295.88033655710126
3765000,7530.000000616564,-53576.25289597563,297.55517891829294
3770000,7540.000000618601,-53314.893348020356,309.8939337062204
3775000,7550.000000620638,-53213.22268447367,293.1976730910677
3780000,7560.0000006226755,-53683.34276160295,294.1980573522411
3785000,7570.000000624713,-53860.0406650278,294.0941268991129
3790000,7580.00000062675,-53982.89739686967,291.0681871800007
3795000,7590.000000628787,-53743.35113406234,288.41501584883304
3800000,7600.000000630825,-53714.25425762887,284.46658943209286
3805000,7610.000000632862,-53758.02754302783,301.5576299049803
3810000,7620.000000634899,-53704.909964706894,300.97775422124437
3815000,7630.000000636936,-53843.633303144336,293.9249330413984
3820000,7640.000000638974,-54098.906844643,294.51751944776487
3825000,7650.000000641011,-53840.38019811947,302.08641185916775
3830000,7660.000000643048,-53764.084818166244,285.46128400786927
3835000,7670.0000006450855,-53920.79772680689,305.18889075564203
3840000,7680.000000647123,-53999.85807702746,293.84142701832616
3845000,7690.00000064916,-54031.74910719867,293.2812074556376
3850000,7700.000000651197,-53972.23883199034,300.7874159015324
3855000,7710.000000653235,-53869.600421349576,294.96482598564023
3860000,7720.000000655272,-53847.38372862898,300.4552293637271
3865000,7730.000000657309,-53203.894830544275,305.7223087721894
3870000,7740.000000659346,-53872.777488834516,294.4662169361711
3875000,7750.000000661384,-53953.445282640285,294.9909518645424
3880000,7760.000000663421,-53600.591353581374,295.740445898962
3885000,7770.000000665458,-53829.51962769905,298.56334217152965
3890000,7780.000000667495,-54316.55234642784,304.6506301201383
3895000,7790.000000669533,-53552.230413687765,299.24704164895303
3900000,7800.00000067157,-54041.64933739725,291.4583233141068
3905000,7810.000000673607,-53454.084096043836,301.40742843248745
3910000,7820.0000006756445,-53947.18923315534,298.97833292881825
3915000,7830.000000677682,-53613.02363180608,293.8639506424859
3920000,7840.000000679719,-53617.928232440056,300.6955110069561
3925000,7850.000000681756,-53993.261918183445,300.084344104477
3930000,7860.000000683794,-53735.00716105441,292.5677823519955
3935000,7870.000000685831,-53913.245587488025,293.33529576433517
3940000,7880.000000687868,-53864.201553464896,291.5215228184065
3945000,7890.000000689905,-53967.026460156194,296.7691897175587
3950000,7900.000000691943,-53743.15290078815,297.6471371756651
3955000,7910.00000069398,-53846.14679707558,302.16207535342454
3960000,7920.000000696017,-53698.865646079415,303.4710271992328
3965000,7930.0000006980545,-53929.77316538713,303.68636432132274
3970000,7940.000000700092,-53856.87684083605,295.8010838410111
3975000,7950.000000702129,-53664.73735141591,297.6411196226143
3980000,7960.000000704166,-53692.22071854537,290.919247103259
3985000,7970.0000007062035,-53487.37578784142,296.13738338133254
3990000,7980.000000708241,-53683.76675849175,304.51495043200526
3995000,7990.000000710278,-53690.035970558674,294.5781789008425
4000000,8000.000000712315,-53706.19784363569,301.5903056939478
4005000,8010.000000714353,-53977.77463036188,292.14327797806123
4010000,8020.00000071639,-54274.47232052148,297.7170843114661
4015000,8030.000000718427,-53649.737093738746,306.444251071768
4020000,8040.000000720464,-53443.40049901992,293.0265326588773
4025000,8050.000000722502,-53682.64859006158,300.8550116666687
4030000,8060.000000724539,-54049.228178627614,297.15570387150524
4035000,8070.000000726576,-53892.08026578493,302.55002208131776
4040000,8080.0000007286135,-53700.77305459487,301.7345673152455
4045000,8090.000000730651,-53614.00598667152,298.34653026577365
4050000,8100.000000732688,-54022.71854889736,305.7789421004931
4055000,8110.000000734725,-53609.491664841626,300.37787332169404
4060000,8120.000000736763,-53875.97653284564,306.09189929003827
4065000,8130.0000007388,-53872.09998852166,298.0497845746408
4070000,8140.000000740837,-53724.94756082969,304.17646939277506
4075000,8150.000000742874,-53963.73751765213,300.3300893506469
4080000,8160.000000744912,-54305.89885680654,292.1070356934087
4085000,8170.000000746949,-53704.470150940906,298.1122571172233
4090000,8180.000000748986,-53783.68313476676,302.0815596457277
4095000,8190.000000751023,-53663.366772067995,295.5465599231287
4100000,8200.00000075306,-53692.26044386398,304.82517518242526
4105000,8210.000000755097,-53660.86916897804,306.54190078797654
4110000,8220.000000757134,-54026.475538853236,300.26125837098533
4115000,8230.000000759172,-53366.439922677004,292.15965354854364
4120000,8240.000000761209,-54137.86913860313,298.3096469867663
4125000,8250.000000763246,-54109.56575241056,297.0001605636664
4130000,8260.000000765283,-53799.57604937081,294.15241645817014
4135000,8270.00000076732,-53897.708828849485,293.0496849178468
4140000,8280.000000769358,-53918.32548032663,304.250814205048
4145000,8290.000000771395,-53911.46454597288,298.2747809195499
4150000,8300.000000773432,-53583.820636489836,296.9417654163275
4155000,8310.00000077547,-53415.82080088384,304.26599068491356
4160000,8320.000000777507,-54030.14731004817,303.51909377996975
4165000,8330.000000779544,-53502.02013458838,305.3998906643486
4170000,8340.000000781582,-54090.20613436852,297.37146175185705
4175000,8350.000000783619,-53765.55048548951,305.3476761132037
4180000,8360.000000785656,-53792.03504856111,297.24118980878256
4185000,8370.000000787693,-53645.44991053236,299.33790581255056
4190000,8380.00000078973,-54117.086829891574,296.23114936551195
4195000,8390.000000791768,-53862.391826486826,304.0485555030108
4200000,8400.000000793805,-54059.94799023488,300.2645312076116
4205000,8410.000000795842,-53923.08817258428,302.5506132800119
4210000,8420.00000079788,-54024.42657010764,293.50945672630945
4215000,8430.000000799917,-53949.14799418923,301.64461262386965
4220000,8440.000000801954,-53808.674563181994,298.76061757937237
4225000,8450.000000803991,-53954.676003799745,296.4714876436663
4230000,8460.000000806029,-53855.45701313607,301.2437081595534
4235000,8470.000000808066,-54061.46438255964,301.16291288679935
4240000,8480.000000810103,-54006.724803798046,311.5155943614584
4245000,8490.00000081214,-53817.29460634783,302.1727018902365
4250000,8500.000000814178,-54060.15078880009,299.2482411908832
4255000,8510.000000816215,-53753.827569971036,304.6201205995517
4260000,8520.000000818252,-54027.30803233359,296.8062266410023
4265000,8530.00000082029,-53975.65411079448,289.66457431314967
4270000,8540.000000822327,-53787.22232590831,302.5359853469363
4275000,8550.000000824364,-53645.94951782559,298.24631943399197
4280000,8560.000000826401,-53781.39373331907,291.38726845522586
4285000,8570.000000828439,-53761.10365089268,299.6049180710818
4290000,8580.000000830476,-54073.616639351036,291.64305352880365
4295000,8590.000000832513,-54054.67488734884,296.75927171983017
4300000,8600.00000083455,-54043.79438733493,296.2263545906785
4305000,8610.000000836588,-53943.95064136796,298.15008945192767
4310000,8620.000000838625,-53045.74644887785,301.2972685106934
4315000,8630.000000840662,-53733.33007094913,295.9815913577937
4320000,8640.0000008427,-53671.7886066245,296.38018664448936
4325000,8650.000000844737,-54161.800424680085,296.7460172990305
4330000,8660.000000846774,-53592.122631390404,290.5903288893213
4335000,8670.000000848811,-53695.19386142958,299.87544979670344
4340000,8680.000000850849,-53644.4819501389,306.7255796115565
4345000,8690.000000852886,-53734.215342133626,292.7481987825101
4350000,8700.000000854923,-53971.929502034705,303.35549161291254
4355000,8710.00000085696,-53896.657421068376,294.2321874833597
4360000,8720.000000858998,-53641.86224836574,293.00799069937847
4365000,8730.000000861035,-53672.0993871649,298.7715397144671
4370000,8740.000000863072,-53433.76640813527,298.7217737304319
4375000,8750.00000086511,-53592.84874637917,304.73671421230387
4380000,8760.000000867147,-54275.46140068339,300.7598903611757
4385000,8770.000000869184,-53898.23716322327,307.29231941761344
4390000,8780.000000871221,-53881.783851966495,300.32732847008765
4395000,8790.000000873259,-53679.64344459487,293.2279189882832
4400000,8800.000000875296,-54176.3486098116,288.60238456465567
4405000,8810.000000877333,-53714.4085847743,301.9923043320272
4410000,8820.00000087937,-53885.40729946687,296.332667243247
4415000,8830.000000881408,-54228.45826917686,301.2970253616937
4420000,8840.000000883445,-53978.23016204007,296.69192227849277
4425000,8850.000000885482,-53681.67366760713,294.3276020930689
4430000,8860.00000088752,-53617.66570538728,300.84254097891113
4435000,8870.000000889557,-53945.10216672116,299.27487531387084
4440000,8880.000000891594,-53710.65672414715,290.4729117499523
4445000,8890.000000893631,-53997.96940833164,295.08298300434467
4450000,8900.000000895669,-53938.57777272293,293.99156053133703
4455000,8910.000000897706,-54241.54021491262,296.5224917244764
4460000,8920.000000899743,-54066.4454473723,299.47680355916737
4465000,8930.00000090178,-53774.42204634406,306.3917084264758
4470000,8940.000000903818,-53885.97487794518,309.74188785074716
4475000,8950.000000905855,-53664.79981290741,297.7496528929783
4480000,8960.000000907892,-53457.38785047998,301.272046811879
4485000,8970.00000090993,-53421.37984060298,294.36635525364017
4490000,8980.000000911967,-54020.990871641116,302.68714878284516
4495000,8990.000000914004,-53804.137651308876,295.64848413051
4500000,9000.000000916041,-53697.627105920925,297.52611812517864
4505000,9010.000000918079,-54081.399410034646,297.4400210607888
4510000,9020.000000920116,-53309.808016289375,301.2578860464566
4515000,9030.000000922153,-53645.3176747417,302.5584618678417
4520000,9040.00000092419,-53935.96588089745,297.3210602873468
4525000,9050.000000926228,-53683.95707767052,292.61340274933264
4530000,9060.000000928265,-53900.57096736977,295.32454826664826
4535000,9070.000000930302,-53676.09092250775,295.50926411595543
4540000,9080.00000093234,-54042.350020633196,296.0489335122541
4545000,9090.000000934377,-53749.13918599242,296.41866104364436
4550000,9100.000000936414,-53826.76471146985,302.5373158407397
4555000,9110.000000938451,-54051.390473321604,296.6032120758655
4560000,9120.000000940488,-53790.636527514405,299.6029570518786
4565000,9130.000000942526,-54238.826323716785,292.5722414543346
4570000,9140.000000944563,-53888.23382607149,299.3949443298321
4575000,9150.0000009466,-53955.026565053035,299.9111608100837
4580000,9160.000000948638,-54293.739858180634,300.3645966533419
4585000,9170.000000950675,-53689.759394718945,292.2578606417454
4590000,9180.000000952712,-53427.355323680735,303.4126708169654
4595000,9190.00000095475,-53176.85879458868,303.8270514505975
4600000,9200.000000956787,-54002.41482999374,296.1533344798637
4605000,9210.000000958824,-53668.13159830158,295.8628260843324
4610000,9220.000000960861,-53780.697760540614,300.71506976571914
4615000,9230.000000962898,-54041.30526990109,300.27472659282637
4620000,9240.000000964936,-53897.92760857762,293.68091828370393
4625000,9250.000000966973,-54062.748266886396,295.828307577946
4630000,9260.00000096901,-53361.048192839866,302.5292665329509
4635000,9270.000000971047,-54029.878570114146,300.25794398116705
4640000,9280.000000973085,-53637.69772401382,296.2636915842626
4645000,9290.000000975122,-53779.66808377966,299.0171428181434
4650000,9300.00000097716,-53954.66521285992,303.82030247171997
4655000,9310.000000979197,-54331.368370080454,303.50070358940064
4660000,9320.000000981234,-53767.83545362242,300.589501392759
4665000,9330.000000983271,-53833.90671824853,301.39480092141804
4670000,9340.000000985308,-53847.00559833643,290.04406566476723
4675000,9350.000000987346,-53712.80627026825,304.76144878792644
4680000,9360.000000989383,-54161.235742341436,301.5764704988027
4685000,9370.00000099142,-53593.42385500303,292.44047182577026
4690000,9380.000000993457,-54021.50433243721,312.49159921783115
4695000,9390.000000995495,-54258.587583657354,299.9290339640381
4700000,9400.000000997532,-53977.55457780461,300.9752131559024
4705000,9410.00000099957,-53390.89456882991,298.09692429888264
4710000,9420.000001001607,-53760.706748678174,303.61380735027586
4715000,9430.000001003644,-54000.02011208545,295.4309241920617
4720000,9440.000001005681,-53727.69929127497,302.32514365352415
4725000,9450.000001007718,-53989.866571874474,299.3087400487674
4730000,9460.000001009756,-53726.073727593495,304.48029406618144
4735000,9470.000001011793,-53708.5714061849,299.41386798345
4740000,9480.00000101383,-54013.99337992605,295.16731611081275
4745000,9490.000001015867,-54077.67853404209,300.0314872712633
4750000,9500.000001017905,-53922.50895880806,300.66749252422255
4755000,9510.000001019942,-53806.086054522515,304.0961533854904
4760000,9520.00000102198,-53838.95036065628,306.5193930108153
4765000,9530.000001024016,-53971.158206608496,300.32069423650483
4770000,9540.000001026054,-53917.557220180606,298.24664921637395
4775000,9550.000001028091,-53813.1913990638,306.85610925121995
4780000,9560.000001030128,-53887.346730173565,296.0087789531568
4785000,9570.000001032166,-53930.666485926835,299.51060759555435
4790000,9580.000001034203,-54066.13297343152,299.97647811441607
4795000,9590.00000103624,-53707.12729119565,298.7212292405908
4800000,9600.000001038277,-54203.76756182834,298.13662686247034
4805000,9610.000001040315,-54216.61266526181,300.41131036684624
4810000,9620.000001042352,-53505.00717019418,300.604522028019
4815000,9630.00000104439,-54127.66125123485,294.16996503417283
4820000,9640.000001046426,-53920.27613298161,286.5799377536113
4825000,9650.000001048464,-53938.60944371717,300.9214904401978
4830000,9660.000001050501,-53928.83471118042,299.0190157260005
4835000,9670.000001052538,-53542.81857258477,298.4545474218713
4840000,9680.000001054575,-53774.092568765336,293.06326346137666
4845000,9690.000001056613,-54226.90315991122,292.9485637611381
4850000,9700.00000105865,-53549.24007760946,299.1468348975164
4855000,9710.000001060687,-53895.35410529765,290.38460216915246
4860000,9720.000001062725,-54043.2851746332,292.0645663952894
4865000,9730.000001064762,-53939.028787561605,292.35785538446765
4870000,9740.000001066799,-54011.194300717936,302.474147769241
4875000,9750.000001068836,-53339.00658235408,297.0492359512601
4880000,9760.000001070874,-54243.78107246233,297.208147106493
4885000,9770.00000107291,-53643.3957291336,301.6840746166379
4890000,9780.000001074948,-53558.45899686159,302.5837031068146
4895000,9790.000001076985,-53779.22040607492,293.2359377068948
4900000,9800.000001079023,-54063.98539225271,309.4199044671125
4905000,9810.00000108106,-53681.30751507962,295.93615496959336
4910000,9820.000001083097,-53656.91956986612,294.7677671196598
4915000,9830.000001085134,-53722.73642396068,302.8407325538082
4920000,9840.000001087172,-53714.80903334907,296.8876818323064
4925000,9850.000001089209,-53409.80864561116,299.0578626206871
4930000,9860.000001091246,-53812.96839640915,297.4210215137945
4935000,9870.000001093284,-54067.14856903491,297.71197539207134
4940000,9880.00000109532,-54002.51648603607,292.76239533931465
4945000,9890.000001097358,-54027.36666117722,297.2587789268747
4950000,9900.000001099395,-53484.79143650274,297.00660983161686
4955000,9910.000001101433,-53900.10610410757,299.2576529079728
4960000,9920.00000110347,-54168.88815336424,301.7830238092371
4965000,9930.000001105507,-53625.67874150784,298.54283726625437
4970000,9940.000001107544,-54041.52844088801,298.35780727667526
4975000,9950.000001109582,-54053.841030853044,300.5970908648589
4980000,9960.000001111619,-53670.591354687,296.1495483070936
4985000,9970.000001113656,-53814.83938484348,305.308876112054
4990000,9980.000001115694,-54038.91550647776,296.11946761234475
4995000,9990.00000111773,-54004.93475632995,297.05983119690586
5000000,10000.000001119768,-53857.11919967609,303.7117958873792
5005000,10010.000001121805,-54473.21051416974,294.71890707871916
5010000,10020.000001123843,-54307.20153867689,299.7800197127978
5015000,10030.00000112588,-53839.25036401377,293.775534691268
5020000,10040.000001127917,-53540.78011201721,297.32288879376887
5025000,10050.000001129954,-53554.66480331897,306.2652541445633
5030000,10060.000001131992,-53979.28358336934,303.52930365835607
5035000,10070.000001134029,-53657.714296550344,305.3455045968282
5040000,10080.000001136066,-53789.2496803707,299.0856783848257
5045000,10090.000001138103,-53779.54953020552,298.6649692674628
5050000,10100.00000114014,-54381.0469874001,298.7669179769106
5055000,10110.000001142178,-53378.90267047688,301.54762205365324
5060000,10120.000001144215,-53937.09772137299,293.1047924503059
5065000,10130.000001146253,-53877.99588684118,302.47060783575535
5070000,10140.00000114829,-53854.857729794225,300.20363695448253
5075000,10150.000001150327,-53915.131966954534,297.793062998792
5080000,10160.000001152364,-53731.137346156116,301.52469555807255
5085000,10170.000001154402,-53526.786943787854,299.43666240331595
5090000,10180.000001156439,-53935.25573605212,299.6436405664006
5095000,10190.000001158476,-53882.17973686854,303.474362522579
5100000,10200.000001160513,-53566.82012707068,299.0886096266292
5105000,10210.00000116255,-53781.22081889582,293.4111086996184
5110000,10220.000001164588,-53712.15068169919,306.23947039789545
5115000,10230.000001166625,-53634.4149529846,295.8096461764142
5120000,10240.000001168662,-54009.14688640434,301.5929641966961
5125000,10250.0000011707,-53805.23547830817,305.40933336450166
5130000,10260.000001172737,-53643.31132301295,292.5412101167235
5135000,10270.000001174774,-53964.15823716755,297.8548042346887
5140000,10280.000001176812,-53696.37715995737,295.71890418851194
5145000,10290.000001178849,-53837.12468392108,297.8353208780323
5150000,10300.000001180886,-53928.921788987966,304.67481067905607
5155000,10310.000001182923,-53731.59027490788,295.9700747486888
5160000,10320.00000118496,-53840.00300012884,295.45723220065724
5165000,10330.000001186998,-53712.6253756971,304.4813258837243
5170000,10340.000001189035,-53536.88193785303,299.1831464047034
5175000,10350.000001191072,-53910.67776544913,294.3265346107149
5180000,10360.00000119311,-54072.610957820114,296.1959135045585
5185000,10370.000001195147,-53531.139163012034,295.09092284548746
5190000,10380.000001197184,-53857.81770796902,293.34102588927925
5195000,10390.000001199222,-53631.09557346275,300.0097186318998
5200000,10400.000001201259,-54084.56054593259,294.83807959537
5205000,10410.000001203296,-53654.990538427985,302.20416031124864
5210000,10420.000001205333,-53865.69511457038,300.3463778438976
5215000,10430.00000120737,-53752.28020540916,294.6358483400335
5220000,10440.000001209408,-54016.23940054345,298.64286595644006
5225000,10450.000001211445,-53655.69063005215,295.7060129033382
5230000,10460.000001213482,-54145.29613691446,299.31337064941505
5235000,10470.00000121552,-53826.020434006816,297.479783858027
5240000,10480.000001217557,-53810.82009854354,299.3531055716442
5245000,10490.000001219594,-53674.22132915014,300.5646506604567
5250000,10500.000001221631,-53729.12593411232,303.2085019459926
5255000,10510.000001223669,-53993.68706995537,296.9541132582535
5260000,10520.000001225706,-53884.244921101315,295.8400852427156
5265000,10530.000001227743,-53957.76592936466,294.8612247278224
5270000,10540.00000122978,-53548.44103112025,294.9137484237699
5275000,10550.000001231818,-53854.56247954938,294.41577272741097
5280000,10560.000001233855,-53684.38050873432,299.44514086520877
5285000,10570.000001235892,-53523.2779102496,303.9320433648123
5290000,10580.00000123793,-53554.827975394204,302.44329986572393
5295000,10590.000001239967,-53884.69258382812,301.26867672545444
5300000,10600.000001242004,-53619.627250458,304.70691012696693
5305000,10610.000001244041,-53778.21629311377,295.9153527435364
5310000,10620.000001246079,-54012.46052390433,303.2100210593424
5315000,10630.000001248116,-53804.79302306785,291.0059934316337
5320000,10640.000001250153,-53928.25830725356,299.18158264719136
5325000,10650.00000125219,-53869.84635205404,297.28008001525455
5330000,10660.000001254228,-53786.13037099113,302.33875530094326
5335000,10670.000001256265,-53654.34487546905,290.73284094831024
5340000,10680.000001258302,-53617.11680730074,302.7434316898719
5345000,10690.00000126034,-53871.58517738804,292.19450345066423
5350000,10700.000001262377,-53749.42276174418,294.7051959126861
5355000,10710.000001264414,-53328.42654616269,309.0217574449212
5360000,10720.000001266451,-53957.72481991758,297.2509162825995
5365000,10730.000001268489,-53636.840739990905,301.99958682929247
5370000,10740.000001270526,-53620.27880606879,300.1686467766796
5375000,10750.000001272563,-53962.11238128034,299.5979733486173
5380000,10760.0000012746,-53967.025373523764,310.36423557465986
5385000,10770.000001276638,-53847.54481679454,296.0111479811701
5390000,10780.000001278675,-53962.70035467489,292.1644956339838
5395000,10790.000001280712,-53647.92454533593,297.45746588868013
5400000,10800.00000128275,-53755.04686771677,300.4427507901709
5405000,10810.000001284787,-53309.034106700274,295.59148963428254
5410000,10820.000001286824,-53891.736593866575,303.4569012222043
5415000,10830.000001288861,-53671.178215919674,302.7138525880643
5420000,10840.000001290899,-54236.5675462129,295.3933770297349
5425000,10850.000001292936,-53561.65475317952,300.27622841658587
5430000,10860.000001294973,-53915.845701088896,291.57204058987423
5435000,10870.00000129701,-54196.48506914862,303.2106788117824
5440000,10880.000001299048,-54367.38950013116,301.02338305872894
5445000,10890.000001301085,-53716.919842768926,302.0484528087487
5450000,10900.000001303122,-53604.06630508488,303.1582534384537
5455000,10910.00000130516,-53647.620308802114,308.2615001911966
5460000,10920.000001307197,-53988.6618383477,285.1495029218735
5465000,10930.000001309234,-53479.92741615506,306.99427549580344
5470000,10940.000001311271,-53557.758292350394,305.18763340132205
5475000,10950.000001313309,-53754.22011265735,294.5162075400591
5480000,10960.000001315346,-53968.17381538273,305.1762103900964
5485000,10970.000001317383,-53718.810045624356,296.91521127860364
5490000,10980.00000131942,-53819.448762668006,300.78751399299546
5495000,10990.000001321458,-53419.75984730318,295.02945135583315
5500000,11000.000001323495,-53379.86712852752,295.17798560639403
5505000,11010.000001325532,-52978.49008225594,296.92767399842637
5510000,11020.00000132757,-53770.593562609865,298.4480851487051
5515000,11030.000001329607,-53378.8044184919,299.3499150485725
5520000,11040.000001331644,-53971.3320745934,295.5670360846291
5525000,11050.000001333681,-53966.12198492768,307.0405751942158
5530000,11060.000001335718,-53925.30451214101,294.51560969161403
5535000,11070.000001337756,-54317.968506400415,291.83938447550355
5540000,11080.000001339793,-53937.52780208143,295.6078672042834
5545000,11090.00000134183,-54015.87734695611,302.5593492974898
5550000,11100.000001343868,-54104.32941472676,291.3311575418751
5555000,11110.000001345905,-53625.55589962681,297.7997377199369
5560000,11120.000001347942,-53986.47586725259,292.97827891369417
5565000,11130.00000134998,-53762.64925974826,303.3339944363519
5570000,11140.000001352017,-53178.08605037781,297.84028981988837
5575000,11150.000001354054,-53703.711668855656,299.31341281868197
5580000,11160.000001356091,-53901.6678603215,294.2894935088288
5585000,11170.000001358128,-53651.14316601603,302.9100981131428
5590000,11180.000001360166,-53944.52834366157,303.43682926788085
5595000,11190.000001362203,-53368.54556440617,298.6734571767933
5600000,11200.00000136424,-53780.89671102594,294.46112024797054
5605000,11210.000001366278,-53789.72127940852,300.66097563606957
5610000,11220.000001368315,-53686.164595810114,297.560380420441
5615000,11230.000001370352,-53909.26478942507,298.80376754090116
5620000,11240.00000137239,-53798.6579111428,294.85588232262364
5625000,11250.000001374427,-53789.19921874066,295.7824752623235
5630000,11260.000001376464,-53279.304452613025,304.69181202090584
5635000,11270.000001378501,-53592.30869810196,304.4429197005031
5640000,11280.000001380538,-54041.02631344233,293.8527737121162
5645000,11290.000001382576,-53686.21338414308,295.7416347472554
5650000,11300.000001384613,-53504.09107139771,299.546003740281
5655000,11310.00000138665,-53598.01234706692,302.59245941197247
5660000,11320.000001388687,-53549.82426512605,295.4224041753643
5665000,11330.000001390725,-53973.44291797327,296.0037208053462
5670000,11340.000001392762,-53645.48593223732,306.6127460261445
5675000,11350.0000013948,-53738.816910762165,296.1409588261804
5680000,11360.000001396837,-53479.5092305727,294.4412871923499
5685000,11370.000001398874,-53974.97460297248,299.8644903611153
5690000,11380.000001400911,-53874.42741330297,304.951552150431
5695000,11390.000001402948,-53479.551318872574,309.65837871583915
5700000,11400.000001404986,-53986.39717652905,306.6024217944862
5705000,11410.000001407023,-53957.64532717969,301.84577186359485
5710000,11420.00000140906,-53773.72687223554,293.5476307586652
5715000,11430.000001411097,-54042.00719825714,298.86567674962777
5720000,11440.000001413135,-53631.9074946699,306.63108562462264
5725000,11450.000001415172,-53915.04953876286,300.101933804482
5730000,11460.00000141721,-53823.17674253098,294.9340065818892
5735000,11470.000001419246,-54028.8173654702,310.8101132834766
5740000,11480.000001421284,-53668.32604940844,295.6083907860714
5745000,11490.000001423321,-54014.57511123561,302.775418147115
5750000,11500.000001425358,-54217.59011949648,292.6252284250246
5755000,11510.000001427396,-53582.887073791615,294.70017619304605
5760000,11520.000001429433,-54101.49749508072,295.9473027818582
5765000,11530.00000143147,-53920.79424211252,294.5115730723329
5770000,11540.000001433507,-53906.223766580166,298.23603856963456
5775000,11550.000001435545,-54024.00068320465,297.893863953143
5780000,11560.000001437582,-53766.019002678135,297.0280266325807
5785000,11570.00000143962,-53882.39507773286,297.05713679192155
5790000,11580.000001441656,-53997.31394055029,290.0300798817911
5795000,11590.000001443694,-53936.687931325694,299.77599025188835
5800000,11600.000001445731,-53460.15214822334,299.98799249059726
5805000,11610.000001447768,-53373.20213121586,308.34786410587606
5810000,11620.000001449805,-53792.772228021815,294.0875833805788
5815000,11630.000001451843,-54041.1183623212,303.8893281483375
5820000,11640.00000145388,-53832.69451629411,297.02999297771333
5825000,11650.000001455917,-53502.514701684006,300.9271187926394
5830000,11660.000001457955,-53955.697040634725,304.30481721612955
5835000,11670.000001459992,-54257.342388017685,298.5844723573818
5840000,11680.00000146203,-53901.09599801095,293.48355216161247
5845000,11690.000001464066,-53846.08985542841,304.7538549512182
5850000,11700.000001466104,-53784.36855407356,292.1636921868506
5855000,11710.00000146814,-54250.92480463046,291.511478706785
5860000,11720.000001470178,-54094.49855306465,291.85449801252616
5865000,11730.000001472215,-53568.20455326,290.26178141870315
5870000,11740.000001474253,-53414.79079245386,302.8710686777082
5875000,11750.00000147629,-53767.31283468052,298.31247776226286
5880000,11760.000001478327,-54044.79375874621,300.9716816791181
5885000,11770.000001480365,-53666.24166172772,298.8759779986064
5890000,11780.000001482402,-53806.40632217695,295.47295914478923
5895000,11790.000001484439,-54219.990247775306,302.55591470490884
5900000,11800.000001486476,-53986.329684667755,294.24972226353964
5905000,11810.000001488514,-53619.29738246108,298.04320026011254
5910000,11820.00000149055,-53661.14368346665,301.7982517145149
5915000,11830.000001492588,-53943.86970465034,295.86381772205857
5920000,11840.000001494625,-54143.91750233719,297.15827538877716
5925000,11850.000001496663,-53779.99384213248,303.3248325528207
5930000,11860.0000014987,-53651.25211302843,292.46529286607176
5935000,11870.000001500737,-53816.68000278811,299.7926734991215
5940000,11880.000001502774,-53966.07017512043,302.3876458787003
5945000,11890.000001504812,-53264.21430029636,297.08985172181127
5950000,11900.000001506849,-53494.22483646209,293.9263291591049
5955000,11910.000001508886,-53908.27819146542,297.97258633343097
5960000,11920.000001510924,-54182.84526326292,296.96630005743384
5965000,11930.00000151296,-53644.662589836575,303.08272998204745
5970000,11940.000001514998,-53620.6014829966,299.4426502984555
5975000,11950.000001517035,-53580.85413660362,295.16378858704627
5980000,11960.000001519073,-53870.75544003077,291.0051953240305
5985000,11970.00000152111,-54000.13898785005,292.01941468431613
5990000,11980.000001523147,-53893.682165156206,299.1844316831778
5995000,11990.000001525184,-54004.85324479174,299.21178713744786
6000000,12000.000001527222,-53730.36441731674,306.03338165058085
6005000,12010.000001529259,-53984.51123493331,298.90908330424287
6010000,12020.000001531296,-53954.55489672421,293.7332347090972
6015000,12030.000001533333,-53876.43516754135,301.1095711498339
6020000,12040.00000153537,-53633.154322447226,300.9296847077237
6025000,12050.000001537408,-53623.1666978882,305.35178517974873
6030000,12060.000001539445,-53853.40880034221,296.8224179603821
6035000,12070.000001541483,-53986.42478220438,298.8486756552174
6040000,12080.00000154352,-54120.68199983874,294.4602429341291
6045000,12090.000001545557,-54179.915282199276,293.45798799844226
6050000,12100.000001547594,-53820.581933272304,291.8827618528413
6055000,12110.000001549632,-54042.29909240818,296.75813762625285
6060000,12120.000001551669,-53755.21755295314,299.42005851483253
6065000,12130.000001553706,-53915.649486001756,301.18524773598494
6070000,12140.000001555743,-53995.056117214815,296.2852996892665
6075000,12150.00000155778,-53824.82473333561,300.48082247705963
6080000,12160.000001559818,-53818.36053686548,301.18317600509397
6085000,12170.000001561855,-53634.224727149005,295.2658408236284
6090000,12180.000001563893,-53839.0913073126,298.96363512008304
6095000,12190.00000156593,-54018.2485260627,298.64312625220657
6100000,12200.000001567967,-54106.08712140459,295.918731973968
6105000,12210.000001570004,-53907.80582302611,298.4008723010103
6110000,12220.000001572042,-54104.889797601965,297.1405696246533
6115000,12230.000001574079,-53963.986536773096,302.3060161666188
6120000,12240.000001576116,-53128.340366170276,303.01411357320444
6125000,12250.000001578153,-53496.97740694691,295.9755353076842
6130000,12260.00000158019,-54021.36146555643,301.0511155590856
6135000,12270.000001582228,-53824.07994529858,296.9958207247835
6140000,12280.000001584265,-53993.65895495415,297.0933953297051
6145000,12290.000001586302,-53756.86858888186,296.71299864005215
6150000,12300.00000158834,-53787.976251263055,299.65921949508413
6155000,12310.000001590377,-53949.360066187015,301.4064869789586
6160000,12320.000001592414,-53795.255822780106,306.56128248364644
6165000,12330.000001594452,-54178.426850541786,291.5155890731186
6170000,12340.000001596489,-53811.504777809896,294.6789605819153
6175000,12350.000001598526,-53788.03847121369,291.51035441890707
6180000,12360.000001600563,-53698.98107798176,303.4763370274029
6185000,12370.0000016026,-54122.59958425409,290.8901002629871
6190000,12380.000001604638,-53844.143848716776,292.9665223219326
6195000,12390.000001606675,-53769.559378034726,303.2329714178714
6200000,12400.000001608712,-54004.24145774919,304.6062099589638
6205000,12410.00000161075,-53821.04633863058,289.2791391124198
6210000,12420.000001612787,-53740.96691061335,304.6869119204244
6215000,12430.000001614824,-53759.08631808689,304.72765636487514
6220000,12440.000001616861,-53851.23667508521,298.6636872899203
6225000,12450.000001618899,-54145.27582990777,298.17171565105116
6230000,12460.000001620936,-54021.591495210596,308.8937049616633
6235000,12470.000001622973,-53715.127269363555,307.6666404067249
6240000,12480.00000162501,-54166.613571608934,293.0370835310543
6245000,12490.000001627048,-53818.3301534901,303.68108040860284
6250000,12500.000001629085,-53763.922514436184,296.90389238372376
6255000,12510.000001631122,-53669.69608096173,295.55706124468276
6260000,12520.00000163316,-53595.340384032956,295.7378912550272
6265000,12530.000001635197,-54054.27855625318,301.7184334762834
6270000,12540.000001637234,-53708.772483691224,291.0857862328191
6275000,12550.000001639271,-53879.034568490286,300.9916816562939
6280000,12560.000001641309,-53624.58871149711,297.3046410573327
6285000,12570.000001643346,-53558.99744814751,301.1488909497928
6290000,12580.000001645383,-53596.34276930423,304.1511437424056
6295000,12590.00000164742,-53051.08386631572,300.96232343546336
6300000,12600.000001649458,-53960.554347217025,303.99293243310217
6305000,12610.000001651495,-53880.15281708812,297.6286955316063
6310000,12620.000001653532,-53946.70363958992,301.2848515353452
6315000,12630.00000165557,-54086.98644172857,303.77564637980396
6320000,12640.000001657607,-53824.265819732565,290.38427096002357
6325000,12650.000001659644,-53948.75980306699,295.3323853942891
6330000,12660.000001661681,-54070.68821584838,295.1325008048131
6335000,12670.000001663719,-53836.44610250031,298.5826115883247
6340000,12680.000001665756,-53915.18793271246,297.3666493183745
6345000,12690.000001667793,-53825.398668814974,301.1055700130127
6350000,12700.00000166983,-53925.57366327269,293.93020687783087
6355000,12710.000001671868,-54042.46104175324,293.4860938061148
6360000,12720.000001673905,-53867.67940893414,292.5094643376915
6365000,12730.000001675942,-53913.752370335016,297.0221023064911
6370000,12740.00000167798,-53875.43415651613,298.8958046791592
6375000,12750.000001680017,-53749.33127104721,306.07501359873345
6380000,12760.000001682054,-53790.703378165665,302.29172330165915
6385000,12770.000001684091,-54162.76223214026,306.5942255413061
6390000,12780.000001686129,-53947.379707894026,303.11331514746166
6395000,12790.000001688166,-53935.26994267179,298.7174053736382
6400000,12800.000001690203,-53776.47299195529,301.22908139312773
6405000,12810.00000169224,-53671.64699847053,296.1071348815948
6410000,12820.000001694278,-53870.390760138805,289.94269207542305
6415000,12830.000001696315,-53906.42847068433,299.32443780022476
6420000,12840.000001698352,-54118.83651344391,301.88539351318633
6425000,12850.00000170039,-53961.108447197534,296.8044174266512
6430000,12860.000001702427,-53596.443051453156,291.2447493520543
6435000,12870.000001704464,-53871.46132942953,298.5205469758729
6440000,12880.000001706501,-54022.64955556014,292.905212289066
6445000,12890.000001708539,-53972.93434893471,292.8118727143499
6450000,12900.000001710576,-53812.594185375754,297.80370010820775
6455000,12910.000001712613,-53829.94605441668,295.8341423085097
6460000,12920.00000171465,-54139.129371494404,296.55638110905767
6465000,12930.000001716688,-54223.181113193976,300.97303719519823
6470000,12940.000001718725,-53891.498179064685,296.1880907497908
6475000,12950.000001720762,-53929.11773980135,297.6227828319545
6480000,12960.0000017228,-53876.815055115294,295.09538884463825
6485000,12970.000001724837,-53772.325648864,295.98842347319885
6490000,12980.000001726874,-53590.57457231032,299.9000439775908
6495000,12990.000001728911,-53927.45401072697,293.5574969726851
6500000,13000.000001730948,-53780.947088794084,299.3231984135821
6505000,13010.000001732986,-54037.071817630844,281.94576881059356
6510000,13020.000001735023,-53856.941422567616,296.05642095873645
6515000,13030.00000173706,-53814.71073198863,303.38490829454304
6520000,13040.000001739098,-53463.82809963339,293.5280953336033
6525000,13050.000001741135,-53872.70608082984,302.16380505990577
6530000,13060.000001743172,-53859.70600113494,294.4527803558821
6535000,13070.00000174521,-53911.61038511424,298.0932113433566
6540000,13080.000001747247,-53640.392001393484,295.1731869937391
6545000,13090.000001749284,-53683.404167611065,290.64793220342136
6550000,13100.000001751321,-54054.251360592956,302.2260459662075
6555000,13110.000001753358,-53944.78204088789,299.49246986998816
6560000,13120.000001755396,-53824.600872100826,303.38386821273866
6565000,13130.000001757433,-53347.49226145717,299.7887407859345
6570000,13140.00000175947,-53292.4185346594,296.51316502143965
6575000,13150.000001761508,-53451.683731493074,304.5956483731911
6580000,13160.000001763545,-53652.276918672724,304.47290267622463
6585000,13170.000001765582,-54043.88441967004,296.9677796423192
6590000,13180.00000176762,-53893.85876319936,298.6075581354028
6595000,13190.000001769657,-53661.91370935517,292.43662808134746
6600000,13200.000001771694,-53715.92954528806,295.8853155364714
6605000,13210.000001773731,-53994.7939604586,304.5003493789062
6610000,13220.000001775768,-53907.22563297901,301.51240115155167
6615000,13230.000001777806,-53840.49930695331,290.6680825728308
6620000,13240.000001779843,-54213.653963264485,288.7714612186081
6625000,13250.00000178188,-53736.62179306688,296.2935727181565
6630000,13260.000001783917,-53615.17102093148,301.1505387159946
6635000,13270.000001785955,-53529.95758250542,292.33398947929527
6640000,13280.000001787992,-54258.2096392159,294.66294988959385
6645000,13290.00000179003,-53946.948659723916,303.7292594453013
6650000,13300.000001792067,-53952.37452791876,294.5041499724457
6655000,13310.000001794104,-53730.06724175584,295.0357238146318
6660000,13320.000001796141,-53853.93397286435,303.7501402759303
6665000,13330.000001798178,-53951.58558445197,300.3891320990657
6670000,13340.000001800216,-53758.534040148894,298.8650793157766
6675000,13350.000001802253,-53730.5220068887,299.011541917708
6680000,13360.00000180429,-54308.73254291882,292.0511327875784
6685000,13370.000001806327,-53549.593246902194,307.906480701554
6690000,13380.000001808365,-53908.029738518846,300.21021490671234
6695000,13390.000001810402,-54017.2359039525,302.0221796557217
6700000,13400.00000181244,-53991.90580155901,300.8288057208359
6705000,13410.000001814476,-53418.226542202436,307.8963959840626
6710000,13420.000001816514,-53866.58592930497,301.40064376700565
6715000,13430.000001818551,-53985.77770456369,302.8739083934854
6720000,13440.000001820588,-53671.58465104448,298.0271489800729
6725000,13450.000001822626,-53529.36710889437,294.5906033871141
6730000,13460.000001824663,-53756.866021587746,298.0630803490329
6735000,13470.0000018267,-53629.02868503213,304.48861182271366
6740000,13480.000001828737,-53732.02924810248,299.05015174603244
6745000,13490.000001830775,-53885.62492527446,304.07596581360593
6750000,13500.000001832812,-54082.063197133364,295.27557355413427
6755000,13510.00000183485,-53630.26574436511,288.59318568943036
6760000,13520.000001836886,-53879.2278535396,296.90853718904214
6765000,13530.000001838924,-54096.07062563495,300.4944606351583
6770000,13540.000001840961,-54251.88743493118,297.5968980536174
6775000,13550.000001842998,-53908.484362408286,301.77925641222436
6780000,13560.000001845036,-53607.30083356015,298.23203655732976
6785000,13570.000001847073,-53802.22723901848,305.34704319423366
6790000,13580.00000184911,-53902.72900569113,288.48051306346923
6795000,13590.000001851147,-54253.69463894234,292.7751364112205
6800000,13600.000001853185,-53594.14118106561,300.64882036499705
6805000,13610.000001855222,-53592.87165223574,298.29154228181227
6810000,13620.00000185726,-54249.715188253176,301.26091584906396
6815000,13630.000001859296,-54169.307448201725,298.9688059311247
6820000,13640.000001861334,-53750.10112718656,298.8748116786346
6825000,13650.000001863371,-53861.58553167569,292.92047413837645
6830000,13660.000001865408,-53694.51213286462,296.16951417677984
6835000,13670.000001867445,-54197.62257175025,300.3454481471136
6840000,13680.000001869483,-53427.26657772492,292.5819088241083
6845000,13690.00000187152,-53966.49738579325,303.98451713429756
6850000,13700.000001873557,-53422.46077320445,291.87431068137755
6855000,13710.000001875595,-53783.487497890426,301.312463533745
6860000,13720.000001877632,-53793.70147542894,292.2810957771933
6865000,13730.000001879669,-54168.86491761467,307.34964562263116
6870000,13740.000001881706,-53894.53485397069,299.0747644964366
6875000,13750.000001883744,-53834.20618775627,294.9066050923972
6880000,13760.00000188578,-53790.04086553451,289.23262634594914
6885000,13770.000001887818,-53755.8022815976,297.1634613926341
6890000,13780.000001889855,-54360.92500737528,313.42060814117826
6895000,13790.000001891893,-53944.909044128435,296.1657501624062
6900000,13800.00000189393,-53317.71618223321,306.465366693263
6905000,13810.000001895967,-53774.01026300661,303.4027119370103
6910000,13820.000001898004,-53726.27795727723,291.9122517176147
6915000,13830.000001900042,-53795.81501218196,294.74901992712665
6920000,13840.000001902079,-53930.734290230845,292.57646538444357
6925000,13850.000001904116,-53774.008287047705,299.35852364787075
6930000,13860.000001906154,-54154.544804144476,299.8432626579906
6935000,13870.00000190819,-53914.13020913722,293.5236616459011
6940000,13880.000001910228,-54053.85513639657,296.14172603652025
6945000,13890.000001912265,-53308.944594926696,307.3442893015423
6950000,13900.000001914303,-53600.214027621434,305.5226953834417
6955000,13910.00000191634,-54049.40536740245,299.5006289363835
6960000,13920.000001918377,-54219.771572780504,290.8078574400075
6965000,13930.000001920414,-54099.27767063395,293.14905053168826
6970000,13940.000001922452,-53284.79536729562,301.7196132074299
6975000,13950.000001924489,-53599.873427025275,285.5959183969428
6980000,13960.000001926526,-54226.58321140666,306.21138998791514
6985000,13970.000001928564,-53927.13405048227,295.5153955375914
6990000,13980.0000019306,-53969.52553203868,298.695456896114
6995000,13990.000001932638,-53640.48796559428,304.80409909665656
7000000,14000.000001934675,-53815.76263184822,298.8476567366132
7005000,14010.000001936713,-53768.442918477056,299.159707707026
7010000,14020.00000193875,-54093.69488453507,294.50914034483856
7015000,14030.000001940787,-53680.5470337625,294.80738904453244
7020000,14040.000001942824,-53734.95627153703,300.64508616552746
7025000,14050.000001944862,-53806.506436822005,300.1116973841348
7030000,14060.000001946899,-53754.81001281232,300.4987175491029
7035000,14070.000001948936,-53732.71612207021,307.23460559040797
7040000,14080.000001950973,-53933.51053646149,311.36158181991334
7045000,14090.00000195301,-53547.090152248216,296.0010446967828
7050000,14100.000001955048,-53522.832778557495,292.92852078348824
7055000,14110.000001957085,-53608.48414277419,301.11287176069106
7060000,14120.000001959123,-53757.343639464525,306.3785450597506
7065000,14130.00000196116,-54173.08651771309,292.3938556140595
7070000,14140.000001963197,-54054.50684035165,303.3504702978808
7075000,14150.000001965234,-54028.44429048928,309.0733747696049
7080000,14160.000001967272,-53978.07674084243,294.7508412147879
7085000,14170.000001969309,-53924.14366743009,299.6679470265802
7090000,14180.000001971346,-54107.72302623297,294.0259467120561
7095000,14190.000001973383,-53759.87619524347,295.64724445356956
7100000,14200.00000197542,-53943.50816121171,304.9822425697965
7105000,14210.000001977458,-53702.46917243386,300.9974549675488
7110000,14220.000001979495,-54171.75640342664,297.044173459859
7115000,14230.000001981532,-54113.170190833596,294.31754039422367
7120000,14240.00000198357,-53480.27335637322,294.61705427497685
7125000,14250.000001985607,-53905.413719005825,299.0044620628787
7130000,14260.000001987644,-53864.92028274649,307.52947907857885
7135000,14270.000001989682,-53544.68768114128,296.86048553594765
7140000,14280.000001991719,-53944.74581217396,299.02848358862616
7145000,14290.000001993756,-53517.00602151203,303.79052135741205
7150000,14300.000001995793,-53744.329109957296,303.33546003522997
7155000,14310.00000199783,-54007.20862600091,295.969881046748
7160000,14320.000001999868,-54006.771497811365,297.2826793623857
7165000,14330.000002001905,-53561.158341523085,296.10023319216936
7170000,14340.000002003942,-53740.99305473294,300.35366260632685
7175000,14350.00000200598,-53741.5065808362,301.4083854309483
7180000,14360.000002008017,-53728.008975974604,296.10584479224156
7185000,14370.000002010054,-53738.760838560585,297.96317138290874
7190000,14380.000002012091,-53765.64504478182,300.7547065351713
7195000,14390.000002014129,-53675.57954490103,294.51760585989587
7200000,14400.000002016166,-54128.14027798953,307.6587885287367
7205000,14410.000002018203,-53985.4226739608,306.3829525553329
7210000,14420.00000202024,-53842.70359507698,301.4559714825967
7215000,14430.000002022278,-54155.48685250303,301.3031799803477
7220000,14440.000002024315,-53965.97166764416,298.61818353472023
7225000,14450.000002026352,-53978.81176222072,297.48567026617695
7230000,14460.00000202839,-53231.62477847992,294.37432056497386
7235000,14470.000002030427,-54059.10510439015,298.0867002164626
7240000,14480.000002032464,-54053.62464793175,300.4716949648708
7245000,14490.000002034501,-53869.58027317902,308.2531947560467
7250000,14500.000002036539,-54001.35373622953,299.85434015812905
7255000,14510.000002038576,-53611.09166914364,300.283903566745
7260000,14520.000002040613,-53639.30955705728,303.2725465549396
7265000,14530.00000204265,-53798.830344526505,302.1949765018943
7270000,14540.000002044688,-53610.487549691345,299.08282154811593
7275000,14550.000002046725,-53904.52235746491,299.0393736992092
7280000,14560.000002048762,-53889.454649378225,298.6623673019114
7285000,14570.0000020508,-53645.20434877285,295.92249950383575
7290000,14580.000002052837,-53864.061972342985,303.38575453926575
7295000,14590.000002054874,-53848.97339057026,289.55524374575356
7300000,14600.000002056911,-53696.15956580499,291.03487813062435
7305000,14610.000002058949,-53785.32523702647,297.3618553905032
7310000,14620.000002060986,-53800.35165118484,296.41490907016157
7315000,14630.000002063023,-53713.079754304985,294.71563866789955
7320000,14640.00000206506,-53869.53653969019,301.21675704145343
7325000,14650.000002067098,-53798.55199640797,295.28014112016047
7330000,14660.000002069135,-54421.91699161299,300.2993004269302
7335000,14670.000002071172,-53591.82861348885,292.47038267026636
7340000,14680.00000207321,-53825.71201476923,296.6781347069932
7345000,14690.000002075247,-53497.82188123063,305.5790351663957
7350000,14700.000002077284,-53369.99031466883,307.4233515309501
7355000,14710.000002079321,-53647.42067752947,299.87185482174715
7360000,14720.000002081359,-53890.28646980203,293.49850599834326
7365000,14730.000002083396,-53686.22794509918,304.10135068554035
7370000,14740.000002085433,-53763.70666171255,299.7439817930082
7375000,14750.00000208747,-53828.138522185676,296.5432046953974
7380000,14760.000002089508,-53802.82233697118,293.04840952509653
7385000,14770.000002091545,-53731.71502071922,303.320128941603
7390000,14780.000002093582,-53733.41198230779,299.2435136883793
7395000,14790.00000209562,-53622.00011500195,296.22625722882174
7400000,14800.000002097657,-53906.802635020256,296.35996882836895
7405000,14810.000002099694,-53755.421295903536,302.43306869624433
7410000,14820.000002101731,-53665.83263691759,300.5368791477716
7415000,14830.000002103769,-53713.079101197654,299.928658437295
7420000,14840.000002105806,-53824.618629855686,292.67574569982526
7425000,14850.000002107843,-53669.7466913301,303.5119252828791
7430000,14860.00000210988,-53620.89372269038,299.3575307850486
7435000,14870.000002111918,-53944.51344948419,307.9182470864702
7440000,14880.000002113955,-53529.5595716938,297.8171208384027
7445000,14890.000002115992,-53880.45289309294,299.1446359986798
7450000,14900.00000211803,-53727.3075803931,293.27672293523614
7455000,14910.000002120067,-53595.319801816455,298.81898879808506
7460000,14920.000002122104,-53535.476183220104,300.1148105718087
7465000,14930.000002124141,-53624.24133551848,302.64187123665204
7470000,14940.000002126179,-53756.04178131762,302.4478954571993
7475000,14950.000002128216,-54327.44615803426,302.473928822549
7480000,14960.000002130253,-54241.72129721739,302.77161815412865
7485000,14970.00000213229,-53936.808135006664,305.53366034643165
7490000,14980.000002134328,-53955.6748091522,295.405455470395
7495000,14990.000002136365,-53818.29828390814,304.7710089392735
7500000,15000.000002138402,-53867.20614484814,310.2009692732967
7505000,15010.00000214044,-54089.87880794806,299.3315183644919
7510000,15020.000002142477,-53639.35370819006,291.4615214296365
7515000,15030.000002144514,-53889.71094323756,296.6345801952323
7520000,15040.000002146551,-53530.128658340254,289.9974222823743
7525000,15050.000002148588,-53713.60651573673,296.5452683350714
7530000,15060.000002150626,-53825.557940697414,297.3108690298015
7535000,15070.000002152663,-53892.1159380055,291.33049321518257
7540000,15080.0000021547,-53624.98462041945,299.4576957173176
7545000,15090.000002156738,-53674.56699661541,305.3698290133633
7550000,15100.000002158775,-54055.89777172322,292.22397966642427
7555000,15110.000002160812,-53885.52260267644,299.31365921348123
7560000,15120.00000216285,-53476.02230137543,297.0774636009023
7565000,15130.000002164887,-53612.35202042048,294.335573184995
7570000,15140.000002166924,-53936.3238907177,304.1392696210973
7575000,15150.000002168961,-53594.98977453017,302.18327384855485
7580000,15160.000002170998,-54068.888606729684,298.6903771042153
7585000,15170.000002173036,-53784.62313039857,304.1830169629434
7590000,15180.000002175073,-53714.92838106598,295.40268772315625
7595000,15190.00000217711,-54024.54144584498,302.2290472388677
7600000,15200.000002179147,-54005.39269656237,288.3156338437037
7605000,15210.000002181185,-53796.56193826106,296.3075562766002
7610000,15220.000002183222,-53545.928209711594,307.6447648956411
7615000,15230.00000218526,-53898.46357353154,291.07259704842284
7620000,15240.000002187297,-53858.59436201706,294.9800417194148
7625000,15250.000002189334,-54113.284681960446,298.06385694067416
7630000,15260.000002191371,-53737.50000128607,292.65901873596044
7635000,15270.000002193408,-54069.719834633055,309.3976859579616
7640000,15280.000002195446,-54087.96553910701,299.1811474378343
7645000,15290.000002197483,-53688.957925246505,295.78098198137343
7650000,15300.00000219952,-53861.020577015996,300.0313950520887
7655000,15310.000002201557,-53900.89746166117,309.97196740717766
7660000,15320.000002203595,-53765.18955888215,298.19581396099375
7665000,15330.000002205632,-54015.43836843048,294.910639358102
7670000,15340.00000220767,-53616.28209955452,295.30834122736456
7675000,15350.000002209707,-53835.53107027587,298.4190528674435
7680000,15360.000002211744,-53521.934165899525,296.59651492801754
7685000,15370.000002213781,-53684.19709985555,293.91140964637066
7690000,15380.000002215818,-53922.04821680547,293.92138876126506
7695000,15390.000002217856,-53511.34596145744,294.1986577816181
7700000,15400.000002219893,-53432.09073106089,295.4285857641931
7705000,15410.00000222193,-53705.796832273016,302.5539780866917
7710000,15420.000002223967,-53706.29163798326,297.3641460317763
7715000,15430.000002226005,-54122.93736470939,296.51145104618894
7720000,15440.000002228042,-54043.2283922958,300.29639666754076
7725000,15450.00000223008,-54028.359263928025,303.54553024959586
7730000,15460.000002232116,-53767.74395036194,302.2078428802418
7735000,15470.000002234154,-54268.975213217986,289.1327617718796
7740000,15480.000002236191,-54033.40339467404,298.5122837497553
7745000,15490.000002238228,-53975.6087914028,305.29210543386887
7750000,15500.000002240266,-53822.89243809934,305.5325751358085
7755000,15510.000002242303,-53833.71517311293,308.5254104439166
7760000,15520.00000224434,-53987.95958819284,304.1671954571334
7765000,15530.000002246377,-53913.36223276274,308.48331619552533
7770000,15540.000002248415,-53607.562098584895,298.5635951743193
7775000,15550.000002250452,-53799.48727021256,294.58436049873416
7780000,15560.00000225249,-53941.465713832586,304.8556169515632
7785000,15570.000002254526,-54423.92909954206,295.2275008435667
7790000,15580.000002256564,-53984.15360631011,300.60489249131393
7795000,15590.000002258601,-53491.80914759505,300.1954029706523
7800000,15600.000002260638,-54254.27705205383,299.96381622208503
7805000,15610.000002262675,-53851.16954095318,305.0316880828436
7810000,15620.000002264713,-53857.58157931836,300.4520995885443
7815000,15630.00000226675,-53928.18444444728,299.2416626837283
7820000,15640.000002268787,-53967.70849653502,304.09124590095126
7825000,15650.000002270825,-53671.37820896087,301.36777255294896
7830000,15660.000002272862,-53720.44248200589,305.8217839363959
7835000,15670.000002274899,-53639.815639632696,303.8412821027752
7840000,15680.000002276936,-54078.603819155745,306.3811569526256
7845000,15690.000002278974,-54015.9266576104,298.83000228210005
7850000,15700.00000228101,-54189.953408991976,298.0760240177518
7855000,15710.000002283048,-53843.77048962243,297.4198990752176
7860000,15720.000002285085,-53675.87420644422,295.1011414429354
7865000,15730.000002287123,-53684.1572318867,290.07894315145614
7870000,15740.00000228916,-53710.669576029584,299.30254960997576
7875000,15750.000002291197,-53708.27382557094,297.45234637951677
7880000,15760.000002293235,-53724.5787625681,302.0065634568375
7885000,15770.000002295272,-53894.95228017849,293.4844607995514
7890000,15780.000002297309,-54031.50812887639,296.4060726812119
7895000,15790.000002299346,-53796.831542262196,303.82412894621444
7900000,15800.000002301384,-53650.60110981905,296.1301252230857
7905000,15810.00000230342,-53934.38578660297,305.26077799361576
7910000,15820.000002305458,-53580.97170229856,295.6986141659201
7915000,15830.000002307495,-53840.91581928998,295.1480918208969
7920000,15840.000002309533,-53864.868235423084,297.7060183629166
7925000,15850.00000231157,-54083.27599040768,302.5186573149145
7930000,15860.000002313607,-53394.93396840131,303.5892703759057
7935000,15870.000002315644,-53538.77112907643,297.68713276237287
7940000,15880.000002317682,-53516.22826670189,299.10853328517754
7945000,15890.000002319719,-54187.641214266565,300.59136782302545
7950000,15900.000002321756,-53506.32109083052,305.71066633637446
7955000,15910.000002323794,-53803.95684486235,303.02087478876734
7960000,15920.00000232583,-53899.72336266399,300.5579086622827
7965000,15930.000002327868,-53776.69103386806,303.21833502797944
7970000,15940.000002329905,-54062.664784690045,299.09877348077674
7975000,15950.000002331943,-53671.34308580824,299.70460666812426
7980000,15960.00000233398,-53764.28260272939,296.05847131120123
7985000,15970.000002336017,-53909.782330894755,308.6453553525961
7990000,15980.000002338054,-53945.45308966693,295.72966586203376
7995000,15990.000002340092,-53763.38351631464,300.5424157726602
8000000,16000.000002342129,-53666.587618441234,288.20705366964484
8005000,16010.000002344166,-53994.37145217293,300.29130602103885
8010000,16020.000002346203,-53623.164340310235,299.8403904345226
8015000,16030.00000234824,-53935.83600299776,297.04028436363456
8020000,16040.000002350278,-53973.00821002407,306.51684006095616
8025000,16050.000002352315,-53893.3694696523,296.06087716859093
8030000,16060.000002354353,-53391.667221190466,299.46591538592577
8035000,16070.00000235639,-54301.695612366544,290.9897599049819
8040000,16080.000002358427,-53716.241187610896,286.90046136958955
8045000,16090.000002360464,-53506.46922318288,300.6996491729127
8050000,16100.000002362502,-53819.277736826945,300.94012181639204
8055000,16110.000002364539,-53564.49629387824,293.5496271135063
8060000,16120.000002366576,-53651.93359379101,296.715922214916
8065000,16130.000002368613,-53521.930816617474,295.3645244376686
8070000,16140.00000237065,-53846.88549261243,291.40017244888793
8075000,16150.000002372688,-53946.290339679224,289.96050435666666
8080000,16160.000002374725,-53898.144134429895,291.3886156297439
8085000,16170.000002376762,-53644.34293279753,300.5389111853196
8090000,16180.0000023788,-53850.198294505186,301.14633255816796
8095000,16190.000002380837,-54105.14308074486,300.91443465105345
8100000,16200.000002382874,-53973.95581840357,293.2606016084818
8105000,16210.000002384912,-53512.97877956965,297.173895844229
8110000,16220.000002386949,-53851.94787891663,295.2453121704556
8115000,16230.000002388986,-54003.91293094965,296.5297051155083
8120000,16240.000002391023,-54042.647779179824,295.423146587329
8125000,16250.00000239306,-53815.444988209085,297.8011389281579
8130000,16260.000002395098,-53416.5655260848,295.55264852811206
8135000,16270.000002397135,-53547.82151393127,300.30153133977365
8140000,16280.000002399172,-53922.83165775213,289.22340031883226
8145000,16290.00000240121,-53946.02462144164,291.9407866821538
8150000,16300.000002403247,-53874.54506404145,299.6882796076257
8155000,16310.000002405284,-54114.93482980298,295.82861440440405
8160000,16320.000002407322,-53667.64503805747,293.8786070896985
8165000,16330.000002409359,-53852.60447616145,293.8666516334513
8170000,16340.000002411396,-53929.638528475305,298.32877083130745
8175000,16350.000002413433,-53643.14307797671,300.6095887041401
8180000,16360.00000241547,-53917.06801599485,287.47341414277884
8185000,16370.000002417508,-53980.84136262705,303.6898407361821
8190000,16380.000002419545,-53748.46454505605,289.02028665177426
8195000,16390.00000242158,-54247.26251609629,293.68918173676474
8200000,16400.000002423618,-53823.43966875083,293.69548779750875
8205000,16410.000002425655,-53726.04411095212,294.5411022056394
8210000,16420.000002427692,-53877.79752365104,298.83398114834034
8215000,16430.00000242973,-53468.41624709818,298.94984601550004
8220000,16440.000002431767,-54069.09137064678,296.43740583192414
8225000,16450.000002433804,-53897.83050632547,288.7142047123836
8230000,16460.00000243584,-53960.87358038171,297.60054669642636
8235000,16470.00000243788,-53923.81159164978,294.9139593988384
8240000,16480.000002439916,-53738.570363754116,301.4232990680009
8245000,16490.000002441953,-53979.516535426024,294.31723559172144
8250000,16500.00000244399,-53830.666270146816,299.4633381761423
8255000,16510.000002446028,-53698.141339062044,298.5732551829405
8260000,16520.000002448065,-53707.01809622694,290.40618566466344
8265000,16530.000002450102,-54039.44705503259,300.07441245730337
8270000,16540.00000245214,-53918.28484591702,304.3253279000615
8275000,16550.000002454177,-54121.86636694471,293.7377019997896
8280000,16560.000002456214,-53154.685765617585,294.8936785550372
8285000,16570.00000245825,-54131.64073905512,297.5413223148547
8290000,16580.00000246029,-53732.732996389735,299.9510304658538
8295000,16590.000002462326,-54232.02645199781,295.19371864548435
8300000,16600.000002464363,-53759.55452985637,301.3722131084247
8305000,16610.0000024664,-53574.424068181164,298.9238830528571
8310000,16620.000002468438,-53685.46008769653,293.0840938494765
8315000,16630.000002470475,-53365.61592010915,297.6478142754284
8320000,16640.000002472512,-53748.45773284166,294.38661289122456
8325000,16650.00000247455,-53652.24223480129,302.7678034315896
8330000,16660.000002476587,-53671.33910112141,294.80074031389654
8335000,16670.000002478624,-53692.311255128705,302.43578594825
8340000,16680.00000248066,-54038.12892428838,300.2749070194546
8345000,16690.0000024827,-53911.97118217594,296.7859481586673
8350000,16700.000002484736,-53529.852448000194,300.0275189902495
8355000,16710.000002486773,-53798.959014238586,296.2718745430701
8360000,16720.00000248881,-53751.52521242516,294.74909959406955
8365000,16730.000002490848,-53791.42507550566,296.5736021277272
8370000,16740.000002492885,-53567.83754275882,299.2486355609238
8375000,16750.000002494922,-54044.01848265229,306.52255715465344
8380000,16760.00000249696,-54016.37766173005,298.09518944652973
8385000,16770.000002498997,-53931.58675330633,301.24950551189136
8390000,16780.000002501034,-53761.83632190115,288.36399093875923
8395000,16790.00000250307,-54213.860906003916,294.15633430328626
8400000,16800.00000250511,-53748.40257839137,306.1234382085294
8405000,16810.000002507146,-54499.71609013088,295.2608287384816
8410000,16820.000002509183,-54061.010100995394,298.682654089393
8415000,16830.00000251122,-53849.28850573258,299.7244808029638
8420000,16840.000002513258,-54076.29279723085,310.22007609406427
8425000,16850.000002515295,-54236.5810701779,298.9782306907166
8430000,16860.000002517332,-53794.53232290424,287.64687103098953
8435000,16870.00000251937,-53406.035730663745,292.46239337453
8440000,16880.000002521407,-53950.71636465943,293.94890676433545
8445000,16890.000002523444,-54288.50975774505,299.88284083422235
8450000,16900.00000252548,-53725.398267362994,299.84979693931245
8455000,16910.00000252752,-53562.74816662329,298.17221093062744
8460000,16920.000002529556,-53701.71149048387,297.5531453872341
8465000,16930.000002531593,-53818.0591365259,292.7094141818254
8470000,16940.00000253363,-53936.11597945282,303.870628113427
8475000,16950.000002535668,-53566.1166314297,291.3886079548124
8480000,16960.000002537705,-53841.02233614138,300.6787520318838
8485000,16970.000002539742,-53790.58835004293,297.90851978729785
8490000,16980.00000254178,-53611.689105554105,301.16932501395246
8495000,16990.000002543817,-53407.521265311894,301.21482736490475
8500000,17000.000002545854,-53980.51308144748,294.5013633599896
8505000,17010.00000254789,-53962.109334286186,304.40579324072735
8510000,17020.00000254993,-53640.02456534337,291.9577980952166
8515000,17030.000002551966,-53814.475556936115,304.6371537310253
8520000,17040.000002554003,-53738.62335092097,291.46413436534067
8525000,17050.00000255604,-53806.68340145162,291.0025644201721
8530000,17060.000002558078,-53606.06560858898,294.6344782112817
8535000,17070.000002560115,-53729.88460007316,294.23088746162426
8540000,17080.000002562152,-53973.528537169535,306.4171909784343
8545000,17090.00000256419,-53531.320840327884,302.5704608617543
8550000,17100.000002566227,-54106.85877706285,296.8856797369761
8555000,17110.000002568264,-53936.37647284646,296.49600844762614
8560000,17120.0000025703,-53603.70246520144,296.5658955372974
8565000,17130.00000257234,-53823.723699922295,304.8490015167929
8570000,17140.000002574376,-53859.50592361062,295.8869630245057
8575000,17150.000002576413,-53561.89216849196,300.4955005834689
8580000,17160.00000257845,-53609.60171651424,299.2213700796352
8585000,17170.000002580487,-53608.619225297036,306.8646051414656
8590000,17180.000002582525,-53750.6366790155,302.79950888635625
8595000,17190.000002584562,-53501.196023079916,305.0269455922813
8600000,17200.0000025866,-54190.70990016253,291.35174196918445
8605000,17210.000002588637,-53755.69324488685,300.28452298709954
8610000,17220.000002590674,-54033.30307866479,297.8800317096266
8615000,17230.00000259271,-54069.59849684336,303.638160175291
8620000,17240.00000259475,-53688.00267635583,298.29154679397004
8625000,17250.000002596786,-53660.2978349567,296.40802222813466
8630000,17260.000002598823,-54066.24329585233,296.8862837167646
8635000,17270.00000260086,-53796.3418285432,293.28748982089104
8640000,17280.000002602897,-53493.2948380766,301.4734077654366
8645000,17290.000002604935,-53995.093503610115,297.3273427346532
8650000,17300.000002606972,-53954.71646609806,296.52176748448124
8655000,17310.00000260901,-53995.74544050521,302.0222081253746
8660000,17320.000002611047,-54062.4609269175,292.10691447601454
8665000,17330.000002613084,-53651.85124793317,294.72683687060396
8670000,17340.00000261512,-53869.30885491983,304.0042283915513
8675000,17350.00000261716,-53857.50259713948,293.58545940637623
8680000,17360.000002619196,-54294.411007560324,293.34585266388655
8685000,17370.000002621233,-53891.31451063132,302.2711670027909
8690000,17380.00000262327,-53750.035998178646,298.8151718979295
8695000,17390.000002625307,-54001.26775604594,300.61714383333344
8700000,17400.000002627345,-54119.84001895896,296.1785428702513
8705000,17410.000002629382,-53458.22638872772,300.419358458067
8710000,17420.00000263142,-53818.18024220571,296.71763677278767
8715000,17430.000002633456,-53368.758932407654,290.32229114806285
8720000,17440.000002635494,-53877.006644295034,313.75205269998116
8725000,17450.00000263753,-54249.6484172144,303.0095958151907
8730000,17460.00000263957,-53602.40062818039,299.43775194057315
8735000,17470.000002641606,-54105.52998441347,296.3721346673718
8740000,17480.000002643643,-53640.65573541011,301.74026228835123
8745000,17490.00000264568,-54276.07519878427,290.67580536120414
8750000,17500.000002647717,-53908.727287036105,305.1944607946152
8755000,17510.000002649755,-53995.19688792768,293.4154890643585
8760000,17520.000002651792,-53667.94935891879,301.5074764818576
8765000,17530.00000265383,-53928.93991385732,287.287490893658
8770000,17540.000002655866,-53855.67445886636,302.6682238666971
8775000,17550.000002657904,-54085.91204909343,298.2653950889869
8780000,17560.00000265994,-53582.54873916574,295.4688098071654
8785000,17570.00000266198,-53237.173722094914,297.02062691943496
8790000,17580.000002664015,-53342.512687131966,291.0243896334316
8795000,17590.000002666053,-54079.3423434929,306.9037702338261
8800000,17600.00000266809,-53573.74855975399,300.95859893467895
8805000,17610.000002670127,-53716.7068609001,301.5018897248665
8810000,17620.000002672165,-53937.9802557918,298.9710681021095
8815000,17630.000002674202,-54185.77740236945,301.8200919433856
8820000,17640.00000267624,-53850.04624931587,300.1042068903048
8825000,17650.000002678276,-53962.42491378877,304.35111092405367
8830000,17660.000002680314,-54009.851406544476,301.64735476227395
8835000,17670.00000268235,-53927.90051882528,292.573454982571
8840000,17680.000002684388,-53884.73638455334,299.10003098772245
8845000,17690.000002686425,-54026.59684915608,307.7474348438972
8850000,17700.000002688463,-53872.020448957424,301.8873541703406
8855000,17710.0000026905,-54096.6479481734,306.0400589220708
8860000,17720.000002692537,-53965.85767024118,294.87496897559527
8865000,17730.000002694575,-54149.438766677136,297.6761919862909
8870000,17740.00000269661,-53541.788350991206,302.1182249937675
8875000,17750.00000269865,-53690.043964098615,300.8395601666614
8880000,17760.000002700686,-53673.040214311564,301.45853461019357
8885000,17770.000002702724,-54029.982585347694,296.45677110583966
8890000,17780.00000270476,-53724.6639724478,290.78441787980887
8895000,17790.000002706798,-53328.24772093556,296.4423447094239
8900000,17800.000002708835,-54035.222706179164,298.2383911441632
8905000,17810.000002710873,-54038.08455706178,307.2503844348318
8910000,17820.00000271291,-53844.4946687537,299.197413117623
8915000,17830.000002714947,-53618.18397788584,295.4483003918406
8920000,17840.000002716984,-54171.80075818123,299.51686665331016
8925000,17850.00000271902,-53863.70943610507,303.59805584058836
8930000,17860.00000272106,-53712.00486896132,292.97748093992095
8935000,17870.000002723096,-53746.55949250955,295.0662840169408
8940000,17880.000002725134,-53817.41810385874,298.750123613554
8945000,17890.00000272717,-53328.904172642506,295.6378702985468
8950000,17900.000002729208,-53773.86188338185,297.52605390848333
8955000,17910.000002731245,-54094.15319702675,310.9121816067527
8960000,17920.000002733283,-53647.510258084716,296.7650500750582
8965000,17930.00000273532,-54251.29735704581,293.9503652491635
8970000,17940.000002737357,-53638.158163219574,306.92343865360624
8975000,17950.000002739394,-53774.22375102801,290.82695103553965
8980000,17960.00000274143,-53962.860736391856,298.95756003920627
8985000,17970.00000274347,-53996.85094919306,295.46263090969813
8990000,17980.000002745506,-53755.899296484946,291.9020503226335
8995000,17990.000002747543,-54065.95971463068,298.2342658944246
9000000,18000.00000274958,-53792.78465962355,299.1823968320921
9005000,18010.000002751618,-53787.59013478574,298.81601773110395
9010000,18020.000002753655,-53904.234255515184,294.8982203780152
9015000,18030.000002755693,-54084.0574878304,296.35253580584356
9020000,18040.00000275773,-53529.527764831204,293.2283435050738
9025000,18050.000002759767,-53679.22848217678,296.2071483201935
9030000,18060.000002761804,-54169.74355800112,300.7893952842262
9035000,18070.00000276384,-53793.76069951928,299.12000235282346
9040000,18080.00000276588,-54092.39033503906,304.6243763197138
9045000,18090.000002767916,-54147.019149404514,291.7370322376851
9050000,18100.000002769953,-53698.34461597106,294.33958283427006
9055000,18110.00000277199,-53467.490908074775,301.8302079892092
9060000,18120.000002774028,-54081.652595658146,301.67628291755364
9065000,18130.000002776065,-53907.58892255419,296.1160788739483
9070000,18140.000002778102,-54337.712822452246,297.95448629394576
9075000,18150.00000278014,-53875.814677289425,290.93942629234965
9080000,18160.000002782177,-54105.79228937859,296.80250771413455
9085000,18170.000002784214,-54061.09852617592,299.34564454228394
9090000,18180.00000278625,-53935.04788653861,295.9523688907358
9095000,18190.00000278829,-54014.77029158277,292.5799627719855
9100000,18200.000002790326,-53817.78343868602,296.3732172705975
9105000,18210.000002792363,-53758.581196009996,308.08017631730223
9110000,18220.0000027944,-53964.99745690267,302.1116990436189
9115000,18230.000002796438,-53535.22127703205,294.553899410304
9120000,18240.000002798475,-53843.66372873611,289.5795675443413
9125000,18250.000002800512,-54012.23939807445,294.9236145623088
9130000,18260.00000280255,-53985.57586259284,298.4304359144614
9135000,18270.000002804587,-53651.26211512822,302.48142698051987
9140000,18280.000002806624,-53835.19606678188,303.32760145358696
9145000,18290.00000280866,-53815.044423160056,299.26832848368593
9150000,18300.0000028107,-53779.97419205494,295.8559702096878
9155000,18310.000002812736,-53485.955780094024,293.7995030214132
9160000,18320.000002814773,-54015.62029900082,296.43154697476507
9165000,18330.00000281681,-54297.61028005043,301.3342407665951
9170000,18340.000002818848,-54146.945400490484,297.8627324716305
9175000,18350.000002820885,-53471.76097991655,306.3723763564818
9180000,18360.000002822922,-54070.408740971005,298.3107464264654
9185000,18370.00000282496,-53601.784435774025,294.1662996970176
9190000,18380.000002826997,-53669.39976421365,295.6848245740012
9195000,18390.000002829034,-53405.26125078587,303.0558968087335
9200000,18400.00000283107,-53699.08157886856,300.6592503324027
9205000,18410.00000283311,-53892.72813747765,292.494008786255
9210000,18420.000002835146,-53667.48445004606,292.7740982575891
9215000,18430.000002837183,-53651.59516232932,304.9390598215627
9220000,18440.00000283922,-53620.9602467049,296.71455233882415
9225000,18450.000002841258,-53662.910155631485,307.3506139074468
9230000,18460.000002843295,-53694.27657928443,300.34123358215703
9235000,18470.000002845332,-53806.42612333293,299.0854927057509
9240000,18480.00000284737,-53884.137388122705,293.8395214887078
9245000,18490.000002849407,-53813.1682289117,294.85018945795485
9250000,18500.000002851444,-54065.70135357871,298.0352650756616
9255000,18510.00000285348,-54217.6881637967,294.99694248503386
9260000,18520.00000285552,-53815.04427212366,293.6151148593562
9265000,18530.000002857556,-54237.941851321,303.21396724298535
9270000,18540.000002859593,-53975.38571522824,297.15532634728885
9275000,18550.00000286163,-53918.5694817327,299.5951002433354
9280000,18560.000002863668,-53906.65400331424,300.1924916748443
9285000,18570.000002865705,-53929.809832825325,298.325615492045
9290000,18580.000002867742,-53794.5331481093,301.84885189525613
9295000,18590.00000286978,-53970.915446088766,301.08972544666807
9300000,18600.000002871817,-53890.48353887495,304.36316828084836
9305000,18610.000002873854,-53778.95604668342,294.49376875086705
9310000,18620.00000287589,-53595.52416679246,299.5006852448159
9315000,18630.00000287793,-53762.616371102864,300.38280781897794
9320000,18640.000002879966,-53718.329847962246,293.6094085209529
9325000,18650.000002882003,-53618.5735055235,300.00792953168667
9330000,18660.00000288404,-54032.99844807084,294.07084114596387
9335000,18670.000002886078,-53804.03928881971,301.6301977034952
9340000,18680.000002888115,-53852.064624667226,291.7411488728828
9345000,18690.000002890152,-53488.937617385964,298.79737082718304
9350000,18700.00000289219,-53893.34928553717,291.79315291138187
9355000,18710.000002894227,-53903.753919270646,298.9816565514326
9360000,18720.000002896264,-53695.395343696146,301.3295145017799
9365000,18730.0000028983,-53641.69509329519,294.8865731009929
9370000,18740.00000290034,-53218.149801000254,305.2377449828692
9375000,18750.000002902376,-53927.62440877294,298.92951639486927
9380000,18760.000002904413,-53763.5180685175,297.47375519585364
9385000,18770.00000290645,-54118.53220800415,298.16954861699867
9390000,18780.000002908488,-53563.472361997934,303.90349272911965
9395000,18790.000002910525,-53777.562359741045,297.3533391435471
9400000,18800.000002912562,-53996.969337015034,304.87109791252
9405000,18810.0000029146,-53733.03177710099,302.9686564503033
9410000,18820.000002916637,-53678.760053036385,307.6777844759114
9415000,18830.000002918674,-54013.014913649415,299.78195947226135
9420000,18840.00000292071,-53704.74607581869,297.40353450556114
9425000,18850.00000292275,-54002.50156768956,295.58279021956264
9430000,18860.000002924786,-53544.62967444045,294.9122125554468
9435000,18870.000002926823,-53741.8697788844,302.45057935439877
9440000,18880.00000292886,-53675.193155705405,299.02392271410616
9445000,18890.000002930898,-53946.10694797864,301.5230422568046
9450000,18900.000002932935,-53739.56207736966,296.2921802642624
9455000,18910.000002934972,-53972.0925899969,298.2427921271191
9460000,18920.00000293701,-54081.96843869274,290.28302450326004
9465000,18930.000002939047,-53855.00592752121,307.3970584258209
9470000,18940.000002941084,-54121.67930948129,300.9640944047393
9475000,18950.00000294312,-53559.016453787975,298.9113755209397
9480000,18960.00000294516,-54407.01607417947,306.1295887461443
9485000,18970.000002947196,-53947.99249592895,296.5873397639991
9490000,18980.000002949233,-54163.79596481862,303.31284339635823
9495000,18990.00000295127,-54077.1961918663,298.26149822353943
9500000,19000.000002953308,-54111.541613897134,298.6179129317248
9505000,19010.000002955345,-53659.21245056516,296.1617669084586
9510000,19020.000002957382,-53783.84689977774,297.07905364462067
9515000,19030.00000295942,-53913.17469035959,303.49564322375534
9520000,19040.000002961457,-53730.40404033812,297.8522458306007
9525000,19050.000002963494,-53830.825747088325,293.21824343687376
9530000,19060.00000296553,-54061.57496389153,296.31691332597586
9535000,19070.00000296757,-53898.97872979936,297.6246421858502
9540000,19080.000002969606,-53904.71278506756,300.79572085558317
9545000,19090.000002971643,-53950.303721497505,289.36774164337163
9550000,19100.00000297368,-53846.68763986303,292.08082012098794
9555000,19110.000002975718,-53786.684830568876,292.9156323918554
9560000,19120.000002977755,-53818.06908028005,307.5619580334153
9565000,19130.000002979792,-54104.32360648591,290.8170109890714
9570000,19140.00000298183,-53673.21321591694,295.11564933804226
9575000,19150.000002983867,-53766.99366351467,301.7230417686299
9580000,19160.000002985904,-53824.18283179554,296.3036826370109
9585000,19170.00000298794,-53945.285292877525,294.79341883711203
9590000,19180.00000298998,-53998.5543304008,291.98660044047574
9595000,19190.000002992016,-54134.47634671346,294.7137887192894
9600000,19200.000002994053,-54000.19061291203,304.43200692959175
9605000,19210.00000299609,-53887.98529106524,290.26732763406926
9610000,19220.000002998127,-53652.58193619456,302.90769681966947
9615000,19230.000003000165,-53901.259546411195,298.6725352926281
9620000,19240.000003002202,-53938.219072242035,300.76202383648194
9625000,19250.00000300424,-53710.264472676936,298.58475458180607
9630000,19260.000003006277,-53902.15685261329,296.6876272378685
9635000,19270.000003008314,-54266.977952112735,295.45893995772934
9640000,19280.00000301035,-54178.0383730747,307.35155582258966
9645000,19290.00000301239,-53832.80564757736,296.37503034534865
9650000,19300.000003014426,-54103.28219869101,298.0950615641048
9655000,19310.000003016463,-53653.22354164781,296.75012981959935
9660000,19320.0000030185,-53662.37920263017,299.5872120652447
9665000,19330.000003020537,-53753.080520276184,300.8584453497746
9670000,19340.000003022575,-53878.328632746794,303.3884124826295
9675000,19350.000003024612,-53781.61279413622,294.7761434217525
9680000,19360.00000302665,-54391.32844112124,297.08404913910056
9685000,19370.000003028686,-53840.48791129119,307.89660642734356
9690000,19380.000003030724,-53762.973260861676,297.94797772261705
9695000,19390.00000303276,-53801.766757336736,291.1632735030667
9700000,19400.0000030348,-54028.52363577616,304.1736886430122
9705000,19410.000003036836,-53483.563097059494,295.88356214296147
9710000,19420.000003038873,-53500.07694261588,298.61127737691527
9715000,19430.00000304091,-54230.845459923294,296.77733701922904
9720000,19440.000003042947,-54154.77634983737,293.90062135936193
9725000,19450.000003044985,-53508.94492089952,303.86173220155206
9730000,19460.000003047022,-53864.169454545015,294.33539839348754
9735000,19470.00000304906,-53920.48574369989,306.9400989441496
9740000,19480.000003051096,-53879.580283420626,297.541977688489
9745000,19490.000003053134,-53564.57651433823,298.57564099533323
9750000,19500.00000305517,-53533.74628588054,299.30751196777135
9755000,19510.00000305721,-53953.88784216589,296.62507398732794
9760000,19520.000003059246,-54007.102036525495,308.1093209218288
9765000,19530.000003061283,-54106.348275775934,303.36580419053
9770000,19540.00000306332,-53540.10292679691,297.7957648204968
9775000,19550.000003065357,-53822.35839182971,304.5727160632759
9780000,19560.000003067395,-53511.5923046486,296.82795364238336
9785000,19570.000003069432,-53373.11267855493,293.6938938104287
9790000,19580.00000307147,-54024.57491865475,308.49087575084945
9795000,19590.000003073506,-53945.89942929029,303.7279407503148
9800000,19600.000003075544,-54009.6459600855,308.19922298586783
9805000,19610.00000307758,-54110.9758735011,290.9516606356844
9810000,19620.00000307962,-53710.13692147497,300.47079277410586
9815000,19630.000003081655,-53759.77588532551,297.92291991077855
9820000,19640.000003083693,-53762.254859757144,306.62848635193285
9825000,19650.00000308573,-54121.69931957731,296.83496980267984
9830000,19660.000003087767,-53959.186548278,300.8310453855311
9835000,19670.000003089805,-54183.51028525352,290.67938489105063
9840000,19680.00000309184,-53968.95036337551,294.6214598007094
9845000,19690.00000309388,-53744.588943760435,304.03240461087415
9850000,19700.000003095916,-53927.288212997635,303.04862527809155
9855000,19710.000003097954,-54013.62334641861,291.45462174351997
9860000,19720.00000309999,-53936.287536719086,295.1668997876552
9865000,19730.000003102028,-53559.722536719346,302.3884306634336
9870000,19740.000003104065,-53850.676468914695,294.88189079099385
9875000,19750.000003106103,-53662.498612208845,299.29836051281274
9880000,19760.00000310814,-53451.742871706025,302.67708901844986
9885000,19770.000003110177,-54113.522621269774,304.28138761274573
9890000,19780.000003112214,-53702.19594671024,296.8220056800899
9895000,19790.00000311425,-54195.25056549019,300.8802367853225
9900000,19800.00000311629,-53936.237356464495,290.7520130527905
9905000,19810.000003118326,-54076.40780867377,289.21441077833174
9910000,19820.000003120364,-53882.94056598772,299.35451579735525
9915000,19830.0000031224,-53551.79828865093,297.2242997851358
9920000,19840.000003124438,-53836.34719030856,303.04656224293916
9925000,19850.000003126475,-53800.67306024843,305.894443515606
9930000,19860.000003128513,-53620.42644403511,294.5824152255605
9935000,19870.00000313055,-53732.954187010764,300.5015291890206
9940000,19880.000003132587,-53965.73964192925,302.13309743710636
9945000,19890.000003134624,-53704.53861611447,293.0058070140541
9950000,19900.00000313666,-53791.580970467505,296.0179996486319
9955000,19910.0000031387,-53920.9943957323,298.66674009861686
9960000,19920.000003140736,-53747.56437709596,300.40512063549176
9965000,19930.000003142773,-53928.18693904046,306.67181501793067
9970000,19940.00000314481,-54127.25388595334,290.10952875892383
9975000,19950.000003146848,-53867.830196126975,299.5727737068465
9980000,19960.000003148885,-53678.60450928021,303.3273737310628
9985000,19970.000003150923,-53742.369485145406,297.65468604259615
9990000,19980.00000315296,-53667.79773302356,295.2956374269058
9995000,19990.000003154997,-53643.28384738887,291.37451310431743
10000000,20000.000003157034,-53928.33851372282,302.13508328552916
10005000,20010.00000315907,-54204.649169990415,303.76211835345674
10010000,20020.00000316111,-53854.30333699606,300.9124099646828
10015000,20030.000003163146,-53912.764336984575,301.65606687542316
10020000,20040.000003165183,-53594.903644099075,303.04716018199946
10025000,20050.00000316722,-54162.75270692323,290.17598646486584
10030000,20060.000003169258,-53623.540290218574,299.8300591949008
10035000,20070.000003171295,-53834.400416385935,299.4342772638504
10040000,20080.000003173333,-53881.356341834355,301.57080771650396
10045000,20090.00000317537,-53468.20687125134,304.3012999107518
10050000,20100.000003177407,-53724.05615408928,297.2712562402317
10055000,20110.000003179444,-54087.39613855115,300.92096013660245
10060000,20120.00000318148,-53884.87846984016,298.22753601111873
10065000,20130.00000318352,-53988.83913957194,300.25851901485436
10070000,20140.000003185556,-54019.73448056908,288.47432218712987
10075000,20150.000003187593,-53758.00196155929,299.95560957695335
10080000,20160.00000318963,-53825.85989507433,290.79051022380185
10085000,20170.000003191668,-53501.04344468497,294.75685667316174
10090000,20180.000003193705,-53864.28698252549,301.57365196911775
10095000,20190.000003195742,-54086.80170988411,303.62429015038106
10100000,20200.00000319778,-53864.980718551116,296.0618829080695
10105000,20210.000003199817,-53841.45238408033,298.5871492618087
10110000,20220.000003201854,-53622.07922692146,300.8019403317546
10115000,20230.00000320389,-53671.87573805271,290.7873779121466
10120000,20240.00000320593,-53592.08828411499,299.5106359625597
10125000,20250.000003207966,-53624.42074558229,295.54970762604665
10130000,20260.000003210003,-53659.86218019386,298.30256154448534
10135000,20270.00000321204,-54138.0786351065,292.03519908303934
10140000,20280.000003214078,-53484.491316304746,298.3786145277085
10145000,20290.000003216115,-53916.914412657294,296.6574222926831
10150000,20300.000003218152,-53961.57680415211,304.3067957738544
10155000,20310.00000322019,-53498.833448517806,288.7755390813655
10160000,20320.000003222227,-54038.294881385955,297.7213314957306
10165000,20330.000003224264,-53824.27182567533,304.417938550727
10170000,20340.0000032263,-53426.067184624844,297.5578043044344
10175000,20350.00000322834,-53662.72910282214,298.6218383386563
10180000,20360.000003230376,-53696.76964470948,290.09796175769685
10185000,20370.000003232413,-54149.32526057912,299.15777953854183
10190000,20380.00000323445,-53936.630383094045,295.8052770344413
10195000,20390.000003236488,-53648.56631407043,295.22280021427434
10200000,20400.000003238525,-53398.00061254893,301.0208366454624
10205000,20410.000003240562,-53768.039897033654,302.7225769639191
10210000,20420.0000032426,-53787.61599117896,299.2960749209922
10215000,20430.000003244637,-53612.53872966577,299.6887364264736
10220000,20440.000003246674,-53643.56277256241,293.3045402581948
10225000,20450.00000324871,-53884.103967376635,300.22125256895276
10230000,20460.00000325075,-53651.166746074276,300.4170182040815
10235000,20470.000003252786,-53889.136203304864,301.1748729810407
10240000,20480.000003254823,-53738.21402970672,296.81156757530465
10245000,20490.00000325686,-53507.69739243333,293.78993994895876
10250000,20500.000003258898,-53936.22315688658,304.460403561732
10255000,20510.000003260935,-53790.55170800278,297.6691741685076
10260000,20520.000003262972,-53918.83831617408,289.89200348290365
10265000,20530.00000326501,-54222.416482090746,305.21457430221017
10270000,20540.000003267047,-53603.95389234566,295.5172743858674
10275000,20550.000003269084,-54121.74167587198,298.7597174616345
10280000,20560.00000327112,-53654.00844024756,302.9630931518013
10285000,20570.00000327316,-53684.72444135568,296.7819946949891
10290000,20580.000003275196,-53478.90793138894,303.5338903436928
10295000,20590.000003277233,-53958.03320156917,294.8387010114586
10300000,20600.00000327927,-53867.353191941016,297.97211880694147
10305000,20610.000003281308,-53374.14631677541,303.003352837827
10310000,20620.000003283345,-53863.33342733502,296.0339621409957
10315000,20630.000003285382,-53526.31560995572,306.4026255233022
10320000,20640.00000328742,-53678.58765627848,295.5746423781927
10325000,20650.000003289457,-53752.20834580029,307.2840520222097
10330000,20660.000003291494,-53944.07339709092,307.2123276834316
10335000,20670.00000329353,-53764.43023717252,306.34891940947176
10340000,20680.00000329557,-53820.88413246046,296.13355784126395
10345000,20690.000003297606,-53830.814712108055,291.61241076890906
10350000,20700.000003299643,-54086.5861773919,288.3456936789535
10355000,20710.00000330168,-53797.775591445796,304.5176548689805
10360000,20720.000003303718,-53780.621808192926,295.72012011469434
10365000,20730.000003305755,-53611.0294805484,294.6950243350946
10370000,20740.000003307792,-53610.29381584012,297.1513891386687
10375000,20750.00000330983,-53913.23396338106,300.86843261114996
10380000,20760.000003311867,-53920.43667959797,297.05310319625096
10385000,20770.000003313904,-53757.83678684675,299.4911861728989
10390000,20780.00000331594,-53976.388142883894,295.86720344734096
10395000,20790.00000331798,-53644.74764684489,296.18036216781263
10400000,20800.000003320016,-53827.3225197955,295.10066281940993
10405000,20810.000003322053,-53691.99423360382,297.21194590341696
10410000,20820.00000332409,-53715.581523357716,299.3421815021977
10415000,20830.000003326128,-53439.860009350115,302.51935094513794
10420000,20840.000003328165,-53494.474419757404,304.5023148255401
10425000,20850.000003330202,-53798.62833527225,295.77649966522756
10430000,20860.00000333224,-53624.86165451995,302.6566284678405
10435000,20870.000003334277,-53613.80431260425,298.50518229980673
10440000,20880.000003336314,-53680.10066464526,291.93652741236485
10445000,20890.00000333835,-53811.34911069571,303.6819433799104
10450000,20900.00000334039,-54113.519864372036,296.10911678509564
10455000,20910.000003342426,-53525.75923583182,299.727824850092
10460000,20920.000003344463,-53798.04322416763,293.32956746757924
10465000,20930.0000033465,-53716.94048560716,296.4738653825162
10470000,20940.000003348538,-53727.17457141937,298.9491038757184
10475000,20950.000003350575,-53509.25948655041,302.1823342139022
10480000,20960.000003352612,-53695.55554278215,302.1200781239075
10485000,20970.00000335465,-54097.66489361791,296.98737974982384
10490000,20980.000003356687,-53624.24375793012,310.4716299853459
10495000,20990.000003358724,-53644.82771692774,301.13096245214257
10500000,21000.00000336076,-53785.70829589976,300.70659594939997
10505000,21010.0000033628,-53445.26115465502,304.3616349717816
10510000,21020.000003364836,-53548.87010401543,298.7046705500901
10515000,21030.000003366873,-54174.71567700757,303.54924160720645
10520000,21040.00000336891,-53390.732567973144,296.27840401014555
10525000,21050.000003370948,-53825.4666460664,295.6135063973669
10530000,21060.000003372985,-53974.88059480858,290.3167685664801
10535000,21070.000003375022,-53576.89173568165,290.3744620021023
10540000,21080.00000337706,-53751.21758138947,304.8461278560056
10545000,21090.000003379097,-53589.935036346695,295.56285648298456
10550000,21100.000003381134,-53473.59974906899,298.8185964903584
10555000,21110.00000338317,-54044.74636173993,289.94465791224303
10560000,21120.00000338521,-53894.30613265312,296.72218919335853
10565000,21130.000003387246,-53398.740366690385,295.9806113941682
10570000,21140.000003389283,-53452.18173280472,307.4421550467252
10575000,21150.00000339132,-53516.137574170425,295.31721835815614
10580000,21160.000003393357,-54113.15562018895,295.9888692671289
10585000,21170.000003395395,-54155.37622745341,294.88203126107487
10590000,21180.000003397432,-53519.32018966408,296.53556147429
10595000,21190.00000339947,-53885.86182420398,289.2705425364936
10600000,21200.000003401507,-53867.309400677244,301.5698817015136
10605000,21210.000003403544,-53707.90530655801,310.88135647743405
10610000,21220.00000340558,-52963.86585912955,304.261069091458
10615000,21230.00000340762,-54103.88695699096,301.3780638249753
10620000,21240.000003409656,-53999.9771643189,302.2767544913926
10625000,21250.000003411693,-53479.83412925128,304.63210863486177
10630000,21260.00000341373,-53728.17130215993,294.8744295109194
10635000,21270.000003415767,-53890.06197775589,294.0802985174905
10640000,21280.000003417805,-53592.3150995934,300.3230927348904
10645000,21290.000003419842,-53908.727712123014,299.90800536484664
10650000,21300.00000342188,-53511.992492482736,296.0732598117579
10655000,21310.000003423916,-53907.14836791021,300.8504777588461
10660000,21320.000003425954,-53787.34872282809,306.86606358773264
10665000,21330.00000342799,-53982.06664845042,304.6107041878615
10670000,21340.00000343003,-53598.02434703571,301.1516820436428
10675000,21350.000003432066,-53753.76895993328,296.1809175851622
10680000,21360.000003434103,-54036.05203608208,297.5000884901848
10685000,21370.00000343614,-53940.15206522512,289.38649415714553
10690000,21380.000003438177,-53798.19157791452,300.70523659010655
10695000,21390.000003440215,-53958.9537301363,306.32290519241405
10700000,21400.000003442252,-53771.18911213442,291.7753415166617
10705000,21410.00000344429,-53697.136584431544,296.2903925793693
10710000,21420.000003446326,-54197.6263295814,300.4348054077365
10715000,21430.000003448364,-53436.38924498207,298.6274489528389
10720000,21440.0000034504,-53839.26157293009,297.06394175290956
10725000,21450.00000345244,-54057.102740230475,301.8600535399111
10730000,21460.000003454476,-53292.720193271496,299.7603826928468
10735000,21470.000003456513,-53948.073113817954,301.25563866025453
10740000,21480.00000345855,-53612.05076727268,295.22022958431427
10745000,21490.000003460587,-53569.327932907385,287.4259064900194
10750000,21500.000003462625,-54031.66649537624,298.06501485349486
10755000,21510.000003464662,-53842.821344102325,304.0441709747484
10760000,21520.0000034667,-53789.14810970714,294.3918150199873
10765000,21530.000003468736,-53753.422486475,309.9016892411963
10770000,21540.000003470774,-53720.5847702451,297.72721282733096
10775000,21550.00000347281,-54174.43856917534,299.82733052600213
10780000,21560.00000347485,-53737.381752069516,297.47618504666735
10785000,21570.000003476885,-53956.854441888456,302.1847581527263
10790000,21580.000003478923,-53636.994606479595,292.1214714776091
10795000,21590.00000348096,-54141.545916105126,298.18068033266746
10800000,21600.000003482997,-53649.65388213954,286.0343319711392
10805000,21610.000003485035,-54048.75978223345,300.9396410902713
10810000,21620.00000348707,-53873.239472727786,303.9984803605158
10815000,21630.00000348911,-54233.48971156977,299.687338226309
10820000,21640.000003491146,-53434.830095702375,296.28082086156434
10825000,21650.000003493184,-53663.9128682398,296.9828142331614
10830000,21660.00000349522,-53951.85030184183,298.3813174196029
10835000,21670.000003497258,-53684.273717991106,295.5772761260573
10840000,21680.000003499295,-53780.94183376315,303.7018991728347
10845000,21690.000003501333,-53940.91318521669,301.79945572957877
10850000,21700.00000350337,-54311.42081224674,296.15538411062056
10855000,21710.000003505407,-54037.27546183317,301.12649995720705
10860000,21720.000003507444,-53663.821851046756,307.51063382805404
10865000,21730.00000350948,-53742.892880205414,291.4533057180141
10870000,21740.00000351152,-54163.2852352582,295.75072171707836
10875000,21750.000003513556,-54068.962710794294,299.573349937075
10880000,21760.000003515594,-53763.471049897315,301.66217279715045
10885000,21770.00000351763,-54062.09597983802,298.2927334084858
10890000,21780.000003519668,-53724.28844703743,302.4874349956043
10895000,21790.000003521705,-54281.913688054454,297.9930494338808
10900000,21800.000003523743,-53685.19572064711,309.68702552072443
10905000,21810.00000352578,-53711.38009340933,307.23403423493005
10910000,21820.000003527817,-53502.24570386711,295.0614729053915
10915000,21830.000003529854,-53890.067132192635,295.2603195717632
10920000,21840.00000353189,-53690.31720458463,302.4906902249674
10925000,21850.00000353393,-53611.02951103501,302.3706993752109
10930000,21860.000003535966,-54291.21220301156,300.2429343837846
10935000,21870.000003538004,-54100.48448793826,309.6122037930113
10940000,21880.00000354004,-53803.63870694855,298.3515866891804
10945000,21890.000003542078,-53673.1970723843,299.57736210665297
10950000,21900.000003544115,-53753.81842497416,308.7826843974696
10955000,21910.000003546153,-53499.81435707913,297.3868963869901
10960000,21920.00000354819,-53930.53916694608,302.87574079049654
10965000,21930.000003550227,-53917.98073712905,292.6123027021521
10970000,21940.000003552264,-53653.75880455889,299.27225955332125
10975000,21950.0000035543,-53638.47890598612,309.00359027849765
10980000,21960.00000355634,-53806.13699192798,295.86232043688824
10985000,21970.000003558376,-53937.61744673186,302.2876972072901
10990000,21980.000003560413,-53531.791879790544,300.16939858284917
10995000,21990.00000356245,-53660.002637457015,294.2978235475045
11000000,22000.000003564488,-53650.83112664914,300.8251633027389
11005000,22010.000003566525,-53792.00453212767,297.6963818870314
11010000,22020.000003568563,-53207.04482566839,295.5584113906482
11015000,22030.0000035706,-53892.3942150668,294.7596007597962
11020000,22040.000003572637,-53578.6590958765,300.25776979986455
11025000,22050.000003574674,-53926.558812709816,294.2096898458287
11030000,22060.00000357671,-53735.61218286466,302.13584404564256
11035000,22070.00000357875,-53726.79189893126,286.8359870909297
11040000,22080.000003580786,-54117.10307461757,302.3246232070996
11045000,22090.000003582823,-54302.0319346583,297.5240170013988
11050000,22100.00000358486,-53540.81794249965,302.37634826140334
11055000,22110.000003586898,-54007.252736659546,291.53287473980765
11060000,22120.000003588935,-53539.671924807946,292.23470595534815
11065000,22130.000003590972,-53703.79925669011,298.566630960121
11070000,22140.00000359301,-53712.7739809911,295.23134284767895
11075000,22150.000003595047,-54207.28135419689,303.04858554150377
11080000,22160.000003597084,-53943.74528260442,295.7607552113888
11085000,22170.00000359912,-53838.13877509517,303.39305820907737
11090000,22180.00000360116,-53673.70958981803,300.68980212968876
11095000,22190.000003603196,-53573.325979613146,293.2072108222914
11100000,22200.000003605233,-53834.0278247282,297.25578262839826
11105000,22210.00000360727,-54158.692628321296,290.92996470753326
11110000,22220.000003609308,-53621.75279265508,299.74265536120146
11115000,22230.000003611345,-53969.55495368785,298.7484663346408
11120000,22240.000003613382,-53490.538268969976,293.0114175210995
11125000,22250.00000361542,-53811.05597126947,300.25980250570257
11130000,22260.000003617457,-53723.60832204728,303.674722145706
11135000,22270.000003619494,-53977.37981113253,304.3749083181407
11140000,22280.00000362153,-54325.80397463575,305.52722217135533
11145000,22290.00000362357,-53743.064003800595,304.4520266650527
11150000,22300.000003625606,-53890.49257836523,297.9507349355139
11155000,22310.000003627643,-53638.11375156525,303.3776469388629
11160000,22320.00000362968,-53826.15184992959,294.5087996740958
11165000,22330.000003631718,-54200.98249258721,299.64437532023095
11170000,22340.000003633755,-53275.512668607815,297.58604089431066
11175000,22350.000003635792,-53499.77653568704,292.63937918579273
11180000,22360.00000363783,-53771.28861762895,295.9159284590399
11185000,22370.000003639867,-53571.05523225141,294.5617055023359
11190000,22380.000003641904,-53796.776955789624,303.1653176711229
11195000,22390.00000364394,-53712.605073630606,294.23888335931855
11200000,22400.00000364598,-53524.32154265896,297.93478172249314
11205000,22410.000003648016,-53405.287714405305,300.22615605970856
11210000,22420.000003650053,-53711.06331411342,298.7120043612307
11215000,22430.00000365209,-53752.18968436669,298.5039763594359
11220000,22440.000003654128,-54056.24048631266,295.2245254140402
11225000,22450.000003656165,-53495.03235112628,305.65569219736375
11230000,22460.000003658202,-53986.11247688986,296.82032418366214
11235000,22470.00000366024,-53747.658458843536,294.1879769774606
11240000,22480.000003662277,-53680.040018747386,306.13706540570877
11245000,22490.000003664314,-54066.9143848003,302.81768975852066
11250000,22500.00000366635,-53835.46810995636,306.432208530463
11255000,22510.00000366839,-54002.11428695099,297.9431056012639
11260000,22520.000003670426,-53546.98958931636,302.5418100513057
11265000,22530.000003672463,-54035.584911024926,292.2451538453139
11270000,22540.0000036745,-53549.72411497272,285.25002601509436
11275000,22550.000003676538,-53935.08899740476,298.03778152332114
11280000,22560.000003678575,-53636.214954533294,296.95353216889316
11285000,22570.000003680612,-54339.43226137626,297.99126130776705
11290000,22580.00000368265,-53754.58532442909,304.591359659082
11295000,22590.000003684687,-53867.32816538587,292.9285955197154
11300000,22600.000003686724,-53786.81266160816,291.7182286198193
11305000,22610.00000368876,-53756.076156736584,292.45543022971674
11310000,22620.0000036908,-53836.49492578345,301.19233956927195
11315000,22630.000003692836,-53986.367248706025,296.1627527138689
11320000,22640.000003694873,-54428.54676980985,296.74640053330006
11325000,22650.00000369691,-53264.981341237464,298.7644726063592
11330000,22660.000003698948,-53915.729718502145,296.3633573955308
11335000,22670.000003700985,-53816.994246334856,297.9640249241371
11340000,22680.000003703022,-53646.348514289246,295.6762205083372
11345000,22690.00000370506,-53571.79331405848,296.37926605634317
11350000,22700.000003707097,-53915.58519948626,298.29401964872187
11355000,22710.000003709134,-53922.47139681736,296.35951425033403
11360000,22720.00000371117,-53900.96593341956,291.6105175336555
11365000,22730.00000371321,-53695.16786340365,302.6215769295992
11370000,22740.000003715246,-54102.79979594442,299.9333959890874
11375000,22750.000003717283,-53705.28433505085,295.86117234626477
11380000,22760.00000371932,-54166.707368280186,294.3482712025117
11385000,22770.000003721358,-53855.86929393408,296.0694998199734
11390000,22780.000003723395,-53939.513759838155,291.89118144119885
11395000,22790.000003725432,-54225.46206694844,303.2255682013682
11400000,22800.00000372747,-54124.48004946919,296.2365258368903
11405000,22810.000003729507,-53776.38964634022,290.39134831709566
11410000,22820.000003731544,-54132.91233056714,294.2604056589659
11415000,22830.00000373358,-53732.299344970525,296.260534424281
11420000,22840.00000373562,-53913.91447738733,298.7613670340799
11425000,22850.000003737656,-54040.06914134673,300.1340036682174
11430000,22860.000003739693,-53820.28514660729,298.47556952719
11435000,22870.00000374173,-53690.745838162955,295.68636577116513
11440000,22880.000003743768,-53806.77987737025,302.353290601819
11445000,22890.000003745805,-53888.23186081831,295.8709280665725
11450000,22900.000003747842,-54031.00346171984,303.6972305974645
11455000,22910.00000374988,-54193.45643879636,301.7086964564374
11460000,22920.000003751917,-53761.72277352307,298.6949320070266
11465000,22930.000003753954,-53695.244340755686,292.7696863784203
11470000,22940.00000375599,-53619.4574498719,302.7374567332559
11475000,22950.00000375803,-53797.34516572044,292.5079362561794
11480000,22960.000003760066,-53569.32720886468,294.7221909281108
11485000,22970.000003762103,-53531.37859495706,296.4574474359378
11490000,22980.00000376414,-53576.31650953533,297.2077209452662
11495000,22990.000003766178,-53946.922978788585,301.9284604992807
11500000,23000.000003768215,-54227.970039488515,300.15246651336486
11505000,23010.000003770252,-53928.041640231764,295.7150108672941
11510000,23020.00000377229,-53833.19308970173,302.09978679144984
11515000,23030.000003774327,-54100.54302009643,307.88765361764064
11520000,23040.000003776364,-53897.15665775855,292.4362352227752
11525000,23050.0000037784,-53397.29505212017,297.86188932862524
11530000,23060.00000378044,-54091.13432039038,295.05134533282313
11535000,23070.000003782476,-54018.38699666195,294.65847790251826
11540000,23080.000003784513,-54053.52471658439,297.0863959750619
11545000,23090.00000378655,-53718.36189119634,302.3460390487038
11550000,23100.000003788587,-53692.16759999862,297.16487107879834
11555000,23110.000003790625,-53671.62087421995,300.09841785071086
11560000,23120.000003792662,-53835.94826417367,294.65528375428255
11565000,23130.0000037947,-53611.8084192129,292.79111309749146
11570000,23140.000003796737,-53750.74623551048,300.26279319331593
11575000,23150.000003798774,-53722.56460394693,297.78175272613
11580000,23160.00000380081,-53999.672320137266,297.8309821283942
11585000,23170.00000380285,-53834.56208232886,302.4793665584909
11590000,23180.000003804886,-53850.5924756586,300.4360076732588
11595000,23190.000003806923,-53803.52673859993,300.5854651147634
11600000,23200.00000380896,-53723.97061922646,289.1838306089655
11605000,23210.000003810997,-54133.70038207184,304.0537410147499
11610000,23220.000003813035,-53317.49379023543,295.6366628195055
11615000,23230.000003815072,-53968.54660615872,296.62675844107343
11620000,23240.00000381711,-53816.030372117995,295.7053225424878
11625000,23250.000003819147,-54004.94791746285,290.75187211628815
11630000,23260.000003821184,-53863.35545160549,295.9522390979739
11635000,23270.00000382322,-53852.42406545923,302.23341110426696
11640000,23280.00000382526,-54060.90342455474,300.6237130598981
11645000,23290.000003827296,-53745.42900104,303.30866906096514
11650000,23300.000003829333,-53649.71859348111,304.0040932345271
11655000,23310.00000383137,-53703.99368207922,300.8265187722221
11660000,23320.000003833407,-53601.78753748405,295.29767881313717
11665000,23330.000003835445,-54086.42740282789,297.8306358412208
11670000,23340.000003837482,-54155.45271982343,290.62846955139145
11675000,23350.00000383952,-54052.9864828077,300.52989833435936
11680000,23360.000003841556,-53999.87709444857,296.12348168845
11685000,23370.000003843594,-54070.3964056822,304.46925976746377
11690000,23380.00000384563,-53375.27259738726,300.7829270848737
11695000,23390.00000384767,-53839.68502156215,295.4026345566508
11700000,23400.000003849706,-53944.88891803601,304.7860869264167
11705000,23410.000003851743,-54095.75344637447,303.1423926404252
11710000,23420.00000385378,-53419.94242889751,303.98751685140815
11715000,23430.000003855817,-53922.07132591616,295.4986034035069
11720000,23440.000003857855,-53932.93720062089,295.66921347908004
11725000,23450.000003859892,-53687.46955737827,296.77781739406265
11730000,23460.00000386193,-53637.14180072854,296.3256609010948
11735000,23470.000003863966,-54134.66116241668,300.4033639410987
11740000,23480.000003866004,-54696.86923289954,292.22038657401134
11745000,23490.00000386804,-53301.222583156195,287.9947327758879
11750000,23500.00000387008,-53731.49817027652,293.39595722154615
11755000,23510.000003872115,-53714.63636758522,297.9980407131274
11760000,23520.000003874153,-54096.17302795203,302.1209960258222
11765000,23530.00000387619,-53685.055974748684,294.5929878556678
11770000,23540.000003878227,-53648.01622326643,299.5826705817958
11775000,23550.000003880265,-53724.46868510003,297.89666105913636
11780000,23560.000003882302,-53970.93150706813,302.2865273342791
11785000,23570.00000388434,-54128.89777680012,302.20584523146533
11790000,23580.000003886376,-54220.16273747146,298.80397801679555
11795000,23590.000003888414,-53992.72649047847,296.58262067611054
11800000,23600.00000389045,-53936.76521041652,304.23201770088696
11805000,23610.000003892488,-53804.28837866685,303.71119602593785
11810000,23620.000003894525,-53625.84431277588,301.3356970882989
11815000,23630.000003896563,-53705.039930679224,297.5102056915761
11820000,23640.0000038986,-53565.55839187003,295.3493119359592
11825000,23650.000003900637,-53154.46034361728,301.9682959449768
11830000,23660.000003902675,-53875.23065646959,294.2019110257715
11835000,23670.00000390471,-53596.53672473048,301.7392200705327
11840000,23680.00000390675,-53620.25898687786,303.5224768090009
11845000,23690.000003908786,-53859.05146987259,301.3556773514856
11850000,23700.000003910824,-53854.130228638096,290.6544055682735
11855000,23710.00000391286,-54036.10081359802,303.0654050815006
11860000,23720.000003914898,-54137.04781923382,297.63322669513985
11865000,23730.000003916935,-53433.185847497254,297.8596221320414
11870000,23740.000003918973,-53778.00437012949,299.94210764719884
11875000,23750.00000392101,-53844.23706120864,293.3424865782923
11880000,23760.000003923047,-54004.38403382446,299.2039035350957
11885000,23770.000003925084,-53546.929870391876,299.70352655377957
11890000,23780.00000392712,-53510.66987291281,300.5276132665617
11895000,23790.00000392916,-53863.23455038681,291.43586331652426
11900000,23800.000003931196,-53436.07977375839,295.0784001463572
11905000,23810.000003933234,-54012.76585483362,299.43522471838907
11910000,23820.00000393527,-53872.48796571535,296.88801354178844
11915000,23830.000003937308,-54112.72817178737,304.44396025399124
11920000,23840.000003939345,-53793.23367574549,297.48881319985577
11925000,23850.000003941383,-54171.079486938135,301.8666806353475
11930000,23860.00000394342,-53764.87611416401,292.8076022540723
11935000,23870.000003945457,-54149.448700469016,301.71316295877904
11940000,23880.000003947494,-53923.62774098819,299.1448783543191
11945000,23890.00000394953,-53703.70668523986,309.57383625537085
11950000,23900.00000395157,-53927.84600294617,294.6568101917465
11955000,23910.000003953606,-53922.517415399605,298.16424619468216
11960000,23920.000003955643,-53702.675867412385,305.32309719661356
11965000,23930.00000395768,-53982.57186491764,296.67136914309094
11970000,23940.000003959718,-53629.97872587791,306.0275308476996
11975000,23950.000003961755,-53307.22940585128,294.56632756816896
11980000,23960.000003963793,-53375.60681242935,303.4821452998283
11985000,23970.00000396583,-53485.42780579638,299.0996972915836
11990000,23980.000003967867,-53976.47857663772,299.70683843453827
11995000,23990.000003969904,-54128.76036164857,302.6176309598704
12000000,24000.00000397194,-53817.2623656888,298.85318823534374
12005000,24010.00000397398,-53625.156473837706,300.173621657
12010000,24020.000003976016,-53956.94789644022,301.4193951989755
12015000,24030.000003978053,-53833.410978230095,293.5140908496706
12020000,24040.00000398009,-54155.9966997318,300.31178937467826
12025000,24050.000003982128,-53822.650378693506,298.74213247034004
12030000,24060.000003984165,-54179.16370911928,300.6034684955831
12035000,24070.000003986203,-53789.01745496999,303.3364391719925
12040000,24080.00000398824,-54104.87590770633,307.57846912233816
12045000,24090.000003990277,-53641.112408137036,298.94031259584176
12050000,24100.000003992314,-53745.7523457623,288.3427543685939
12055000,24110.00000399435,-53865.18897234462,292.0822262543269
12060000,24120.00000399639,-53828.683890593005,287.81004774739205
12065000,24130.000003998426,-53778.42382351929,300.0266657827221
12070000,24140.000004000463,-53344.96902339396,296.72642193511814
12075000,24150.0000040025,-53895.376795799035,305.16089776151034
12080000,24160.000004004538,-53662.8001363558,296.86989768442436
12085000,24170.000004006575,-53797.09876632504,296.7879860193709
12090000,24180.000004008612,-54036.48663886695,291.59947017466465
12095000,24190.00000401065,-53734.895819703466,298.77573201739034
12100000,24200.000004012687,-54275.2713026868,293.701450305536
12105000,24210.000004014724,-53499.13136052666,301.66010604539304
12110000,24220.00000401676,-53727.94096233527,298.72482920718727
12115000,24230.0000040188,-53635.82990065974,296.1649345416195
12120000,24240.000004020836,-54079.12995783318,291.3554556845002
12125000,24250.000004022873,-53783.1108649651,294.8441172671262
12130000,24260.00000402491,-53647.07805972872,299.1615683490378
12135000,24270.000004026948,-53718.469671680476,298.55763892579654
12140000,24280.000004028985,-54068.541803861066,296.33110121178
12145000,24290.000004031022,-53812.8150821453,298.90781923791707
12150000,24300.00000403306,-53674.36315220673,291.1417136280401
12155000,24310.000004035097,-54085.80314326013,302.6317994243018
12160000,24320.000004037134,-53768.23957448712,296.7778722300264
12165000,24330.00000403917,-53696.53702763462,304.2408999696135
12170000,24340.00000404121,-53601.25713604884,303.5308035519337
12175000,24350.000004043246,-54044.81366445962,300.5508697465253
12180000,24360.000004045283,-53542.838738523395,296.7523564847066
12185000,24370.00000404732,-53845.5178928395,299.9299828380928
12190000,24380.000004049358,-53785.79287232063,298.0473066976293
12195000,24390.000004051395,-54319.22877782988,303.1721380567742
12200000,24400.000004053432,-53779.64248306249,299.91184131870835
12205000,24410.00000405547,-54039.8840879341,291.71951271646276
12210000,24420.000004057507,-53986.743386935035,294.56830079796055
12215000,24430.000004059544,-53628.10145834225,301.0166645259294
12220000,24440.00000406158,-53614.69331211975,294.50762113522774
12225000,24450.00000406362,-53652.96642833654,296.2428865315534
12230000,24460.000004065656,-54089.6284559702,301.8012638064495
12235000,24470.000004067693,-53887.43180309812,298.8730803021909
12240000,24480.00000406973,-53990.16007211525,302.2876189915714
12245000,24490.000004071768,-53986.41332328503,301.9646547494622
12250000,24500.000004073805,-54077.11129438953,297.60277998014817
12255000,24510.000004075842,-53724.034128241765,299.52292075913147
12260000,24520.00000407788,-54139.671828159335,293.4618298719487
12265000,24530.000004079917,-54005.05855698374,297.71083833903583
12270000,24540.000004081954,-53990.99377818059,305.0918274467574
12275000,24550.00000408399,-53613.96177957,297.99191907318635
12280000,24560.00000408603,-53897.55146012831,305.2766251376061
12285000,24570.000004088066,-53895.71222549156,297.4220646255556
12290000,24580.000004090103,-54075.23668524026,301.82492612413034
12295000,24590.00000409214,-54001.797770269826,295.95358273989063
12300000,24600.000004094178,-53694.10821736269,295.97666565897384
12305000,24610.000004096215,-53619.247727771755,298.0237015010743
12310000,24620.000004098252,-53570.30734397686,304.12545572834756
12315000,24630.00000410029,-54045.40673632201,301.39820748698145
12320000,24640.000004102327,-54149.22816707019,294.65352760157595
12325000,24650.000004104364,-53595.80904501423,304.0530672045618
12330000,24660.0000041064,-54012.49788523419,298.5278920999776
12335000,24670.00000410844,-53804.28836251149,295.6763213139089
12340000,24680.000004110476,-53463.602631919144,296.2042056315243
12345000,24690.000004112513,-53804.10583692699,301.1059977248682
12350000,24700.00000411455,-53818.77050010805,297.6875713230584
12355000,24710.000004116588,-53939.36603348638,293.5685737753213
12360000,24720.000004118625,-53586.615788325114,299.27623534244555
12365000,24730.000004120662,-53548.07715294164,300.3400961659751
12370000,24740.0000041227,-54037.204526630056,312.58233420670024
12375000,24750.000004124737,-53819.75173775817,299.12865755280075
12380000,24760.000004126774,-53586.174436706206,298.0447025619034
12385000,24770.00000412881,-54064.75823874556,301.42202836837754
12390000,24780.00000413085,-54083.514374785154,299.6334236331205
12395000,24790.000004132886,-53974.97158955154,289.85742791349026
12400000,24800.000004134923,-53673.8949659518,293.6022588865081
12405000,24810.00000413696,-53880.010486677085,297.00836739822245
12410000,24820.000004138998,-53787.53931041469,293.86427959710994
12415000,24830.000004141035,-53412.80016082182,287.84711023692614
12420000,24840.000004143072,-53657.707492199406,292.30538506873296
12425000,24850.00000414511,-53832.07453411532,298.59390538344456
12430000,24860.000004147147,-53997.83543113852,299.60550386407664
12435000,24870.000004149184,-53804.121818538144,305.36090139268356
12440000,24880.00000415122,-53732.512683980196,297.6056556417661
12445000,24890.00000415326,-53792.761390422704,294.0248110164113
12450000,24900.000004155296,-53636.27603697579,308.397773474506
12455000,24910.000004157333,-54092.82241781382,302.7825832120941
12460000,24920.00000415937,-53696.995728952985,303.03859861734395
12465000,24930.000004161408,-54042.78491008771,293.02797843384167
12470000,24940.000004163445,-53373.33107835817,296.60207435704234
12475000,24950.000004165482,-54354.2641527892,292.9775198692585
12480000,24960.00000416752,-53824.84633291338,291.6371731643765
12485000,24970.000004169557,-53654.05696014577,293.2167247422763
12490000,24980.000004171594,-53804.49708089317,291.57172802247516
12495000,24990.00000417363,-53873.92259217141,303.80236653568164
12500000,25000.00000417567,-53664.46269667777,299.053356394777
12505000,25010.000004177706,-53714.79237776098,293.76852748729726
12510000,25020.000004179743,-53964.22214107934,299.5051768531488
12515000,25030.00000418178,-54537.3630233795,298.0403015259436
12520000,25040.000004183818,-53683.36433015409,305.0147454354916
12525000,25050.000004185855,-53645.51845429611,301.8736650953095
12530000,25060.000004187892,-53435.258498575015,304.18807470695367
12535000,25070.00000418993,-53811.70993440162,294.9744709641752
12540000,25080.000004191967,-53894.54556703818,296.11914314438894
12545000,25090.000004194004,-53811.26682015296,292.9603310180438
12550000,25100.00000419604,-54124.00401726863,300.09968145505735
12555000,25110.00000419808,-53765.26322634914,290.97358284340703
12560000,25120.000004200116,-53775.496346392756,297.4568127542582
12565000,25130.000004202153,-53726.66567858739,304.5403586973272
12570000,25140.00000420419,-53801.78880735379,296.19209551384466
12575000,25150.000004206227,-53692.290475216694,293.5574204453792
12580000,25160.000004208265,-54018.49745514538,292.88250619324805
12585000,25170.000004210302,-53867.467738051026,298.8496624495778
12590000,25180.00000421234,-53920.16667289287,302.35527521165466
12595000,25190.000004214377,-54235.191207023396,302.14078435764435
12600000,25200.000004216414,-54099.58704102787,298.3152782352408
12605000,25210.00000421845,-54003.91719759884,296.2750122700975
12610000,25220.00000422049,-53790.099970252195,301.0209856729653
12615000,25230.000004222526,-53857.48891080919,296.07814505578006
12620000,25240.000004224563,-53753.18504271054,295.8514307610794
12625000,25250.0000042266,-54283.23107591944,292.3693792573294
12630000,25260.000004228637,-53680.48851862867,305.62909685552825
12635000,25270.000004230675,-53760.635067147785,289.7325559133116
12640000,25280.000004232712,-53733.831060796656,303.11975645231234
12645000,25290.00000423475,-53588.8236782981,296.17179989008724
12650000,25300.000004236786,-53834.9242834294,300.7836456438184
12655000,25310.000004238824,-53709.54265224951,299.52853097919393
12660000,25320.00000424086,-53881.2121663469,297.2226657046575
12665000,25330.0000042429,-53784.8292084593,299.28340139934403
12670000,25340.000004244936,-53834.37467514805,299.39619785721976
12675000,25350.000004246973,-53982.40685465597,298.56994366776775
12680000,25360.00000424901,-53961.65237309679,290.870860679818
12685000,25370.000004251047,-53898.823080758215,293.7396492527719
12690000,25380.000004253085,-53584.07795440516,299.19202156955646
12695000,25390.000004255122,-53670.49082738574,302.5083283031118
12700000,25400.00000425716,-53941.7652080672,298.31774946378573
12705000,25410.000004259196,-53895.782926435524,295.85896540268345
12710000,25420.000004261234,-53892.09881732584,303.6134844652286
12715000,25430.00000426327,-53468.72243937489,304.3871733798063
12720000,25440.00000426531,-53937.43026220624,305.46461321801047
12725000,25450.000004267346,-54043.85957101258,300.5367153487542
12730000,25460.000004269383,-54008.269227336685,299.49783596577004
12735000,25470.00000427142,-53652.306054125394,296.8323458965162
12740000,25480.000004273457,-53949.446307697595,302.04264382445365
12745000,25490.000004275495,-53570.65472878382,300.31129423339115
12750000,25500.000004277532,-54149.60007859339,299.7231804173549
12755000,25510.00000427957,-53425.60583524962,299.28821767710116
12760000,25520.000004281606,-54115.71806891059,296.8128573463857
12765000,25530.000004283644,-53810.82373576623,291.7550854351991
12770000,25540.00000428568,-53687.314338152675,297.65151662054024
12775000,25550.00000428772,-53920.695202644885,312.75183892308155
12780000,25560.000004289755,-53694.25200347751,294.61708674200446
12785000,25570.000004291793,-53617.45950873714,294.3035511442995
12790000,25580.00000429383,-54331.0480566358,307.22389963990975
12795000,25590.000004295867,-53274.00922642814,299.5299449917678
12800000,25600.000004297905,-53761.12044101389,303.6336458962926
12805000,25610.00000429994,-54131.5741346369,300.286283070442
12810000,25620.00000430198,-53752.58007380957,288.1387808497868
12815000,25630.000004304016,-53459.47337050928,298.9933123722351
12820000,25640.000004306054,-53756.57617440412,293.22347130980125
12825000,25650.00000430809,-53777.46162058727,293.2388408274274
12830000,25660.000004310128,-53738.26039780548,298.32409893819255
12835000,25670.000004312165,-54034.80324438977,299.8407049197504
12840000,25680.000004314203,-54069.0843498047,297.40374324425176
12845000,25690.00000431624,-54001.14947042457,298.70368530301874
12850000,25700.000004318277,-53718.25518516873,293.22311228485495
12855000,25710.000004320314,-54139.78460105986,297.80833967015616
12860000,25720.00000432235,-53935.30931836547,295.4522631545129
12865000,25730.00000432439,-54065.239765901235,300.53863571589244
12870000,25740.000004326426,-53698.2548935503,295.0252666720726
12875000,25750.000004328464,-53577.77838951498,297.9132314774032
12880000,25760.0000043305,-53587.38497303662,304.11340953847673
12885000,25770.000004332538,-53863.99285953492,298.12234935696176
12890000,25780.000004334575,-53411.54253549242,296.81061983515025
12895000,25790.000004336613,-53563.828255357716,291.472277361657
12900000,25800.00000433865,-53783.28604640401,297.84054397835126
12905000,25810.000004340687,-53943.62073906479,298.2414735809286
12910000,25820.000004342724,-53818.840898476745,304.80425424807777
12915000,25830.00000434476,-54008.0553942596,294.46892335331603
12920000,25840.0000043468,-54141.12377857964,304.2951181238874
12925000,25850.000004348836,-53524.83172293633,296.3110972271055
12930000,25860.000004350873,-54147.30005450774,291.70041030857396
12935000,25870.00000435291,-53627.86291689641,294.95470607335994
12940000,25880.000004354948,-53997.99383182824,298.2345442380532
12945000,25890.000004356985,-53901.78388042477,299.99513512875967
12950000,25900.000004359023,-54076.075070128776,294.9202667213803
12955000,25910.00000436106,-54009.66488426144,298.1713648076103
12960000,25920.000004363097,-53538.438956846105,299.4421813339676
12965000,25930.000004365134,-54026.60791000372,302.07748884059555
12970000,25940.00000436717,-54284.71763658739,298.32499253176854
12975000,25950.00000436921,-54276.313160374644,290.333333605758
12980000,25960.000004371246,-53573.52777826419,302.6976279309538
12985000,25970.000004373283,-53837.0123765406,295.18681588210177
12990000,25980.00000437532,-53494.524840383645,300.3446665099677
12995000,25990.000004377358,-53656.612506937585,293.2897633248421
13000000,26000.000004379395,-53899.85509332147,296.4420978517635
13005000,26010.000004381433,-53813.059496011876,296.82657138284463
13010000,26020.00000438347,-53311.20279868189,295.71554507490663
13015000,26030.000004385507,-53673.491658763814,303.3882466588282
13020000,26040.000004387544,-54324.78722932821,295.74767386177643
13025000,26050.00000438958,-53639.06432804055,298.421557972145
13030000,26060.00000439162,-54404.27467570818,298.34054590189515
13035000,26070.000004393656,-53962.698266305,296.91627440169515
13040000,26080.000004395693,-54170.81254324675,299.1984417598844
13045000,26090.00000439773,-53674.29222928241,290.9354472986229
13050000,26100.000004399768,-54160.30169113696,302.92237478910886
13055000,26110.000004401805,-53864.66150486114,301.85188228678925
13060000,26120.000004403842,-53629.31400022475,304.1715056469666
13065000,26130.00000440588,-53483.25687172718,301.0227991734073
13070000,26140.000004407917,-53964.47517086912,305.75435007541046
13075000,26150.000004409954,-53811.94472618788,286.8345112877842
13080000,26160.00000441199,-53899.80368739006,297.05219515624367
13085000,26170.00000441403,-53949.70911662036,312.42775627083626
13090000,26180.000004416066,-53867.246110861975,292.5958325969447
13095000,26190.000004418103,-54189.712705175974,299.82178697669184
13100000,26200.00000442014,-53808.93905333837,303.9021741908197
13105000,26210.000004422178,-53698.51979207588,308.60570723691546
13110000,26220.000004424215,-53686.74154903815,296.4768151614384
13115000,26230.000004426252,-53877.44161614354,296.84633396044654
13120000,26240.00000442829,-53910.55684758135,300.55881016842113
13125000,26250.000004430327,-53794.01740386279,300.5664919038297
13130000,26260.000004432364,-53529.48268062039,293.18769513235117
13135000,26270.0000044344,-54189.90460288586,296.54110577993544
13140000,26280.00000443644,-53629.19959207979,297.49591146412064
13145000,26290.000004438476,-53503.018422499474,296.6944167899465
13150000,26300.000004440513,-53751.93719935877,297.383724213055
13155000,26310.00000444255,-53802.8441338854,300.2905447707107
13160000,26320.000004444588,-53521.31220570189,306.4529250043268
13165000,26330.000004446625,-53903.702516092075,296.2249541898856
13170000,26340.000004448662,-53119.404843104305,298.3019908226482
13175000,26350.0000044507,-53917.708616277145,303.392194731747
13180000,26360.000004452737,-53784.56677897196,297.40516362108684
13185000,26370.000004454774,-54062.42541759682,297.2289048258011
13190000,26380.00000445681,-53984.77634653737,297.64892845227365
13195000,26390.00000445885,-53917.3600884215,300.18871788079196
13200000,26400.000004460886,-54231.23817178473,289.9280298260347
13205000,26410.000004462923,-53886.911184372206,306.7242300703151
13210000,26420.00000446496,-53671.91211840918,299.5310602227035
13215000,26430.000004466998,-53839.213584333134,296.9183024708417
13220000,26440.000004469035,-53598.595297360356,311.85887294858986
13225000,26450.000004471072,-53965.65514664311,298.7769964364828
13230000,26460.00000447311,-53480.89384114687,298.77378591109294
13235000,26470.000004475147,-53907.24539596052,302.3938322163165
13240000,26480.000004477184,-53823.61728812687,289.4477408694721
13245000,26490.00000447922,-53759.90089309288,292.6414990565609
13250000,26500.00000448126,-53561.004508917045,297.76054482437956
13255000,26510.000004483296,-53934.482264508435,295.51257220396417
13260000,26520.000004485333,-53811.77906760518,295.4374018868266
13265000,26530.00000448737,-53921.15913276578,300.93570514937517
13270000,26540.000004489408,-54066.96325616047,304.69353457295927
13275000,26550.000004491445,-53598.810712979466,303.9134394310004
13280000,26560.000004493482,-53775.492788629024,299.79748289759414
13285000,26570.00000449552,-53918.03767343491,300.69099211250756
13290000,26580.000004497557,-54359.30497035963,300.52670011999203
13295000,26590.000004499594,-53911.27024617998,295.06888449596386
13300000,26600.00000450163,-53811.71690710017,300.29711134773635
13305000,26610.00000450367,-53852.73041123105,294.0758618462782
13310000,26620.000004505706,-53782.746202752605,296.8264662716683
13315000,26630.000004507743,-54192.711083308706,310.0337865328604
13320000,26640.00000450978,-53723.04571444396,303.63582615799226
13325000,26650.000004511818,-53986.34368262562,304.2494164728145
13330000,26660.000004513855,-53869.6786031556,295.99007363697535
13335000,26670.000004515892,-53471.23249450317,299.47377140744004
13340000,26680.00000451793,-54037.767063473904,297.09556874058
13345000,26690.000004519967,-53892.42659641677,302.39565318498626
13350000,26700.000004522004,-53919.7571923465,296.5329871222539
13355000,26710.00000452404,-54003.775764819526,300.99334422616533
13360000,26720.00000452608,-53619.23020559506,300.9185624366087
13365000,26730.000004528116,-53406.38012828416,295.96711714634597
13370000,26740.000004530153,-53698.458920282545,299.10162038111446
13375000,26750.00000453219,-53994.99794220703,300.1638006685195
13380000,26760.000004534228,-53447.295204409864,300.9709235363023
13385000,26770.000004536265,-53693.32280926782,297.86413863996876
13390000,26780.000004538302,-53939.86366447562,298.67519910995213
13395000,26790.00000454034,-53626.25658572209,303.1665987079318
13400000,26800.000004542377,-53992.9470985088,302.2354833629147
13405000,26810.000004544414,-53862.408067322685,302.56763703193985
13410000,26820.00000454645,-53638.1175309215,295.4197455088487
13415000,26830.00000454849,-54038.02824130663,300.71988083076894
13420000,26840.000004550526,-53798.01568463855,305.1438827806094
13425000,26850.000004552563,-53651.151179159264,302.1544788826709
13430000,26860.0000045546,-53971.2205140634,302.94409742949034
13435000,26870.000004556638,-53910.33738331264,297.0663112124771
13440000,26880.000004558675,-53921.45256331985,298.98569173315155
13445000,26890.000004560712,-53626.390041918174,300.80477345306633
13450000,26900.00000456275,-53851.15170871717,303.89970499808146
13455000,26910.000004564787,-54048.79218586971,305.05150981467716
13460000,26920.000004566824,-53700.29115717762,297.7627906943045
13465000,26930.00000456886,-53805.93402973484,297.8147883650338
13470000,26940.0000045709,-53663.85279069943,302.0279151157683
13475000,26950.000004572936,-53932.33094878742,300.3254894113432
13480000,26960.000004574973,-53587.00057354185,293.9276970792671
13485000,26970.00000457701,-53697.185017239186,297.50017958832217
13490000,26980.000004579048,-53688.005719701265,298.5029088298943
13495000,26990.000004581085,-53997.3301572653,303.7313536690789
13500000,27000.000004583122,-53680.00380471864,303.36423017901615
13505000,27010.00000458516,-53915.584089942044,293.5763815619733
13510000,27020.000004587197,-53588.64654347798,295.02108034629987
13515000,27030.000004589234,-53719.11894686453,301.6695292841547
13520000,27040.00000459127,-54241.11415318749,290.2987309649302
13525000,27050.00000459331,-53402.93611640672,303.40564990783025
13530000,27060.000004595346,-53644.607308676816,295.1418063127613
13535000,27070.000004597383,-54058.37267654628,296.4957203117992
13540000,27080.00000459942,-53301.70207737695,303.1488874729948
13545000,27090.000004601457,-54010.58505817983,298.54473367827416
13550000,27100.000004603495,-53595.018872745975,309.21374171520193
13555000,27110.000004605532,-53322.63887436059,292.92037186240475
13560000,27120.00000460757,-53574.33217862662,299.20512987134947
13565000,27130.000004609607,-53712.63725956221,297.0312496084373
13570000,27140.000004611644,-53821.487858652166,301.5423092315426
13575000,27150.00000461368,-53686.29130549845,304.08120201831457
13580000,27160.00000461572,-53706.12386281634,298.8918914368302
13585000,27170.000004617756,-54257.36211762199,295.50017932580533
13590000,27180.000004619793,-53983.99051379057,294.8037313065656
13595000,27190.00000462183,-53600.10757642379,299.10104932449303
13600000,27200.000004623867,-54303.96909647068,304.66551934155325
13605000,27210.000004625905,-53458.725115642796,306.66883025510094
13610000,27220.000004627942,-53487.47456151771,298.456732004186
13615000,27230.00000462998,-53989.44625346968,295.4406837899899
13620000,27240.000004632016,-53623.63809773579,292.9898216768209
13625000,27250.000004634054,-53532.45794781763,304.6598935064781
13630000,27260.00000463609,-53557.47183064348,290.7274760202522
13635000,27270.00000463813,-54037.093642837805,299.37588724984965
13640000,27280.000004640166,-53752.21480361695,296.1764549760132
13645000,27290.000004642203,-54085.13816897519,288.79259813151265
13650000,27300.00000464424,-53866.026652814064,296.07054668324065
13655000,27310.000004646277,-53386.76811267005,299.3756109064086
13660000,27320.000004648315,-54013.33164251069,293.1675843922048
13665000,27330.000004650352,-53679.41805222779,300.5607768230117
13670000,27340.00000465239,-54265.21550986852,292.68463521456505
13675000,27350.000004654426,-53724.06365563162,306.9584047685162
13680000,27360.000004656464,-53902.70422464382,293.8994233357969
13685000,27370.0000046585,-54028.44739235102,293.03470119959127
13690000,27380.00000466054,-53771.32976651046,295.2196276704824
13695000,27390.000004662576,-53855.92133126562,294.02360916305673
13700000,27400.000004664613,-53521.41344133823,291.3492384654913
13705000,27410.00000466665,-53704.28817226342,299.1946533166152
13710000,27420.000004668687,-53735.901932456414,306.86578479027713
13715000,27430.000004670725,-53962.97099894838,301.2341293844655
13720000,27440.000004672762,-53874.004390240734,301.18939147103504
13725000,27450.0000046748,-54166.6219668696,304.1894366911486
13730000,27460.000004676836,-53444.383157542965,307.08530612965865
13735000,27470.000004678874,-53489.41154110624,300.20826716322114
13740000,27480.00000468091,-53612.77520231949,304.867695246273
13745000,27490.00000468295,-53502.00703460432,300.78931298398084
13750000,27500.000004684985,-53748.989762387384,295.3352557106283
13755000,27510.000004687023,-53654.3391854369,297.35140963510486
13760000,27520.00000468906,-53843.47676029289,300.76835379096366
13765000,27530.000004691097,-53854.2623801656,291.2106200645942
13770000,27540.000004693135,-53596.09235595964,292.8133761014792
13775000,27550.00000469517,-53706.40576813152,298.9418188811089
13780000,27560.00000469721,-53830.03735942225,293.57549591804224
13785000,27570.000004699246,-53511.01112109466,296.91097654776536
13790000,27580.000004701284,-53834.225010440685,306.12675157308786
13795000,27590.00000470332,-53825.30111477384,290.87595674513915
13800000,27600.000004705358,-54010.27188446515,292.512796311217
13805000,27610.000004707395,-53662.738969749946,296.43917630759046
13810000,27620.000004709433,-53645.72439596878,305.34309331515783
13815000,27630.00000471147,-53325.30530058843,295.015000625128
13820000,27640.000004713507,-53857.3191551115,300.8335624246617
13825000,27650.000004715544,-53795.51984776746,305.2893346817674
13830000,27660.00000471758,-53669.545110140665,297.85478300228647
13835000,27670.00000471962,-53930.07518881495,295.7866242729537
13840000,27680.000004721656,-53427.01505457284,300.9234946051011
13845000,27690.000004723694,-53802.34249317189,296.22262589257764
13850000,27700.00000472573,-53487.01803451689,292.31850594247754
13855000,27710.000004727768,-54056.38707447733,294.1802470795406
13860000,27720.000004729805,-53767.28772911106,297.569014170869
13865000,27730.000004731843,-53504.106832916645,302.90260408615006
13870000,27740.00000473388,-53833.06492241676,297.5090571319048
13875000,27750.000004735917,-54033.85235789011,289.0127056273203
13880000,27760.000004737954,-53618.94965828903,301.8221045202894
13885000,27770.00000473999,-53886.44538595469,296.78088586997114
13890000,27780.00000474203,-53970.59861683796,295.1685194043581
13895000,27790.000004744066,-53899.800875982706,310.8837711121875
13900000,27800.000004746104,-54050.22262719704,299.5020525855652
13905000,27810.00000474814,-53889.352829906566,307.8312424975962
13910000,27820.000004750178,-54344.21183560515,296.34462248231745
13915000,27830.000004752215,-53691.9469899316,298.0629957176069
13920000,27840.000004754253,-53699.61059684874,300.74564331290287
13925000,27850.00000475629,-53778.754686731525,299.9257962261486
13930000,27860.000004758327,-53690.029512935784,296.5018221792787
13935000,27870.000004760364,-53707.33163292371,294.3072169416216
13940000,27880.0000047624,-53690.99223631722,298.1150123910569
13945000,27890.00000476444,-53649.12708131262,302.186870023675
13950000,27900.000004766476,-53482.04347477632,298.5180792213352
13955000,27910.000004768513,-53658.639642124705,293.32653241786517
13960000,27920.00000477055,-53593.8251431337,309.9208500705348
13965000,27930.000004772588,-53920.1696074036,301.85706120135563
13970000,27940.000004774625,-53560.95442488621,296.4610645888221
13975000,27950.000004776663,-53543.12065568089,289.921974068162
13980000,27960.0000047787,-53863.78343621988,297.85426565692165
13985000,27970.000004780737,-54063.27363021136,299.01599588630614
13990000,27980.000004782774,-54146.50559446096,296.8423272446233
13995000,27990.00000478481,-53800.63569997327,300.90794795858113
14000000,28000.00000478685,-53321.033056399465,306.72463849119583
14005000,28010.000004788886,-53498.48493581009,295.23008131165517
14010000,28020.000004790923,-53994.68542534369,293.26752324748924
14015000,28030.00000479296,-53899.99977479462,302.31645504891327
14020000,28040.000004794998,-53750.55880498857,294.7718241582724
14025000,28050.000004797035,-53828.354048644804,304.80731084733105
14030000,28060.000004799072,-53855.03136377534,298.9992274042375
14035000,28070.00000480111,-53794.32411227713,311.8049623752452
14040000,28080.000004803147,-53722.8867421278,294.0752102784078
14045000,28090.000004805184,-53839.66171284462,293.5308839840754
14050000,28100.00000480722,-53922.384366048645,292.30852150125367
14055000,28110.00000480926,-54139.33972271209,294.4218386340148
14060000,28120.000004811296,-53864.71356862731,294.9451537557823
14065000,28130.000004813333,-53709.377842405695,303.04229936901794
14070000,28140.00000481537,-53871.08775566373,302.307722342897
14075000,28150.000004817408,-54021.47622365592,299.54830364215127
14080000,28160.000004819445,-54117.862925889756,294.2931668230509
14085000,28170.000004821482,-53585.20533714999,301.0995640317966
14090000,28180.00000482352,-53888.81565908232,303.2475428214386
14095000,28190.000004825557,-54107.95924665016,289.8356767504464
14100000,28200.000004827594,-53939.64918066046,295.2604109231012
14105000,28210.00000482963,-53902.22403720053,297.0952408388423
14110000,28220.00000483167,-54007.42940988063,295.11875037133643
14115000,28230.000004833706,-53915.4101057667,296.1995023813782
14120000,28240.000004835743,-53642.78654198817,297.92678162431173
14125000,28250.00000483778,-53856.68691494354,305.8369038380121
14130000,28260.000004839818,-53771.8440108498,293.27849372281827
14135000,28270.000004841855,-53509.52575743123,298.0633489041696
14140000,28280.000004843892,-54103.06880008732,301.3616478689906
14145000,28290.00000484593,-53721.317114141595,289.1093048265917
14150000,28300.000004847967,-53739.83109657976,297.1435761654013
14155000,28310.000004850004,-53583.90107018215,308.46036174108974
14160000,28320.00000485204,-53861.410994421545,300.2651494359503
14165000,28330.00000485408,-54410.41350752619,299.9795748874675
14170000,28340.000004856116,-53574.78884193115,296.5891927124619
14175000,28350.000004858153,-53963.157696250215,305.9920763579456
14180000,28360.00000486019,-53501.16846273342,302.53329893820387
14185000,28370.000004862228,-53586.22204496685,300.0275607600412
14190000,28380.000004864265,-53545.83993127386,293.18108606477665
14195000,28390.000004866302,-53851.161345622735,292.5414699514916
14200000,28400.00000486834,-53306.037242698076,294.39729449214894
14205000,28410.000004870377,-53680.8268623841,297.41019612737404
14210000,28420.000004872414,-53874.96331674713,312.66743842013784
14215000,28430.00000487445,-53785.617901657475,291.0581792311374
14220000,28440.00000487649,-54384.14782145608,299.028883852564
14225000,28450.000004878526,-53927.593388435314,299.98157838097643
14230000,28460.000004880563,-54011.67805292242,302.0456290283348
14235000,28470.0000048826,-53754.00851498288,297.1703008682527
14240000,28480.000004884638,-53921.91225698695,297.7515827953842
14245000,28490.000004886675,-53491.09929610076,290.8998122083326
14250000,28500.000004888712,-53480.36638905597,297.94147176771094
14255000,28510.00000489075,-53880.32288288648,297.995285114873
14260000,28520.000004892787,-53740.12747052958,298.3381537172588
14265000,28530.000004894824,-54124.389348075725,299.92449791587103
14270000,28540.00000489686,-54132.099995122146,306.6339911145458
14275000,28550.0000048989,-54388.503025702405,303.86583075928024
14280000,28560.000004900936,-53938.80423897458,300.70126305208146
14285000,28570.000004902973,-53249.9473567486,296.0368908334526
14290000,28580.00000490501,-53574.44196198668,290.66352668025706
14295000,28590.000004907048,-53812.56932250486,298.01432261906785
14300000,28600.000004909085,-54034.353783519095,302.09458896690126
14305000,28610.000004911122,-53840.95186060367,301.96596890689915
14310000,28620.00000491316,-53538.522661395575,304.36770639166303
14315000,28630.000004915197,-53738.18079315961,301.5217823940919
14320000,28640.000004917234,-54200.330839659786,303.44624273533293
14325000,28650.00000491927,-53901.599814692454,298.0765594672285
14330000,28660.00000492131,-53543.3185119548,295.59407064238235
14335000,28670.000004923346,-53989.834404329915,299.9246132489964
14340000,28680.000004925383,-53658.7560360308,299.9466324553318
14345000,28690.00000492742,-53658.84677052859,300.1466658701249
14350000,28700.000004929458,-53831.36211721893,300.0555973388474
14355000,28710.000004931495,-53642.11415077103,301.7925492772651
14360000,28720.000004933532,-53279.92569561917,295.7628082176114
14365000,28730.00000493557,-54140.476118130086,305.67597416560267
14370000,28740.000004937607,-53824.83045155526,308.3088924912103
14375000,28750.000004939644,-53890.876474505756,296.86546530082853
14380000,28760.00000494168,-53892.749911958235,292.4645103573944
14385000,28770.00000494372,-53932.586231712776,301.64063201234006
14390000,28780.000004945756,-53826.18729017206,304.6616499744174
14395000,28790.000004947793,-53980.03345653662,299.087039584403
14400000,28800.00000494983,-53516.40884411425,300.1945245812774
14405000,28810.000004951868,-53582.393794123986,309.4080393888997
14410000,28820.000004953905,-54039.52781259609,297.4215630857282
14415000,28830.000004955942,-53700.609417322325,303.9675409501939
14420000,28840.00000495798,-53924.94597011249,295.7403963595659
14425000,28850.000004960017,-53718.915683781495,300.2394518893691
14430000,28860.000004962054,-53801.01913887198,308.2584759912123
14435000,28870.00000496409,-53608.83786552874,304.78238574404634
14440000,28880.00000496613,-53750.36671205083,303.10053377910276
14445000,28890.000004968166,-54116.60642962137,305.83016169651717
14450000,28900.000004970203,-54009.22725842439,295.17163746411967
14455000,28910.00000497224,-54079.167520316376,296.89992405413096
14460000,28920.000004974278,-53520.53983476979,308.7943025941128
14465000,28930.000004976315,-54066.22089883051,297.582637190665
14470000,28940.000004978352,-53997.73427300708,297.26275845085775
14475000,28950.00000498039,-54110.18245056679,296.25562490064203
14480000,28960.000004982427,-53789.14202328722,306.4877212369705
14485000,28970.000004984464,-53786.82904947517,301.06574999017147
14490000,28980.0000049865,-53482.738667152706,294.34947270658864
14495000,28990.00000498854,-53676.075479994295,307.5685099310202
14500000,29000.000004990576,-54159.410931844235,298.3031494701245
14505000,29010.000004992613,-53589.53088193957,302.7483848203134
14510000,29020.00000499465,-53962.124273032736,300.40369352683865
14515000,29030.000004996687,-53608.53011508298,296.3723539151098
14520000,29040.000004998725,-53899.55138231913,299.1572849979811
14525000,29050.000005000762,-54096.20611679548,299.0189978262858
14530000,29060.0000050028,-54144.38745022571,299.9792372805024
14535000,29070.000005004837,-54051.30146321075,299.49950856410464
14540000,29080.000005006874,-53796.83333859485,297.30003720519244
14545000,29090.00000500891,-53896.92136932287,293.72594680941984
14550000,29100.00000501095,-53529.26202154637,300.2765891037562
14555000,29110.000005012986,-54112.26655362695,293.431862483426
14560000,29120.000005015023,-54168.56856588571,292.28994514551215
14565000,29130.00000501706,-53967.88863393586,298.37181242577384
14570000,29140.000005019097,-53821.594539150945,300.52944074526266
14575000,29150.000005021135,-53696.76425104661,306.2413021964498
14580000,29160.000005023172,-54076.601727168396,297.49446154898214
14585000,29170.00000502521,-53884.9875995607,289.86402608195823
14590000,29180.000005027247,-53579.172768370976,298.41668821819576
14595000,29190.000005029284,-54131.33428445764,296.96216012713
14600000,29200.00000503132,-54356.47707527719,292.7753498795207
14605000,29210.00000503336,-54125.37634643607,299.01695344149266
14610000,29220.000005035396,-53909.562387985614,302.32197751305597
14615000,29230.000005037433,-54121.029179845995,297.6280526150741
14620000,29240.00000503947,-53795.719583396014,294.0807274284598
14625000,29250.000005041507,-54198.84555990351,297.9933515393474
14630000,29260.000005043545,-53859.78148368295,294.5477280378805
14635000,29270.000005045582,-54000.1932138995,296.74400568109604
14640000,29280.00000504762,-53765.42247079048,297.7574269278781
14645000,29290.000005049656,-53596.024245174514,290.46240032804405
14650000,29300.000005051694,-54083.90644551293,302.6787166453727
14655000,29310.00000505373,-53612.65218021037,295.7455687776163
14660000,29320.00000505577,-54021.03164200467,299.3914918203391
14665000,29330.000005057806,-53500.47625236341,298.9366085420145
14670000,29340.000005059843,-53957.04032869419,300.12217217230216
14675000,29350.00000506188,-53445.95060130721,300.12709239357054
14680000,29360.000005063917,-53746.19585527532,303.42405085194105
14685000,29370.000005065955,-54047.12690792911,301.6863207973331
14690000,29380.000005067992,-54005.604293037,298.8480657706033
14695000,29390.00000507003,-53468.63328937438,304.5176300409251
14700000,29400.000005072066,-53535.974948376184,302.02850037134976
14705000,29410.000005074104,-54196.99263356172,301.39893153333315
14710000,29420.00000507614,-54118.734277986834,290.632105272543
14715000,29430.00000507818,-53535.59186752277,299.92401291173877
14720000,29440.000005080215,-53794.207550514315,295.91923285183475
14725000,29450.000005082253,-53868.38472294339,298.0747361928624
14730000,29460.00000508429,-53531.37594609201,289.7691620636338
14735000,29470.000005086327,-53763.92843660308,300.7240508288325
14740000,29480.000005088365,-53709.092037262366,303.73542360283903
14745000,29490.000005090402,-54054.663664297696,298.81221548393677
14750000,29500.00000509244,-53660.39036343759,295.3974104784236
14755000,29510.000005094476,-53387.32538439386,293.8369442186489
14760000,29520.000005096514,-54365.40837777965,296.7106734523829
14765000,29530.00000509855,-54156.33924272325,296.8380693747957
14770000,29540.000005100588,-53850.69169297302,303.62660686870527
14775000,29550.000005102625,-53827.079575924785,300.91738356554873
14780000,29560.000005104663,-53648.68948403295,297.21869816723876
14785000,29570.0000051067,-53626.508815078036,301.59397858409943
14790000,29580.000005108737,-53401.963200747065,299.84144823083443
14795000,29590.000005110775,-53518.49878533246,292.9493957316238
14800000,29600.00000511281,-53696.03103285268,294.24557970728125
14805000,29610.00000511485,-53600.674068475026,295.3414335835544
14810000,29620.000005116886,-53894.939044139115,306.61357090843023
14815000,29630.000005118924,-53821.01679647877,298.79067581554114
14820000,29640.00000512096,-54234.16175751615,310.964182009642
14825000,29650.000005122998,-53353.659709855594,304.93676860318146
14830000,29660.000005125035,-53887.151794403035,304.9360579210147
14835000,29670.000005127073,-53509.59736116257,296.96830977308616
14840000,29680.00000512911,-53866.503213811346,296.7552916491527
14845000,29690.000005131147,-53702.85082908493,304.5397248697222
14850000,29700.000005133184,-53679.289911324944,295.73796015733666
14855000,29710.00000513522,-54312.004614644335,298.4977044449803
14860000,29720.00000513726,-53920.02070001303,304.46951682632016
14865000,29730.000005139296,-54051.1871295406,295.68816039880363
14870000,29740.000005141334,-53566.14984147833,299.9668389585173
14875000,29750.00000514337,-53816.184163387225,300.9060967305298
14880000,29760.000005145408,-53740.790171913104,292.152321247695
14885000,29770.000005147445,-53714.71782254483,307.30767768567733
14890000,29780.000005149483,-53929.87708234461,299.2370135038542
14895000,29790.00000515152,-53885.45245091972,305.1645519568347
14900000,29800.000005153557,-53254.180406541156,301.3431003161589
14905000,29810.000005155594,-53447.016783640225,311.10835862303804
14910000,29820.00000515763,-53848.34332483768,298.2974937848793
14915000,29830.00000515967,-53892.643616658344,298.1985186444145
14920000,29840.000005161706,-53577.19255954918,294.5661392398479
14925000,29850.000005163743,-53526.03971057446,294.6765716816205
14930000,29860.00000516578,-53593.89538723999,295.4348319218984
14935000,29870.000005167818,-54150.95657584732,297.9622986373363
14940000,29880.000005169855,-54274.98184478952,306.2692983785259
14945000,29890.000005171893,-53895.887649222714,299.02537686118785
14950000,29900.00000517393,-54065.23768395599,301.11160070353486
14955000,29910.000005175967,-54057.48329204373,304.9993668082309
14960000,29920.000005178004,-53898.1542865317,298.5040424958643
14965000,29930.00000518004,-53762.6485070255,299.1666599060417
14970000,29940.00000518208,-53454.15346717808,299.84419902052906
14975000,29950.000005184116,-53968.82752401216,303.7083094414435
14980000,29960.000005186153,-53611.34985949515,302.8450550935808
14985000,29970.00000518819,-53557.37043850968,297.5215392563978
14990000,29980.000005190228,-53834.76253543253,305.30122458193784
14995000,29990.000005192265,-53981.34840230533,292.38959869794724
15000000,30000.000005194303,-53991.94470922742,303.7884719555836
15005000,30010.00000519634,-53995.13850694802,294.8268956697714
15010000,30020.000005198377,-53763.127915455116,290.33051021875207
15015000,30030.000005200414,-54177.74328150839,293.8700990097117
15020000,30040.00000520245,-53781.56906351904,300.08601039745923
15025000,30050.00000520449,-53961.17877562839,294.57913556251503
15030000,30060.000005206526,-53822.574370513554,297.51195670133956
15035000,30070.000005208563,-53624.419147928595,298.6632752112843
15040000,30080.0000052106,-53890.86194803222,297.76840402534805
15045000,30090.000005212638,-53782.282258933585,301.86349649554427
15050000,30100.000005214675,-53973.98925491315,298.1068905161836
15055000,30110.000005216712,-54037.005091601575,293.23409823014697
15060000,30120.00000521875,-53838.98350268387,290.7390076387249
15065000,30130.000005220787,-53813.99070110783,297.71176567931155
15070000,30140.000005222824,-54113.73638422377,307.5700616644866
15075000,30150.00000522486,-54140.854446314275,298.7642305895971
15080000,30160.0000052269,-53852.42564970214,297.2056163285733
15085000,30170.000005228936,-54022.611648864055,300.4285031066672
15090000,30180.000005230973,-53590.39598159003,297.1658503193991
15095000,30190.00000523301,-53473.94810766139,301.8730551040809
15100000,30200.000005235048,-53954.046877256245,299.2514544691142
15105000,30210.000005237085,-53831.28556863527,304.01706192586084
15110000,30220.000005239122,-54028.094777175516,301.8711841504554
15115000,30230.00000524116,-53731.76665743886,296.5282054509075
15120000,30240.000005243197,-54016.38003358801,294.7379641912171
15125000,30250.000005245234,-53768.25111818005,290.18595150302144
15130000,30260.00000524727,-53418.13240058118,294.72680736301663
15135000,30270.00000524931,-53823.20905002963,297.5110124308092
15140000,30280.000005251346,-53878.902891776816,304.86499406024456
15145000,30290.000005253383,-54062.74463903211,283.768135646424
15150000,30300.00000525542,-53697.10288220135,295.4737044450598
15155000,30310.000005257458,-53686.797595319076,301.8975881502815
15160000,30320.000005259495,-53858.44727068287,292.3022532212626
15165000,30330.000005261532,-54123.03491250533,302.80370282495727
15170000,30340.00000526357,-53636.588011410175,304.80809012257777
15175000,30350.000005265607,-53679.93458589047,309.23648227477753
15180000,30360.000005267644,-53506.34583823237,298.8010379937311
15185000,30370.00000526968,-53691.655266810674,296.3107968223359
15190000,30380.00000527172,-54237.591381669685,290.9097681022713
15195000,30390.000005273756,-53589.24165988315,304.8593948742229
15200000,30400.000005275793,-53888.57829292602,292.69514553946175
15205000,30410.00000527783,-54030.99104217588,297.13036659209524
15210000,30420.000005279868,-53707.66782381668,296.1865615196318
15215000,30430.000005281905,-54033.848569680675,301.0441329263449
15220000,30440.000005283942,-53959.94184192087,305.36207986303145
15225000,30450.00000528598,-53674.15569703252,300.1156886994412
15230000,30460.000005288017,-53604.90216911858,292.41642399681604
15235000,30470.000005290054,-53483.172171281505,297.09710313606695
15240000,30480.00000529209,-53778.50281649409,287.0052456486587
15245000,30490.00000529413,-53512.26076578387,300.22072400707174
15250000,30500.000005296166,-53699.830796526745,292.234887772659
15255000,30510.000005298203,-53428.9268581871,296.4465451196178
15260000,30520.00000530024,-53643.954233639815,299.8212938518233
15265000,30530.000005302278,-54015.65940961632,298.81369846403544
15270000,30540.000005304315,-53529.14672414219,296.92921112537937
15275000,30550.000005306352,-53661.42515537076,295.9679106863697
15280000,30560.00000530839,-53607.414121406386,301.202424183671
15285000,30570.000005310427,-53940.47378860376,304.2349046730995
15290000,30580.000005312464,-53630.68485467826,300.1585783816977
15295000,30590.0000053145,-53950.43403168864,301.4334857420418
15300000,30600.00000531654,-54150.6379904481,299.08802823003947
15305000,30610.000005318576,-53989.6247424153,294.00203237137066
15310000,30620.000005320613,-53759.99941202902,290.73156642832464
15315000,30630.00000532265,-53811.2002554565,298.029445608126
15320000,30640.000005324688,-53746.13482697532,294.63806599054544
15325000,30650.000005326725,-54319.41150157794,301.42187570999397
15330000,30660.000005328762,-53916.04048961602,304.47410018082763
15335000,30670.0000053308,-53853.59388283806,299.13719703693477
15340000,30680.000005332837,-53796.56683680063,295.4035960786653
15345000,30690.000005334874,-53973.617691004765,299.70442980858957
15350000,30700.00000533691,-53873.3246966649,293.0104178472158
15355000,30710.00000533895,-54205.429382687464,304.1431408731047
15360000,30720.000005340986,-53921.45087447233,303.02974791107783
15365000,30730.000005343023,-53807.17502007086,298.432080138234
15370000,30740.00000534506,-53035.26631412981,304.49598950248435
15375000,30750.000005347098,-53641.53442191717,307.505747815853
15380000,30760.000005349135,-53565.33676258358,306.12691913619636
15385000,30770.000005351172,-53550.81530836687,303.5067919730192
15390000,30780.00000535321,-53662.45757316248,306.52533556244794
15395000,30790.000005355247,-53900.46505011074,299.69382422718337
15400000,30800.000005357284,-53736.465603807475,295.36348625697775
15405000,30810.00000535932,-54154.80081485337,293.5335940901497
15410000,30820.00000536136,-53596.38396184027,296.7244027930446
15415000,30830.000005363396,-53499.63910336874,302.44354134387896
15420000,30840.000005365433,-53691.44024530533,302.6484460474901
15425000,30850.00000536747,-53892.09403799387,296.2738908911792
15430000,30860.000005369508,-53802.760086018534,287.376044793339
15435000,30870.000005371545,-53618.27205316184,302.6489667708026
15440000,30880.000005373582,-53865.58515963101,298.9739805666019
15445000,30890.00000537562,-53678.82151601961,297.3901388894218
15450000,30900.000005377657,-53993.35526668691,292.60050998815103
15455000,30910.000005379694,-53784.940717276244,300.664932942928
15460000,30920.00000538173,-53975.09263333923,288.90791372354977
15465000,30930.00000538377,-53725.11034474036,297.0471871312677
15470000,30940.000005385806,-53645.917909475305,292.43633944182335
15475000,30950.000005387843,-53488.72735226585,295.1333115411069
15480000,30960.00000538988,-54068.555640418606,292.12746647308256
15485000,30970.000005391918,-53590.18918721477,301.6097534360029
15490000,30980.000005393955,-53655.670941829216,298.30013551769525
15495000,30990.000005395992,-53772.80773452332,304.40845074607546
15500000,31000.00000539803,-53870.308664031676,295.28137068043327
15505000,31010.000005400067,-53945.86042294052,309.31333670212643
15510000,31020.000005402104,-53754.37805233142,300.3922136617783
15515000,31030.00000540414,-53760.60881543768,294.56475498912346
15520000,31040.00000540618,-53984.560411404906,301.9419843384012
15525000,31050.000005408216,-53814.441654424474,299.9498516189308
15530000,31060.000005410253,-53861.72252769137,300.94478778003315
15535000,31070.00000541229,-53740.4165602664,307.6838284657351
15540000,31080.000005414327,-53736.10062390924,302.21688801664243
15545000,31090.000005416365,-53753.50978483161,293.3579250482568
15550000,31100.000005418402,-53751.012672353274,299.2515627588037
15555000,31110.00000542044,-54087.133599266526,305.08893541182533
15560000,31120.000005422477,-53666.21894408285,292.5473485111306
15565000,31130.000005424514,-53760.98073108276,292.9584642563358
15570000,31140.00000542655,-53920.158823482634,295.2733440245576
15575000,31150.00000542859,-53987.33279228982,293.8887417620907
15580000,31160.000005430626,-53899.48816605797,298.8032630596251
15585000,31170.000005432663,-53813.78783199424,295.7381845904402
15590000,31180.0000054347,-53808.14912130192,297.1063333636254
15595000,31190.000005436737,-53547.67663334045,298.9532626409928
15600000,31200.000005438775,-53698.862909753545,297.72485444609805
15605000,31210.000005440812,-53545.8948639399,294.10766755562867
15610000,31220.00000544285,-53937.3516480611,304.8930076948467
15615000,31230.000005444886,-53996.16507979139,303.0707986524233
15620000,31240.000005446924,-53853.822138231335,289.07523951795605
15625000,31250.00000544896,-53731.35601606802,304.75266101807864
15630000,31260.000005451,-54068.54079630377,297.2060764319293
15635000,31270.000005453036,-54027.112397886114,308.32091889475026
15640000,31280.000005455073,-53595.61216802083,297.0019731981964
15645000,31290.00000545711,-54085.71225423738,298.39684682475576
15650000,31300.000005459147,-53988.11536516901,301.84170140286943
15655000,31310.000005461185,-53616.28351732803,299.84581851572517
15660000,31320.000005463222,-53484.70251969312,302.307800645124
15665000,31330.00000546526,-53520.006245055876,301.7626892251627
15670000,31340.000005467296,-53777.03875826753,294.83564194478447
15675000,31350.000005469334,-54311.644372239854,296.89818048834184
15680000,31360.00000547137,-53743.3873250655,300.11091621782043
15685000,31370.00000547341,-54362.45134101657,298.8498770578898
15690000,31380.000005475446,-54055.45746776674,299.9415244719629
15695000,31390.000005477483,-53773.10881901567,291.8555962250265
15700000,31400.00000547952,-53464.07898912186,296.2230303977341
15705000,31410.000005481557,-54254.401110170176,294.6074149539874
15710000,31420.000005483595,-53744.373618544196,297.8988507686614
15715000,31430.000005485632,-53576.703558494395,297.0205026649961
15720000,31440.00000548767,-53497.36155432425,292.82328377482037
15725000,31450.000005489706,-53928.17565573272,302.83780268780487
15730000,31460.000005491744,-53875.259454489744,295.121891688498
15735000,31470.00000549378,-54026.10529714046,301.5765788440215
15740000,31480.00000549582,-54117.1756950081,306.0681082124114
15745000,31490.000005497855,-53843.65564787114,302.6802777774927
15750000,31500.000005499893,-53509.21301532828,299.54883115778586
15755000,31510.00000550193,-54025.40316881292,302.5464901383166
15760000,31520.000005503967,-54354.948866740684,300.92137106032135
15765000,31530.000005506005,-53359.6403352613,308.1471214238457
15770000,31540.00000550804,-53699.181382288865,291.74124821745875
15775000,31550.00000551008,-53895.06114474835,293.60190658660457
15780000,31560.000005512116,-53492.10384883243,298.64765658802764
15785000,31570.000005514154,-53855.94595663843,297.64650587401763
15790000,31580.00000551619,-53795.65152368398,296.30280721718407
15795000,31590.000005518228,-53568.37949916764,292.17719507907987
15800000,31600.000005520265,-53363.60214016898,306.9676112244733
15805000,31610.000005522303,-53769.078274602856,298.355826715271
15810000,31620.00000552434,-53591.05474362429,298.2211914209084
15815000,31630.000005526377,-53807.903372052824,298.8913799797702
15820000,31640.000005528414,-53805.12448234996,295.64865352992916
15825000,31650.00000553045,-53796.01064508088,300.2770037846841
15830000,31660.00000553249,-53499.0106329089,301.8643352106042
15835000,31670.000005534526,-54020.59014331235,296.16521143374354
15840000,31680.000005536564,-53995.09151335954,299.60458115532924
15845000,31690.0000055386,-53578.87032143836,292.61467421456746
15850000,31700.000005540638,-53786.41306063131,294.2161675099249
15855000,31710.000005542675,-53418.20598428836,303.1441517831913
15860000,31720.000005544713,-53506.748073553375,302.8542661970621
15865000,31730.00000554675,-53857.97633363766,302.39149273285074
15870000,31740.000005548787,-54191.28892691672,297.36191706612425
15875000,31750.000005550824,-53616.50847673902,302.19881700893643
15880000,31760.00000555286,-53798.26543317991,304.8723918007657
15885000,31770.0000055549,-53720.65519457779,287.7948057757391
15890000,31780.000005556936,-53740.4825258443,301.4515507796294
15895000,31790.000005558973,-53412.40887836594,294.64724766964093
15900000,31800.00000556101,-53660.55177116592,289.48110775734375
15905000,31810.000005563048,-53898.992342884914,298.3769722266894
15910000,31820.000005565085,-54341.27445575621,297.51437810592626
15915000,31830.000005567123,-54237.85393174054,301.6451280666254
15920000,31840.00000556916,-53928.44804199244,307.31266502881954
15925000,31850.000005571197,-53389.60766382053,298.1721016878486
15930000,31860.000005573234,-54043.097699160746,292.0918234416323
15935000,31870.00000557527,-53736.61399905771,296.55130184076836
15940000,31880.00000557731,-54060.471577766875,298.0976530896872
15945000,31890.000005579346,-53499.262714978046,295.5148534410515
15950000,31900.000005581383,-53832.01053856648,297.21314799013214
15955000,31910.00000558342,-53615.23714705545,305.56662769802006
15960000,31920.000005585458,-53675.3113775551,299.7367896972219
15965000,31930.000005587495,-54075.72873863048,300.98287235037964
15970000,31940.000005589533,-53456.72991454677,296.22654360626814
15975000,31950.00000559157,-53964.946319049224,298.8231413130391
15980000,31960.000005593607,-53916.91084032084,292.71248309857566
15985000,31970.000005595644,-53816.58541387069,294.63821024010434
15990000,31980.00000559768,-53447.23259085172,292.1570101028848
15995000,31990.00000559972,-53837.56703925578,302.414710162847
16000000,32000.000005601756,-53447.99553261933,291.85192525631436
16005000,32010.000005603793,-53656.1193993231,285.56917653592495
16010000,32020.00000560583,-54008.92440260408,299.31312203374705
16015000,32030.000005607868,-53806.159817991196,300.6704674030503
16020000,32040.000005609905,-53700.77471476782,298.1043204712701
16025000,32050.000005611942,-54001.41730659586,299.4147888460105
16030000,32060.00000561398,-54171.51550377271,299.68902145354195
16035000,32070.000005616017,-53911.565623967705,300.2931530107672
16040000,32080.000005618054,-53617.446403978305,288.07933263215415
16045000,32090.00000562009,-54048.94686003585,301.07580861178616
16050000,32100.00000562213,-54076.58639047452,308.5018212562911
16055000,32110.000005624166,-53772.020267914515,296.1370188026231
16060000,32120.000005626203,-54163.05150863086,299.67708113505273
16065000,32130.00000562824,-53868.96541882804,304.93557077886766
16070000,32140.000005630278,-54204.12098252823,298.25861506077894
16075000,32150.000005632315,-53893.87470620996,294.07906818258294
16080000,32160.000005634352,-54195.69581277712,293.38127167239776
16085000,32170.00000563639,-53900.89115582584,303.0620990119836
16090000,32180.000005638427,-53524.595142820704,299.03322560652987
16095000,32190.000005640464,-53465.2257124297,291.16120118000833
16100000,32200.0000056425,-53918.360229599,308.07941685886357
16105000,32210.00000564454,-53588.71944873006,296.69400694466617
16110000,32220.000005646576,-53555.77618430971,295.50111404778477
16115000,32230.000005648613,-54081.26679682583,300.1826630880886
16120000,32240.00000565065,-54089.269336343365,296.00602283991196
16125000,32250.000005652688,-53933.52773199463,296.95519941294975
16130000,32260.000005654725,-53488.67947717439,301.307946972915
16135000,32270.000005656762,-54095.878912352724,291.64980664604116
16140000,32280.0000056588,-53788.84941294309,302.67656261659573
16145000,32290.000005660837,-53551.94041620611,295.02695584117646
16150000,32300.000005662874,-53368.94799971336,305.3378254860969
16155000,32310.00000566491,-54040.85704218192,299.30548140610864
16160000,32320.00000566695,-53829.50176219139,296.63785739302364
16165000,32330.000005668986,-53706.02897637233,291.32066528832684
16170000,32340.000005671023,-53490.891827496176,301.4724813490251
16175000,32350.00000567306,-53626.66545687991,300.22691672948235
16180000,32360.000005675098,-53951.124001130054,304.9981428357156
16185000,32370.000005677135,-54152.838872596156,297.19346962791394
16190000,32380.000005679172,-53726.30210646303,295.94994020192905
16195000,32390.00000568121,-53760.354438900686,291.6523356974116
16200000,32400.000005683247,-53714.485690591275,298.2999005201251
16205000,32410.000005685284,-53559.83453958266,304.59147420820653
16210000,32420.00000568732,-54327.65242467876,305.0724558548085
16215000,32430.00000568936,-53909.31502926958,299.3915224026964
16220000,32440.000005691396,-53576.27273388044,293.366426114725
16225000,32450.000005693433,-53725.391680271656,295.3295739456283
16230000,32460.00000569547,-53756.18842465311,292.19306529575067
16235000,32470.000005697508,-53861.29203331136,303.0009143975748
16240000,32480.000005699545,-53556.50210324995,300.98821361654865
16245000,32490.000005701582,-53927.565474060946,291.4835128427711
16250000,32500.00000570362,-53891.34295500332,299.7675315304118
16255000,32510.000005705657,-53835.87475480756,302.1251510082639
16260000,32520.000005707694,-53441.19500066302,299.6926857024782
16265000,32530.00000570973,-53666.908945474046,303.19555623992915
16270000,32540.00000571177,-53508.409296882164,296.76710019011443
16275000,32550.000005713806,-53802.17409265047,299.57092054015885
16280000,32560.000005715843,-54080.234144881106,296.0970068186621
16285000,32570.00000571788,-53635.977826049115,297.7124047951327
16290000,32580.000005719918,-54173.94696514757,299.59220099419645
16295000,32590.000005721955,-53687.47169929792,298.7995629563217
16300000,32600.000005723992,-53626.28727049273,301.76583118414146
16305000,32610.00000572603,-54124.40869157191,300.15095025768824
16310000,32620.000005728067,-54338.00217013163,300.47629635697706
16315000,32630.000005730104,-53608.428514001076,312.0812324623624
16320000,32640.00000573214,-53712.55230008639,294.8434519166869
16325000,32650.00000573418,-53924.5894341947,294.0872406589324
16330000,32660.000005736216,-54042.03147504377,301.4284976500635
16335000,32670.000005738253,-53530.92744043542,299.37408006830526
16340000,32680.00000574029,-54273.91561373521,299.8604871955424
16345000,32690.000005742328,-53773.63869037514,303.3681343090088
16350000,32700.000005744365,-53952.74456304108,298.59782726830997
16355000,32710.000005746402,-53833.15163035478,303.49469070307157
16360000,32720.00000574844,-53580.09126381809,297.09431148090675
16365000,32730.000005750477,-54176.34760127825,296.0409319793067
16370000,32740.000005752514,-53292.32353335776,299.66383370597543
16375000,32750.00000575455,-53749.08233030286,295.603773014268
16380000,32760.00000575659,-53751.049425588106,303.3458883577026
16385000,32770.00000575862,-53893.60494380511,297.9899289596754
16390000,32780.00000576066,-54232.84035289043,300.23337884595605
16395000,32790.0000057627,-53887.158185468375,302.94909185415423
16400000,32800.000005764734,-53860.352379327494,298.553981025546
16405000,32810.00000576677,-53601.94896717541,295.7551462827278
16410000,32820.00000576881,-53904.94521223847,304.2233525898808
16415000,32830.000005770846,-53840.98667160788,294.80653915742334
16420000,32840.00000577288,-53607.52993520984,302.4384847875085
16425000,32850.00000577492,-53696.190552161366,297.0577839546748
16430000,32860.00000577696,-53845.50466741109,294.0785061091232
16435000,32870.000005778995,-53462.36746115744,299.5282460176438
16440000,32880.00000578103,-53639.82860724078,297.1743615665929
16445000,32890.00000578307,-54058.7162248434,296.8818881615211
16450000,32900.00000578511,-53891.96538926521,289.7375556766222
16455000,32910.000005787144,-53962.28089962946,298.50819202681225
16460000,32920.00000578918,-53873.562222489185,300.5294600988003
16465000,32930.00000579122,-53426.34548586048,302.6951369862741
16470000,32940.000005793256,-53909.814820871165,296.4050763528563
16475000,32950.00000579529,-53952.23157916017,291.87629365101066
16480000,32960.00000579733,-53842.2617714403,300.0878159419412
16485000,32970.00000579937,-53670.78631951561,304.5450738435771
16490000,32980.000005801405,-53852.82968724973,296.4122309922827
16495000,32990.00000580344,-54139.77908156463,296.39725381061845
16500000,33000.00000580548,-53906.32416491746,299.39463777283544
16505000,33010.00000580752,-53623.90891904262,289.89517539685045
16510000,33020.000005809554,-54174.33452382483,295.7560502968478
16515000,33030.00000581159,-53928.68825026287,300.9032932644189
16520000,33040.00000581363,-54060.23056954838,302.27621084535184
16525000,33050.000005815666,-53781.09276828679,305.98683948319473
16530000,33060.0000058177,-53525.66860321368,294.05004701079076
16535000,33070.00000581974,-53626.809461293014,300.2351595675016
16540000,33080.00000582178,-53698.01996160805,306.1324635797032
16545000,33090.000005823815,-53889.743569368205,303.7615065898794
16550000,33100.00000582585,-54039.77728935634,300.0554081158596
16555000,33110.00000582789,-54030.974414398544,300.2556116566782
16560000,33120.00000582993,-53912.87740152527,299.02222804865374
16565000,33130.000005831964,-54042.44832319234,300.50557231616085
16570000,33140.000005834,-53739.543862782244,299.31499907993384
16575000,33150.00000583604,-53715.335117635695,296.3933595559597
16580000,33160.000005838076,-53847.161238362256,301.0295390735997
16585000,33170.00000584011,-54048.60873255957,299.33697605306736
16590000,33180.00000584215,-54107.93128782269,301.07804859111764
16595000,33190.00000584419,-54281.527883200324,293.35957352803774
16600000,33200.000005846225,-53316.87270673993,307.6617500582275
16605000,33210.00000584826,-53759.32946773595,288.5693289398729
16610000,33220.0000058503,-54177.61412914624,298.9627684243458
16615000,33230.00000585234,-53662.505945805286,294.3568940776625
16620000,33240.000005854374,-53781.643922971794,292.27910911841514
16625000,33250.00000585641,-54115.84546186199,291.0160931944837
16630000,33260.00000585845,-53851.42351254102,298.6122765045432
16635000,33270.000005860486,-53763.26609644963,295.6655179224382
16640000,33280.00000586252,-53692.45313994336,294.2784090048565
16645000,33290.00000586456,-53752.1132193497,296.89175088084886
16650000,33300.0000058666,-53972.11930262152,296.3155312951503
16655000,33310.000005868635,-53683.47622882482,304.4177016421004
16660000,33320.00000587067,-54142.017012862285,306.90732138516654
16665000,33330.00000587271,-53939.19392402531,299.241380355916
16670000,33340.00000587475,-53881.07756369954,307.74978586314296
16675000,33350.000005876784,-53572.59660667734,298.24647930520985
16680000,33360.00000587882,-53807.6485964421,301.9881418120865
16685000,33370.00000588086,-54139.888899976504,304.96920622198223
16690000,33380.000005882895,-54102.49278991835,300.45710856282614
16695000,33390.00000588493,-54133.58723208675,305.8426845259069
16700000,33400.00000588697,-54165.37303192634,305.3648812798736
16705000,33410.00000588901,-53750.363905753766,291.94053286826187
16710000,33420.000005891045,-53910.494181812624,295.909352773789
16715000,33430.00000589308,-53819.23820303759,299.35584394869323
16720000,33440.00000589512,-53640.84620079945,298.25202950857835
16725000,33450.00000589716,-53874.948162909684,301.1181190114885
16730000,33460.000005899194,-53736.48712164091,293.59204610507055
16735000,33470.00000590123,-53751.0166641564,293.66866068374617
16740000,33480.00000590327,-53544.35746244149,301.7205114144168
16745000,33490.000005905305,-54027.01048736961,293.46534938267337
16750000,33500.00000590734,-53643.987804349425,295.3502352570243
16755000,33510.00000590938,-53683.10168302976,294.80475875456926
16760000,33520.00000591142,-54000.09276844401,297.66401354337796
16765000,33530.000005913455,-54088.74700716493,305.1541296977386
16770000,33540.00000591549,-53838.77195589425,296.0066785119941
16775000,33550.00000591753,-54109.35071190956,298.62144915222484
16780000,33560.000005919566,-54207.21799405542,300.0564745327011
16785000,33570.0000059216,-53684.14317506223,295.97441410417144
16790000,33580.00000592364,-54143.64150249085,300.373281638337
16795000,33590.00000592568,-53775.00597511153,294.1091187042681
16800000,33600.000005927715,-54293.697411564994,302.7937506375353
16805000,33610.00000592975,-54086.276908903936,288.62121962633375
16810000,33620.00000593179,-53472.360195910034,295.6631660274718
16815000,33630.00000593383,-53379.841813198,289.9028823284103
16820000,33640.000005935864,-53800.01453367894,293.1102666542308
16825000,33650.0000059379,-53912.534804343944,304.8685471416602
16830000,33660.00000593994,-53653.312462317,300.3854971613801
16835000,33670.000005941976,-53690.564494331775,292.06057619168365
16840000,33680.00000594401,-53655.68121147476,301.6160237259007
16845000,33690.00000594605,-53702.377502684336,294.95152415450855
16850000,33700.00000594809,-53665.96851629924,295.9361849739043
16855000,33710.000005950125,-53908.09729926707,298.4537105864071
16860000,33720.00000595216,-53620.89272376793,300.62017500694583
16865000,33730.0000059542,-53751.12630216585,306.61485407111473
16870000,33740.00000595624,-54110.49892138087,300.78360273606916
16875000,33750.000005958274,-53541.352185412456,294.45502094628955
16880000,33760.00000596031,-53988.32819902763,298.07206294374635
16885000,33770.00000596235,-53927.88351013715,301.2692759134567
16890000,33780.000005964386,-53619.48270221657,302.4766703949643
16895000,33790.00000596642,-54049.11924678346,296.2220590332103
16900000,33800.00000596846,-54026.87131981889,295.98320343759895
16905000,33810.0000059705,-54217.832098592015,297.9338270250385
16910000,33820.000005972535,-53789.149411740014,303.9263031991084
16915000,33830.00000597457,-54080.331184229435,296.75479888030236
16920000,33840.00000597661,-53637.00961574286,291.87214464519565
16925000,33850.00000597865,-54107.801852507575,298.03837630016886
16930000,33860.000005980684,-54008.71022177045,301.35611888609657
16935000,33870.00000598272,-53880.26874994629,306.5253219440336
16940000,33880.00000598476,-53987.852428633894,304.3035548129208
16945000,33890.000005986796,-53659.03562043153,292.731222050084
16950000,33900.00000598883,-53652.471329181746,302.23968563217505
16955000,33910.00000599087,-53825.87350288866,290.2201440470987
16960000,33920.00000599291,-53470.03738759374,295.6790370529833
16965000,33930.000005994945,-53633.4524118088,299.8815966809978
16970000,33940.00000599698,-53548.87121117057,298.95544285270256
16975000,33950.00000599902,-54028.4971204327,300.32392864963776
16980000,33960.00000600106,-53517.4417273773,298.30333517775114
16985000,33970.000006003094,-53705.53409948683,301.8883087965709
16990000,33980.00000600513,-53901.07571773513,300.0655138226282
16995000,33990.00000600717,-53883.98957095007,304.02642409473003
17000000,34000.000006009206,-53488.05178088063,309.1194958422016
17005000,34010.00000601124,-53738.58973124981,297.2973023254993
17010000,34020.00000601328,-53448.0378876309,290.5315811469552
17015000,34030.00000601532,-53653.52225889775,296.39673233524104
17020000,34040.000006017355,-53909.37922438275,295.0891811638072
17025000,34050.00000601939,-54072.638001246,306.25372764198227
17030000,34060.00000602143,-53921.395359640446,298.87350292856314
17035000,34070.00000602347,-53794.32018575043,301.9032239625474
17040000,34080.000006025504,-53897.29745494254,296.8144880512982
17045000,34090.00000602754,-54212.57830077302,303.10026773071894
17050000,34100.00000602958,-53925.86671462518,304.8201577359433
17055000,34110.000006031616,-53459.4745638959,302.8833923562939
17060000,34120.00000603365,-53591.15824519456,301.5150922263867
17065000,34130.00000603569,-54013.765056706034,301.93950780176334
17070000,34140.00000603773,-53947.337481214956,296.7055939388989
17075000,34150.000006039765,-53737.59878420978,295.1124516864732
17080000,34160.0000060418,-53394.19094406441,289.2315222548605
17085000,34170.00000604384,-54035.264600953495,301.2127050968041
17090000,34180.00000604588,-53796.05812499201,303.3495004688616
17095000,34190.000006047914,-53563.4313821159,304.0122086638993
17100000,34200.00000604995,-53754.31671531417,303.17974417127544
17105000,34210.00000605199,-54049.51923801095,293.77534461717363
17110000,34220.000006054026,-53770.91074440759,301.5888727354045
17115000,34230.00000605606,-54030.63238801295,297.680052809584
17120000,34240.0000060581,-53864.68443608287,308.27372110736206
17125000,34250.00000606014,-54018.69878510336,301.61155157945757
17130000,34260.000006062175,-54109.4156215516,293.6371376338336
17135000,34270.00000606421,-53909.77940147766,294.7490657117258
17140000,34280.00000606625,-53921.58236295072,296.38718253171197
17145000,34290.00000606829,-53553.669402010506,295.7138180379169
17150000,34300.000006070324,-53471.82525317796,301.62275405590657
17155000,34310.00000607236,-53655.5152890872,297.0893178924892
17160000,34320.0000060744,-54090.40270510301,297.69420771869756
17165000,34330.000006076436,-53311.61545641208,297.1348691099037
17170000,34340.00000607847,-53491.9487317421,300.3385176527423
17175000,34350.00000608051,-53576.94379724676,301.5614468314985
17180000,34360.00000608255,-53984.61847908274,301.9793891919274
17185000,34370.000006084585,-53542.71114900886,294.54925483347404
17190000,34380.00000608662,-53953.91227360527,297.3542789448454
17195000,34390.00000608866,-53632.33144373994,295.05023804730376
17200000,34400.0000060907,-53848.84121463064,296.77233548152543
17205000,34410.000006092734,-53635.076485302765,306.65884270049054
17210000,34420.00000609477,-53662.12110257213,302.8395122233944
17215000,34430.00000609681,-53960.94733976503,307.40377545480993
17220000,34440.000006098846,-53576.56848776399,294.00741563800545
17225000,34450.00000610088,-53894.61254837955,297.4372388381278
17230000,34460.00000610292,-53959.27001232028,288.6507132166702
17235000,34470.00000610496,-54287.65940324223,310.269158924094
17240000,34480.000006106995,-53753.767414177884,309.81532227269037
17245000,34490.00000610903,-54182.88490566323,304.19134310385
17250000,34500.00000611107,-53896.65418501894,300.59626509248255
17255000,34510.00000611311,-53932.086297666916,302.2942225127213
17260000,34520.000006115144,-53795.66584645372,300.654244291561
17265000,34530.00000611718,-53941.19314118859,296.6306476989199
17270000,34540.00000611922,-53743.28614138445,297.010145750241
17275000,34550.000006121256,-53918.824617673235,297.57769970595933
17280000,34560.00000612329,-53843.46243171548,303.13459224159544
17285000,34570.00000612533,-53736.80968911789,302.47199680117717
17290000,34580.00000612737,-53614.946140111424,296.5564290094065
17295000,34590.000006129405,-53482.80750494785,298.84599999724435
17300000,34600.00000613144,-53414.18019240376,302.0278107063981
17305000,34610.00000613348,-54086.354066583765,299.6241448394676
17310000,34620.00000613552,-54157.97408843678,291.28827162367867
17315000,34630.000006137554,-53884.26681907478,303.5811994107228
17320000,34640.00000613959,-53943.3627897657,304.4069870007646
17325000,34650.00000614163,-53524.18353465473,286.9233575799763
17330000,34660.000006143666,-53861.915081296494,292.5455949763511
17335000,34670.0000061457,-53720.722996747354,289.85226634064435
17340000,34680.00000614774,-53669.695767537225,295.493150319431
17345000,34690.00000614978,-54096.48283282228,298.8335812659102
17350000,34700.000006151815,-53361.96271944116,296.4756687472675
17355000,34710.00000615385,-53469.495571071195,304.35414845866507
17360000,34720.00000615589,-54079.30853126748,291.589911355772
17365000,34730.00000615793,-53790.57711673863,299.63968509269915
17370000,34740.000006159964,-53622.531836785405,296.055823892359
17375000,34750.000006162,-53547.85877322039,301.48706057409964
17380000,34760.00000616404,-53869.071006528335,304.4555160800696
17385000,34770.000006166076,-53698.92556610887,296.3164911808924
17390000,34780.00000616811,-53888.776837483194,290.0344700969169
17395000,34790.00000617015,-53638.14426137993,300.368955841594
17400000,34800.00000617219,-54174.48923774739,295.2838116268966
17405000,34810.000006174225,-53701.21952037566,299.9190964491972
17410000,34820.00000617626,-53694.133821845084,301.119105328434
17415000,34830.0000061783,-53683.040950734925,300.72728592349364
17420000,34840.00000618034,-53978.03649284845,298.00397715074723
17425000,34850.000006182374,-53510.80800839595,291.1830573223285
17430000,34860.00000618441,-53694.32925509848,303.11952573739393
17435000,34870.00000618645,-54301.609400149086,294.6666279414189
17440000,34880.000006188486,-53734.535005447746,296.5853446249449
17445000,34890.00000619052,-53728.54120067344,298.31343503308835
17450000,34900.00000619256,-53816.14093338599,296.6598221909714
17455000,34910.0000061946,-53741.48937300398,302.1265221958
17460000,34920.000006196635,-53864.63686161366,295.71881984955934
17465000,34930.00000619867,-53493.66452236334,297.77903559896816
17470000,34940.00000620071,-54183.79833921319,308.8349873466289
17475000,34950.00000620275,-53786.892782785726,308.93317475719704
17480000,34960.000006204784,-53548.35422738266,297.18679183792614
17485000,34970.00000620682,-53974.09735459855,291.29217781412444
17490000,34980.00000620886,-54116.21046206326,294.0850492751826
17495000,34990.000006210896,-53792.74866592715,299.8875077927609
17500000,35000.00000621293,-53682.82608120376,296.8456768395054
17505000,35010.00000621497,-53709.22994479304,298.43535259224666
17510000,35020.00000621701,-53753.351815691014,297.9855033732246
17515000,35030.000006219045,-54042.18320141197,307.25903950309197
17520000,35040.00000622108,-53538.22987842152,302.9255911071954
17525000,35050.00000622312,-54102.2344201213,292.50205659793045
17530000,35060.00000622516,-53625.092667665274,294.80972033169223
17535000,35070.000006227194,-54006.00240617004,293.34624727584645
17540000,35080.00000622923,-54038.88403202657,303.4313860533727
17545000,35090.00000623127,-54276.43062776848,308.81750989219364
17550000,35100.000006233306,-53787.833804603,295.14509083439407
17555000,35110.00000623534,-53893.91134887497,296.517710399119
17560000,35120.00000623738,-54218.952280356956,298.811404878005
17565000,35130.00000623942,-54125.019153410714,296.9231644947679
17570000,35140.000006241455,-54048.49365887238,282.407516130815
17575000,35150.00000624349,-54132.84486087607,297.55787682394055
17580000,35160.00000624553,-53941.34298403823,306.461780752117
17585000,35170.00000624757,-54063.453307736985,294.38345487464403
17590000,35180.000006249604,-53595.33806989479,299.4234807980143
17595000,35190.00000625164,-53767.44849080671,306.8653649816627
17600000,35200.00000625368,-54061.00257722408,297.41760490428203
17605000,35210.000006255716,-53884.88255903806,301.40980361278974
17610000,35220.00000625775,-54107.32982811195,295.348343961717
17615000,35230.00000625979,-53627.91111861303,296.51018872316297
17620000,35240.00000626183,-53604.92250948833,302.60111134556297
17625000,35250.000006263865,-54210.9364942399,300.3601898418401
17630000,35260.0000062659,-53583.273274344945,298.65968189144866
17635000,35270.00000626794,-54154.84611703307,294.3631726272925
17640000,35280.00000626998,-54018.49390126669,297.55744878817546
17645000,35290.000006272014,-53795.52790293429,304.8067591236147
17650000,35300.00000627405,-53801.63331461759,299.7442564536636
17655000,35310.00000627609,-53635.59100153422,294.4279852048946
17660000,35320.000006278126,-53782.50815902406,299.279696202318
17665000,35330.00000628016,-53675.84394603514,301.55487271205044
17670000,35340.0000062822,-53273.998726270715,304.4068949090716
17675000,35350.00000628424,-53811.61576306989,300.0080709901357
17680000,35360.000006286275,-53941.93550136752,298.32740814935806
17685000,35370.00000628831,-53652.23889632651,294.43424518403333
17690000,35380.00000629035,-54105.70948002441,300.8347791044783
17695000,35390.00000629239,-53740.37856844612,301.1931096084276
17700000,35400.000006294424,-53506.590436176455,292.12269591301697
17705000,35410.00000629646,-53884.9986805302,296.28931107732865
17710000,35420.0000062985,-53983.29440404795,303.8255024977931
17715000,35430.000006300535,-53545.792536927416,289.3467313493024
17720000,35440.00000630257,-53843.842971717124,297.4740066267967
17725000,35450.00000630461,-53894.675089312834,298.01234916666874
17730000,35460.00000630665,-54011.69791920588,296.19684832187323
17735000,35470.000006308685,-53969.114417165605,298.2002429341026
17740000,35480.00000631072,-53899.743390036485,306.0300206536608
17745000,35490.00000631276,-53949.98080405523,293.9368681770513
17750000,35500.000006314796,-53742.66656706945,295.4777189108758
17755000,35510.00000631683,-54190.09219566561,296.02968966516005
17760000,35520.00000631887,-53547.25360010352,298.7105107537438
17765000,35530.00000632091,-53701.19529336141,301.9036065642133
17770000,35540.000006322945,-53465.684514866996,298.3435224936189
17775000,35550.00000632498,-53483.817440849874,291.25310204193863
17780000,35560.00000632702,-53994.184966992965,292.63055624613037
17785000,35570.00000632906,-53922.18534340011,302.49503556460394
17790000,35580.000006331094,-53716.78862152621,300.296439167446
17795000,35590.00000633313,-53509.05489777433,305.32770436049134
17800000,35600.00000633517,-53585.537173655495,307.58936077386784
17805000,35610.000006337206,-53948.608823964576,296.6455045682906
17810000,35620.00000633924,-53629.484180303145,298.87448840479834
17815000,35630.00000634128,-53584.55871356948,291.09066800967025
17820000,35640.00000634332,-53877.40674290943,297.1036510828596
17825000,35650.000006345355,-53830.38972952319,295.85066301989804
17830000,35660.00000634739,-54042.232200124155,300.5194134915826
17835000,35670.00000634943,-53614.86385927544,288.1244036671795
17840000,35680.00000635147,-53808.6348095506,297.7826903340295
17845000,35690.000006353504,-53820.87563662234,296.61531004292294
17850000,35700.00000635554,-54003.9257170755,295.2719069333281
17855000,35710.00000635758,-54010.14856791438,303.0364014620224
17860000,35720.000006359616,-53644.4628593348,297.31322686383305
17865000,35730.00000636165,-53560.32267102951,297.37600716167697
17870000,35740.00000636369,-53687.64626833639,300.44607596432047
17875000,35750.00000636573,-54033.28216020035,305.7868012484948
17880000,35760.000006367765,-53903.300702380366,299.42488377995204
17885000,35770.0000063698,-53295.21917455047,299.2311352401227
17890000,35780.00000637184,-53765.095361715066,294.80310725542057
17895000,35790.00000637388,-53761.8772969858,282.7156997857071
17900000,35800.000006375914,-53661.75835431655,297.85689016907963
17905000,35810.00000637795,-53773.40862309153,295.7453393784549
17910000,35820.00000637999,-53587.594557733566,302.3339574243597
17915000,35830.000006382026,-53907.74359789549,302.2732487481417
17920000,35840.00000638406,-53566.6215105016,300.2296237827204
17925000,35850.0000063861,-54159.26286560664,308.22559320433277
17930000,35860.00000638814,-53614.73144101328,299.28117702858884
17935000,35870.000006390175,-53648.42939504143,298.10829928530495
17940000,35880.00000639221,-54032.0572743683,303.94663510391615
17945000,35890.00000639425,-54071.3732594428,302.53501757639555
17950000,35900.00000639629,-53251.2206425553,290.1689823734017
17955000,35910.000006398324,-54037.473351787514,295.09633729186027
17960000,35920.00000640036,-53866.69456521666,304.5285459636598
17965000,35930.0000064024,-54066.97067957866,302.2097019193435
17970000,35940.000006404436,-53665.7464649328,302.33079015086815
17975000,35950.00000640647,-53931.612745106715,300.6994151793373
17980000,35960.00000640851,-53944.534614612145,297.8928387935572
17985000,35970.00000641055,-53426.653834140976,300.0579892975249
17990000,35980.000006412585,-53742.58958858979,294.80995380209964
17995000,35990.00000641462,-53621.096862397215,303.2418546959609
18000000,36000.00000641666,-53954.64260799953,287.9124598506451
18005000,36010.0000064187,-53687.43732077241,294.0493370436909
18010000,36020.000006420734,-53512.277274662716,298.6502687746958
18015000,36030.00000642277,-54049.167011056445,304.02855152342113
18020000,36040.00000642481,-53642.189673235815,300.2753688001823
18025000,36050.000006426846,-54277.64180528649,296.459591559706
18030000,36060.00000642888,-53982.750729741645,293.38536865618454
18035000,36070.00000643092,-54259.87576312944,290.2528723494372
18040000,36080.00000643296,-53237.67831319751,301.38623217029044
18045000,36090.000006434995,-53543.78879290848,296.08390701409036
18050000,36100.00000643703,-53703.27939659692,294.53080257977393
18055000,36110.00000643907,-54016.88629882355,290.5383043142934
18060000,36120.00000644111,-53756.351336909895,295.17937746831666
18065000,36130.000006443144,-54122.78234211911,292.8233678966131
18070000,36140.00000644518,-53844.517603526416,299.9001550547017
18075000,36150.00000644722,-53816.193570447154,302.51943152642264
18080000,36160.000006449256,-54178.3965654599,302.10947928378454
18085000,36170.00000645129,-53741.50512716998,302.51172992799263
18090000,36180.00000645333,-53876.40916185611,300.9908396922167
18095000,36190.00000645537,-53677.44284037288,300.22043924677513
18100000,36200.000006457405,-53755.63555918174,296.1106240631759
18105000,36210.00000645944,-54007.019080256316,295.12732584247743
18110000,36220.00000646148,-53711.76343427203,297.10943022091004
18115000,36230.00000646352,-53717.65697401611,293.64557190430946
18120000,36240.000006465554,-54097.174232893856,300.75380842129096
18125000,36250.00000646759,-54415.74828127859,299.495624569721
18130000,36260.00000646963,-53970.08124054471,293.92868958416597
18135000,36270.000006471666,-54271.817587561905,294.51839644925917
18140000,36280.0000064737,-54146.16851249308,301.1738826775776
18145000,36290.00000647574,-54071.47980756278,295.7384217892713
18150000,36300.00000647778,-53724.00348932709,292.1087057829405
18155000,36310.000006479815,-53973.608326774876,289.16599681798414
18160000,36320.00000648185,-53733.242540523206,301.41291023329546
18165000,36330.00000648389,-54207.98252753442,300.7378527560457
18170000,36340.00000648593,-53417.686740117904,299.08156883873465
18175000,36350.000006487964,-53498.307951995754,304.6170199792826
18180000,36360.00000649,-53635.3445328582,306.5612261443254
18185000,36370.00000649204,-54089.86381040173,299.3197959732958
18190000,36380.000006494076,-53845.19675720768,293.56789858097085
18195000,36390.00000649611,-53904.753456828796,297.4245534531415
18200000,36400.00000649815,-53590.7855393599,296.745472867938
18205000,36410.00000650019,-54185.8002207329,296.537422124064
18210000,36420.000006502225,-54263.38064014775,299.86246939019566
18215000,36430.00000650426,-54104.45208654541,301.40241451895713
18220000,36440.0000065063,-53965.17248498183,291.96769380000774
18225000,36450.00000650834,-53801.12217407898,300.2595877989265
18230000,36460.000006510374,-53816.7147989544,289.1663688553344
18235000,36470.00000651241,-53640.24459222687,299.779798478956
18240000,36480.00000651445,-53809.57871369802,299.36948140249683
18245000,36490.000006516486,-54304.93195675756,308.99646942724104
18250000,36500.00000651852,-53597.07585623799,298.67125548617514
18255000,36510.00000652056,-53497.79727302928,298.19670363998966
18260000,36520.0000065226,-54012.47529020737,293.9148419870824
18265000,36530.000006524635,-53710.33248692035,296.8706372971172
18270000,36540.00000652667,-53741.55450126089,305.89202113991445
18275000,36550.00000652871,-54093.004352546675,295.9063465383261
18280000,36560.00000653075,-53858.64126878831,290.9714607375971
18285000,36570.000006532784,-53775.048609146295,294.6147241718953
18290000,36580.00000653482,-53729.69334136939,298.13564238011355
18295000,36590.00000653686,-53393.667994483025,302.6205556795977
18300000,36600.000006538896,-54000.92620594846,298.0865837065588
18305000,36610.00000654093,-54002.70576721494,295.72254171893894
18310000,36620.00000654297,-53660.14538029957,300.0046503148883
18315000,36630.00000654501,-53964.2321094512,302.9075837936003
18320000,36640.000006547045,-54087.79711463305,297.09231762315545
18325000,36650.00000654908,-54539.352913486655,301.3677928993968
18330000,36660.00000655112,-54027.47065373781,300.7758510730624
18335000,36670.00000655316,-53855.607920409646,298.4679093419573
18340000,36680.000006555194,-54257.046134430275,297.5697379892539
18345000,36690.00000655723,-54005.86782157267,296.4784538558714
18350000,36700.00000655927,-53803.87306106844,297.4870459356354
18355000,36710.000006561306,-53741.912902408396,295.54711112062597
18360000,36720.00000656334,-53815.71778817271,300.5474295073789
18365000,36730.00000656538,-53285.25427967281,293.98106603234334
18370000,36740.00000656742,-53732.57248722846,298.6035680737969
18375000,36750.000006569455,-53721.31349529966,296.7864312768326
18380000,36760.00000657149,-54028.39222012641,299.38945778187485
18385000,36770.00000657353,-53471.43848722766,296.4763578783958
18390000,36780.00000657557,-54189.83304854887,314.0024824994727
18395000,36790.000006577604,-53877.538657016936,301.0282377169501
18400000,36800.00000657964,-53775.79512047907,299.2605186593256
18405000,36810.00000658168,-53548.20877013329,299.8221238741529
18410000,36820.000006583716,-53798.34951718198,294.7145897304222
18415000,36830.00000658575,-53787.57374740689,294.4147424639599
18420000,36840.00000658779,-53630.082531799504,302.1380351867273
18425000,36850.00000658983,-53630.31690847306,296.2756974217169
18430000,36860.000006591865,-53557.34370777031,304.6390222154886
18435000,36870.0000065939,-53960.64331872418,301.2202552944257
18440000,36880.00000659594,-53815.56576220217,301.73916478900605
18445000,36890.00000659798,-53828.644891871605,299.0483507930435
18450000,36900.000006600014,-54265.29005677145,295.3625078508848
18455000,36910.00000660205,-54118.28411649002,303.563379244283
18460000,36920.00000660409,-53715.40722277877,302.44236024199176
18465000,36930.000006606126,-53497.41566633753,308.09888716116495
18470000,36940.00000660816,-53933.26404083223,292.22413458665943
18475000,36950.0000066102,-53740.59862371342,305.98130031126215
18480000,36960.00000661224,-53605.89672217611,299.4933594720107
18485000,36970.000006614275,-54381.94649160825,300.8833704312453
18490000,36980.00000661631,-53642.819948677265,302.59492472140136
18495000,36990.00000661835,-53938.54137299859,301.20483100319456
18500000,37000.00000662039,-53799.05400459943,296.35534908602904
18505000,37010.000006622424,-53932.703911776276,306.77506288607486
18510000,37020.00000662446,-53970.18374936754,302.36518073843524
18515000,37030.0000066265,-54017.902819684416,308.33193374201727
18520000,37040.000006628536,-54023.960927690525,298.94572592102327
18525000,37050.00000663057,-53727.04800220745,304.160988775173
18530000,37060.00000663261,-53746.20135980821,297.0171068593929
18535000,37070.00000663465,-53378.31808117035,295.188534259566
18540000,37080.000006636685,-53858.994331631344,289.6798119546185
18545000,37090.00000663872,-53641.50017832563,296.5670667645598
18550000,37100.00000664076,-53971.60441088822,301.0541548734749
18555000,37110.0000066428,-53766.677882526536,304.0504790859409
18560000,37120.000006644834,-53934.33401832805,296.6521470351286
18565000,37130.00000664687,-53938.8894822532,300.57135770011416
18570000,37140.00000664891,-53721.52620574442,298.05672891942834
18575000,37150.000006650946,-54158.776218827144,308.3246901717307
18580000,37160.00000665298,-53782.89241197944,303.7453760274947
18585000,37170.00000665502,-54051.01275809039,290.4886583229672
18590000,37180.00000665706,-53897.10734492313,301.6938536906969
18595000,37190.000006659095,-54370.61651915888,297.75385093794284
18600000,37200.00000666113,-54089.332426651235,302.2464604672137
18605000,37210.00000666317,-53782.68980259093,298.2904078023606
18610000,37220.00000666521,-54087.896498240356,304.7668764579693
18615000,37230.000006667244,-53779.85078501841,289.5571166355628
18620000,37240.00000666928,-53819.51547403145,292.2583377871927
18625000,37250.00000667132,-53986.015524764254,304.24385529052216
18630000,37260.000006673356,-54002.204486006434,293.96869913222946
18635000,37270.00000667539,-53623.604337490455,301.83268589044303
18640000,37280.00000667743,-53971.25257635792,300.5489485383123
18645000,37290.00000667947,-54162.475118646165,305.5069902374099
18650000,37300.000006681505,-53719.14917313025,304.99397331436467
18655000,37310.00000668354,-53600.73679734254,298.96667506850014
18660000,37320.00000668558,-54144.646857434855,301.2747560261944
18665000,37330.00000668762,-54222.13357507184,305.81509470860084
18670000,37340.000006689654,-53583.14744706359,300.12818597856915
18675000,37350.00000669169,-53837.40259466029,300.2929804502158
18680000,37360.00000669373,-53885.1575105057,293.5731324991201
18685000,37370.000006695765,-53851.541811497504,296.9166585897939
18690000,37380.0000066978,-53580.041834018164,302.12624519003754
18695000,37390.00000669984,-53899.878355580295,298.6496360114005
18700000,37400.00000670188,-53988.218287679774,300.4928515062845
18705000,37410.000006703915,-53589.15196617172,304.56650856475113
18710000,37420.00000670595,-53901.8300045089,295.81412599468547
18715000,37430.00000670799,-53891.04122027216,297.90458694888656
18720000,37440.000006710026,-54181.42773404243,297.52376976563414
18725000,37450.00000671206,-53960.489195380826,297.45091415399617
18730000,37460.0000067141,-53630.99913129379,305.8496575345322
18735000,37470.00000671614,-53888.32905121034,298.69141188442563
18740000,37480.000006718175,-53957.17518850489,294.95719583567336
18745000,37490.00000672021,-53652.16881683428,295.75095449026156
18750000,37500.00000672225,-53932.19517035657,300.24172209666295
18755000,37510.00000672429,-53786.19405059179,292.4523652087253
18760000,37520.000006726325,-53755.70487658284,305.8195539432523
18765000,37530.00000672836,-54055.62790326701,300.1955973696611
18770000,37540.0000067304,-53928.47405808518,295.6672690016075
18775000,37550.000006732436,-53410.78928263625,299.70442377104615
18780000,37560.00000673447,-53870.07148758767,299.65855728978374
18785000,37570.00000673651,-53951.05620926351,298.46913606967126
18790000,37580.00000673855,-53879.515403115365,307.38797996758444
18795000,37590.000006740585,-53634.88921816158,300.8086855587654
18800000,37600.00000674262,-54401.84188464598,295.29604738399684
18805000,37610.00000674466,-53996.65067323562,298.4905735048224
18810000,37620.0000067467,-54327.334027261066,304.5181463546559
18815000,37630.000006748734,-54046.266342866205,306.88719243200245
18820000,37640.00000675077,-53990.918875626405,303.2782055343313
18825000,37650.00000675281,-53424.682811459556,307.9675736196966
18830000,37660.000006754846,-54143.702054800524,297.260789522284
18835000,37670.00000675688,-53557.34844570109,307.51418166138427
18840000,37680.00000675892,-53802.3299370803,297.63239271127594
18845000,37690.00000676096,-53783.20031155847,299.96604353470013
18850000,37700.000006762995,-53450.202131708764,300.05138237457686
18855000,37710.00000676503,-54173.107773175725,291.40132376372526
18860000,37720.00000676707,-54355.65273379328,297.95908732327
18865000,37730.00000676911,-54248.769090902264,292.3664179394482
18870000,37740.000006771144,-54037.60471716593,307.60799047454384
18875000,37750.00000677318,-53858.52137437987,311.82464054025473
18880000,37760.00000677522,-53845.17061998299,294.2014839221573
18885000,37770.000006777256,-53635.54624946241,302.2867930191109
18890000,37780.00000677929,-54262.132098100905,296.6976158615042
18895000,37790.00000678133,-54161.01460780448,298.6732468474211
18900000,37800.00000678337,-54156.74452485566,304.5671425890025
18905000,37810.000006785405,-53384.34746001725,294.506152806365
18910000,37820.00000678744,-53412.66560771741,296.69574192551414
18915000,37830.00000678948,-53844.2489961746,302.591736474816
18920000,37840.00000679152,-53385.46888825655,299.0575910553476
18925000,37850.000006793554,-54051.51872831088,303.3600353889471
18930000,37860.00000679559,-53645.99154132223,298.36730745697594
18935000,37870.00000679763,-53779.311712307215,292.507454288396
18940000,37880.000006799666,-54224.050629861624,298.63563777737954
18945000,37890.0000068017,-54135.64148901205,303.20158699840914
18950000,37900.00000680374,-53680.56518721089,305.36700712023736
18955000,37910.00000680578,-54052.75755973265,291.4946976747947
18960000,37920.000006807815,-54003.65031372395,306.16242308705455
18965000,37930.00000680985,-53900.32861358879,301.6669831774916
18970000,37940.00000681189,-53771.04622397377,300.757659552555
18975000,37950.00000681393,-54008.80220866864,304.0459258064619
18980000,37960.000006815964,-53918.732093094965,304.5656920632246
18985000,37970.000006818,-53597.34842700377,304.3948118036321
18990000,37980.00000682004,-53634.89146032839,300.54270812830214
18995000,37990.000006822076,-53805.451971608214,295.88145112299935
19000000,38000.00000682411,-53695.89231487698,286.54648769046963
19005000,38010.00000682615,-53900.75382485113,305.250868791955
19010000,38020.00000682819,-54226.53283875997,303.33298066879365
19015000,38030.000006830225,-53943.26333448847,302.51427971168147
19020000,38040.00000683226,-53525.502213892,298.93659475213616
19025000,38050.0000068343,-54389.99791638108,301.4609982348546
19030000,38060.00000683634,-54194.741508605046,298.4244009366976
19035000,38070.000006838374,-54150.24813170062,297.7476922634926
19040000,38080.00000684041,-53695.19910138572,296.7881015830233
19045000,38090.00000684245,-53926.25933162964,307.9263545272133
19050000,38100.000006844486,-53570.64500930035,302.52401230346004
19055000,38110.00000684652,-54134.598667807615,301.99467561354606
19060000,38120.00000684856,-53342.33096075393,307.70841187031056
19065000,38130.0000068506,-53452.07650186974,296.99130496515147
19070000,38140.000006852635,-54382.66879024776,292.1628757644235
19075000,38150.00000685467,-53586.47265062935,293.9494755435115
19080000,38160.00000685671,-53888.52932675727,297.85946151775727
19085000,38170.00000685875,-53753.9672385765,300.1588145794286
19090000,38180.000006860784,-53418.06818348999,298.761084071519
19095000,38190.00000686282,-54123.51246455943,300.9453328812278
19100000,38200.00000686486,-53827.99784957786,298.3881713520713
19105000,38210.000006866896,-54048.40914088281,300.23791778127344
19110000,38220.00000686893,-54017.613043442805,292.3202570359336
19115000,38230.00000687097,-53877.13422200491,304.17507618766194
19120000,38240.00000687301,-53476.950237401295,295.8057138419283
19125000,38250.000006875045,-53878.78399255889,302.1889947942575
19130000,38260.00000687708,-54241.01419468442,301.882894564184
19135000,38270.00000687912,-53710.9691558897,304.3551791387616
19140000,38280.00000688116,-54242.730694838625,300.1461530448528
19145000,38290.000006883194,-53805.76119121886,289.44488790998145
19150000,38300.00000688523,-53877.9478283615,297.8222028733489
19155000,38310.00000688727,-54123.95623270437,305.61981219219916
19160000,38320.000006889306,-53298.290093498304,304.822142224406
19165000,38330.00000689134,-53847.65981273621,298.62002245521086
19170000,38340.00000689338,-54213.86331083669,296.6583957358976
19175000,38350.00000689542,-53931.578159336466,298.45017131919343
19180000,38360.000006897455,-53828.89255088993,296.68977784749006
19185000,38370.00000689949,-53399.779365318536,299.61162539768213
19190000,38380.00000690153,-53943.796806072205,301.7799454389668
19195000,38390.00000690357,-53974.249162352295,293.2572162342746
19200000,38400.000006905604,-54145.64066790984,309.0951493819134
19205000,38410.00000690764,-53463.9113417732,294.7275597777494
19210000,38420.00000690968,-53749.75914189874,300.88969289663424
19215000,38430.000006911716,-54486.88785392154,298.1922397260145
19220000,38440.00000691375,-53660.99504211912,294.82709976601785
19225000,38450.00000691579,-53701.46874636281,306.8852174019511
19230000,38460.00000691783,-53528.51444308186,295.2566857089445
19235000,38470.000006919865,-53653.839047049405,303.6126268433108
19240000,38480.0000069219,-53535.41096196495,305.74612554137707
19245000,38490.00000692394,-53542.36817567269,292.7849996590146
19250000,38500.00000692598,-53786.26535553823,297.5151629297995
19255000,38510.000006928014,-53945.852360940975,295.44495682905415
19260000,38520.00000693005,-53753.86293782649,304.45388941174383
19265000,38530.00000693209,-54019.46127957365,293.8619263609973
19270000,38540.000006934126,-53539.07289251225,291.7709715448903
19275000,38550.00000693616,-54291.405861792475,297.26364321327674
19280000,38560.0000069382,-53646.77706257906,298.49371968412896
19285000,38570.00000694024,-53742.55314487568,299.7037242455438
19290000,38580.000006942275,-53992.09399816155,302.6341672478613
19295000,38590.00000694431,-54194.68020844154,301.1443198943614
19300000,38600.00000694635,-53757.279023345094,301.40830449364705
19305000,38610.00000694839,-53726.9412319244,298.5782298149984
19310000,38620.000006950424,-53960.89786469098,300.43643031209007
19315000,38630.00000695246,-53898.41605461636,299.07708518086645
19320000,38640.0000069545,-54114.407082900056,292.6854858009558
19325000,38650.000006956536,-53764.04989689257,300.89484676668945
19330000,38660.00000695857,-53934.724249627674,292.49324217726775
19335000,38670.00000696061,-53933.54391062411,294.55319028505704
19340000,38680.00000696265,-53720.151917384675,297.58385857534887
19345000,38690.000006964685,-53752.154710692645,301.8785399299958
19350000,38700.00000696672,-53664.72725446164,296.3636015390167
19355000,38710.00000696876,-54127.53166281697,300.65698263212533
19360000,38720.0000069708,-53806.334181283106,301.04806082767715
19365000,38730.000006972834,-54220.967452133424,304.32049934792974
19370000,38740.00000697487,-53687.19830597512,294.6294529143702
19375000,38750.00000697691,-53817.667000797315,292.01603769802455
19380000,38760.000006978946,-53770.67569149466,287.99489678624883
19385000,38770.00000698098,-54120.383639716136,295.45013993709637
19390000,38780.00000698302,-54414.67970331092,300.0779457338044
19395000,38790.00000698506,-53882.434889993485,299.44461230822606
19400000,38800.000006987095,-53732.25840340226,291.5009250735592
19405000,38810.00000698913,-53739.4861717367,291.39886072989543
19410000,38820.00000699117,-53409.609802056366,292.8903659505809
19415000,38830.00000699321,-53655.78092788099,288.815838870785
19420000,38840.000006995244,-53813.628587305604,306.65725305491884
19425000,38850.00000699728,-53798.6755515424,291.438490563846
19430000,38860.00000699932,-53802.59415209593,298.6588962440733
19435000,38870.000007001356,-53703.08029152732,287.23116269406336
19440000,38880.00000700339,-53916.656662249356,297.59819129797955
19445000,38890.00000700543,-53477.85211543998,300.09669704255873
19450000,38900.00000700747,-53748.19769932944,304.74442843951664
19455000,38910.000007009505,-54019.30506322306,290.8861234522091
19460000,38920.00000701154,-54141.95513141857,294.94407457811747
19465000,38930.00000701358,-53872.090844992315,301.991713906103
19470000,38940.00000701562,-53836.95897750935,300.90027186168805
19475000,38950.000007017654,-53583.3990961221,295.9067251677126
19480000,38960.00000701969,-53650.031574743014,295.21736161666735
19485000,38970.00000702173,-53815.09577412275,297.7035854737474
19490000,38980.000007023766,-53712.67747871377,297.20682965217765
19495000,38990.0000070258,-53955.409205146454,295.7746462267054
19500000,39000.00000702784,-53852.842658328125,296.3207483965851
19505000,39010.00000702988,-54102.23138310085,291.6995353837427
19510000,39020.000007031915,-53553.63883788625,290.74722291737254
19515000,39030.00000703395,-53760.578539361246,298.79070238870617
19520000,39040.00000703599,-53440.32510511737,296.69549560091417
19525000,39050.00000703803,-53843.30401891083,302.4931536394256
19530000,39060.000007040064,-54021.21066332096,298.41529452500976
19535000,39070.0000070421,-53656.77573461563,294.1627778397528
19540000,39080.00000704414,-53638.88985999755,298.02413502782986
19545000,39090.000007046176,-53847.63736257391,295.842122919113
19550000,39100.00000704821,-54126.90333865292,303.2526737104568
19555000,39110.00000705025,-53734.83868071539,294.31529674679047
19560000,39120.00000705229,-53982.770170431555,295.484963682607
19565000,39130.000007054325,-53707.537744682515,306.60289782109754
19570000,39140.00000705636,-54145.68050958536,297.7764350187759
19575000,39150.0000070584,-53738.632596997806,303.0871960559505
19580000,39160.00000706044,-53647.32272269321,295.0679955435319
19585000,39170.000007062474,-54124.536961008766,299.91327989631293
19590000,39180.00000706451,-53664.31659267421,292.6433420724707
19595000,39190.00000706655,-53748.464316252066,291.2323703538932
19600000,39200.000007068586,-53962.09914410749,297.16188451536004
19605000,39210.00000707062,-54101.074500203686,295.0569473437143
19610000,39220.00000707266,-53780.7385173465,299.15303011704935
19615000,39230.0000070747,-53785.083183498995,302.0220724109731
19620000,39240.000007076735,-53572.82340946302,297.6828081274436
19625000,39250.00000707877,-53771.95613195837,302.5219255144905
19630000,39260.00000708081,-53790.564682873024,305.1060983267741
19635000,39270.00000708285,-54140.46654854415,299.40479242887085
19640000,39280.000007084884,-53984.358169490966,300.32253995202836
19645000,39290.00000708692,-53344.62319477374,302.4870134720157
19650000,39300.00000708896,-54103.16606106941,296.09940190698063
19655000,39310.000007090995,-53965.24190344091,304.02355955897093
19660000,39320.00000709303,-53525.257589342364,294.7673434620301
19665000,39330.00000709507,-53940.243090206815,303.8251869214572
19670000,39340.00000709711,-54341.266806932894,302.58095925286415
19675000,39350.000007099145,-53815.91155556892,289.0970081385556
19680000,39360.00000710118,-53705.03437745196,289.43069603194743
19685000,39370.00000710322,-54125.31475580705,298.99922451272715
19690000,39380.00000710526,-54004.234218019556,297.4914255918462
19695000,39390.000007107294,-53875.36963651661,303.91675841318244
19700000,39400.00000710933,-53399.3317441612,303.24438608678884
19705000,39410.00000711137,-54063.904167788045,288.01507788239184
19710000,39420.000007113405,-53428.57095750896,298.43184745374947
19715000,39430.00000711544,-53632.66713710071,303.9857161337644
19720000,39440.00000711748,-53903.96374850301,299.8372263929988
19725000,39450.00000711952,-53701.460416030895,297.13448940749055
19730000,39460.000007121555,-54244.74496750784,296.31906502018774
19735000,39470.00000712359,-54134.77687888249,299.41185850612067
19740000,39480.00000712563,-53778.94975884847,299.76891539796435
19745000,39490.000007127666,-53977.04258103215,295.0493714224116
19750000,39500.0000071297,-53630.868873434985,290.9083623128733
19755000,39510.00000713174,-53892.48983214493,309.1557698343478
19760000,39520.00000713378,-53788.091144765785,291.1094512388623
19765000,39530.000007135815,-53884.01219769864,297.5484314136604
19770000,39540.00000713785,-53695.558021015546,295.6781825256798
19775000,39550.00000713989,-54013.7192105469,288.80491029534033
19780000,39560.00000714193,-54008.97048846772,300.5972355243975
19785000,39570.000007143964,-53859.90494645783,306.05778180763
19790000,39580.000007146,-53981.48602262465,298.13715141013046
19795000,39590.00000714804,-54025.00083316254,302.4138817347847
19800000,39600.000007150076,-53862.006289340556,294.22132910304435
19805000,39610.00000715211,-53980.9942285695,305.9659733038853
19810000,39620.00000715415,-53648.63945283834,303.3221048641118
19815000,39630.00000715619,-53944.804921729316,286.2887896221951
19820000,39640.000007158225,-54004.170649794745,304.0479688520965
19825000,39650.00000716026,-53794.38743638844,304.3698028588573
19830000,39660.0000071623,-54285.37971212895,297.43021185413807
19835000,39670.00000716434,-53735.32929641017,303.92870052011904
19840000,39680.000007166374,-53533.132205872185,307.2474063004798
19845000,39690.00000716841,-54261.69823278824,296.7935610763518
19850000,39700.00000717045,-53564.93233676511,307.8582749829657
19855000,39710.000007172486,-53969.712212751154,300.9669977389457
19860000,39720.00000717452,-54015.20576691555,299.67577295304864
19865000,39730.00000717656,-54122.8875507678,291.9748436951413
19870000,39740.0000071786,-53860.892143760866,300.61418970892987
19875000,39750.000007180635,-53563.562769338314,297.43112317267713
19880000,39760.00000718267,-53825.603271226166,302.204736304514
19885000,39770.00000718471,-53395.69126168432,300.23666412139266
19890000,39780.00000718675,-54125.39988942622,300.34147819518046
19895000,39790.000007188784,-53839.689601516235,292.31924265706704
19900000,39800.00000719082,-53842.68214230807,301.2548011158612
19905000,39810.00000719286,-53885.29020238193,299.4406958512294
19910000,39820.000007194896,-54267.76753964924,294.1010961456306
19915000,39830.00000719693,-54263.867527029885,304.20552257096676
19920000,39840.00000719897,-53944.856350552116,296.6471778517817
19925000,39850.00000720101,-53652.27696062217,308.8266524259633
19930000,39860.000007203045,-53826.848358792835,303.9753459948263
19935000,39870.00000720508,-53852.73500796413,292.6276023471857
19940000,39880.00000720712,-53649.26895607222,308.05024925080045
19945000,39890.00000720916,-53759.50310776784,294.6433768424916
19950000,39900.000007211194,-53579.09470836117,304.76570454250106
19955000,39910.00000721323,-53776.12737884733,299.9214051767077
19960000,39920.00000721527,-53841.33990376789,298.7516286637965
19965000,39930.000007217306,-53609.59285996217,298.6227245958808
19970000,39940.00000721934,-53878.222821331845,305.2454639693491
19975000,39950.00000722138,-53774.93760715239,299.32808143797496
19980000,39960.00000722342,-54156.403979130206,298.7437706774373
19985000,39970.000007225455,-53518.95286215638,301.71558701439113
19990000,39980.00000722749,-53765.04314381283,298.0663300660344
19995000,39990.00000722953,-53683.40334605175,298.2693067865615
20000000,40000.00000723157,-54179.30826062872,300.8927369392009
20005000,40010.000007233604,-53613.681095771695,295.47284374584393
20010000,40020.00000723564,-53626.999376316264,294.955660150708
20015000,40030.00000723768,-53994.163922434,304.27630388313264
20020000,40040.000007239716,-53652.56931347921,306.2017026905431
20025000,40050.00000724175,-53947.06007446707,297.8815041181197
20030000,40060.00000724379,-53919.748278565065,293.3834645987579
20035000,40070.00000724583,-53830.15514910151,303.04540307625695
20040000,40080.000007247865,-54168.72642597405,297.096782391644
20045000,40090.0000072499,-53945.843196086265,300.02466092691134
20050000,40100.00000725194,-54180.529106588976,292.2854574591605
20055000,40110.00000725398,-53789.60027288209,299.3633453288007
20060000,40120.000007256014,-53710.79121487029,302.05367183462937
20065000,40130.00000725805,-53885.42682449776,285.0285888282423
20070000,40140.00000726009,-54146.673481186444,300.78146552703856
20075000,40150.000007262126,-54209.03477187143,296.6840443524907
20080000,40160.00000726416,-54021.02985564803,303.8353371588698
20085000,40170.0000072662,-53974.99176372719,305.6583628379967
20090000,40180.00000726824,-53943.659601435065,300.6972010920801
20095000,40190.000007270275,-53754.01390491333,299.0307771776318
20100000,40200.00000727231,-53906.59095332844,302.1528221832589
20105000,40210.00000727435,-54471.566993435146,300.7976704914243
20110000,40220.00000727639,-53503.39987101662,302.81869861866704
20115000,40230.000007278424,-53943.26582688955,299.99760995703883
20120000,40240.00000728046,-53888.79199173229,293.1461222758356
20125000,40250.0000072825,-53901.28434372804,299.66292137295324
20130000,40260.000007284536,-53886.07837578538,301.64412968247206
20135000,40270.00000728657,-53615.877961692284,298.54155908841074
20140000,40280.00000728861,-53741.05431581495,293.085838937877
20145000,40290.00000729065,-53526.36559351935,298.57586453451205
20150000,40300.000007292685,-54265.38602926396,300.93953868982373
20155000,40310.00000729472,-54085.6076574031,310.0953489840018
20160000,40320.00000729676,-53948.88135903701,298.18846201665406
20165000,40330.0000072988,-54173.8493087939,292.9473305515262
20170000,40340.000007300834,-53957.39804589198,301.1939569780143
20175000,40350.00000730287,-53885.20440133754,292.22023414668234
20180000,40360.00000730491,-54206.93728394303,295.73165847475974
20185000,40370.000007306946,-53934.66341681115,289.6082897343655
20190000,40380.00000730898,-53937.43822657439,305.16909471862306
20195000,40390.00000731102,-53494.86161983173,299.8486918760225
20200000,40400.00000731306,-53197.38982563518,303.9278641101121
20205000,40410.000007315095,-53921.9691201229,297.159536524307
20210000,40420.00000731713,-54173.87606087883,301.9846909999254
20215000,40430.00000731917,-53368.50583761983,295.34402326326403
20220000,40440.00000732121,-53978.65926917514,303.008725043222
20225000,40450.000007323244,-53804.90114932423,290.7359678729233
20230000,40460.00000732528,-53949.403269527014,306.3949033433604
20235000,40470.00000732732,-53967.85053489197,301.52294725356353
20240000,40480.000007329356,-53680.78037350421,296.89249017557484
20245000,40490.00000733139,-54043.4078811424,300.92498694879066
20250000,40500.00000733343,-53628.91743872079,293.900975939328
20255000,40510.00000733547,-53664.0448621503,295.84221631559944
20260000,40520.000007337505,-53915.3621193436,307.74217687384004
20265000,40530.00000733954,-53743.02897736867,297.9589764603067
20270000,40540.00000734158,-53657.65842939509,291.86858296904234
20275000,40550.00000734362,-53562.696345833276,302.2846562852844
20280000,40560.000007345654,-53734.99089029027,299.03125461542265
20285000,40570.00000734769,-53776.59906799058,304.82433704999227
20290000,40580.00000734973,-53904.97511409322,297.87461587426543
20295000,40590.000007351766,-54114.773509967345,297.86841160211094
20300000,40600.0000073538,-53812.9847677034,299.6524945833725
20305000,40610.00000735584,-54025.85385178513,304.56035608377715
20310000,40620.00000735788,-54021.041038760624,295.1704096585414
20315000,40630.000007359915,-54019.9420202059,292.0976980126081
20320000,40640.00000736195,-53475.3499168939,302.8652519768347
20325000,40650.00000736399,-53849.767253814556,305.82716459111975
20330000,40660.00000736603,-53809.59718830045,315.1964104705483
20335000,40670.000007368064,-53725.71241444495,300.7198509480017
20340000,40680.0000073701,-53500.31867714011,298.95107206559516
20345000,40690.00000737214,-54466.85723181054,294.8795928467991
20350000,40700.000007374176,-53853.73323867464,298.26003012644196
20355000,40710.00000737621,-53678.585145069694,301.7545872263212
20360000,40720.00000737825,-53866.54006258401,302.5932789825233
20365000,40730.00000738029,-53693.939122552314,294.97822540379497
20370000,40740.000007382325,-53948.71104150673,302.8667338587996
20375000,40750.00000738436,-53610.82780431543,296.11211145445066
20380000,40760.0000073864,-53773.523283189716,292.4195381417003
20385000,40770.00000738844,-53921.816820587526,302.87629575372955
20390000,40780.000007390474,-53562.29544297719,282.32707327407496
20395000,40790.00000739251,-54260.660527657514,300.40640405581655
20400000,40800.00000739455,-53733.75627418634,289.092087221822
20405000,40810.000007396586,-53873.92912900209,302.42601126567166
20410000,40820.00000739862,-53827.12213716665,298.2343523853491
20415000,40830.00000740066,-54025.16610451846,302.94966279722706
20420000,40840.0000074027,-53982.2056174739,288.0661037459031
20425000,40850.000007404735,-53867.08537679512,301.2686000407065
20430000,40860.00000740677,-54092.88002249418,306.79667704189643
20435000,40870.00000740881,-54113.08537826582,302.6474101541429
20440000,40880.00000741085,-53833.44873037649,295.58715534466864
20445000,40890.000007412884,-53618.72847137455,299.4457555642384
20450000,40900.00000741492,-53920.3550091355,300.26185839584383
20455000,40910.00000741696,-53744.421319325134,304.15369731804054
20460000,40920.000007418996,-54024.63932669259,298.97503104652384
20465000,40930.00000742103,-54143.52915626054,291.8325945225153
20470000,40940.00000742307,-54143.18275435743,300.2695010263367
20475000,40950.00000742511,-54012.01341302713,297.0146378306798
20480000,40960.000007427145,-53665.06232810512,301.0326618901763
20485000,40970.00000742918,-53916.42680941432,292.92418517927615
20490000,40980.00000743122,-54191.34433937518,298.94152596188593
20495000,40990.00000743326,-53713.43194793232,298.95598672879885
20500000,41000.000007435294,-54293.70680902508,293.8224640535855
20505000,41010.00000743733,-53967.83761486571,291.56515073712916
20510000,41020.00000743937,-53842.122106628,297.15307167521644
20515000,41030.000007441406,-53731.91293881938,301.650670827426
20520000,41040.00000744344,-53833.25135741467,301.9672571686912
20525000,41050.00000744548,-53713.25768650469,297.7167976891909
20530000,41060.00000744752,-54113.131368509756,292.33199234207706
20535000,41070.000007449555,-53944.81697128972,287.90057097878616
20540000,41080.00000745159,-53895.68519640458,299.3997332353855
20545000,41090.00000745363,-53912.56003174433,296.48772197805266
20550000,41100.00000745567,-53601.2235770821,299.08439099851034
20555000,41110.000007457704,-53720.46060878161,294.8294162039534
20560000,41120.00000745974,-53550.20406610053,298.850683498246
20565000,41130.00000746178,-53398.253699945635,289.5874493003035
20570000,41140.000007463816,-53851.35114554642,292.41789657729464
20575000,41150.00000746585,-53828.20442235863,294.3551737601857
20580000,41160.00000746789,-53725.012462327606,302.2804806502668
20585000,41170.00000746993,-53961.24965780662,299.5889342216648
20590000,41180.000007471965,-54125.160036988,293.6336357388545
20595000,41190.000007474,-53861.726409114664,290.3095065469067
20600000,41200.00000747604,-54148.55020366004,297.9823955910763
20605000,41210.00000747808,-53852.95707513197,294.07623617483125
20610000,41220.000007480114,-54271.887990442716,292.70863700392505
20615000,41230.00000748215,-53783.315327262244,307.2342965895587
20620000,41240.00000748419,-53900.87651991818,292.2821851555696
20625000,41250.000007486226,-53814.36150617647,299.1314076533965
20630000,41260.00000748826,-53991.55219940233,293.1917268237307
20635000,41270.0000074903,-53719.42288557248,296.09854684728833
20640000,41280.00000749234,-54122.901926899154,291.52554396845755
20645000,41290.000007494375,-53755.63054954645,293.0203652985592
20650000,41300.00000749641,-53858.7701196424,296.64442624296214
20655000,41310.00000749845,-53770.47640215585,294.37832105324475
20660000,41320.00000750049,-53764.54531900067,292.03325811340824
20665000,41330.000007502524,-53521.684743427555,294.5669958799763
20670000,41340.00000750456,-54205.87002432128,291.70306224449547
20675000,41350.0000075066,-53585.6430526154,304.4247479274279
20680000,41360.000007508635,-53648.49131918748,302.37994005345575
20685000,41370.00000751067,-54024.043884544284,298.7621976535482
20690000,41380.00000751271,-53744.5966341554,298.7753475365023
20695000,41390.00000751475,-53806.948331813415,298.1454750905397
20700000,41400.000007516785,-53437.00115409607,303.0375530341767
20705000,41410.00000751882,-53873.35739473457,298.62575518922193
20710000,41420.00000752086,-54065.08681869932,299.82380207605894
20715000,41430.000007522896,-53486.147439002234,302.94873491801184
20720000,41440.00000752493,-53688.58470717879,300.0079662665372
20725000,41450.00000752697,-53905.8585649358,297.8490421955192
20730000,41460.00000752901,-53656.18948180589,300.44156139322786
20735000,41470.000007531045,-53578.81854655457,297.52718434189245
20740000,41480.00000753308,-53930.21641535335,297.85324759291876
20745000,41490.00000753512,-53480.286558574095,298.29655783000754
20750000,41500.00000753716,-53938.00906435377,295.81492978792994
20755000,41510.000007539194,-53822.64687948165,315.419455434077
20760000,41520.00000754123,-53457.297762221686,299.7631170114459
20765000,41530.00000754327,-54070.709296567686,302.6740953233227
20770000,41540.000007545306,-54045.55884052196,307.9384412889047
20775000,41550.00000754734,-54526.18546060825,298.56304542819953
20780000,41560.00000754938,-53674.62846323411,299.8900853753235
20785000,41570.00000755142,-53378.61524379553,301.73061623374673
20790000,41580.000007553455,-54026.2032457506,293.38758631963674
20795000,41590.00000755549,-53616.97347405803,299.29636746929884
20800000,41600.00000755753,-54197.17957601772,290.148774187612
20805000,41610.00000755957,-53782.62200066942,290.6955377296489
20810000,41620.000007561604,-53715.84958576533,295.4985585656297
20815000,41630.00000756364,-53896.65777750581,291.9384317984601
20820000,41640.00000756568,-54149.85080921714,294.26648158913076
20825000,41650.000007567716,-53600.0785163283,296.4846655831198
20830000,41660.00000756975,-54339.54321900295,299.30730721295873
20835000,41670.00000757179,-53745.83613100235,297.97694312289747
20840000,41680.00000757383,-53795.98174268234,307.04712971602544
20845000,41690.000007575865,-54023.77754061934,298.3154429814076
20850000,41700.0000075779,-53874.35618071322,300.4292448632996
20855000,41710.00000757994,-54274.82373238844,293.9341927816292
20860000,41720.00000758198,-53865.26799331885,295.01330925113206
20865000,41730.000007584014,-53561.198100067704,300.72653890032547
20870000,41740.00000758605,-54022.13542321324,295.97510780644734
20875000,41750.00000758809,-53965.927628079866,300.0321816909511
20880000,41760.000007590126,-53977.30054073685,304.5513971079631
20885000,41770.00000759216,-53773.021076994744,300.2983950262733
20890000,41780.0000075942,-54023.155286647874,304.8570572466321
20895000,41790.00000759624,-53856.05258429583,297.6937984184459
20900000,41800.000007598275,-53954.851205723506,298.67434929849134
20905000,41810.00000760031,-53748.056282139674,301.55429369035636
20910000,41820.00000760235,-53664.70932786056,299.5414687583148
20915000,41830.00000760439,-53976.87671326008,294.4065669700609
20920000,41840.000007606424,-53714.51833369234,297.96155328139434
20925000,41850.00000760846,-54038.29496803292,289.8758819740312
20930000,41860.0000076105,-53920.032587443304,299.36837205173697
20935000,41870.000007612536,-53494.416989923106,290.6451920204617
20940000,41880.00000761457,-53504.85440698895,301.1003301008644
20945000,41890.00000761661,-53724.51139004636,307.7314856286424
20950000,41900.00000761865,-53769.53230009283,297.91756115405013
20955000,41910.000007620685,-54099.97834738987,294.95226424183244
20960000,41920.00000762272,-54254.502903960354,299.38246552337756
20965000,41930.00000762476,-53864.35841873611,300.664453734291
20970000,41940.0000076268,-53904.714445831516,293.4456510759176
20975000,41950.000007628834,-54227.78562285483,294.1281114333732
20980000,41960.00000763087,-53610.91581961862,289.0777639933996
20985000,41970.00000763291,-54065.82373502065,291.8226409438976
20990000,41980.000007634946,-53683.509774271515,292.4741218542442
20995000,41990.00000763698,-53628.286649244226,305.79310970967464
21000000,42000.00000763902,-53843.95720298821,298.0104738489899
21005000,42010.00000764106,-53799.49896511805,300.4386538819218
21010000,42020.000007643095,-53934.20716137442,306.4520685019916
21015000,42030.00000764513,-53877.501807308116,301.0595727583984
21020000,42040.00000764717,-53888.43692726872,297.2735443920916
21025000,42050.00000764921,-53702.457087145885,299.6034011808095
21030000,42060.000007651244,-53789.311413022166,298.9869901384015
21035000,42070.00000765328,-53581.13635358217,291.37783500483386
21040000,42080.00000765532,-53494.25309564598,312.03619637475924
21045000,42090.000007657356,-53927.0006242845,302.011927183932
21050000,42100.00000765939,-53828.43046818851,303.51853706514083
21055000,42110.00000766143,-53983.70179448565,297.19718887495605
21060000,42120.00000766347,-53758.12708011543,297.41609975927656
21065000,42130.000007665505,-53769.10948130791,301.2118534880875
21070000,42140.00000766754,-53702.77110209124,313.77203074804453
21075000,42150.00000766958,-53604.069354837586,300.3369036991002
21080000,42160.00000767162,-54067.96050843908,301.1458884264428
21085000,42170.000007673654,-53498.777974747034,296.55200128031794
21090000,42180.00000767569,-53583.97485474925,293.91871738763933
21095000,42190.00000767773,-53711.498234058265,299.17079693292317
21100000,42200.000007679766,-53464.875657956494,307.1977483291217
21105000,42210.0000076818,-53985.82634281504,293.1275123074363
21110000,42220.00000768384,-54357.802781777864,290.30021496199095
21115000,42230.00000768588,-53585.55330313867,302.47430042303927
21120000,42240.000007687915,-53770.714734086825,297.98964888075653
21125000,42250.00000768995,-53741.80876891731,299.41677943414066
21130000,42260.00000769199,-53917.413465243706,301.89178805238134
21135000,42270.00000769403,-53842.82957044529,299.09778449972106
21140000,42280.000007696064,-53934.33144849737,294.5244334517524
21145000,42290.0000076981,-53744.811491114204,301.06358821299875
21150000,42300.00000770014,-54189.604660435754,300.5500702186114
21155000,42310.000007702176,-53744.89425444766,292.74953099956997
21160000,42320.00000770421,-54155.62924020749,306.60863264330953
21165000,42330.00000770625,-53992.80087612462,300.6748522290638
21170000,42340.00000770829,-53757.52227639334,302.6251324987223
21175000,42350.000007710325,-53865.22115577746,297.91032017320623
21180000,42360.00000771236,-53834.73539927878,301.8193750314734
21185000,42370.0000077144,-53705.40727243194,304.8124544495764
21190000,42380.00000771644,-53792.60212973604,296.4038783163083
21195000,42390.000007718474,-53785.221177246975,289.3107097149092
21200000,42400.00000772051,-53799.96506865957,297.9093834965101
21205000,42410.00000772255,-54035.12308947911,296.75883850123535
21210000,42420.000007724586,-53457.912116729014,293.0144661991893
21215000,42430.00000772662,-53880.912797163706,295.2965886862087
21220000,42440.00000772866,-53905.482122890506,290.4327071686551
21225000,42450.0000077307,-53999.776711510494,298.2978238587986
21230000,42460.000007732735,-53626.331713069434,294.58521327397267
21235000,42470.00000773477,-53646.86571150855,296.1698849881149
21240000,42480.00000773681,-53875.24415160564,296.06832764024466
21245000,42490.00000773885,-53650.97140989546,285.0510879371019
21250000,42500.000007740884,-54114.42111075294,308.83450125187755
21255000,42510.00000774292,-53921.41666448582,300.87359770886775
21260000,42520.00000774496,-53979.84733234352,300.9923245780313
21265000,42530.000007746996,-53347.99156592609,307.02474923853333
21270000,42540.00000774903,-53915.02625383338,295.23075721285414
21275000,42550.00000775107,-53866.044055002654,299.6904037523455
21280000,42560.00000775311,-53716.49894811076,299.9989330525136
21285000,42570.000007755145,-53681.26701362466,299.3220271360175
21290000,42580.00000775718,-53648.03188750378,295.21761695370566
21295000,42590.00000775922,-53794.604661255,289.756121770378
21300000,42600.00000776126,-53774.53840782307,305.1207573507094
21305000,42610.000007763294,-54113.003156844265,299.11524768057984
21310000,42620.00000776533,-53473.240704192925,304.75857707425416
21315000,42630.00000776737,-53656.98291254937,301.7506115134896
21320000,42640.000007769406,-53804.7205983336,295.4935579949897
21325000,42650.00000777144,-53672.32041434181,296.283683370703
21330000,42660.00000777348,-53314.34765370653,300.17677387096506
21335000,42670.00000777552,-53909.41116528562,296.4322264354718
21340000,42680.000007777555,-53425.2976541243,288.89607840991926
21345000,42690.00000777959,-53674.16684071094,297.696300385605
21350000,42700.00000778163,-54040.19001243447,299.57550181277793
21355000,42710.00000778367,-54209.653277994425,298.73495416444973
21360000,42720.000007785704,-53807.60370362352,295.1357754185295
21365000,42730.00000778774,-53962.56841407629,293.88338665138787
21370000,42740.00000778978,-53894.09498841109,293.96017451042576
21375000,42750.000007791816,-53556.42147183107,302.0022435110175
21380000,42760.00000779385,-53920.602241899556,301.593760255099
21385000,42770.00000779589,-53083.0672054897,300.211313749739
21390000,42780.00000779793,-53917.210920548794,299.4373483237058
21395000,42790.000007799965,-53663.18735341285,297.0790971593071
21400000,42800.000007802,-54108.223800322274,298.01183943404163
21405000,42810.00000780404,-53677.04120417882,300.581688316387
21410000,42820.00000780608,-53923.33046150615,298.5397465068264
21415000,42830.000007808114,-53407.89003563745,301.3735783011094
21420000,42840.00000781015,-53949.49226226355,297.31248392314876
21425000,42850.00000781219,-53736.64925937366,301.1434151273449
21430000,42860.000007814226,-54122.87352641823,298.04566262925334
21435000,42870.00000781626,-53705.851699004124,295.75597541940203
21440000,42880.0000078183,-53809.861979475914,304.1175229991016
21445000,42890.00000782034,-53989.349166612956,294.8387868097085
21450000,42900.000007822375,-53805.21197783097,301.29617605805936
21455000,42910.00000782441,-53579.23120846122,297.56957705001395
21460000,42920.00000782645,-53954.71457894571,306.6475562628148
21465000,42930.00000782849,-53490.03586911276,305.2629190464148
21470000,42940.000007830524,-53930.623548743664,294.06439308332835
21475000,42950.00000783256,-53863.97440746467,298.5928702313487
21480000,42960.0000078346,-53947.24103340646,304.82719620652944
21485000,42970.000007836636,-54136.540492784756,299.5987563062868
21490000,42980.00000783867,-53509.79301556939,298.008232067935
21495000,42990.00000784071,-53783.30508303133,304.54858674029987
21500000,43000.00000784275,-53451.97238322106,296.8222713172146
21505000,43010.000007844785,-54147.219180555665,293.6522643268688
21510000,43020.00000784682,-54288.17056647586,299.596226663581
21515000,43030.00000784886,-53930.05645455088,300.30922695758005
21520000,43040.0000078509,-53816.71891325293,303.2489816876337
21525000,43050.000007852934,-53718.3426820545,297.5649595727891
21530000,43060.00000785497,-53757.85401701453,298.2100281560326
21535000,43070.00000785701,-54002.4872724397,303.4957447299555
21540000,43080.000007859046,-53890.18571791347,293.25804731067126
21545000,43090.00000786108,-54128.99389689596,301.9163484297367
21550000,43100.00000786312,-53922.944624559954,292.1778842208725
21555000,43110.00000786516,-53441.36223707418,305.31663287202525
21560000,43120.000007867195,-53977.801946835796,288.13134177519544
21565000,43130.00000786923,-53536.87935299345,295.4414290910459
21570000,43140.00000787127,-54007.6449240644,298.47729609554386
21575000,43150.00000787331,-53745.52397301106,290.41765265533644
21580000,43160.000007875344,-53497.59835147162,291.1098513715256
21585000,43170.00000787738,-54052.84110533216,297.9661211884705
21590000,43180.00000787942,-53938.58205820515,297.8043325214838
21595000,43190.000007881456,-53789.34970321518,294.5133087491802
21600000,43200.00000788349,-53726.29462860062,297.30055631351854
21605000,43210.00000788553,-53523.40772717164,308.3793840371883
21610000,43220.00000788757,-53613.17691222078,302.61522207684874
21615000,43230.000007889605,-53814.57585677947,295.70527786281457
21620000,43240.00000789164,-53860.05904816254,296.3085672384819
21625000,43250.00000789368,-54017.08493845715,294.65956623686446
21630000,43260.00000789572,-53720.55386668444,296.761351551463
21635000,43270.000007897754,-53849.82238948601,299.114687660016
21640000,43280.00000789979,-53884.546968542476,300.04606068731374
21645000,43290.00000790183,-53823.595056313876,303.9928386375547
21650000,43300.000007903865,-53911.75065926189,297.39309419387763
21655000,43310.0000079059,-53949.26263392714,286.54867200839266
21660000,43320.00000790794,-54168.05486650771,296.87197216382475
21665000,43330.00000790998,-53725.17083835733,300.2740110458413
21670000,43340.000007912015,-53742.98211427525,300.40843662223614
21675000,43350.00000791405,-54015.38784413555,293.2918895478643
21680000,43360.00000791609,-54095.678319598024,286.34424866920034
21685000,43370.000007918126,-53736.02620902148,295.3907001012008
21690000,43380.00000792016,-54310.35162828595,299.12847184188223
21695000,43390.0000079222,-53435.39504452923,292.9414728653029
21700000,43400.00000792424,-53702.02478142787,298.94962500356536
21705000,43410.000007926275,-53973.057213017775,296.0280515228515
21710000,43420.00000792831,-54076.58443929025,304.9661543793232
21715000,43430.00000793035,-54069.38551867069,299.71947681311383
21720000,43440.00000793239,-54057.002260409645,298.3979009314569
21725000,43450.000007934425,-53711.52595521085,302.4235845777473
21730000,43460.00000793646,-53503.91432745749,297.7035982412618
21735000,43470.0000079385,-53869.77383223848,296.5352895867707
21740000,43480.000007940536,-53876.77383666986,290.58237687777466
21745000,43490.00000794257,-53956.900389064656,305.66565905943634
21750000,43500.00000794461,-53359.4063226658,303.2408696523438
21755000,43510.00000794665,-53592.409957221214,305.1252161538243
21760000,43520.000007948685,-54208.405570333096,299.6248193281021
21765000,43530.00000795072,-54247.66521584254,304.4210082137658
21770000,43540.00000795276,-53492.97421014495,292.47869405085015
21775000,43550.0000079548,-53666.61274480159,294.9176990740574
21780000,43560.000007956834,-53679.806775387435,302.8285543895274
21785000,43570.00000795887,-53597.159344877495,293.8732183198787
21790000,43580.00000796091,-53692.37575643303,298.40806535485916
21795000,43590.000007962946,-53919.71370169183,303.3041042880845
21800000,43600.00000796498,-53883.94067834152,298.320910817587
21805000,43610.00000796702,-53782.97341764087,298.6025791644946
21810000,43620.00000796906,-53916.9306137173,303.86860139920134
21815000,43630.000007971095,-53816.73150779135,295.9735392801998
21820000,43640.00000797313,-53527.23559026967,298.4748053332937
21825000,43650.00000797517,-53873.49627933532,303.97804263622425
21830000,43660.00000797721,-53806.5497870057,301.85787209639426
21835000,43670.000007979244,-53504.71474689018,296.53459249424577
21840000,43680.00000798128,-53816.851238944655,297.47814223158656
21845000,43690.00000798332,-53776.807948229834,296.6339735659987
21850000,43700.000007985356,-53832.73135084449,296.23253976027934
21855000,43710.00000798739,-53970.03194602145,295.3507618261595
21860000,43720.00000798943,-53939.58346851467,292.715072244756
21865000,43730.00000799147,-53678.36176941026,292.5497531035098
21870000,43740.000007993505,-53725.790857664484,294.99798357320856
21875000,43750.00000799554,-53575.65228796456,302.0846765416372
21880000,43760.00000799758,-53864.427381749614,297.4028592031461
21885000,43770.00000799962,-54226.73120578981,302.2547928150398
21890000,43780.000008001654,-53914.556765210524,299.8055806683794
21895000,43790.00000800369,-53666.48793430507,294.7848305853675
21900000,43800.00000800573,-53423.36792796766,305.52418965704226
21905000,43810.000008007766,-54116.26162667008,303.25541210403225
21910000,43820.0000080098,-53527.60020929598,294.03729895161507
21915000,43830.00000801184,-53797.76227534673,299.5151267253844
21920000,43840.00000801388,-53728.98960905711,301.43532842792604
21925000,43850.000008015915,-53672.63807145253,294.2269633725422
21930000,43860.00000801795,-53498.90920128464,290.23471891795225
21935000,43870.00000801999,-53582.85716009501,300.6359959553155
21940000,43880.00000802203,-53573.87287576997,298.13959462768054
21945000,43890.000008024064,-53710.64121485484,300.8655272799549
21950000,43900.0000080261,-53789.22606768261,294.8073041135432
21955000,43910.00000802814,-53699.554041629686,304.36734226812644
21960000,43920.000008030176,-54059.00160526839,295.3395075472168
21965000,43930.00000803221,-53982.93984633539,300.4922296446013
21970000,43940.00000803425,-53734.589678780554,291.080328616153
21975000,43950.00000803629,-53953.61990445148,292.60117742185207
21980000,43960.000008038325,-53787.53996558674,296.3973438225829
21985000,43970.00000804036,-54031.167681635154,306.0596955019752
21990000,43980.0000080424,-53605.67614023984,298.059578838058
21995000,43990.00000804444,-53705.664120492234,299.4055261265978
22000000,44000.000008046474,-53964.92155827957,292.60638223521744
22005000,44010.00000804851,-53846.71837669582,297.03955872572436
22010000,44020.00000805055,-53772.98159341386,301.4756053991042
22015000,44030.000008052586,-53789.8904539269,292.57061128324443
22020000,44040.00000805462,-53607.86818232332,297.1869217189297
22025000,44050.00000805666,-54065.31523261871,291.1535705436189
22030000,44060.0000080587,-53630.869897864555,307.2606062446504
22035000,44070.000008060735,-53783.5539724665,298.8897888089585
22040000,44080.00000806277,-54132.56803752875,297.1823660023391
22045000,44090.00000806481,-53547.9771140682,293.1379539407281
22050000,44100.00000806685,-53881.697222229646,298.3600854034838
22055000,44110.000008068884,-53476.48541056932,301.38440576845653
22060000,44120.00000807092,-53960.88302939714,296.93258143297226
22065000,44130.00000807296,-54091.14711208394,298.4629622720322
22070000,44140.000008074996,-53833.02735298505,301.4180339259582
22075000,44150.00000807703,-53525.90705731508,302.17520208185215
22080000,44160.00000807907,-54070.63474178934,302.62963239241157
22085000,44170.00000808111,-53575.21144795642,292.5134123149005
22090000,44180.000008083145,-53418.65709459956,294.40609188601934
22095000,44190.00000808518,-54066.377247140044,293.4016848370312
22100000,44200.00000808722,-54288.84186655225,302.9855835605529
22105000,44210.00000808926,-53771.962785335985,285.8187657601068
22110000,44220.000008091294,-53990.08873542477,304.0394076707545
22115000,44230.00000809333,-54073.91378638378,299.76559532497487
22120000,44240.00000809537,-53670.96404609908,295.5355992991911
22125000,44250.000008097406,-53817.99610667906,297.0379197219864
22130000,44260.00000809944,-53995.8475788635,295.46871112751086
22135000,44270.00000810148,-53603.72056850718,294.91703709524165
22140000,44280.00000810352,-53705.314362466364,293.9062614108313
22145000,44290.000008105555,-53744.31781097682,304.2669534211465
22150000,44300.00000810759,-53790.547962230106,295.7061779788839
22155000,44310.00000810963,-53695.43439501361,298.9155712076859
22160000,44320.00000811167,-54066.146756963484,304.123795313939
22165000,44330.000008113704,-54200.20785184938,293.8238929549312
22170000,44340.00000811574,-53921.50022234567,292.8412274367392
22175000,44350.00000811778,-53952.307536812936,291.23960298698864
22180000,44360.000008119816,-53531.57766054521,291.1143785149223
22185000,44370.00000812185,-53620.869794020895,297.24755418285656
22190000,44380.00000812389,-53732.96074162226,308.77708237275453
22195000,44390.00000812593,-54105.62310669571,288.56879938855474
22200000,44400.000008127965,-53336.17242212093,296.5318408133785
22205000,44410.00000813,-53807.0397835249,299.4419517520206
22210000,44420.00000813204,-54249.528082173376,291.8180932749916
22215000,44430.00000813408,-53764.891508517554,294.56131042982906
22220000,44440.000008136114,-54230.89246041051,299.5972643095847
22225000,44450.00000813815,-53415.39850312087,302.1199106613974
22230000,44460.00000814019,-53735.97777908019,293.7376803416821
22235000,44470.000008142226,-53585.33386332635,293.42336357452814
22240000,44480.00000814426,-53790.93328458851,297.4189621829766
22245000,44490.0000081463,-54002.9870992387,301.14455089398484
22250000,44500.00000814834,-53587.021404476895,296.80352343003733
22255000,44510.000008150375,-53577.13847090013,308.5186610229161
22260000,44520.00000815241,-53666.51529187037,297.1569674555629
22265000,44530.00000815445,-53769.425686873525,286.6955696256828
22270000,44540.00000815649,-54006.16993649499,294.51680547797423
22275000,44550.000008158524,-53503.79892672677,298.04716773141547
22280000,44560.00000816056,-53759.28895854036,298.9251524710731
22285000,44570.0000081626,-53727.96798115401,304.32145826667727
22290000,44580.000008164636,-53829.52312224204,294.80302594483464
22295000,44590.00000816667,-53717.466377662146,299.4616570519199
22300000,44600.00000816871,-54042.73792018712,298.7327696790432
22305000,44610.00000817075,-54124.10345997717,293.6745334858488
22310000,44620.000008172785,-54182.575908064435,296.6798527362183
22315000,44630.00000817482,-53590.99958351016,302.00413631418945
22320000,44640.00000817686,-54061.24454014242,303.58604658692997
22325000,44650.0000081789,-53410.538720191485,305.83214297055844
22330000,44660.000008180934,-53690.235993067356,299.4874225381775
22335000,44670.00000818297,-53794.64965638702,292.83506818076927
22340000,44680.00000818501,-53639.541559283796,299.8775321343897
22345000,44690.000008187046,-53949.165573527076,303.144495343812
22350000,44700.00000818908,-53662.01767801563,301.9990853593087
22355000,44710.00000819112,-54151.04927527695,303.4870948680788
22360000,44720.00000819316,-53734.171119351115,300.5024399044899
22365000,44730.000008195195,-53894.93812958925,293.76581182947336
22370000,44740.00000819723,-54029.30508879159,290.1714097159639
22375000,44750.00000819927,-54031.92531525181,290.7884734276053
22380000,44760.00000820131,-54185.27452973634,294.7481475760041
22385000,44770.000008203344,-53932.10615053223,298.46509686028566
22390000,44780.00000820538,-53661.63015764544,300.4282404719956
22395000,44790.00000820742,-53787.51621134675,292.30034623057145
22400000,44800.000008209456,-53955.60365963259,300.2178040565915
22405000,44810.00000821149,-53855.379320576554,295.557881483533
22410000,44820.00000821353,-53751.65699701125,293.070224791831
22415000,44830.00000821557,-54145.05737848353,294.0477853945235
22420000,44840.000008217605,-53905.378305006045,303.33347579749136
22425000,44850.00000821964,-53897.19736922317,300.37890845307146
22430000,44860.00000822168,-53945.63964473136,298.2858528901004
22435000,44870.00000822372,-53982.51518487514,297.5890870431165
22440000,44880.000008225754,-53678.5457028918,294.66043363760195
22445000,44890.00000822779,-54360.789873251895,298.91928450869557
22450000,44900.00000822983,-53488.335687962186,295.21659551558463
22455000,44910.000008231866,-53676.79571122615,291.63567839708236
22460000,44920.0000082339,-54179.260601869115,301.34758411354716
22465000,44930.00000823594,-53912.27214796626,294.382930837089
22470000,44940.00000823798,-53732.080170565285,295.025824835187
22475000,44950.000008240015,-53798.12569740522,310.49419487144576
22480000,44960.00000824205,-54055.90312768129,301.2519580506819
22485000,44970.00000824409,-53876.013273796765,299.08256177170074
22490000,44980.00000824613,-53943.70661490166,290.6828867043798
22495000,44990.000008248164,-54194.78793240979,298.42472241176324
22500000,45000.0000082502,-53749.5415369698,295.05742130345993
22505000,45010.00000825224,-53954.614282372466,297.37955258435744
22510000,45020.000008254276,-54244.225915402814,295.7296613824537
22515000,45030.00000825631,-53652.04149363891,298.48620184303195
22520000,45040.00000825835,-53478.67052777723,297.3047126650808
22525000,45050.00000826039,-53828.73604836699,299.59728438270173
22530000,45060.000008262425,-54153.14042742047,299.9432103181597
22535000,45070.00000826446,-53587.20326951117,293.72986967853996
22540000,45080.0000082665,-53851.25989739687,294.9787146625126
22545000,45090.00000826854,-53890.3916996858,304.8790957947123
22550000,45100.000008270574,-53803.672862773325,305.2251541070629
22555000,45110.00000827261,-53576.929036025685,299.49149062347715
22560000,45120.00000827465,-53840.99589547585,299.33726170181836
22565000,45130.000008276686,-54017.0785511531,295.74090951943003
22570000,45140.00000827872,-53759.26900096628,291.5891018366884
22575000,45150.00000828076,-53571.639751143375,294.3903340876014
22580000,45160.0000082828,-53253.56079656127,304.941067209511
22585000,45170.000008284835,-53933.4550297916,306.3071478368405
22590000,45180.00000828687,-54205.4263854328,296.12674883113806
22595000,45190.00000828891,-53672.902006151184,299.3710837343442
22600000,45200.00000829095,-53947.610734706395,298.5135644065942
22605000,45210.000008292984,-53890.858260131936,303.12816329854274
22610000,45220.00000829502,-53814.44526490886,303.2419570281138
22615000,45230.00000829706,-53793.1876977988,294.75431027442687
22620000,45240.000008299095,-53953.5928230444,299.8077034071137
22625000,45250.00000830113,-53479.981859191204,299.1669281460935
22630000,45260.00000830317,-54094.685853995674,301.1720731091996
22635000,45270.00000830521,-53874.49232961802,296.6973188319098
22640000,45280.000008307245,-53892.04727401465,297.24105697070604
22645000,45290.00000830928,-53643.84249244176,299.71590208515886
22650000,45300.00000831132,-53932.775278575195,303.5722424466347
22655000,45310.00000831336,-53588.29368475068,304.1055859365468
22660000,45320.000008315394,-53503.91841217599,300.5053994824443
22665000,45330.00000831743,-54220.494928001426,306.4957563260116
22670000,45340.00000831947,-53582.452284993924,297.11612353296846
22675000,45350.000008321505,-53939.175498978904,311.49190024619185
22680000,45360.00000832354,-54583.79043581881,290.9569703249388
22685000,45370.00000832558,-53581.39970712431,302.7094061022833
22690000,45380.00000832762,-53729.4586091378,308.9547151800394
22695000,45390.000008329655,-53777.68021259172,291.29445416335955
22700000,45400.00000833169,-53969.98989243558,292.8663162582621
22705000,45410.00000833373,-53691.389918555244,305.28120652926026
22710000,45420.000008335766,-53888.45846040538,301.21463875586556
22715000,45430.0000083378,-54142.75654563052,300.68264680319663
22720000,45440.00000833984,-53528.57291708738,301.9415491260732
22725000,45450.00000834188,-53577.23094838596,303.3662241393647
22730000,45460.000008343915,-53448.28670581043,297.739556674152
22735000,45470.00000834595,-53665.73005403005,297.2964309426699
22740000,45480.00000834799,-54180.50285806146,292.85609729031245
22745000,45490.00000835003,-53324.43374249351,303.33825370461085
22750000,45500.000008352064,-53719.0270477318,301.9945750378208
22755000,45510.0000083541,-53898.80362267973,302.2654618181042
22760000,45520.00000835614,-53548.80317624897,294.4916723419644
22765000,45530.000008358176,-53843.26855489091,299.92979833212956
22770000,45540.00000836021,-54031.030732267536,305.23882999039535
22775000,45550.00000836225,-53903.399062882265,296.0042073867406
22780000,45560.00000836429,-54072.102389361215,297.3621002311594
22785000,45570.000008366325,-53972.61897278481,293.70341624793434
22790000,45580.00000836836,-53744.401102489704,299.7291905099802
22795000,45590.0000083704,-53846.2250116262,294.1364567491416
22800000,45600.00000837244,-53797.27001669048,306.73914540410004
22805000,45610.000008374474,-53814.75755155712,299.36812567431093
22810000,45620.00000837651,-54078.66962093851,301.4707233645032
22815000,45630.00000837855,-53705.312065227365,294.91176622232973
22820000,45640.000008380586,-53832.54672403072,286.7601971945456
22825000,45650.00000838262,-53547.713116753876,296.5304737133605
22830000,45660.00000838466,-53638.656119992025,294.2008842102715
22835000,45670.0000083867,-53766.04427093544,302.1577201643474
22840000,45680.000008388735,-54458.92384346071,303.10956737703765
22845000,45690.00000839077,-53959.86053353152,307.28754477193587
22850000,45700.00000839281,-53687.287084566284,300.94648530720355
22855000,45710.00000839485,-53886.210004560795,294.94263732822293
22860000,45720.000008396884,-53982.29095202839,295.5254200026502
22865000,45730.00000839892,-53831.63080438864,290.72785675319574
22870000,45740.00000840096,-53941.24565664804,297.971306537584
22875000,45750.000008402996,-53579.49516195562,297.1039160333741
22880000,45760.00000840503,-53816.87944605277,290.6389520690668
22885000,45770.00000840707,-53893.93885860554,299.40807656910823
22890000,45780.00000840911,-53680.73055450007,298.80976876396824
22895000,45790.000008411145,-53383.26627718628,301.62403231757804
22900000,45800.00000841318,-53838.16046438366,299.5776551889501
22905000,45810.00000841522,-53948.34122843988,296.3994578160811
22910000,45820.00000841726,-53597.87506545428,291.20255888206424
22915000,45830.000008419294,-53609.10749680697,298.359676729982
22920000,45840.00000842133,-54351.95585438833,297.57211794296256
22925000,45850.00000842337,-53390.03396828435,297.0381509373523
22930000,45860.000008425406,-54030.54770324493,301.11200481868235
22935000,45870.00000842744,-54012.65485784924,300.1048456177875
22940000,45880.00000842948,-53845.780443605676,310.16295753416364
22945000,45890.00000843152,-53877.95317111237,295.2827806725846
22950000,45900.000008433555,-53630.18295574054,299.8082701735757
22955000,45910.00000843559,-53591.10280346256,296.81481949686923
22960000,45920.00000843763,-53792.95110818453,300.14548003968565
22965000,45930.00000843967,-53913.004826027376,296.0174004649465
22970000,45940.000008441704,-53898.592869262444,297.1035579989071
22975000,45950.00000844374,-54167.83035929603,304.2841866129768
22980000,45960.00000844578,-53974.67581850989,296.97146618628307
22985000,45970.000008447816,-53736.633214040776,297.6200948103452
22990000,45980.00000844985,-54081.00642958822,297.6356215834284
22995000,45990.00000845189,-53830.27850169258,298.05503880548986
23000000,46000.00000845393,-54013.333387137856,303.6593583347093
23005000,46010.000008455965,-53867.51788616576,297.03209722774193
23010000,46020.000008458,-53530.88152867067,296.5675237841063
23015000,46030.00000846004,-53956.09883081209,302.29321950843524
23020000,46040.00000846208,-54159.59948792818,301.5666656304332
23025000,46050.000008464114,-53679.25069204674,289.3824749377684
23030000,46060.00000846615,-54157.566316846845,294.51775804280174
23035000,46070.00000846819,-53633.86652290914,296.9688857519197
23040000,46080.000008470226,-54005.66833331162,300.2794308831763
23045000,46090.00000847226,-54286.24090158311,298.0696966303959
23050000,46100.0000084743,-54251.66948408255,299.778650669053
23055000,46110.00000847634,-53673.3158081662,301.4268474704511
23060000,46120.000008478375,-53601.25883500924,296.99400196277173
23065000,46130.00000848041,-54042.99458749179,306.50442143058575
23070000,46140.00000848245,-53773.242807561124,308.61263350672516
23075000,46150.00000848449,-53399.42115287023,298.1048843411316
23080000,46160.000008486524,-53925.24200973954,294.3398531188077
23085000,46170.00000848856,-53646.98572349874,302.2213347526014
23090000,46180.0000084906,-53656.47271520816,294.1387076610885
23095000,46190.000008492636,-53650.25305356746,297.0300600063913
23100000,46200.00000849467,-53901.47731258109,296.7908209219247
23105000,46210.00000849671,-53820.23058594082,305.48644527966945
23110000,46220.00000849875,-53539.24880533171,298.74458160201544
23115000,46230.000008500785,-53632.613496682374,296.83716050667715
23120000,46240.00000850282,-53516.149966017576,297.6001488745391
23125000,46250.00000850486,-53903.63795062297,307.66557968434273
23130000,46260.0000085069,-53960.30639884036,297.98006640270415
23135000,46270.000008508934,-54199.718664468324,294.62119205267277
23140000,46280.00000851097,-54005.89074910115,300.2532090748605
23145000,46290.00000851301,-54061.32721396533,300.12469802415035
23150000,46300.000008515046,-53907.06359398173,296.3259756062215
23155000,46310.00000851708,-54159.4654966848,294.92419677602794
23160000,46320.00000851912,-53494.8088635781,311.50578750909324
23165000,46330.00000852116,-53895.425332461484,295.4847689106275
23170000,46340.000008523195,-54078.993686990405,295.6202740021549
23175000,46350.00000852523,-53900.40182904579,303.8986674508807
23180000,46360.00000852727,-54102.76780156841,296.68226235731095
23185000,46370.00000852931,-53853.17197279085,297.66444669373874
23190000,46380.000008531344,-53874.39048901916,294.4853591131371
23195000,46390.00000853338,-53737.75394479121,293.17913623468587
23200000,46400.00000853542,-53739.58866448869,296.38563435642294
23205000,46410.000008537456,-54049.429226956185,298.36783561942593
23210000,46420.00000853949,-54049.360580304055,296.4901996155827
23215000,46430.00000854153,-54023.66109018531,291.98839200504176
23220000,46440.00000854357,-53593.7631197935,290.18958158545246
23225000,46450.000008545605,-53995.817450572504,296.9732756634819
23230000,46460.00000854764,-54043.58239104139,297.5459591312067
23235000,46470.00000854968,-53929.56580874897,292.3226401876285
23240000,46480.00000855172,-54052.63535963863,301.5607860365514
23245000,46490.000008553754,-54253.98504463464,304.59614792159914
23250000,46500.00000855579,-53496.682002308604,287.7978945881478
23255000,46510.00000855783,-54169.52561077333,288.770061820356
23260000,46520.000008559866,-53735.21971275483,297.4461207521635
23265000,46530.0000085619,-53632.15018906642,306.6205209045021
23270000,46540.00000856394,-53703.783043056435,289.26062977916564
23275000,46550.00000856598,-53389.67792072319,304.21551834501895
23280000,46560.000008568015,-54319.83816601304,286.8589122211915
23285000,46570.00000857005,-54043.44073338792,297.31723322500324
23290000,46580.00000857209,-53900.02497130056,296.9033856313893
23295000,46590.00000857413,-54071.48985956513,299.1942824280004
23300000,46600.000008576164,-53765.938362897956,301.6236597977667
23305000,46610.0000085782,-54179.94677293545,301.9947564959685
23310000,46620.00000858024,-53939.56363714981,293.2395058443915
23315000,46630.000008582276,-53868.97129783887,294.2764955465796
23320000,46640.00000858431,-53789.26968575729,295.12776136718213
23325000,46650.00000858635,-53854.444962232985,298.427059491379
23330000,46660.00000858839,-54046.23637295043,294.1245142086185
23335000,46670.000008590425,-54025.799398934614,306.830061444872
23340000,46680.00000859246,-53862.20188963026,295.9655203945225
23345000,46690.0000085945,-54138.22556505975,300.24018220324376
23350000,46700.00000859654,-53718.072190102306,298.13997669522325
23355000,46710.000008598574,-53518.75034854535,292.5320090001541
23360000,46720.00000860061,-53761.3695379103,304.2673902426376
23365000,46730.00000860265,-53354.90185437832,303.4901897855458
23370000,46740.000008604686,-53975.565859545255,309.67080831686917
23375000,46750.00000860672,-53397.50526064262,306.44045531009414
23380000,46760.00000860876,-54268.52657697842,298.9079654753934
23385000,46770.0000086108,-53550.64350160537,290.2846217124274
23390000,46780.000008612835,-53861.23761473503,293.2423843761856
23395000,46790.00000861487,-53770.04524066468,305.22286829948695
23400000,46800.00000861691,-53244.85930213542,299.5670215867233
23405000,46810.00000861895,-53589.4545905581,300.79816413892684
23410000,46820.000008620984,-54169.30084954697,299.29115341901814
23415000,46830.00000862302,-53803.11196214543,294.7029986434436
23420000,46840.00000862506,-53968.141758288955,305.77038125656213
23425000,46850.000008627096,-54051.636678286304,302.31429589696836
23430000,46860.00000862913,-53831.290498518065,305.1155795046422
23435000,46870.00000863117,-54012.719059011724,299.1401256505407
23440000,46880.00000863321,-53998.8396549102,299.2661558685391
23445000,46890.000008635245,-53309.925852977845,304.65573036100596
23450000,46900.00000863728,-54011.33656014054,297.42729989117595
23455000,46910.00000863932,-53919.818012783595,289.5571832821622
23460000,46920.00000864136,-54203.27868098568,300.2703991418952
23465000,46930.000008643394,-53709.09251664899,300.80251119715183
23470000,46940.00000864543,-53824.647536244534,296.9843271738612
23475000,46950.00000864747,-53908.51159697023,295.007218744957
23480000,46960.000008649506,-53898.6721265458,304.0490644981117
23485000,46970.00000865154,-53735.3710367922,302.7688078076222
23490000,46980.00000865358,-53870.918845022796,299.6749579472537
23495000,46990.00000865562,-54071.12701933738,297.0845998166712
23500000,47000.000008657655,-53575.88292086747,302.37761091325814
23505000,47010.00000865969,-53669.41045887978,298.9193438615333
23510000,47020.00000866173,-53975.54988975116,292.0877988277766
23515000,47030.00000866377,-53854.93132508302,300.6600297791008
23520000,47040.000008665804,-53713.86213548455,297.2841734389863
23525000,47050.00000866784,-53774.148866338975,306.36660384498987
23530000,47060.00000866988,-53690.15166258652,307.65273442318875
23535000,47070.000008671916,-53978.00702476519,298.6596264082037
23540000,47080.00000867395,-54212.735094809555,294.5800166757809
23545000,47090.00000867599,-53487.752112356946,303.9359821685667
23550000,47100.00000867803,-53362.411364663945,292.55927296759944
23555000,47110.000008680065,-53835.9243139755,299.8198935991769
23560000,47120.0000086821,-53998.507957017195,292.49504586674226
23565000,47130.00000868414,-53918.91333125584,305.394863301138
23570000,47140.00000868618,-53514.68557391787,301.8450884714443
23575000,47150.000008688214,-53988.598495697894,305.8144223662597
23580000,47160.00000869025,-53915.133786431456,301.3837931399593
23585000,47170.00000869229,-53791.22705026981,300.0981638207697
23590000,47180.000008694326,-53797.58428847729,297.82598459268485
23595000,47190.00000869636,-53675.283649329125,303.1894469417801
23600000,47200.0000086984,-54374.08514277989,301.17012289366295
23605000,47210.00000870044,-53725.50163654654,299.28244617462093
23610000,47220.000008702475,-53881.46915171563,298.68078576365076
23615000,47230.00000870451,-53824.344588170236,298.9921530487147
23620000,47240.00000870655,-53921.067673323385,308.25481781041526
23625000,47250.00000870859,-54197.13380284241,299.3121917831015
23630000,47260.000008710624,-53806.357331700594,295.97887543054696
23635000,47270.00000871266,-53944.304707946256,301.1386524935922
23640000,47280.0000087147,-53676.32221440875,305.782581394232
23645000,47290.000008716735,-53474.958252609475,297.7842919752525
23650000,47300.00000871877,-53586.52724896025,292.5809604422794
23655000,47310.00000872081,-53763.752367725625,298.2841353994353
23660000,47320.00000872285,-54070.73866748798,300.72119423019524
23665000,47330.000008724885,-53984.61682328512,287.3311404509792
23670000,47340.00000872692,-53870.95485499001,300.2608634029417
23675000,47350.00000872896,-53454.03996037945,298.1536326262591
23680000,47360.000008730996,-54189.63247791628,294.94459083998834
23685000,47370.00000873303,-53880.43498062619,301.61781115308565
23690000,47380.00000873507,-53970.919787035906,295.35696057351555
23695000,47390.00000873711,-54305.629229925806,297.4049913527681
23700000,47400.000008739145,-53568.90023913808,298.76309348229876
23705000,47410.00000874118,-53707.98356030276,297.1120914580759
23710000,47420.00000874322,-53987.004715464864,295.62427885253334
23715000,47430.00000874526,-53885.674230405566,298.0951001322867
23720000,47440.000008747294,-53779.28036495746,298.4186580900676
23725000,47450.00000874933,-53972.92783813723,300.1985288445739
23730000,47460.00000875137,-53563.51179224177,297.1228509267271
23735000,47470.000008753406,-53841.53921406486,298.2376230328753
23740000,47480.00000875544,-53570.48157535889,294.5079327373426
23745000,47490.00000875748,-53797.69595312001,296.66155906607503
23750000,47500.00000875952,-53934.27993115486,290.3904325661563
23755000,47510.000008761555,-53866.79494055471,299.4380684812835
23760000,47520.00000876359,-53767.38399177589,296.4382973300245
23765000,47530.00000876563,-53995.40439605602,294.6373836672668
23770000,47540.00000876767,-53788.30180788727,296.3591901422845
23775000,47550.000008769704,-54000.10241590554,297.4075185700316
23780000,47560.00000877174,-53969.003065441735,302.457031715544
23785000,47570.00000877378,-53772.60054174953,299.291231765208
23790000,47580.000008775816,-53750.12659191451,298.9721344260672
23795000,47590.00000877785,-53742.825074686436,294.24086473163874
23800000,47600.00000877989,-53691.40744588687,296.36257140753503
23805000,47610.00000878193,-53786.652033239225,304.4409794979734
23810000,47620.000008783965,-54050.31817790083,298.8916205057034
23815000,47630.000008786,-53374.14262827387,295.90133704589357
23820000,47640.00000878804,-53690.68756345939,299.42574309003237
23825000,47650.00000879008,-53436.78079572026,300.85569059824627
23830000,47660.000008792114,-53803.91424272192,291.3961999851312
23835000,47670.00000879415,-53783.45233944061,288.97219110804434
23840000,47680.00000879619,-54181.866169551125,302.2315424476609
23845000,47690.000008798226,-54250.95858887653,298.35822097282454
23850000,47700.00000880026,-53661.57642000177,289.77491573920804
23855000,47710.0000088023,-53731.4890417523,309.31415539051324
23860000,47720.00000880434,-53910.13640589279,291.59258314554285
23865000,47730.000008806375,-53848.87071397746,296.22295741710144
23870000,47740.00000880841,-53889.31329111857,298.82478809977505
23875000,47750.00000881045,-53578.3761240477,297.6321134565975
23880000,47760.00000881249,-53666.98956333034,302.7864514700813
23885000,47770.000008814524,-54090.92715373039,299.2745689146114
23890000,47780.00000881656,-53728.836292629596,297.4099174090143
23895000,47790.0000088186,-53905.50440441724,304.3193298787994
23900000,47800.000008820636,-54058.98762469477,295.17288055206603
23905000,47810.00000882267,-53980.72700509822,292.42333014768076
23910000,47820.00000882471,-53991.9548762491,298.16885474285255
23915000,47830.00000882675,-53698.393626102334,298.5018689379361
23920000,47840.000008828785,-53451.15583138095,296.6258878815129
23925000,47850.00000883082,-54054.94028871483,299.11658927896923
23930000,47860.00000883286,-53494.87208854759,296.297498337203
23935000,47870.0000088349,-53624.22657541724,293.52677405668186
23940000,47880.000008836934,-53830.9961229598,301.9801930667361
23945000,47890.00000883897,-53963.29252561796,298.99470255303095
23950000,47900.00000884101,-53725.00701746199,301.357082885453
23955000,47910.000008843046,-53817.25353840602,299.28762717178654
23960000,47920.00000884508,-53669.65042312993,297.3499078797391
23965000,47930.00000884712,-53855.224504869315,296.28581082447226
23970000,47940.00000884916,-53864.552894769644,306.79898775523026
23975000,47950.000008851195,-53486.12551594587,297.50751702652843
23980000,47960.00000885323,-54061.688642693596,297.4608624843506
23985000,47970.00000885527,-53854.922422262374,294.8133016152825
23990000,47980.00000885731,-54022.269620415114,295.3284876972242
23995000,47990.000008859344,-53459.08355077088,297.84339281264806
24000000,48000.00000886138,-53953.198702237365,292.5546002175605
24005000,48010.00000886342,-53986.22204842756,298.7036949935872
24010000,48020.000008865456,-54158.01457173398,292.15081876754635
24015000,48030.00000886749,-53745.5415956346,303.6282864507109
24020000,48040.00000886953,-53521.031280453084,297.653772351077
24025000,48050.00000887157,-53493.33691043325,294.43444609173036
24030000,48060.000008873605,-53720.18512229415,299.36732181179434
24035000,48070.00000887564,-53803.750074650685,296.4491561722548
24040000,48080.00000887768,-53505.35407183171,296.15927067571147
24045000,48090.00000887972,-53658.81746017563,302.23885976871645
24050000,48100.000008881754,-53935.009827913076,286.74808481776535
24055000,48110.00000888379,-54043.65536666071,296.7427972815768
24060000,48120.00000888583,-53579.17087888485,303.5175504451399
24065000,48130.000008887866,-53948.10450746209,299.93868843591054
24070000,48140.0000088899,-54041.578758493444,307.45946555413343
24075000,48150.00000889194,-53538.1426008337,296.99354926110595
24080000,48160.00000889398,-53840.69790646527,296.2625446040384
24085000,48170.000008896015,-53479.45945291314,301.78500266168334
24090000,48180.00000889805,-53449.26569241224,307.9894116927005
24095000,48190.00000890009,-54299.53164810367,297.05386037470845
24100000,48200.00000890213,-53499.22189802583,295.1808780083801
24105000,48210.000008904164,-54014.44047915735,303.2751270525179
24110000,48220.0000089062,-53835.608744573634,293.6134075531265
24115000,48230.00000890824,-53591.281607698154,298.012862605517
24120000,48240.000008910276,-53447.16705293709,299.2405525911813
24125000,48250.00000891231,-53797.63819318099,300.57845813241136
24130000,48260.00000891435,-53679.50546533184,283.48804623232184
24135000,48270.00000891639,-53833.5794258074,301.6060655232896
24140000,48280.000008918425,-54137.30953430076,301.30588171677425
24145000,48290.00000892046,-53687.194206407934,301.11228040171204
24150000,48300.0000089225,-53544.90858877526,295.0043274497877
24155000,48310.00000892454,-53845.45937371446,296.5958296240306
24160000,48320.000008926574,-53844.51036476917,290.7665542580126
24165000,48330.00000892861,-53941.22186198653,298.6881697354475
24170000,48340.00000893065,-54282.08925365712,293.4121491291976
24175000,48350.000008932686,-53735.423666419636,299.7579451199747
24180000,48360.00000893472,-53939.02256383709,297.0449772266778
24185000,48370.00000893676,-53849.32867113958,307.90165406401246
24190000,48380.0000089388,-54057.159512780985,301.62642869628917
24195000,48390.000008940835,-53781.31079416926,296.1315703591978
24200000,48400.00000894287,-53635.94203187621,304.565997664944
24205000,48410.00000894491,-53831.44295249123,301.39096578090397
24210000,48420.00000894695,-54113.456312372495,288.4150398095548
24215000,48430.000008948984,-54123.436464375205,294.08929162835426
24220000,48440.00000895102,-54101.28651979106,294.78413429578217
24225000,48450.00000895306,-54027.522756593535,310.7352422272515
24230000,48460.000008955096,-53850.60969355557,300.46500252586935
24235000,48470.00000895713,-53666.049922235485,297.056019329089
24240000,48480.00000895917,-53306.67304796178,295.00351156891526
24245000,48490.00000896121,-53936.15535977969,304.0574248252263
24250000,48500.000008963245,-53339.0427291205,289.95541808049654
24255000,48510.00000896528,-53566.419197855226,296.78229955531754
24260000,48520.00000896732,-54316.13166236342,304.8744426506357
24265000,48530.00000896936,-53821.85688223119,297.1815486029537
24270000,48540.000008971394,-53539.11717128937,301.28507797631374
24275000,48550.00000897343,-53517.10452094843,290.75360891379296
24280000,48560.00000897547,-53907.71320261486,292.86624789911525
24285000,48570.000008977506,-53875.18048650393,284.983207322551
24290000,48580.00000897954,-54032.826451948786,305.6258527743719
24295000,48590.00000898158,-53932.68567731627,293.83819364421026
24300000,48600.00000898362,-53768.79651628845,293.4941206874042
24305000,48610.000008985655,-53950.20378455287,294.18999003007997
24310000,48620.00000898769,-53557.50620648789,299.473070322509
24315000,48630.00000898973,-53621.41887351248,289.137413984179
24320000,48640.00000899177,-54049.89552964171,299.22857136093086
24325000,48650.000008993804,-54288.28164093339,294.30485017491026
24330000,48660.00000899584,-53794.2529021395,296.2999002248442
24335000,48670.00000899788,-53958.94123215423,298.4844789441017
24340000,48680.000008999916,-53944.6255312906,295.756298587441
24345000,48690.00000900195,-53686.759848775226,304.7282378080818
24350000,48700.00000900399,-53593.44097849139,297.9519115044893
24355000,48710.00000900603,-53632.712268915406,303.09559462906185
24360000,48720.000009008065,-53824.10227291251,306.56400940059206
24365000,48730.0000090101,-54311.46176906992,301.25187650607364
24370000,48740.00000901214,-53891.45248368458,299.7536095038934
24375000,48750.00000901418,-53407.682206329686,303.86310577060476
24380000,48760.000009016214,-53844.2645222164,304.1640708455915
24385000,48770.00000901825,-53518.7568438329,300.65413557696417
24390000,48780.00000902029,-53793.32138433034,301.4656079691746
24395000,48790.000009022326,-53971.2812125347,295.7320782346495
24400000,48800.00000902436,-53804.432226257224,296.87361026884855
24405000,48810.0000090264,-53525.493844390265,300.40093803958325
24410000,48820.00000902844,-54158.23997393888,295.91149707121434
24415000,48830.000009030475,-53243.21494989842,288.42460628499055
24420000,48840.00000903251,-53821.74218033877,296.22959527988
24425000,48850.00000903455,-53706.068184516276,300.0170760716335
24430000,48860.00000903659,-53737.70244994247,301.7562535606227
24435000,48870.000009038624,-53718.64898592801,292.75942706170747
24440000,48880.00000904066,-53573.20608459288,301.6175721873802
24445000,48890.0000090427,-53913.94213869673,295.60391520392733
24450000,48900.000009044736,-53475.18609700358,296.68563277151134
24455000,48910.00000904677,-54076.63215882261,304.2267939429081
24460000,48920.00000904881,-54150.96386031574,296.647876674263
24465000,48930.00000905085,-53364.11234907727,298.4366922400575
24470000,48940.000009052885,-53860.408362503804,302.2825782472404
24475000,48950.00000905492,-53361.65006008779,294.11788790325295
24480000,48960.00000905696,-53911.812590221205,297.665339543082
24485000,48970.000009059,-53542.03471806171,304.09099369187123
24490000,48980.000009061034,-53836.352698007715,307.78500253672985
24495000,48990.00000906307,-54126.069189466536,300.50728481987244
24500000,49000.00000906511,-53504.46509762382,304.1133185564308
24505000,49010.000009067146,-53812.28497060257,293.5776772384805
24510000,49020.00000906918,-53975.019087769004,295.0769134193291
24515000,49030.00000907122,-53860.57721648575,302.79058578606845
24520000,49040.00000907326,-53842.72872327408,297.0372894563157
24525000,49050.000009075295,-53717.45202109765,295.4727605196345
24530000,49060.00000907733,-53250.77961787599,295.1866435814865
24535000,49070.00000907937,-53775.35991341312,299.46486129764924
24540000,49080.00000908141,-53653.29812678308,294.8798322321479
24545000,49090.000009083444,-53719.32432688109,298.49418888987424
24550000,49100.00000908548,-53524.477167040546,296.23547503457104
24555000,49110.00000908752,-54110.21026984262,295.75897118022664
24560000,49120.000009089556,-53873.32623219874,296.411917834378
24565000,49130.00000909159,-54169.938927094045,302.052359156989
24570000,49140.00000909363,-53859.19614540224,293.31152704306635
24575000,49150.00000909567,-53771.505984165764,294.8670765441722
24580000,49160.000009097705,-53493.692710406205,299.5356812230278
24585000,49170.00000909974,-53932.557032046665,300.64766079326205
24590000,49180.00000910178,-53760.4636984127,298.1622518130221
24595000,49190.00000910382,-54071.13989206101,293.93456393371656
24600000,49200.000009105854,-53994.75009511184,300.3762785674921
24605000,49210.00000910789,-53973.97579808478,303.0747767348803
24610000,49220.00000910993,-53769.17968270552,296.1625203418431
24615000,49230.000009111965,-54043.27742629894,293.8704970530798
24620000,49240.000009114,-53675.29408364874,303.3463312911163
24625000,49250.00000911604,-53877.67250671965,294.67990658044295
24630000,49260.00000911808,-54093.270686006756,297.63453706962486
24635000,49270.000009120115,-53514.23347351994,296.0517783431867
24640000,49280.00000912215,-53508.029445791646,293.682132888392
24645000,49290.00000912419,-53691.26592286807,295.80870842088467
24650000,49300.000009126226,-53845.18985740244,305.70673247994534
24655000,49310.00000912826,-53655.10418484121,299.4196145048451
24660000,49320.0000091303,-53830.40733812508,296.9023884724201
24665000,49330.00000913234,-53880.163025568676,306.1179639061896
24670000,49340.000009134375,-53665.74389994587,303.391575320881
24675000,49350.00000913641,-54179.20445172468,302.675959831026
24680000,49360.00000913845,-53632.461855165835,298.38323169933614
24685000,49370.00000914049,-53846.438865019154,293.5098763229013
24690000,49380.000009142525,-54034.591939490725,302.28136624700534
24695000,49390.00000914456,-53808.410350491875,299.3705435569371
24700000,49400.0000091466,-54312.947663823084,304.4496479236184
24705000,49410.000009148636,-53882.4922584577,294.99325747746997
24710000,49420.00000915067,-53634.55713250788,307.546915514212
24715000,49430.00000915271,-53660.844120808615,304.3498890873937
24720000,49440.00000915475,-53768.13511980517,301.1707163223931
24725000,49450.000009156785,-54179.61254741307,303.833604757694
24730000,49460.00000915882,-53632.54617750578,291.49222661937205
24735000,49470.00000916086,-54036.08703463781,298.12340839062335
24740000,49480.0000091629,-53489.542176159506,299.3426456131063
24745000,49490.000009164934,-53718.43186491102,302.19097197244037
24750000,49500.00000916697,-53609.9475716232,300.8847339436323
24755000,49510.00000916901,-54158.85978668605,296.89589727949556
24760000,49520.000009171046,-53319.06530347676,297.1028751683999
24765000,49530.00000917308,-53915.005613240966,305.87810174673217
24770000,49540.00000917512,-53747.37577580733,299.7269703729901
24775000,49550.00000917716,-54263.7472672954,293.4984788339925
24780000,49560.000009179195,-53676.317166401364,302.10985873326973
24785000,49570.00000918123,-53645.23689271492,292.69834362456584
24790000,49580.00000918327,-53899.79554498082,299.90219437294957
24795000,49590.00000918531,-53758.700030683714,305.18958109128124
24800000,49600.000009187344,-53792.39323932433,307.0208769588062
24805000,49610.00000918938,-53822.63767126904,293.2028300513242
24810000,49620.00000919142,-53609.73343204259,282.6176979623541
24815000,49630.000009193456,-53790.328866471595,308.13067694558407
24820000,49640.00000919549,-53994.36032605183,298.5422784932431
24825000,49650.00000919753,-53670.91238409348,297.00287507255143
24830000,49660.00000919957,-53495.623613214906,293.4074998047817
24835000,49670.000009201605,-53965.07171060963,295.6015388526631
24840000,49680.00000920364,-53874.11991403843,295.13081648108613
24845000,49690.00000920568,-53806.96151790701,299.44124023049244
24850000,49700.00000920772,-53666.6416709887,296.02721798578136
24855000,49710.000009209754,-53516.52216921133,294.2602002524918
24860000,49720.00000921179,-54144.25303736358,297.8242825639663
24865000,49730.00000921383,-53866.63181049799,306.1180332631784
24870000,49740.000009215866,-53979.20782549132,293.2793761214588
24875000,49750.0000092179,-54170.992595355434,299.14985354549975
24880000,49760.00000921994,-53984.89551556588,297.538522860742
24885000,49770.00000922198,-53813.81093681147,299.95058084721484
24890000,49780.000009224015,-53804.69543778247,296.65340101212865
24895000,49790.00000922605,-53829.983250969206,301.2247999890903
24900000,49800.00000922809,-53850.099299566005,296.31545942266126
24905000,49810.00000923013,-53651.997625185875,291.4353368146367
24910000,49820.000009232164,-54060.41843768541,293.04948038637383
24915000,49830.0000092342,-53516.830481978046,292.386716451647
24920000,49840.00000923624,-53854.83464597759,298.6960819022195
24925000,49850.000009238276,-53730.467331461376,295.386037652565
24930000,49860.00000924031,-54194.76167332844,303.38622285717054
24935000,49870.00000924235,-53699.279255446396,293.60576801463594
24940000,49880.00000924439,-53158.87030761436,306.7235559695412
24945000,49890.000009246425,-53833.14654406175,303.65877828539425
24950000,49900.00000924846,-53830.126039537194,301.2102424815304
24955000,49910.0000092505,-53696.98236224579,298.7135849138223
24960000,49920.00000925254,-54019.331150720245,301.2881411095468
24965000,49930.000009254574,-53600.49320210208,312.38544852205587
24970000,49940.00000925661,-53468.29504238031,289.26265687364724
24975000,49950.00000925865,-53806.291138301865,291.09550451946126
24980000,49960.000009260686,-53354.89014530365,302.40646536830894
24985000,49970.00000926272,-54137.578530615196,297.7826614663645
24990000,49980.00000926476,-53756.546226845065,301.2827404623527
24995000,49990.0000092668,-53848.30212814262,303.5459338327687
25000000,50000.000009268835,-53875.426183634845,297.1732079037186
