#"Step","Time (ps)","Potential Energy (kJ/mole)","Temperature (K)"
5000,10.000000000000009,-51208.14415884149,296.61256403638265
10000,19.999999999999794,-51291.15836306306,296.83099881727475
15000,29.99999999999425,-51781.87123715787,309.44970143380635
20000,40.00000000000292,-51599.23766170576,296.1814738270449
25000,50.00000000001514,-51269.53730906581,298.1971346476105
30000,60.00000000002736,-51729.3361206828,295.9200365188848
35000,70.00000000001826,-51370.56991896464,293.74256227355204
40000,79.99999999999496,-51615.3922385982,298.18388179786507
45000,89.99999999997165,-51744.37723440083,301.9398444941839
50000,99.99999999994834,-51503.12587146193,296.2451186653451
55000,109.99999999992504,-51274.145644481265,293.2606744739316
60000,119.99999999990173,-51618.66751279868,303.3336736786998
65000,129.99999999989262,-51449.74782578007,300.2578666103884
70000,139.99999999994037,-51553.24366202799,300.40045911698303
75000,149.99999999998812,-51243.95306001045,296.39664292068363
80000,160.00000000003587,-51322.83935771737,300.234567662431
85000,170.00000000008362,-51490.43902058143,297.9763724167341
90000,180.00000000013137,-50979.9921011758,297.0364696803155
95000,190.0000000001791,-51426.07154636289,303.0711107982213
100000,200.00000000022686,-51725.897194517805,296.08423976809746
105000,210.0000000002746,-51323.8636938002,296.7930430209074
110000,220.00000000032236,-51469.79936571195,298.19207011129697
115000,230.0000000003701,-51342.63405013934,302.3988987260757
120000,240.00000000041786,-51512.51883545326,302.96799958300596
125000,250.0000000004656,-51229.840718579944,298.7747572900461
130000,260.00000000051335,-51651.39764611045,303.4401334932484
135000,270.0000000005611,-51526.01584058965,299.90754319001786
140000,280.00000000060885,-51734.56307541579,295.08985813725945
145000,290.0000000006566,-51464.67662741622,294.88179310774314
150000,300.00000000070435,-51496.114230481646,299.2130670518641
155000,310.0000000007521,-51409.56700547956,303.0466267873124
160000,320.00000000079984,-51633.7950543559,296.1352583128348
165000,330.0000000008476,-51527.23990408931,295.6120328408637
170000,340.00000000089534,-51449.80715756019,300.8814233393516
175000,350.0000000009431,-51003.71464943327,298.5892126917347
180000,360.00000000099084,-51563.21639054309,302.0529156774836
185000,370.0000000010386,-51828.7880960372,295.3111448963878
190000,380.00000000108633,-51076.481854107406,297.19584961914836
195000,390.0000000011341,-51852.56862658536,307.8071493074584
200000,400.00000000118183,-51584.97361958923,303.7949844441342
205000,410.0000000012296,-51487.72658961863,310.30292757818165
210000,420.00000000127733,-51395.79756403802,297.6132614146363
215000,430.0000000013251,-51522.02579790802,300.8365121777719
220000,440.0000000013728,-51257.59786602808,305.63153143507685
225000,450.0000000014206,-51437.83236754144,300.09867914589586
230000,460.0000000014683,-50972.68088148051,297.9386443373174
235000,470.00000000151607,-51512.382222491375,294.3424560123605
240000,480.0000000015638,-51331.766596160596,298.1648569649091
245000,490.00000000161157,-51629.56877313569,302.7768485771567
250000,500.0000000016593,-51411.74010027663,296.60197153211067
255000,510.00000000170706,-51308.1693363277,299.98768891372265
260000,520.0000000015274,-51473.81989763485,299.7200798098816
265000,530.0000000012909,-51864.63578281933,302.8551634211517
270000,540.0000000010544,-51494.5573839194,292.6814812901179
275000,550.000000000818,-51642.62731430109,298.8863356115817
280000,560.0000000005815,-51147.76291525137,300.3875101044686
285000,570.000000000345,-51588.02703584655,299.36673855073
290000,580.0000000001086,-51534.556037994334,300.0637652987214
295000,589.9999999998721,-51340.1607880129,296.04106069449114
300000,599.9999999996356,-51638.59848123658,300.48815373009575
305000,609.9999999993992,-51383.06607458211,303.84501022701846
310000,619.9999999991627,-51520.81190597848,306.24534451712907
315000,629.9999999989262,-51458.6085904231,303.9008820586024
320000,639.9999999986898,-51577.136304638494,305.9118068927322
325000,649.9999999984533,-50997.26917565262,289.6312926441816
330000,659.9999999982168,-51152.803822104266,301.8727001256273
335000,669.9999999979804,-51619.53647619832,293.90312635853246
340000,679.9999999977439,-51459.87199947197,308.494678463059
345000,689.9999999975074,-51354.88655661294,307.4234636792326
350000,699.999999997271,-51591.50462051318,291.07665020299316
355000,709.9999999970345,-51598.27529105556,300.4235831539348
360000,719.999999996798,-51250.333424762735,301.5392675513479
365000,729.9999999965615,-51378.018733085366,299.7310868505907
370000,739.9999999963251,-51084.29951904065,282.43357125796246
375000,749.9999999960886,-51746.31640670993,291.78834261414386
380000,759.9999999958521,-51593.21668045607,307.5312742098723
385000,769.9999999956157,-51464.45431336528,290.923928821686
390000,779.9999999953792,-51373.033219491306,292.579632847915
395000,789.9999999951427,-51611.64301753155,301.74241742633546
400000,799.9999999949063,-51659.882444731134,299.25406788676105
405000,809.9999999946698,-51549.37790548804,286.6968743841296
410000,819.9999999944333,-51310.989463340666,289.59486939353076
415000,829.9999999941969,-51659.59828059818,293.44216395407335
420000,839.9999999939604,-51857.59347745261,289.6198673347609
425000,849.9999999937239,-51602.964608726295,291.79413860403366
430000,859.9999999934874,-51681.34844498578,293.471190035091
435000,869.999999993251,-51443.776825123234,299.09222560617565
440000,879.9999999930145,-51414.64287195366,301.2903035538744
445000,889.999999992778,-51613.52119724074,295.4836175968629
450000,899.9999999925416,-51406.51926589591,302.527026715997
455000,909.9999999923051,-51532.83385958508,296.00047817713346
460000,919.9999999920686,-51643.59596860173,299.57373102979415
465000,929.9999999918322,-51752.945995738584,292.86698114877674
470000,939.9999999915957,-51747.03176056247,297.1486511261148
475000,949.9999999913592,-51443.538318098785,303.71440231853813
480000,959.9999999911228,-51899.16456565511,297.9606269130344
485000,969.9999999908863,-51331.2457973453,306.49375475602744
490000,979.9999999906498,-51502.663737699564,303.2023382742509
495000,989.9999999904134,-51662.601323876675,296.9288667287212
500000,999.9999999901769,-51418.921298287576,297.3704174121859
505000,1009.9999999899404,-51492.74650808281,299.002509499569
510000,1019.999999989704,-51590.610167552484,299.0595942534201
515000,1029.9999999894676,-51252.667906796385,300.9341093692263
520000,1039.9999999892311,-51484.36888621631,295.81541881048264
525000,1049.9999999889947,-51718.311679909995,301.5078455315621
530000,1059.9999999887582,-51444.884057565505,297.54760922702013
535000,1069.9999999885217,-51485.14628704215,299.8890489622055
540000,1079.9999999882853,-51191.23760406667,299.14934294562505
545000,1089.9999999880488,-51676.56546532194,299.34312102889265
550000,1099.9999999878123,-51596.0876961764,290.80420184404534
555000,1109.9999999875758,-51242.44291066495,304.38668539234544
560000,1119.9999999873394,-51703.931257429795,301.0518212584232
565000,1129.999999987103,-51886.34488102034,297.03458957353695
570000,1139.9999999868664,-51265.79482408581,307.04803355195247
575000,1149.99999998663,-51166.96232239893,298.7343358243865
580000,1159.9999999863935,-51190.37492033531,292.0606990618374
585000,1169.999999986157,-51108.146054128185,303.20118792843317
590000,1179.9999999859206,-51659.641031124425,290.20733087692827
595000,1189.999999985684,-51656.41426093638,299.85797630178376
600000,1199.9999999854476,-51138.95561354022,296.05059319746636
605000,1209.9999999852112,-51190.556178862986,297.4556630905279
610000,1219.9999999849747,-51203.494532556564,295.50777007179096
615000,1229.9999999847382,-51378.53842140868,295.6625282830729
620000,1239.9999999845018,-51608.93201702583,298.12351024979273
625000,1249.9999999842653,-51651.583042154525,293.46080539813937
630000,1259.9999999840288,-51316.28839116759,300.985508185036
635000,1269.9999999837923,-51816.82567077517,288.2096604630074
640000,1279.9999999835559,-51489.703027342155,309.00775022253663
645000,1289.9999999833194,-51673.37628676748,300.18504361629385
650000,1299.999999983083,-51127.45532097382,300.6431935963134
655000,1309.9999999828465,-50941.41079278753,309.23487035218784
660000,1319.99999998261,-51416.84992229854,289.2404856732668
665000,1329.9999999823735,-51300.001861479395,299.76865978369614
670000,1339.999999982137,-51544.015877818514,298.4230515770157
675000,1349.9999999819006,-51582.75194839921,295.89471023545843
680000,1359.9999999816641,-51694.5946134683,304.35736521414594
685000,1369.9999999814277,-51307.30591885731,295.6336983341504
690000,1379.9999999811912,-51916.89128052682,297.6013740461319
695000,1389.9999999809547,-51718.497790532245,299.6293291202155
700000,1399.9999999807183,-51378.637403962115,299.33260340295175
705000,1409.9999999804818,-50908.45580022893,297.02780663923505
710000,1419.9999999802453,-51461.1699725026,300.2713492087386
715000,1429.9999999800089,-51739.96774582288,295.6358703932115
720000,1439.9999999797724,-51223.507734767685,303.596699067672
725000,1449.999999979536,-51703.64655163721,289.1070744841468
730000,1459.9999999792994,-51729.16338655495,298.362924553841
735000,1469.999999979063,-51447.742804725276,292.749780998433
740000,1479.9999999788265,-51802.61916155275,298.6984953493584
745000,1489.99999997859,-51311.177450986,302.27617127590605
750000,1499.9999999783536,-51669.312422714225,293.17040697833204
755000,1509.999999978117,-51437.97708686974,304.4153367813935
760000,1519.9999999778806,-51235.377198711445,293.4728575977637
765000,1529.9999999776442,-51113.65826567245,300.9646574717434
770000,1539.9999999774077,-51280.1766990578,297.32479055838706
775000,1549.9999999771712,-51495.25663652268,296.82530530931615
780000,1559.9999999769348,-51397.68879084964,302.5886108677365
785000,1569.9999999766983,-51551.56543055529,295.45989817454546
790000,1579.9999999764618,-51708.49053693106,299.42822445887634
795000,1589.9999999762254,-51595.27694586085,307.3635332006705
800000,1599.9999999759889,-51488.135495177994,301.4297844738797
805000,1609.9999999757524,-51452.65931304518,298.2761295090161
810000,1619.999999975516,-51648.916468096926,298.4021665902103
815000,1629.9999999752795,-51723.06870250171,303.51796806494696
820000,1639.999999975043,-51817.12720119994,307.7101282454771
825000,1649.9999999748065,-51687.40726038258,299.87542075308124
830000,1659.99999997457,-51169.697858868836,308.89385666550226
835000,1669.9999999743336,-51524.779298828245,296.73991724824634
840000,1679.9999999740971,-51386.81429721136,297.758233206342
845000,1689.9999999738607,-51330.71045840622,302.718419447196
850000,1699.9999999736242,-51236.779044091585,297.6746341791251
855000,1709.9999999733877,-51237.506401097955,295.72763038856596
860000,1719.9999999731513,-51390.388264542096,293.8064841696839
865000,1729.9999999729148,-51471.76897488939,294.68894670867115
870000,1739.9999999726783,-51407.36336522596,297.1988592752921
875000,1749.9999999724419,-51669.91722340492,299.75950185916366
880000,1759.9999999722054,-51784.23712325527,284.2393087343644
885000,1769.999999971969,-51853.23872923007,305.66344366494127
890000,1779.9999999717324,-51315.2362645058,296.2408604897824
895000,1789.999999971496,-51264.131303052505,304.9539698713453
900000,1799.9999999712595,-51305.149576632626,295.77754542723875
905000,1809.999999971023,-51510.180500800605,294.8148302949377
910000,1819.9999999707866,-51499.17587471538,301.65768319257205
915000,1829.99999997055,-51305.330443457555,299.8701349978617
920000,1839.9999999703136,-51498.4652820474,295.36345430151977
925000,1849.9999999700772,-51454.5962217545,307.6904343731226
930000,1859.9999999698407,-52020.39970093648,304.3484221394913
935000,1869.9999999696042,-51278.25694375523,300.88172045578574
940000,1879.9999999693678,-51354.946945258154,292.83938933443534
945000,1889.9999999691313,-51436.62465696092,295.98202715619766
950000,1899.9999999688948,-51437.11165774168,299.97413766187327
955000,1909.9999999686584,-51563.59990707663,300.5358244335588
960000,1919.999999968422,-51386.84199195934,296.2041255348896
965000,1929.9999999681854,-51401.659978501935,303.44806694409004
970000,1939.999999967949,-51226.41797113931,300.52845488956257
975000,1949.9999999677125,-51492.09559720848,301.5539201446321
980000,1959.999999967476,-51659.332431896095,296.7957765669117
985000,1969.9999999672395,-51917.318872859876,307.1337758646446
990000,1979.999999967003,-51838.796330311336,307.18460123905214
995000,1989.9999999667666,-51274.25018303003,295.0913656857227
1000000,1999.9999999665301,-51605.40241059795,294.7014246529058
1005000,2009.9999999662937,-51524.30293859076,299.0185124390467
1010000,2019.9999999660572,-51545.2475836942,305.36809959894026
1015000,2029.9999999658207,-51375.66324087622,294.71982786489576
1020000,2039.9999999655843,-51307.10463542273,294.9860545445959
1025000,2049.999999965348,-51304.62632513826,303.830955019158
1030000,2059.9999999651113,-51153.737100700266,301.2546929433247
1035000,2069.999999964875,-51849.779589742655,300.8267866938474
1040000,2079.9999999646384,-51586.207402034895,298.3213122851249
1045000,2089.999999964402,-51470.63028328892,298.9133391160116
1050000,2099.9999999641655,-51523.32168937405,295.25046786028463
1055000,2109.999999963929,-51525.09631491298,298.5809786037326
1060000,2119.9999999636925,-51632.590647962934,299.25771650428743
1065000,2129.999999963456,-51047.85083740167,295.12701704625675
1070000,2139.9999999632196,-51680.61317319781,302.384285702554
1075000,2149.999999962983,-51310.13640617402,295.6070767934034
1080000,2159.9999999627466,-51693.75100061411,297.09974683771395
1085000,2169.99999996251,-51711.29765947495,298.75674547632354
1090000,2179.9999999622737,-51357.489297376014,305.58236720989834
1095000,2189.9999999620372,-51473.100894933275,302.62234797229644
1100000,2199.9999999618008,-51236.5881615782,294.2136329100367
1105000,2209.9999999615643,-51495.55831368506,298.20687148834116
1110000,2219.999999961328,-51614.76415363312,297.09798363550004
1115000,2229.9999999610914,-51455.376829847024,301.9016677706344
1120000,2239.999999960855,-51199.794735501055,301.7580821013234
1125000,2249.9999999606184,-51450.542142426595,299.4943760951339
1130000,2259.999999960382,-51545.21114723355,299.06491918549506
1135000,2269.9999999601455,-51509.287832756556,297.47841390751853
1140000,2279.999999959909,-51207.25758324959,292.9609559610003
1145000,2289.9999999596726,-51726.27369962269,306.81375856426945
1150000,2299.999999959436,-50975.82269882638,295.3917158811831
1155000,2309.9999999591996,-51805.155656590825,296.76832797075963
1160000,2319.999999958963,-51664.94326468036,296.2872058614635
1165000,2329.9999999587267,-51715.080348034244,292.9453505154668
1170000,2339.99999995849,-51155.553656395874,305.15390142473507
1175000,2349.9999999582537,-51342.93394377714,298.73929267245467
1180000,2359.9999999580173,-51421.459693047684,290.23856107699095
1185000,2369.999999957781,-51589.70136884443,302.42847913447343
1190000,2379.9999999575443,-51201.87879209989,299.8073544804679
1195000,2389.999999957308,-51930.238875647105,292.87456158366564
1200000,2399.9999999570714,-51437.96499119216,303.87638511770695
1205000,2409.999999956835,-51362.434547058976,285.30672558737473
1210000,2419.9999999565985,-51542.070479411545,294.0115906088003
1215000,2429.999999956362,-51407.85193641641,295.1962862137211
1220000,2439.9999999561255,-51139.33598809043,295.83408278509677
1225000,2449.999999955889,-51109.05090251265,296.8373801762957
1230000,2459.9999999556526,-51238.739486407896,301.00398196840433
1235000,2469.999999955416,-51461.986242055544,300.09500981713524
1240000,2479.9999999551796,-51594.341720022814,310.1380080477378
1245000,2489.999999954943,-51516.27609785288,298.7917559763131
1250000,2499.9999999547067,-51872.4635579999,300.08173083964203
1255000,2509.9999999544702,-51388.408350996906,305.6418990149254
1260000,2519.9999999542338,-51718.170430550235,294.5525316434787
1265000,2529.9999999539973,-51323.43672922725,298.5939377314974
1270000,2539.999999953761,-51397.80500573697,299.80458195676533
1275000,2549.9999999535244,-51907.66215318424,299.587687710465
1280000,2559.999999953288,-51202.63953608356,296.68405713091425
1285000,2569.9999999530514,-51933.91751087361,297.11551537016817
1290000,2579.999999952815,-51246.44969815176,303.33686751160144
1295000,2589.9999999525785,-51355.8550614657,295.9278232516925
1300000,2599.999999952342,-51306.653852597985,304.2101792245839
1305000,2609.9999999521056,-51529.3265076282,295.37068597016975
1310000,2619.999999951869,-51773.10196934288,292.8913295786779
1315000,2629.9999999516326,-51827.61148693386,299.34852270924785
1320000,2639.999999951396,-50825.62262765659,298.2851320641643
1325000,2649.9999999511597,-51087.00327844743,295.12716259545346
1330000,2659.999999950923,-51702.39489714382,300.8554720259476
1335000,2669.9999999506867,-51605.38106646828,302.36549396279526
1340000,2679.9999999504503,-51286.629435145354,300.6863915129313
1345000,2689.999999950214,-51704.862187936786,298.70015600287684
1350000,2699.9999999499773,-51378.63225965912,298.3899230489444
1355000,2709.999999949741,-51376.249689932825,301.118191055631
1360000,2719.9999999495044,-50945.25488553298,303.11702957475194
1365000,2729.999999949268,-51300.74857490562,301.6822522162291
1370000,2739.9999999490315,-51376.33736711391,299.82602126354965
1375000,2749.999999948795,-51677.62041308137,299.65734316469315
1380000,2759.9999999485585,-51561.03180095932,296.4982152942848
1385000,2769.999999948322,-51426.29110699086,307.7072204311658
1390000,2779.9999999480856,-51347.79644797713,289.14785488954385
1395000,2789.999999947849,-51319.103612210805,300.3496474309995
1400000,2799.9999999476127,-51408.00810809978,302.3811160312575
1405000,2809.999999947376,-51153.21781495458,306.00585993350586
1410000,2819.9999999471397,-51587.41658160288,308.2423611146269
1415000,2829.9999999469032,-51417.25120887568,298.85723493886127
1420000,2839.999999946667,-51894.613144647854,301.16598721213813
1425000,2849.9999999464303,-51142.55840697209,300.0293342519772
1430000,2859.999999946194,-51395.89784015095,290.84601748092473
1435000,2869.9999999459574,-51535.56330602951,298.9168898573507
1440000,2879.999999945721,-51511.04460697179,303.52630233319564
1445000,2889.9999999454844,-51199.33890669746,295.65642771177374
1450000,2899.999999945248,-51674.363846765744,291.54515784959676
1455000,2909.9999999450115,-51564.05370326404,297.4154721936816
1460000,2919.999999944775,-51670.15412419752,291.58113653807567
1465000,2929.9999999445386,-51326.405453653715,294.9527608937432
1470000,2939.999999944302,-51104.965887596656,285.383899209852
1475000,2949.9999999440656,-51479.50212398544,302.1900322213685
1480000,2959.999999943829,-51678.79255672527,301.6193155207456
1485000,2969.9999999435927,-51349.15111571207,293.2929355399262
1490000,2979.999999943356,-51400.35094166393,299.18201612649733
1495000,2989.9999999431197,-50725.61667927119,300.3417456982014
1500000,2999.9999999428833,-51110.374352649436,306.6794568107652
1505000,3009.999999942647,-51474.28610328655,302.89651654263855
1510000,3019.9999999424103,-51888.74422651771,290.80177751354364
1515000,3029.999999942174,-51361.22302520208,290.03134749512253
1520000,3039.9999999419374,-51618.219819119346,290.099259859093
1525000,3049.999999941701,-51747.659467454214,296.6773448189606
1530000,3059.9999999414645,-51147.132727268414,300.0294606718903
1535000,3069.999999941228,-51779.64727006666,296.2818273672734
1540000,3079.9999999409915,-51340.97670337849,297.0054900721999
1545000,3089.999999940755,-51660.90563439825,295.5830996269761
1550000,3099.9999999405186,-51514.70446315341,297.1752601756462
1555000,3109.999999940282,-51495.199300308304,304.7962944047979
1560000,3119.9999999400457,-51411.0708877288,306.23657690832493
1565000,3129.999999939809,-51547.45141289849,288.385568553688
1570000,3139.9999999395727,-51530.16962112958,297.4640644876106
1575000,3149.9999999393362,-51343.8311134488,301.93861170237017
1580000,3159.9999999391,-51284.248439310235,297.43659272040395
1585000,3169.9999999388633,-51371.6572212904,290.1685554912182
1590000,3179.999999938627,-51780.27365745214,299.92549333487335
1595000,3189.9999999383904,-51504.63911481894,295.7124425683983
1600000,3199.999999938154,-51544.26824045187,297.40128477229655
1605000,3209.9999999379174,-51513.26316675253,293.89770615680345
1610000,3219.999999937681,-51285.497895636654,298.88504540863204
1615000,3229.9999999374445,-51540.2931414069,301.418371377033
1620000,3239.999999937208,-51296.25745837201,293.83645100990753
1625000,3249.9999999369716,-51482.258802148164,304.0017068137554
1630000,3259.999999936735,-51831.8873441178,304.52305334842936
1635000,3269.9999999364986,-51578.82079666617,299.351471114459
1640000,3279.999999936262,-51623.27003214799,286.8052057323687
1645000,3289.9999999360257,-51441.157766692195,297.11095391094386
1650000,3299.999999935789,-51457.354913566815,295.8595926711733
1655000,3309.9999999355528,-51558.36933604261,292.50395442560404
1660000,3319.9999999353163,-51823.33091778611,295.3381268640634
1665000,3329.99999993508,-51303.5800281101,297.96221154881084
1670000,3339.9999999348433,-51688.000136402086,296.88447325392116
1675000,3349.999999934607,-51541.45979152262,301.1359255138081
1680000,3359.9999999343704,-51796.893843580416,302.7470505533121
1685000,3369.999999934134,-51352.63045670485,295.71838008486793
1690000,3379.9999999338975,-51550.170496212086,298.77691922685443
1695000,3389.999999933661,-51386.72194967442,295.88218182583194
1700000,3399.9999999334245,-51765.936102146836,298.79969870305183
1705000,3409.999999933188,-51732.943638371595,306.9769035207656
1710000,3419.9999999329516,-51444.9843633656,306.6689684393848
1715000,3429.999999932715,-51061.8295016223,300.8600047925352
1720000,3439.9999999324787,-51563.54561106462,294.40456321403366
1725000,3449.999999932242,-51494.313407892594,298.09971274874295
1730000,3459.9999999320057,-51252.33732059985,294.44014544609416
1735000,3469.9999999317693,-51270.48156692731,300.7377590788705
1740000,3479.999999931533,-51444.878997375694,298.6290089929157
1745000,3489.9999999312963,-51735.93384100546,291.2820909604859
1750000,3499.99999993106,-51779.09687678321,301.4997975780173
1755000,3509.9999999308234,-50947.53845831205,301.1568224086927
1760000,3519.999999930587,-51506.59546816375,303.4851866161901
1765000,3529.9999999303504,-51311.45871559513,293.3863899758037
1770000,3539.999999930114,-51364.59743899829,310.35637231131847
1775000,3549.9999999298775,-51275.81717015273,297.30409324338916
1780000,3559.999999929641,-51085.59604546873,299.5730775163968
1785000,3569.9999999294046,-51215.46318040497,300.6325488814438
1790000,3579.999999929168,-51645.475315253105,301.1347188950076
1795000,3589.9999999289316,-51417.14337267613,300.63792584235995
1800000,3599.999999928695,-51573.177397685125,293.86911407894434
1805000,3609.9999999284587,-51259.11610323991,299.9173343498035
1810000,3619.999999928222,-51475.67879185692,301.824027401151
1815000,3629.9999999279858,-51645.87641316507,298.51563496473887
1820000,3639.9999999277493,-51050.306525943626,304.1938951620983
1825000,3649.999999927513,-51304.93140271338,296.65778465043013
1830000,3659.9999999272763,-51771.07281710135,295.0524568102778
1835000,3669.99999992704,-51221.76571067868,299.4396464378267
1840000,3679.9999999268034,-51545.93504001701,300.60545859837316
1845000,3689.999999926567,-51642.11368824312,301.8181917220827
1850000,3699.9999999263305,-51155.05225861835,301.1174036805697
1855000,3709.999999926094,-51423.502603698755,298.8342311218874
1860000,3719.9999999258575,-51126.168983990065,305.11101226487233
1865000,3729.999999925621,-51453.418419599795,293.42205018804043
1870000,3739.9999999253846,-51606.73386050918,302.67941698874444
1875000,3749.999999925148,-51354.31408011404,301.1718969518974
1880000,3759.9999999249117,-51624.67969606249,303.34023131155624
1885000,3769.999999924675,-51521.070840134926,293.6916992194914
1890000,3779.9999999244387,-51744.257392201835,301.3197000435267
1895000,3789.9999999242023,-51952.603207864886,306.84967716096463
1900000,3799.999999923966,-51844.12553489258,301.4968166951518
1905000,3809.9999999237293,-51404.06954529742,290.26692180743333
1910000,3819.999999923493,-51594.84927321848,290.1599737053402
1915000,3829.9999999232564,-51608.58956590516,291.68992235940624
1920000,3839.99999992302,-51597.64250504659,295.4096353558681
1925000,3849.9999999227834,-51515.0375563094,292.73917709098856
1930000,3859.999999922547,-51140.38951397664,295.7656623200519
1935000,3869.9999999223105,-51384.30793525389,292.06917940014273
1940000,3879.999999922074,-51261.48369762715,304.8707707035812
1945000,3889.9999999218376,-51524.146473329805,301.22664551231054
1950000,3899.999999921601,-51418.5166684236,299.9756113567399
1955000,3909.9999999213646,-51333.080185200466,306.11750602700744
1960000,3919.999999921128,-51485.10772186867,307.24438477991174
1965000,3929.9999999208917,-51485.549268029106,284.84661045516197
1970000,3939.9999999206552,-51067.022618265415,304.68812073484474
1975000,3949.9999999204188,-51791.32764989993,295.8051202259115
1980000,3959.9999999201823,-51896.77261490756,296.31368855785956
1985000,3969.999999919946,-51457.75844221056,298.86778360889076
1990000,3979.9999999197094,-51831.66178153263,297.46784218041137
1995000,3989.999999919473,-51332.7137913499,301.13296319326616
2000000,3999.9999999192364,-51290.303116382594,309.131532744046
2005000,4009.999999919,-50947.138685203245,297.0884974323068
2010000,4019.9999999187635,-51679.89811870811,299.4997629330168
2015000,4029.999999918527,-51768.09781865758,293.7085798441599
2020000,4039.9999999182905,-51784.06617936332,299.4958231735522
2025000,4049.999999918054,-51510.98106979887,294.66942029076887
2030000,4059.9999999178176,-51522.22121567934,302.6715442973926
2035000,4069.999999917581,-51396.33467377929,292.38276195956286
2040000,4079.9999999173447,-51615.93366470543,300.4300532890395
2045000,4089.999999917108,-51322.918722992705,297.98929590613886
2050000,4099.999999917781,-51223.68072378228,296.0943863877116
2055000,4109.999999919818,-51250.5037005021,292.3929765502565
2060000,4119.999999921855,-51192.438871300896,301.96710226672394
2065000,4129.999999923893,-51496.66093195643,291.1760896272517
2070000,4139.99999992593,-51799.34175599061,300.95370200677263
2075000,4149.999999927967,-51346.60892917661,297.09494025703725
2080000,4159.999999930004,-51589.62640116975,300.1053812697145
2085000,4169.999999932042,-51264.95114724187,298.86579200596236
2090000,4179.999999934079,-50994.891268053325,296.9165732200776
2095000,4189.999999936116,-51159.13283217931,296.94162177134325
2100000,4199.999999938153,-51447.17368218288,299.1194495823183
2105000,4209.999999940191,-51563.21179854724,299.28707196143097
2110000,4219.999999942228,-51440.147966547665,292.6307984606426
2115000,4229.999999944265,-51337.616664661095,294.54251982219984
2120000,4239.9999999463025,-51463.65100977747,291.613742694639
2125000,4249.99999994834,-51544.25567489574,287.92913653663214
2130000,4259.999999950377,-51262.19588071079,295.10954186470565
2135000,4269.999999952414,-51558.0362363891,297.68137053437016
2140000,4279.999999954452,-51761.67317988322,297.6907521098026
2145000,4289.999999956489,-51342.59608648243,293.69675007207155
2150000,4299.999999958526,-51232.413215313776,303.41346260280824
2155000,4309.999999960563,-51472.80181189891,298.55077016281894
2160000,4319.999999962601,-51557.22189391928,305.31939630240345
2165000,4329.999999964638,-51307.07582356164,294.4733905257079
2170000,4339.999999966675,-51352.1053591033,310.5236470557141
2175000,4349.9999999687125,-51376.84869742941,305.8217751839301
2180000,4359.99999997075,-51283.3018660876,299.9244800728554
2185000,4369.999999972787,-51220.63453811864,300.3980910893077
2190000,4379.999999974824,-51274.77960788715,290.69537442110476
2195000,4389.999999976862,-51472.24181103939,300.99537082147907
2200000,4399.999999978899,-51698.77631305542,295.44161258623564
2205000,4409.999999980936,-51301.04115860327,300.65931667345814
2210000,4419.999999982973,-51084.21191905977,297.8874141607693
2215000,4429.999999985011,-51646.34535608912,287.83066674628043
2220000,4439.999999987048,-51393.84854980439,304.4101769447411
2225000,4449.999999989085,-51450.29947017046,310.7488074093636
2230000,4459.999999991122,-51563.87554199912,306.03720268649965
2235000,4469.99999999316,-51618.24888246547,295.92866347750044
2240000,4479.999999995197,-51409.80836457305,296.1249238721236
2245000,4489.999999997234,-51906.27260270712,297.08961764990477
2250000,4499.9999999992715,-51373.167182694946,299.2050527942814
2255000,4510.000000001309,-51317.71479831202,296.8197025493936
2260000,4520.000000003346,-51785.24997352253,299.030222684893
2265000,4530.000000005383,-51453.054158898216,295.1076241603149
2270000,4540.000000007421,-51635.93088285168,301.0170195071274
2275000,4550.000000009458,-51928.75540790058,293.5587450604379
2280000,4560.000000011495,-51627.33090362337,292.5883121409915
2285000,4570.000000013532,-51582.67410316077,289.7358736498143
2290000,4580.00000001557,-51343.00507757775,291.20408649494124
2295000,4590.000000017607,-51178.33726184908,306.2140551758265
2300000,4600.000000019644,-51333.58467704398,295.1245061002062
2305000,4610.000000021681,-51543.66325577762,285.7871107510881
2310000,4620.000000023719,-50971.82801126456,297.2340526212998
2315000,4630.000000025756,-51777.01560221083,298.1872772794857
2320000,4640.000000027793,-51406.93390192746,296.2900562403266
2325000,4650.0000000298305,-51432.98461988426,295.90697754521665
2330000,4660.000000031868,-51023.00485013175,303.16568787690676
2335000,4670.000000033905,-51866.53779140499,306.89463040826405
2340000,4680.000000035942,-51401.293626542,298.72282832861174
2345000,4690.00000003798,-51381.33612728998,299.34732534150766
2350000,4700.000000040017,-51420.711615540815,296.7017022015871
2355000,4710.000000042054,-51126.526565760636,301.7206375198842
2360000,4720.000000044091,-51421.917842919735,298.2512724029503
2365000,4730.000000046129,-51140.74493468707,298.7553847267511
2370000,4740.000000048166,-51306.464603966975,303.33470428941223
2375000,4750.000000050203,-51443.67450858696,301.12451208461084
2380000,4760.0000000522405,-51644.8728015142,302.96347834968384
2385000,4770.000000054278,-51476.90005277304,298.93441139215724
2390000,4780.000000056315,-51642.442748877365,297.3221168650033
2395000,4790.000000058352,-51593.57886291633,304.4258398269476
2400000,4800.0000000603895,-51676.78926618348,295.04651465901225
2405000,4810.000000062427,-51489.09112415367,292.6538182499864
2410000,4820.000000064464,-52018.031971193384,292.31658006298886
2415000,4830.000000066501,-51900.46971427524,297.1211198187127
2420000,4840.000000068539,-51423.2650596819,294.96701176583457
2425000,4850.000000070576,-51362.33565611116,304.7616382711123
2430000,4860.000000072613,-51409.52059817294,304.05772082910505
2435000,4870.00000007465,-51427.93823464474,305.54788224366746
2440000,4880.000000076688,-51355.60514552987,302.3975480845723
2445000,4890.000000078725,-51464.591629064176,292.55741234023264
2450000,4900.000000080762,-51624.77702652593,298.66866277423105
2455000,4910.0000000827995,-51819.20075171866,293.9105486777364
2460000,4920.000000084837,-51371.255156746134,295.8015736789524
2465000,4930.000000086874,-51415.03502491239,303.05768108379294
2470000,4940.000000088911,-51534.19675542475,294.5251721233173
2475000,4950.000000090949,-51408.90873624981,296.5557836310932
2480000,4960.000000092986,-51275.94582248351,295.83096558168785
2485000,4970.000000095023,-51787.23817707671,302.84184101698753
2490000,4980.00000009706,-51376.367440094735,301.49052431668446
2495000,4990.000000099098,-51672.19545088793,294.6338167442186
2500000,5000.000000101135,-51410.42820294888,296.54391146956243
2505000,5010.000000103172,-51498.1717461301,295.21658500527934
2510000,5020.000000105209,-51465.62091870268,293.9052137105601
2515000,5030.000000107247,-51504.207257127535,306.79161579283306
2520000,5040.000000109284,-51491.149970870436,297.8509326740097
2525000,5050.000000111321,-51212.89000869836,301.0852439058932
2530000,5060.0000001133585,-51121.73371589108,302.48928102015486
2535000,5070.000000115396,-51782.37385480001,299.2552064564676
2540000,5080.000000117433,-51701.54805962101,300.1607774023884
2545000,5090.00000011947,-51830.01105914364,303.45687772344166
2550000,5100.000000121508,-51858.869352684414,293.5337918069645
2555000,5110.000000123545,-51702.28024445506,297.4770983104855
2560000,5120.000000125582,-51729.924525373965,307.1751219539691
2565000,5130.000000127619,-51158.165313400066,298.20301034483293
2570000,5140.000000129657,-51208.421153089,295.4033690388578
2575000,5150.000000131694,-51790.45071863098,295.2608440899894
2580000,5160.000000133731,-51607.81988049767,286.7857453465644
2585000,5170.0000001357685,-51566.1560124871,294.38084330442865
2590000,5180.000000137806,-51369.82940100928,292.3666630008246
2595000,5190.000000139843,-51264.762590462604,291.9588616389358
2600000,5200.00000014188,-51236.0098615186,295.1253324269669
2605000,5210.0000001439175,-51492.67284641188,302.4214291483637
2610000,5220.000000145955,-51543.135742377315,299.8096027219514
2615000,5230.000000147992,-51383.44780684638,301.4972479606917
2620000,5240.000000150029,-51181.02833464739,297.28929562892756
2625000,5250.000000152067,-51558.12794654502,302.8715101009351
2630000,5260.000000154104,-51093.19324418827,300.39478588639474
2635000,5270.000000156141,-51259.357438006264,296.0798353622849
2640000,5280.000000158178,-51273.299722691736,296.927461081116
2645000,5290.000000160216,-51205.98024353295,303.404024475492
2650000,5300.000000162253,-51499.001236914744,298.46438170389314
2655000,5310.00000016429,-50975.68736724733,298.91171887760856
2660000,5320.0000001663275,-51789.46423688129,287.51362183499947
2665000,5330.000000168365,-51414.28477874107,299.48334438218
2670000,5340.000000170402,-51587.32615353406,293.95674162198026
2675000,5350.000000172439,-51407.97276189958,305.60292027246936
2680000,5360.000000174477,-51350.26530332051,295.4433741845052
2685000,5370.000000176514,-51263.49705260314,300.42702980371456
2690000,5380.000000178551,-51310.44102878729,305.14155345358887
2695000,5390.000000180588,-51530.910159870866,295.42403854069164
2700000,5400.000000182626,-51384.0983752248,307.7677163787804
2705000,5410.000000184663,-51624.62854473363,290.63938206725635
2710000,5420.0000001867,-51660.7867788531,302.01228501143254
2715000,5430.000000188737,-51255.277516017726,299.31156836424134
2720000,5440.000000190775,-51636.66953880055,288.1504798714551
2725000,5450.000000192812,-51276.24280740676,293.19938479275334
2730000,5460.000000194849,-51468.850726299715,294.1906606625459
2735000,5470.0000001968865,-51122.73936229106,301.14318277347496
2740000,5480.000000198924,-51599.74710905456,304.21175212682783
2745000,5490.000000200961,-51153.209371360834,305.66613712717236
2750000,5500.000000202998,-51188.89639766715,298.0199894475626
2755000,5510.000000205036,-51487.28724726429,298.6307993952756
2760000,5520.000000207073,-51500.773371615156,299.48097273084625
2765000,5530.00000020911,-51414.3667119054,297.70416021156194
2770000,5540.000000211147,-51309.26540969472,304.60005463780027
2775000,5550.000000213185,-51623.30259637002,301.36408736010486
2780000,5560.000000215222,-51957.89263374929,299.06764970802675
2785000,5570.000000217259,-51671.483898228005,294.26127651069083
2790000,5580.000000219296,-51239.93363278912,296.754886599177
2795000,5590.000000221334,-51549.07470142812,291.55478805554606
2800000,5600.000000223371,-51477.78408557002,296.46780261585644
2805000,5610.000000225408,-51260.936474244896,294.16319478356536
2810000,5620.0000002274455,-51479.90290706919,297.59659660364946
2815000,5630.000000229483,-51470.904333467915,302.9538501460768
2820000,5640.00000023152,-51305.06080476972,298.65810789427405
2825000,5650.000000233557,-51600.040731901594,296.3305644999516
2830000,5660.000000235595,-51153.92429443629,297.3748271940078
2835000,5670.000000237632,-51506.45922186016,299.99257381389424
2840000,5680.000000239669,-51191.56961653131,300.78188556455405
2845000,5690.000000241706,-51741.93849928747,296.4445476624349
2850000,5700.000000243744,-51773.56571439223,301.43295395350657
2855000,5710.000000245781,-51794.83440759615,299.1901640031095
2860000,5720.000000247818,-51408.44917038907,295.4007429248113
2865000,5730.0000002498555,-51477.776949806896,295.7592988512812
2870000,5740.000000251893,-51337.18685530021,305.1440934693996
2875000,5750.00000025393,-51370.15491376814,298.54219021789476
2880000,5760.000000255967,-51516.496506110154,295.43417117507477
2885000,5770.000000258005,-51415.536365702574,297.16474192590056
2890000,5780.000000260042,-51376.8480546826,302.9666897201513
2895000,5790.000000262079,-51366.4307411302,306.1471286096297
2900000,5800.000000264116,-51879.82903179928,299.18715537155106
2905000,5810.000000266154,-51521.94470207655,297.15797552892167
2910000,5820.000000268191,-51571.34257466052,298.8495745259671
2915000,5830.000000270228,-51539.76870078582,297.38325115755464
2920000,5840.000000272265,-51739.64908575997,300.11747068337576
2925000,5850.000000274303,-51328.82576538349,303.23078972704985
2930000,5860.00000027634,-50972.43004144644,295.4778672666049
2935000,5870.000000278377,-51531.61140027814,289.75478403171087
2940000,5880.0000002804145,-51551.443597730016,308.25675778796943
2945000,5890.000000282452,-51430.44519296262,297.126572537488
2950000,5900.000000284489,-51279.34955890593,297.28446470839276
2955000,5910.000000286526,-51238.42686332538,300.083765012195
2960000,5920.000000288564,-51419.36959855232,293.0131189667739
2965000,5930.000000290601,-51700.9886997093,305.00228798030196
2970000,5940.000000292638,-51417.698339901224,298.44110010235187
2975000,5950.000000294675,-50988.55127844194,298.07858044970834
2980000,5960.000000296713,-51088.29106702827,299.7874704470213
2985000,5970.00000029875,-51556.05391704527,297.1291665040382
2990000,5980.000000300787,-51322.11839657827,300.8888083995832
2995000,5990.000000302824,-51647.64114326995,303.1522599440925
3000000,6000.000000304862,-51311.82586176478,298.3588002432176
3005000,6010.000000306899,-51074.5698200709,298.9911053134628
3010000,6020.000000308936,-51324.16628669234,294.08905587278474
3015000,6030.0000003109735,-51528.006467225234,298.8441950805091
3020000,6040.000000313011,-51128.43024388945,297.54957350823673
3025000,6050.000000315048,-51588.82060381706,286.5171873080213
3030000,6060.000000317085,-51084.41244570725,297.9481973956021
3035000,6070.000000319123,-51287.12597260051,300.46084272672823
3040000,6080.00000032116,-51244.098886795604,296.14060976484683
3045000,6090.000000323197,-51835.036538569606,295.8173278012321
3050000,6100.000000325234,-51517.622375451145,300.56799490726496
3055000,6110.000000327272,-51419.603198697994,307.0979220442766
3060000,6120.000000329309,-51660.1509412975,288.96964902559523
3065000,6130.000000331346,-51760.132062712335,296.24813437417953
3070000,6140.0000003333835,-51567.23036523198,295.16347993059344
3075000,6150.000000335421,-51179.72084546948,298.22432776416395
3080000,6160.000000337458,-51333.543673876615,300.83727612683845
3085000,6170.000000339495,-51343.82735994557,303.79964248844414
3090000,6180.0000003415325,-51588.77614521689,297.28666129860096
3095000,6190.00000034357,-51459.52263919453,296.7061737274529
3100000,6200.000000345607,-51718.470245341945,295.02782979427053
3105000,6210.000000347644,-51411.0249377116,297.54754144315797
3110000,6220.000000349682,-51675.472666675254,302.1057709861694
3115000,6230.000000351719,-51299.67460105833,302.54037314248757
3120000,6240.000000353756,-51276.05994343187,304.5624104256773
3125000,6250.000000355793,-51499.79278042991,304.7705909654424
3130000,6260.000000357831,-51435.198849625944,294.0046431815839
3135000,6270.000000359868,-51383.80617872451,298.56358308309484
3140000,6280.000000361905,-51698.81634357062,294.04926190395696
3145000,6290.0000003639425,-51538.02977895725,299.1768533334604
3150000,6300.00000036598,-51500.69855223887,298.2642051802
3155000,6310.000000368017,-51584.11911716135,300.0624839954439
3160000,6320.000000370054,-51587.012977510574,307.2497867812953
3165000,6330.000000372092,-51470.579738807864,300.97111484035804
3170000,6340.000000374129,-51180.34766588308,290.1421655683021
3175000,6350.000000376166,-51299.65080997028,295.9589154997852
3180000,6360.000000378203,-51551.797622879705,295.08249365702795
3185000,6370.000000380241,-51661.74891690744,287.171142857185
3190000,6380.000000382278,-51452.54887183875,297.29257800686554
3195000,6390.000000384315,-51667.17203729128,296.05876102775716
3200000,6400.000000386352,-51421.44532201305,305.3099204562957
3205000,6410.00000038839,-51633.827149784425,297.2608354683437
3210000,6420.000000390427,-51950.425376487285,309.671007898313
3215000,6430.000000392464,-51679.37319527316,297.24869205820664
3220000,6440.0000003945015,-51528.90009058011,297.7306918657648
3225000,6450.000000396539,-51384.24985525414,303.3380606456899
3230000,6460.000000398576,-51439.37987585834,295.9038268318931
3235000,6470.000000400613,-51214.69584313859,289.85676067940693
3240000,6480.000000402651,-51534.91731708398,302.508820722978
3245000,6490.000000404688,-51220.79975774998,300.89239040319956
3250000,6500.000000406725,-51134.52441451646,304.93293218670397
3255000,6510.000000408762,-51308.55045653839,295.91831869254645
3260000,6520.0000004108,-51532.188109461975,298.35629722908743
3265000,6530.000000412837,-51729.04713297158,303.1036993762052
3270000,6540.000000414874,-51774.68008875029,293.12256947585473
3275000,6550.0000004169115,-51523.075148360746,298.6099427631939
3280000,6560.000000418949,-51161.40533891111,295.2214178752056
3285000,6570.000000420986,-51467.33275939681,286.7887784354862
3290000,6580.000000423023,-51395.20983316464,291.73655963020036
3295000,6590.0000004250605,-51450.233018464496,294.82704789750125
3300000,6600.000000427098,-51150.3108829541,290.19095826544356
3305000,6610.000000429135,-51586.268219637306,297.465591661282
3310000,6620.000000431172,-51751.844380454335,294.38608026122176
3315000,6630.00000043321,-51165.65555590045,294.45590789341827
3320000,6640.000000435247,-51567.131659691106,303.0236377165922
3325000,6650.000000437284,-51768.16095734353,297.02892160953337
3330000,6660.000000439321,-51325.272076376394,300.66317045937956
3335000,6670.000000441359,-51557.07468055206,301.76015905386527
3340000,6680.000000443396,-51749.16614660481,302.07320450321623
3345000,6690.000000445433,-51292.33501151635,294.22894570409125
3350000,6700.0000004474705,-51370.27959211476,305.44311985738733
3355000,6710.000000449508,-51209.57184876964,299.0324105279728
3360000,6720.000000451545,-51412.39239571558,299.45559806336706
3365000,6730.000000453582,-51401.64956475599,294.1977800118701
3370000,6740.00000045562,-51583.14772696374,296.0145855418226
3375000,6750.000000457657,-51364.25658364926,302.5856067540451
3380000,6760.000000459694,-51042.35264790058,298.22308823407036
3385000,6770.000000461731,-51202.89700109736,296.776658710643
3390000,6780.000000463769,-51746.234553503746,309.35644509330854
3395000,6790.000000465806,-51187.57249714789,302.84325290888216
3400000,6800.000000467843,-51900.019478333736,297.4016833520029
3405000,6810.00000046988,-51189.92196810304,290.3459703142606
3410000,6820.000000471918,-51605.6554875618,300.9113865538908
3415000,6830.000000473955,-51007.1057947388,295.032194786098
3420000,6840.000000475992,-51217.60612535986,307.8463536894645
3425000,6850.0000004780295,-51333.15287202966,293.4397160239955
3430000,6860.000000480067,-51474.963229643734,290.3795489486132
3435000,6870.000000482104,-51093.261439309514,303.8403152720078
3440000,6880.000000484141,-51653.78465857814,298.9419469940552
3445000,6890.000000486179,-51480.55338588948,300.751137423827
3450000,6900.000000488216,-51918.47138549917,299.423109800041
3455000,6910.000000490253,-51293.59322239869,291.5954024559394
3460000,6920.00000049229,-51791.33084311843,297.0178868757231
3465000,6930.000000494328,-51574.41955163548,293.8909787124127
3470000,6940.000000496365,-51462.220924539724,303.61941719060854
3475000,6950.000000498402,-51484.48372958321,300.38770696001905
3480000,6960.0000005004395,-51506.75452087025,300.6990187688994
3485000,6970.000000502477,-51633.89309076773,306.59073501924763
3490000,6980.000000504514,-51602.79782368729,301.09745874213667
3495000,6990.000000506551,-51750.469178414525,305.2353928698008
3500000,7000.0000005085885,-51356.60377259948,301.4053757530858
3505000,7010.000000510626,-51385.026576035656,291.6929159111331
3510000,7020.000000512663,-51524.31529832509,302.01206745010677
3515000,7030.0000005147,-51726.200791927724,301.35925916324265
3520000,7040.000000516738,-50933.51122903335,300.24949266201264
3525000,7050.000000518775,-51135.87153733874,303.2304334844737
3530000,7060.000000520812,-51290.33055992771,297.96168531248475
3535000,7070.000000522849,-51514.26688134365,305.7803721444364
3540000,7080.000000524887,-51594.332399815525,296.2483132239212
3545000,7090.000000526924,-51678.60852897534,303.3176227495551
3550000,7100.000000528961,-51531.74074414332,302.3279540387684
3555000,7110.0000005309985,-51669.16932181659,300.9978207971132
3560000,7120.000000533036,-51452.272273298324,300.5780463666965
3565000,7130.000000535073,-51390.28123333666,301.7735788452619
3570000,7140.00000053711,-51748.1754622813,296.7276561527705
3575000,7150.000000539148,-51568.246081866964,298.5797555444012
3580000,7160.000000541185,-51833.04649959592,300.37289879524445
3585000,7170.000000543222,-51340.70367428445,299.55876925542213
3590000,7180.000000545259,-51252.71779074214,288.98398987501497
3595000,7190.000000547297,-51635.55358783319,289.5416066830962
3600000,7200.000000549334,-51444.07675339337,298.46644092399595
3605000,7210.000000551371,-51737.43870675491,297.1201132476204
3610000,7220.000000553408,-51308.39307523845,292.7186723653408
3615000,7230.000000555446,-51467.669253040105,293.2838905626217
3620000,7240.000000557483,-51151.01473258718,291.3860273884258
3625000,7250.00000055952,-51679.70763248656,292.3409114323655
3630000,7260.0000005615575,-51725.91154555802,298.7490696552067
3635000,7270.000000563595,-51239.84871539756,296.263515743309
3640000,7280.000000565632,-51298.30258602512,305.0937570520652
3645000,7290.000000567669,-51823.20646569604,300.4083689405178
3650000,7300.000000569707,-51473.87927954059,297.14154800792926
3655000,7310.000000571744,-51511.82438595913,301.65262737119036
3660000,7320.000000573781,-51452.62013227909,292.35270019467157
3665000,7330.000000575818,-51589.99609704234,289.14508068116265
3670000,7340.000000577856,-51544.855250201654,304.4176323782787
3675000,7350.000000579893,-51728.538788703445,294.20186361795976
3680000,7360.00000058193,-51390.45478690381,290.1834467549438
3685000,7370.000000583967,-51166.00715437776,300.0004584228768
3690000,7380.000000586005,-51682.97085788875,309.47159911106917
3695000,7390.000000588042,-51843.22301304748,297.78088695400646
3700000,7400.000000590079,-51363.62331070559,294.41859393311705
3705000,7410.0000005921165,-51431.41960153624,295.8988069187912
3710000,7420.000000594154,-51394.69493734103,294.5587867492376
3715000,7430.000000596191,-51493.376094946725,303.2395458897011
3720000,7440.000000598228,-50826.226151439245,299.59970398037854
3725000,7450.000000600266,-51498.897838797944,302.7442951957694
3730000,7460.000000602303,-51491.692511752044,304.2433226166189
3735000,7470.00000060434,-51201.98944550799,296.6971163690169
3740000,7480.000000606377,-51202.561824782926,301.3646055664359
3745000,7490.000000608415,-51272.08789231599,299.6115483614338
3750000,7500.000000610452,-51561.02785996435,302.0998458846288
3755000,7510.000000612489,-50988.03852802905,297.6192554778451
3760000,7520.0000006145265,-51348.62267720094,294.807851277344
3765000,7530.000000616564,-51544.826080630504,299.6746002514822
3770000,7540.000000618601,-51963.76277326845,294.63557357240273
3775000,7550.000000620638,-51703.80780190212,299.1717810134303
3780000,7560.0000006226755,-51542.97367888171,296.25002998599393
3785000,7570.000000624713,-51391.11256325405,302.3584710076515
3790000,7580.00000062675,-51561.97974080432,301.52943050058803
3795000,7590.000000628787,-51367.876832618174,303.0881842359911
3800000,7600.000000630825,-51444.14245058637,296.3812476852864
3805000,7610.000000632862,-51343.20897776564,295.2145522116865
3810000,7620.000000634899,-51958.65046764587,293.35107178166027
3815000,7630.000000636936,-51636.267982889025,301.4842582806751
3820000,7640.000000638974,-51602.92945894899,292.1437633118866
3825000,7650.000000641011,-51216.53687236161,303.68726384617105
3830000,7660.000000643048,-51427.55820834002,298.1262626592307
3835000,7670.0000006450855,-51397.411258253735,296.4654426325411
3840000,7680.000000647123,-51127.57160848993,303.31486534365774
3845000,7690.00000064916,-51361.87783261674,298.15266817164655
3850000,7700.000000651197,-51558.41449915187,295.4119235209578
3855000,7710.000000653235,-51166.480484533706,296.53461430386466
3860000,7720.000000655272,-51471.68317366429,292.95214966139844
3865000,7730.000000657309,-51433.93952429344,294.0300464484421
3870000,7740.000000659346,-51324.751149311516,292.4947959610737
3875000,7750.000000661384,-51042.879674552096,296.20084289193767
3880000,7760.000000663421,-51626.50853143865,295.00681593058937
3885000,7770.000000665458,-51449.90098477254,302.71215366796974
3890000,7780.000000667495,-51822.94455402339,302.53905940116783
3895000,7790.000000669533,-51076.467782139836,308.16651908621105
3900000,7800.00000067157,-51629.6856996213,299.0120281397528
3905000,7810.000000673607,-51514.00840136767,303.4540492689678
3910000,7820.0000006756445,-51125.60762097599,306.9695962951486
3915000,7830.000000677682,-51696.91929838568,302.426719959074
3920000,7840.000000679719,-51230.65689597122,289.72208038787375
3925000,7850.000000681756,-51733.883137877274,294.31657679670093
3930000,7860.000000683794,-51823.78258616041,302.7656686047208
3935000,7870.000000685831,-51333.36605021547,295.28543886916015
3940000,7880.000000687868,-51703.257259259146,292.02107722434454
3945000,7890.000000689905,-51457.98294979299,304.5810799421431
3950000,7900.000000691943,-51365.03776801325,298.56295782659834
3955000,7910.00000069398,-51300.94302771203,306.15315479065634
3960000,7920.000000696017,-51575.15097078463,298.48551373170966
3965000,7930.0000006980545,-51273.09839148726,299.7213670656682
3970000,7940.000000700092,-51596.1531737863,297.0382513706008
3975000,7950.000000702129,-51540.70138889176,289.25077156569375
3980000,7960.000000704166,-51411.680638726946,305.34968122563953
3985000,7970.0000007062035,-51367.54474238792,302.8464842441851
3990000,7980.000000708241,-51279.411330062605,299.6277474263693
3995000,7990.000000710278,-51714.139863855205,299.66008483540116
4000000,8000.000000712315,-51591.825148702046,301.81333328425956
4005000,8010.000000714353,-51386.69788327918,298.0856040316873
4010000,8020.00000071639,-51147.99286702418,301.16762636945475
4015000,8030.000000718427,-51436.658122954075,294.9988293744048
4020000,8040.000000720464,-51454.55564218614,297.78631599326457
4025000,8050.000000722502,-51257.171745467465,297.5980901301046
4030000,8060.000000724539,-51267.08346808277,301.7031692775454
4035000,8070.000000726576,-51485.4457325986,298.46248377188084
4040000,8080.0000007286135,-51568.383924106194,305.25800963862514
4045000,8090.000000730651,-51845.62248502852,304.51243437865025
4050000,8100.000000732688,-51747.45235611466,291.93923897808185
4055000,8110.000000734725,-51438.9056102584,304.8258147292765
4060000,8120.000000736763,-51351.26374271128,297.3311114516532
4065000,8130.0000007388,-51393.29765534535,298.6851659339579
4070000,8140.000000740837,-51301.9748281276,298.860004393158
4075000,8150.000000742874,-51306.92132451947,297.4802338016828
4080000,8160.000000744912,-51502.80438096472,301.0024863740799
4085000,8170.000000746949,-51398.18607396164,295.94492155834894
4090000,8180.000000748986,-51548.44224437463,301.8269639705083
4095000,8190.000000751023,-51588.72753891928,298.0508765565381
4100000,8200.00000075306,-51518.28413200975,294.8488703459071
4105000,8210.000000755097,-51252.83016645152,295.7846289095592
4110000,8220.000000757134,-51311.57479408468,290.4325818261199
4115000,8230.000000759172,-51517.88372554121,302.2153790972426
4120000,8240.000000761209,-51519.50417083647,301.9295558439333
4125000,8250.000000763246,-51472.95869622682,305.0659464293001
4130000,8260.000000765283,-51367.77111996472,300.15306153610317
4135000,8270.00000076732,-51579.637824426696,299.56545396216285
4140000,8280.000000769358,-51042.452918367286,300.6415318586803
4145000,8290.000000771395,-51560.765681674355,297.08837603335377
4150000,8300.000000773432,-51098.01360981431,305.9505822589248
4155000,8310.00000077547,-51806.42621131736,304.6481258360294
4160000,8320.000000777507,-51069.51368787882,303.87945063890595
4165000,8330.000000779544,-51404.271540436835,295.32629898331663
4170000,8340.000000781582,-51741.03888133564,305.14571500623765
4175000,8350.000000783619,-51750.85469352672,294.03909929329086
4180000,8360.000000785656,-51648.98872332048,301.0033578139825
4185000,8370.000000787693,-51464.924795507686,303.4216031695422
4190000,8380.00000078973,-51352.3780926764,293.163713794071
4195000,8390.000000791768,-51402.617026119,301.1735421921105
4200000,8400.000000793805,-51077.429745953705,288.1437388470273
4205000,8410.000000795842,-51623.21602668328,297.30141398621384
4210000,8420.00000079788,-51559.06644465902,300.0596425075302
4215000,8430.000000799917,-51543.04644742445,302.46575436291647
4220000,8440.000000801954,-51473.22435436433,298.89544913969746
4225000,8450.000000803991,-51236.269839754794,296.44050695788604
4230000,8460.000000806029,-51541.39275621672,296.514077446892
4235000,8470.000000808066,-51586.22691361341,300.7358410404244
4240000,8480.000000810103,-51267.97846237899,295.5201642758785
4245000,8490.00000081214,-51612.306679091475,310.49119612924926
4250000,8500.000000814178,-51695.987114414806,304.8016714900172
4255000,8510.000000816215,-51568.300176491175,301.431971893398
4260000,8520.000000818252,-51464.765435747424,291.2621409408893
4265000,8530.00000082029,-51264.23596753471,296.1449535930232
4270000,8540.000000822327,-51660.67226765791,296.71416425169235
4275000,8550.000000824364,-51571.17572348358,298.8219636348828
4280000,8560.000000826401,-51867.13439831001,301.476023237322
4285000,8570.000000828439,-51261.697658777935,295.95268662383666
4290000,8580.000000830476,-51359.91577677458,304.2548720660984
4295000,8590.000000832513,-51861.159184055345,296.32996793379476
4300000,8600.00000083455,-51376.57008879792,298.2314713387791
4305000,8610.000000836588,-51527.557671205956,300.4493206842002
4310000,8620.000000838625,-51598.10860213387,295.2745711387321
4315000,8630.000000840662,-51740.22593247768,294.45448147818627
4320000,8640.0000008427,-51375.801595000725,295.62844944755096
4325000,8650.000000844737,-51379.883657145925,301.3793358581673
4330000,8660.000000846774,-51469.986114626954,300.957855347185
4335000,8670.000000848811,-51393.14876822976,298.9475987370426
4340000,8680.000000850849,-51849.58752360448,295.25075299738415
4345000,8690.000000852886,-51474.30459467316,303.4799880561212
4350000,8700.000000854923,-51857.63528059685,302.9333378203173
4355000,8710.00000085696,-51363.85260939866,298.99561157739674
4360000,8720.000000858998,-51328.36822168814,300.27361771506594
4365000,8730.000000861035,-51722.63074151211,297.85233646364287
4370000,8740.000000863072,-50993.7916555109,302.89961351016444
4375000,8750.00000086511,-51043.05415039341,304.8732554597743
4380000,8760.000000867147,-51583.563668328454,292.1449151188958
4385000,8770.000000869184,-51401.01550770804,299.6344595022219
4390000,8780.000000871221,-51601.489126307744,293.9337850376499
4395000,8790.000000873259,-51394.5503576684,306.8677760832817
4400000,8800.000000875296,-51439.063456754375,301.08755419251133
4405000,8810.000000877333,-51304.46471178936,301.9931905230933
4410000,8820.00000087937,-51255.20321454885,298.27754548798066
4415000,8830.000000881408,-51161.70291025945,293.10839765525776
4420000,8840.000000883445,-51525.76821643318,300.2066538946827
4425000,8850.000000885482,-51527.859418049804,298.85287364570934
4430000,8860.00000088752,-51462.76643271884,308.3275272416455
4435000,8870.000000889557,-51306.118227835395,299.01391150842284
4440000,8880.000000891594,-51849.47974264482,295.56918804558177
4445000,8890.000000893631,-51533.46160989665,296.84520198547585
4450000,8900.000000895669,-51668.377956493816,299.03900461609504
4455000,8910.000000897706,-51636.947486384684,299.35251911606184
4460000,8920.000000899743,-51904.8521619165,299.7786333777454
4465000,8930.00000090178,-51570.525965899404,295.113870084209
4470000,8940.000000903818,-51759.070798406814,300.3650058962774
4475000,8950.000000905855,-51510.982885918085,309.81384865952185
4480000,8960.000000907892,-51436.22806073175,297.79085089901776
4485000,8970.00000090993,-51284.3310101933,300.81092523414947
4490000,8980.000000911967,-51260.880559903046,298.4093847212223
4495000,8990.000000914004,-51465.62579789478,296.67653619427705
4500000,9000.000000916041,-51122.328945090034,306.6757817897986
4505000,9010.000000918079,-51404.167195374495,296.6118911211045
4510000,9020.000000920116,-51532.83305751061,301.2685220356362
4515000,9030.000000922153,-51499.14664947678,301.61880447362626
4520000,9040.00000092419,-51545.53330789934,308.8651944175026
4525000,9050.000000926228,-51245.39707200439,308.7786861339059
4530000,9060.000000928265,-51808.021968214336,308.44880883555464
4535000,9070.000000930302,-51686.46823838103,289.2417372534327
4540000,9080.00000093234,-51767.26844519077,302.36214825592117
4545000,9090.000000934377,-51778.34355613752,299.85626746386305
4550000,9100.000000936414,-51373.7336163795,302.3773698762409
4555000,9110.000000938451,-51275.38945135029,291.24439189830565
4560000,9120.000000940488,-51428.710978967894,296.78584014910376
4565000,9130.000000942526,-51460.307425256964,290.6579295157814
4570000,9140.000000944563,-51552.508683026506,297.0250333397907
4575000,9150.0000009466,-51632.77381884641,297.8671754971284
4580000,9160.000000948638,-51306.97155528853,303.8656485705505
4585000,9170.000000950675,-51797.18007577694,298.2035394238291
4590000,9180.000000952712,-51457.4450709362,295.07841676276706
4595000,9190.00000095475,-51417.46904286923,298.8974936700428
4600000,9200.000000956787,-51670.17073467633,294.814050997689
4605000,9210.000000958824,-51682.269436773524,305.71828556002174
4610000,9220.000000960861,-51548.1341849427,299.9445117100316
4615000,9230.000000962898,-51468.11450998281,304.59908627656114
4620000,9240.000000964936,-51398.32993495496,302.65868476339784
4625000,9250.000000966973,-51385.82240482824,296.3572552102198
4630000,9260.00000096901,-51274.706394886685,298.21491322728275
4635000,9270.000000971047,-51442.71634567296,299.3254959977829
4640000,9280.000000973085,-51395.68696699687,297.5891538020397
4645000,9290.000000975122,-51420.10579668381,301.3941788881378
4650000,9300.00000097716,-51184.796909676574,298.46631722750317
4655000,9310.000000979197,-51313.19924463995,295.2899287068758
4660000,9320.000000981234,-50982.804082946386,297.253046242182
4665000,9330.000000983271,-51204.885139753314,294.67659185824914
4670000,9340.000000985308,-51916.64716992673,304.6904489442176
4675000,9350.000000987346,-51350.737522783194,301.2743840794893
4680000,9360.000000989383,-51458.49710125048,297.698280861507
4685000,9370.00000099142,-51639.6085761743,293.3531285593967
4690000,9380.000000993457,-51448.06652443594,301.1729986417937
4695000,9390.000000995495,-51666.68536535732,294.3733851835485
4700000,9400.000000997532,-51303.12302512786,295.8080573262897
4705000,9410.00000099957,-51307.222801884025,300.62574914526556
4710000,9420.000001001607,-51682.390328136884,302.45907146717605
4715000,9430.000001003644,-51304.87817864644,299.5528111800337
4720000,9440.000001005681,-51099.20273139834,301.6570547608928
4725000,9450.000001007718,-51472.87947229727,298.68557715780213
4730000,9460.000001009756,-51560.8426049283,296.5482824482247
4735000,9470.000001011793,-51816.911068079324,297.7818977352987
4740000,9480.00000101383,-51675.883077406266,295.4787983122091
4745000,9490.000001015867,-51766.11238600398,300.126719120866
4750000,9500.000001017905,-51147.861841127335,301.78182010515195
4755000,9510.000001019942,-51551.93230662329,298.6284991738188
4760000,9520.00000102198,-51388.05452640657,297.6157381323017
4765000,9530.000001024016,-51294.8031118162,292.0838911470993
4770000,9540.000001026054,-51177.49989469265,297.79890886472015
4775000,9550.000001028091,-51366.626476957405,305.4687351850843
4780000,9560.000001030128,-51723.0609061642,301.1591698506497
4785000,9570.000001032166,-51892.815128919116,302.9724111343547
4790000,9580.000001034203,-51584.064967000595,298.121425736355
4795000,9590.00000103624,-51550.35015923588,299.87401684721067
4800000,9600.000001038277,-51335.88804981127,296.1615172455921
4805000,9610.000001040315,-51292.800882623036,303.29479598435114
4810000,9620.000001042352,-51626.36668336045,295.7048822847589
4815000,9630.00000104439,-51313.7119977572,296.8384386399502
4820000,9640.000001046426,-51428.196580694756,304.0229417177146
4825000,9650.000001048464,-51244.18392382676,304.9003479845617
4830000,9660.000001050501,-51655.59891257863,302.5321567377138
4835000,9670.000001052538,-51113.61641636689,302.1248418174108
4840000,9680.000001054575,-51083.82690534301,296.85230521672105
4845000,9690.000001056613,-51365.18883342238,297.09050252963044
4850000,9700.00000105865,-51573.0787927403,295.4033287416241
4855000,9710.000001060687,-51269.04239242492,304.1158076298387
4860000,9720.000001062725,-51618.76678184004,295.9379705233087
4865000,9730.000001064762,-51417.08772350574,299.06693757930697
4870000,9740.000001066799,-51708.987437247444,298.17927706300316
4875000,9750.000001068836,-51441.72932029856,294.11195637817684
4880000,9760.000001070874,-51555.15006564403,300.9044835909129
4885000,9770.00000107291,-51399.86693323153,301.13530680948224
4890000,9780.000001074948,-51752.41383320006,300.4884591250361
4895000,9790.000001076985,-51403.316295010154,303.0286735901998
4900000,9800.000001079023,-51431.02830084172,304.6589457268818
4905000,9810.00000108106,-51577.53540454022,294.42415040146363
4910000,9820.000001083097,-51350.71281756964,300.37143127860236
4915000,9830.000001085134,-51303.548106261296,298.42589386724893
4920000,9840.000001087172,-51594.037959015,302.40757805558155
4925000,9850.000001089209,-51600.96427256995,303.07539656036835
4930000,9860.000001091246,-51876.44298294728,294.4911882235819
4935000,9870.000001093284,-51337.20914783224,305.0829867734501
4940000,9880.00000109532,-51356.69027168286,291.3619068196293
4945000,9890.000001097358,-51510.25637662149,303.8282815727773
4950000,9900.000001099395,-51136.3620819542,294.2798970632346
4955000,9910.000001101433,-51535.4051534608,295.61747984254504
4960000,9920.00000110347,-51780.61050787865,295.98395253972325
4965000,9930.000001105507,-51239.19972595302,298.9788194642479
4970000,9940.000001107544,-51428.29827043487,293.43094678518736
4975000,9950.000001109582,-51542.274496957194,300.22039535859085
4980000,9960.000001111619,-51533.11752643774,301.5179306769846
4985000,9970.000001113656,-51821.938980660605,299.230223858275
4990000,9980.000001115694,-51651.28115519072,295.21074958075235
4995000,9990.00000111773,-51601.29926180467,295.09587487650265
5000000,10000.000001119768,-51519.720258477755,298.98183471086065
5005000,10010.000001121805,-51309.4484962117,305.0264713018966
5010000,10020.000001123843,-51237.475469621364,302.3250560672676
5015000,10030.00000112588,-51674.020723903785,294.1038091230288
5020000,10040.000001127917,-51131.19605780952,301.6250307211083
5025000,10050.000001129954,-51449.51106956968,294.6489282911896
5030000,10060.000001131992,-51630.41652414814,300.43957306616477
5035000,10070.000001134029,-51604.636079997785,298.7910706028052
5040000,10080.000001136066,-51757.17322216567,300.3813456699998
5045000,10090.000001138103,-51585.032612401264,300.7532915134832
5050000,10100.00000114014,-51239.7486130466,288.7177122349638
5055000,10110.000001142178,-51679.814564541535,290.50466630978354
5060000,10120.000001144215,-51497.97849834117,291.13883744097285
5065000,10130.000001146253,-51042.00295363017,303.70705859427494
5070000,10140.00000114829,-51527.41980189114,299.9946991374214
5075000,10150.000001150327,-51568.69698983169,298.8880475484626
5080000,10160.000001152364,-51311.14582814209,296.49319231995156
5085000,10170.000001154402,-51338.66401844862,305.23298727110887
5090000,10180.000001156439,-51749.2795029511,290.50159432742413
5095000,10190.000001158476,-51368.26056933959,289.3577795563196
5100000,10200.000001160513,-51779.85452278034,296.9462709505549
5105000,10210.00000116255,-51390.14479157422,297.44688650714977
5110000,10220.000001164588,-51706.253716445615,298.140628606427
5115000,10230.000001166625,-51950.73879228672,294.95302877976553
5120000,10240.000001168662,-51151.02275013793,298.4412304330356
5125000,10250.0000011707,-51614.16592889119,297.9062212393289
5130000,10260.000001172737,-51412.31653415342,306.7105089354796
5135000,10270.000001174774,-51510.1505990976,298.31478885446415
5140000,10280.000001176812,-51562.75315017291,294.20600631193184
5145000,10290.000001178849,-51792.96638398504,293.89446526005406
5150000,10300.000001180886,-51687.8840770048,304.44417695334386
5155000,10310.000001182923,-51659.36620104048,297.7045575560611
5160000,10320.00000118496,-51289.14449330667,303.2653893521424
5165000,10330.000001186998,-51428.655890799506,296.69895132888007
5170000,10340.000001189035,-51617.3547675389,298.4376580685603
5175000,10350.000001191072,-51316.336420243606,298.71525401172244
5180000,10360.00000119311,-51695.780230438744,300.4115195984376
5185000,10370.000001195147,-51573.50021147737,294.1456158923022
5190000,10380.000001197184,-51438.057337499195,298.4500147689664
5195000,10390.000001199222,-51562.05676814992,299.253781226692
5200000,10400.000001201259,-51213.23238367669,294.2847079274213
5205000,10410.000001203296,-51231.5652683425,301.2693349003535
5210000,10420.000001205333,-51515.103745387925,299.69942221919126
5215000,10430.00000120737,-51214.38391823589,299.8757351436365
5220000,10440.000001209408,-51955.82188604982,301.1147579090489
5225000,10450.000001211445,-51575.26450264966,293.99413318103797
5230000,10460.000001213482,-51753.61907085174,306.83269317665776
5235000,10470.00000121552,-52214.406301407726,299.4103331881904
5240000,10480.000001217557,-51208.23010703141,296.8645134097936
5245000,10490.000001219594,-51434.67441314869,296.0953697664449
5250000,10500.000001221631,-51808.823155894555,300.52051512212114
5255000,10510.000001223669,-51334.73697953124,290.66776294819334
5260000,10520.000001225706,-51465.389765253756,302.58502079450807
5265000,10530.000001227743,-51910.1793943473,298.720491959977
5270000,10540.00000122978,-51330.66528919959,311.5905462989876
5275000,10550.000001231818,-51298.53665077174,291.830200458798
5280000,10560.000001233855,-51743.42152236533,303.4689639510859
5285000,10570.000001235892,-51422.03931922704,297.8346371697746
5290000,10580.00000123793,-51831.71547375125,294.28807967963763
5295000,10590.000001239967,-51567.6365363088,302.83536324175816
5300000,10600.000001242004,-51327.23184880626,296.8895621378225
5305000,10610.000001244041,-50969.818138065515,299.8310731613158
5310000,10620.000001246079,-51789.25126811321,296.47804933080863
5315000,10630.000001248116,-51901.60700036204,300.08801948643395
5320000,10640.000001250153,-51815.23535534146,301.0391775557355
5325000,10650.00000125219,-51281.26339664566,300.95723793979664
5330000,10660.000001254228,-51394.88830158237,300.8039891910294
5335000,10670.000001256265,-51543.979864679626,297.82646947070947
5340000,10680.000001258302,-51498.30531553007,291.084236190915
5345000,10690.00000126034,-51329.1000170295,296.01142502412205
5350000,10700.000001262377,-51426.47246254183,301.6602225500932
5355000,10710.000001264414,-51238.702858138946,297.1627688747415
5360000,10720.000001266451,-51152.39836631226,292.9148226267632
5365000,10730.000001268489,-51425.316474663996,296.66469259224766
5370000,10740.000001270526,-51264.42214123806,305.21189425763146
5375000,10750.000001272563,-51236.90988489022,298.8800794044572
5380000,10760.0000012746,-51524.45205775273,299.5939786251062
5385000,10770.000001276638,-51672.17928952648,301.4652607810577
5390000,10780.000001278675,-51439.29554149415,292.7108316206366
5395000,10790.000001280712,-51617.72180018248,293.54992688921357
5400000,10800.00000128275,-51552.27107057473,302.6293072320005
5405000,10810.000001284787,-51670.9899668188,301.7610012853812
5410000,10820.000001286824,-51130.46792399473,296.9971092632087
5415000,10830.000001288861,-51374.79429419985,308.9939224960124
5420000,10840.000001290899,-51130.43925060154,294.7341865093208
5425000,10850.000001292936,-51744.525379934115,297.9434449854705
5430000,10860.000001294973,-51359.62023053481,300.44341785833615
5435000,10870.00000129701,-51182.53837774202,297.7538962753234
5440000,10880.000001299048,-51535.65769902198,298.0930226823229
5445000,10890.000001301085,-51147.862956955825,293.8764879308563
5450000,10900.000001303122,-51761.01826098276,305.10278640517373
5455000,10910.00000130516,-51504.79854843943,299.8524875603194
5460000,10920.000001307197,-51268.46903059271,302.31564869701606
5465000,10930.000001309234,-51373.03874425759,300.3412830361579
5470000,10940.000001311271,-51751.46724722913,308.6254763979691
5475000,10950.000001313309,-51848.81546597212,297.9845753338625
5480000,10960.000001315346,-51792.666104083386,293.3582824189174
5485000,10970.000001317383,-51566.419552322826,305.7778661172298
5490000,10980.00000131942,-51471.036919202365,290.34096207108416
5495000,10990.000001321458,-51325.676144459576,293.3651143737818
5500000,11000.000001323495,-51725.86229193682,301.5151435824591
5505000,11010.000001325532,-51371.560778737534,295.66873041099393
5510000,11020.00000132757,-51395.61204433808,299.4585896279847
5515000,11030.000001329607,-51491.13013141221,303.69418777672604
5520000,11040.000001331644,-51504.540901039436,298.36707873741494
5525000,11050.000001333681,-51187.072281194414,294.09477909265337
5530000,11060.000001335718,-51650.40450688201,297.8030909446047
5535000,11070.000001337756,-51553.29938979173,298.68763085161225
5540000,11080.000001339793,-51772.953303614806,295.97817005243064
5545000,11090.00000134183,-51548.92388062502,301.61857877414894
5550000,11100.000001343868,-51473.7604686633,297.1270430245795
5555000,11110.000001345905,-51696.56967017311,295.7078050016416
5560000,11120.000001347942,-51613.600625946885,290.27328111130845
5565000,11130.00000134998,-51302.172498248576,299.95531804111243
5570000,11140.000001352017,-51672.71136731247,299.8918178928944
5575000,11150.000001354054,-51716.3367428472,294.21604932788273
5580000,11160.000001356091,-51625.146806957346,304.40268232761736
5585000,11170.000001358128,-52001.87823550042,298.409495898235
5590000,11180.000001360166,-51446.2937338865,302.49745777668755
5595000,11190.000001362203,-51756.95612112337,292.999004693712
5600000,11200.00000136424,-51319.64251676953,295.6806426302205
5605000,11210.000001366278,-51491.108709994936,301.9516936935233
5610000,11220.000001368315,-51512.059625168884,290.26750902136257
5615000,11230.000001370352,-51226.07848506913,300.3265476371319
5620000,11240.00000137239,-51711.20787213315,307.33546818926175
5625000,11250.000001374427,-51353.325475259044,295.04871879620794
5630000,11260.000001376464,-51670.13208033005,304.11738711009656
5635000,11270.000001378501,-51513.680515385146,300.6555993754573
5640000,11280.000001380538,-51895.4387653321,296.046899222851
5645000,11290.000001382576,-51382.40943828848,297.77077647893793
5650000,11300.000001384613,-52019.29219659837,295.28349054604035
5655000,11310.00000138665,-51532.19138397556,300.5206604156497
5660000,11320.000001388687,-51167.56867174068,304.5528868531245
5665000,11330.000001390725,-51451.60510036227,298.517781473755
5670000,11340.000001392762,-51350.312686665886,294.7954673030083
5675000,11350.0000013948,-51720.77367018288,298.8631353765347
5680000,11360.000001396837,-51937.90219147387,300.5942435035635
5685000,11370.000001398874,-51762.44944778684,294.6515245751498
5690000,11380.000001400911,-51218.0332451842,295.0959628529778
5695000,11390.000001402948,-51542.80821856164,292.6274358065313
5700000,11400.000001404986,-51722.58385190449,299.63625554346305
5705000,11410.000001407023,-51383.07482903043,305.32935881285175
5710000,11420.00000140906,-51401.38664730292,301.70010562859926
5715000,11430.000001411097,-51988.89130350831,292.8530229518428
5720000,11440.000001413135,-51335.524493730336,292.3299403318827
5725000,11450.000001415172,-51613.15288086081,311.06517793463644
5730000,11460.00000141721,-51568.754705077474,292.5209869606467
5735000,11470.000001419246,-51759.71487961139,298.50256186703444
5740000,11480.000001421284,-52025.39225751808,302.83206948133267
5745000,11490.000001423321,-51439.76205805247,297.2717550255395
5750000,11500.000001425358,-51576.944696195715,295.1126409415133
5755000,11510.000001427396,-51903.70785897522,301.7762021610689
5760000,11520.000001429433,-51693.96794875615,303.89304634942926
5765000,11530.00000143147,-51710.74625517495,293.8325522364552
5770000,11540.000001433507,-51476.600598912686,292.76504676406387
5775000,11550.000001435545,-51300.10574842774,303.1069863684744
5780000,11560.000001437582,-51201.50495009369,300.2568336407289
5785000,11570.00000143962,-51429.861245255044,300.44152934280294
5790000,11580.000001441656,-51753.37041634656,287.703272195551
5795000,11590.000001443694,-51380.21274988871,296.84313209711564
5800000,11600.000001445731,-51474.369436271605,310.3021526276522
5805000,11610.000001447768,-51616.45420880319,296.22185432334044
5810000,11620.000001449805,-51418.932124503335,301.74615286047884
5815000,11630.000001451843,-51430.71422777881,302.7036130648703
5820000,11640.00000145388,-51312.61135890556,297.1325648448089
5825000,11650.000001455917,-51585.767923535925,310.2782685041361
5830000,11660.000001457955,-51607.085887601046,297.3575003021508
5835000,11670.000001459992,-51239.141170378774,296.6500943895543
5840000,11680.00000146203,-51414.97730959364,295.8038485282995
5845000,11690.000001464066,-51237.20534027909,306.7996590466434
5850000,11700.000001466104,-51496.327862650214,292.11833452108175
5855000,11710.00000146814,-51498.611113537336,299.18262274675334
5860000,11720.000001470178,-51564.51565965064,297.4736100130663
5865000,11730.000001472215,-51730.46406065102,295.5076880645073
5870000,11740.000001474253,-51446.94534163145,295.56793066212055
5875000,11750.00000147629,-51311.78104196169,297.9483565087831
5880000,11760.000001478327,-51297.73756186309,300.45684293128164
5885000,11770.000001480365,-51943.341956010205,298.40844807660665
5890000,11780.000001482402,-51895.28975824686,297.4623836078531
5895000,11790.000001484439,-51593.178814665385,296.95992521244233
5900000,11800.000001486476,-51407.66568834902,303.2697390501441
5905000,11810.000001488514,-51584.15439799303,300.02396471158977
5910000,11820.00000149055,-51508.94444127969,301.26797085043285
5915000,11830.000001492588,-51539.73786730954,302.2295295677763
5920000,11840.000001494625,-50871.586060425005,297.27964836096294
5925000,11850.000001496663,-51394.97364130156,298.8292257602571
5930000,11860.0000014987,-51598.577530804876,304.3194427341718
5935000,11870.000001500737,-51630.90953099323,299.2465923998618
5940000,11880.000001502774,-51292.061004589195,301.46555417827193
5945000,11890.000001504812,-51282.10958464438,288.9803010533087
5950000,11900.000001506849,-51041.49977501793,292.8962715745859
5955000,11910.000001508886,-51227.137314949476,297.773942434811
5960000,11920.000001510924,-51156.314649987646,298.0413594401775
5965000,11930.00000151296,-51387.604035050346,298.38173774701625
5970000,11940.000001514998,-51300.47378164559,295.17626126844664
5975000,11950.000001517035,-51763.170308744826,297.51788357848795
5980000,11960.000001519073,-51348.20474356637,295.964874700898
5985000,11970.00000152111,-51310.45025555318,296.5018515884369
5990000,11980.000001523147,-51615.00237622336,304.20399187583286
5995000,11990.000001525184,-51586.38893271255,304.0267386450034
6000000,12000.000001527222,-51603.273221619835,300.35775865087345
6005000,12010.000001529259,-51592.08317189617,295.3043736640622
6010000,12020.000001531296,-51453.819995336904,299.08413835659326
6015000,12030.000001533333,-51344.3648388765,303.5987284818624
6020000,12040.00000153537,-51111.895396973996,308.3852768679084
6025000,12050.000001537408,-51327.25808944096,299.0010384280527
6030000,12060.000001539445,-51603.94496230528,303.1871433023064
6035000,12070.000001541483,-51438.74785790863,296.5698162802125
6040000,12080.00000154352,-51224.08020000107,301.85299655200214
6045000,12090.000001545557,-50921.28002699619,297.79528940178113
6050000,12100.000001547594,-51154.45334381255,297.1918278090507
6055000,12110.000001549632,-51317.69832430431,296.1311184081297
6060000,12120.000001551669,-51582.77666254263,300.6362494116303
6065000,12130.000001553706,-51597.86167768203,302.62461018643785
6070000,12140.000001555743,-51849.80289256247,294.93319763674964
6075000,12150.00000155778,-51448.32083086771,295.4285435791581
6080000,12160.000001559818,-51674.5286949962,298.3196790037276
6085000,12170.000001561855,-50874.124201213184,307.5573042947918
6090000,12180.000001563893,-51294.98462574236,299.5808640400343
6095000,12190.00000156593,-51762.49652841716,296.2230552617443
6100000,12200.000001567967,-51532.886390213156,302.6928032803132
6105000,12210.000001570004,-51604.38248346554,302.75262220865096
6110000,12220.000001572042,-51605.947334095195,297.8151308257779
6115000,12230.000001574079,-51382.00002269735,305.93133000643473
6120000,12240.000001576116,-51386.119120941614,305.2978010394705
6125000,12250.000001578153,-51330.851831873064,293.8962194045305
6130000,12260.00000158019,-51491.602876299265,300.8601147519395
6135000,12270.000001582228,-51408.875964473555,303.79793455199786
6140000,12280.000001584265,-51639.64160764316,297.98900068036676
6145000,12290.000001586302,-51324.966531043,300.30807195870955
6150000,12300.00000158834,-51519.55401867334,297.5814983151129
6155000,12310.000001590377,-51651.91785232417,297.09684151416815
6160000,12320.000001592414,-51247.85821487117,301.59308541283815
6165000,12330.000001594452,-51478.729531154764,294.4427387005205
6170000,12340.000001596489,-51360.22336518057,286.45946319491935
6175000,12350.000001598526,-51535.665567538264,290.30844246703526
6180000,12360.000001600563,-51434.89348368667,312.27593919312835
6185000,12370.0000016026,-51050.9470113079,300.49447366050487
6190000,12380.000001604638,-51587.797930536006,293.9588014050432
6195000,12390.000001606675,-51513.943353060604,297.9735368412971
6200000,12400.000001608712,-51352.757130404236,303.6802804514556
6205000,12410.00000161075,-51752.022707718075,304.7409613253579
6210000,12420.000001612787,-51431.665682900115,303.96492864720295
6215000,12430.000001614824,-51512.10021825475,291.31812654421424
6220000,12440.000001616861,-51266.740207892784,304.39091759489014
6225000,12450.000001618899,-51587.246383554186,297.05337135984735
6230000,12460.000001620936,-51525.86036531051,292.45925675313964
6235000,12470.000001622973,-51510.6116412984,300.067918026991
6240000,12480.00000162501,-51888.75784369733,295.01379429814796
6245000,12490.000001627048,-51621.43750153447,297.35830680238996
6250000,12500.000001629085,-51840.56788816303,302.1655079551033
6255000,12510.000001631122,-51720.922732864565,295.8882598157901
6260000,12520.00000163316,-51737.176147969294,305.1158582234231
6265000,12530.000001635197,-51687.89018472994,299.27356839262075
6270000,12540.000001637234,-51544.330742407416,296.1034046613101
6275000,12550.000001639271,-51263.501008005376,291.34390493631764
6280000,12560.000001641309,-51670.27421452355,299.23992736631857
6285000,12570.000001643346,-51687.85810798383,291.25127751624035
6290000,12580.000001645383,-51304.60318433994,301.2299464944754
6295000,12590.00000164742,-51453.72388518846,293.72528558763565
6300000,12600.000001649458,-51629.882031416055,302.2441290458718
6305000,12610.000001651495,-51446.38428531462,296.0194496508473
6310000,12620.000001653532,-51707.836817684816,299.7197406566756
6315000,12630.00000165557,-51583.37966798624,296.3597706653959
6320000,12640.000001657607,-51616.9156860419,290.2688984197672
6325000,12650.000001659644,-51451.211577699054,296.59170090708756
6330000,12660.000001661681,-51164.106313594966,298.7578040040171
6335000,12670.000001663719,-51403.66040598854,292.6922763317156
6340000,12680.000001665756,-51582.273626911134,296.5018165606011
6345000,12690.000001667793,-51465.829832699936,300.5385071830974
6350000,12700.00000166983,-51349.60822960123,302.9844977984648
6355000,12710.000001671868,-51225.8723506635,291.6410488412185
6360000,12720.000001673905,-51239.651503098925,307.0228117386701
6365000,12730.000001675942,-51417.74791713507,299.77341584383674
6370000,12740.00000167798,-51739.47892975737,295.17990896535787
6375000,12750.000001680017,-51368.817584491015,300.48800706003357
6380000,12760.000001682054,-51382.209245981474,301.6522389244484
6385000,12770.000001684091,-51333.65021069566,294.3859270126066
6390000,12780.000001686129,-51738.33536879122,295.1803871635673
6395000,12790.000001688166,-51485.90290194639,296.73406748778586
6400000,12800.000001690203,-51185.9239365129,295.3877313589872
6405000,12810.00000169224,-51311.0886008697,300.47420422253856
6410000,12820.000001694278,-51886.34695122158,295.2521044099065
6415000,12830.000001696315,-51642.007504206675,305.44450940461877
6420000,12840.000001698352,-51604.124809464,302.6391307126737
6425000,12850.00000170039,-51570.68899474226,294.7303646929628
6430000,12860.000001702427,-51736.66023683932,294.8549719612567
6435000,12870.000001704464,-51660.43482659315,297.44613297708025
6440000,12880.000001706501,-51140.57205611872,292.582414067142
6445000,12890.000001708539,-51393.67890222999,297.7251175152954
6450000,12900.000001710576,-51438.654871780716,303.2223162712133
6455000,12910.000001712613,-51318.46351738804,301.9588765283795
6460000,12920.00000171465,-51136.18343083156,297.0757802683287
6465000,12930.000001716688,-51724.804112099024,301.07384990969797
6470000,12940.000001718725,-51263.712341125996,295.7037297920978
6475000,12950.000001720762,-51563.37200949382,295.3305019997868
6480000,12960.0000017228,-51268.79045904122,301.30921490086524
6485000,12970.000001724837,-51429.73208397027,294.3181686647221
6490000,12980.000001726874,-51453.717455570004,303.64603324695673
6495000,12990.000001728911,-51332.670911832305,298.3366476793905
6500000,13000.000001730948,-51346.72106037609,291.87317125060457
6505000,13010.000001732986,-51302.0510294296,303.14609140251747
6510000,13020.000001735023,-51510.74857965938,289.79038195483577
6515000,13030.00000173706,-51202.90158247668,302.61673984874295
6520000,13040.000001739098,-51894.11876642288,296.0386773174159
6525000,13050.000001741135,-50984.36819683181,293.1456735511438
6530000,13060.000001743172,-51597.776437098306,303.2857363263455
6535000,13070.00000174521,-51194.66811470091,297.1074792420323
6540000,13080.000001747247,-51450.81969342037,299.64982747067245
6545000,13090.000001749284,-51312.718770178384,301.6269869418049
6550000,13100.000001751321,-51135.182259666384,296.49120111069766
6555000,13110.000001753358,-51421.56952908909,292.4753466575945
6560000,13120.000001755396,-51652.734790115705,300.3642953161868
6565000,13130.000001757433,-51692.88628264071,300.2411584234019
6570000,13140.00000175947,-51145.82482844393,288.42382810554074
6575000,13150.000001761508,-51468.64339862153,307.5908713656156
6580000,13160.000001763545,-51396.54861312205,304.8598017139952
6585000,13170.000001765582,-51777.79143424233,300.6020859537566
6590000,13180.00000176762,-51559.40059925648,292.607371901388
6595000,13190.000001769657,-51593.09459465658,288.28681165391424
6600000,13200.000001771694,-51242.31420596846,302.3563408035094
6605000,13210.000001773731,-51391.95427817886,302.2321925587974
6610000,13220.000001775768,-51432.80648730957,299.87463412178545
6615000,13230.000001777806,-51541.91559245545,294.699060277177
6620000,13240.000001779843,-51331.04683582269,305.13483902274965
6625000,13250.00000178188,-51462.0603646455,298.0326235155211
6630000,13260.000001783917,-51336.93543425502,303.24401028821484
6635000,13270.000001785955,-51370.44771659537,302.6573192080636
6640000,13280.000001787992,-51616.49498661482,304.42348461451184
6645000,13290.00000179003,-51682.1728908105,296.25197425798075
6650000,13300.000001792067,-51796.130529788556,297.71000454317107
6655000,13310.000001794104,-51402.57592884454,290.23468853198676
6660000,13320.000001796141,-51516.20768299009,292.70019000227643
6665000,13330.000001798178,-51765.66468603871,293.845588321503
6670000,13340.000001800216,-51428.74511131077,304.9779026703457
6675000,13350.000001802253,-51715.922165107506,296.5035079247967
6680000,13360.00000180429,-51347.23050531259,298.62302594814486
6685000,13370.000001806327,-51261.6507673717,297.01670720547344
6690000,13380.000001808365,-51595.37533558227,304.9614343599911
6695000,13390.000001810402,-51251.689596331475,295.44831295756364
6700000,13400.00000181244,-51568.83104187608,301.4514604578959
6705000,13410.000001814476,-51279.13861845969,296.865158932351
6710000,13420.000001816514,-51237.53496959174,300.03569493149934
6715000,13430.000001818551,-51207.57574053717,303.4677343382998
6720000,13440.000001820588,-51421.1979652048,303.48604074783213
6725000,13450.000001822626,-51713.880744197726,300.132977559655
6730000,13460.000001824663,-51404.53258591669,298.6719232670022
6735000,13470.0000018267,-51736.159870233794,298.86038264755723
6740000,13480.000001828737,-51157.1455488872,293.87348641045963
6745000,13490.000001830775,-50945.504253553954,291.0043322930215
6750000,13500.000001832812,-51561.70289524342,292.0210372869823
6755000,13510.00000183485,-51267.42005634622,307.2895685100652
6760000,13520.000001836886,-51492.223982481024,303.8871649517197
6765000,13530.000001838924,-51754.55258176784,301.1352184055883
6770000,13540.000001840961,-51462.37802304307,297.8562757519591
6775000,13550.000001842998,-51326.371358091856,294.97748605895475
6780000,13560.000001845036,-51493.482827021566,302.42011718519666
6785000,13570.000001847073,-51328.047654307884,299.2841639902575
6790000,13580.00000184911,-51406.88128492082,295.28969271959056
6795000,13590.000001851147,-51221.73325916234,302.2246710607585
6800000,13600.000001853185,-51213.2744845991,297.7198291383381
6805000,13610.000001855222,-52132.18359268727,302.3224093145651
6810000,13620.00000185726,-51345.191370153625,294.2146138710127
6815000,13630.000001859296,-51297.62129282867,293.7325147112921
6820000,13640.000001861334,-51451.30426621949,292.7833709344448
6825000,13650.000001863371,-51413.97589594888,309.3025105529034
6830000,13660.000001865408,-51154.610196672525,294.74620440897314
6835000,13670.000001867445,-51531.90924502298,300.44251342262856
6840000,13680.000001869483,-51550.632488652365,299.6168257607338
6845000,13690.00000187152,-51872.03328493392,298.39740592794936
6850000,13700.000001873557,-51430.635848780075,298.8210156725227
6855000,13710.000001875595,-51583.4301257669,307.4968301988272
6860000,13720.000001877632,-51143.43400712509,302.38097841287413
6865000,13730.000001879669,-51465.34206084232,295.2982861341421
6870000,13740.000001881706,-51549.13892361379,303.1139457714819
6875000,13750.000001883744,-51712.56239110266,298.5088850743764
6880000,13760.00000188578,-51497.61624688067,296.2754316809659
6885000,13770.000001887818,-51321.403715044056,298.68147055781196
6890000,13780.000001889855,-51474.792002747534,299.21643976835225
6895000,13790.000001891893,-50965.92668335422,299.9016497673823
6900000,13800.00000189393,-51389.26425847708,301.93915638101214
6905000,13810.000001895967,-51388.45403671003,306.47489413429935
6910000,13820.000001898004,-51668.92258083963,296.28589969187607
6915000,13830.000001900042,-51365.33454320778,291.07814527257284
6920000,13840.000001902079,-51544.6134147862,298.47318324127156
6925000,13850.000001904116,-51836.07859899243,301.60776916711364
6930000,13860.000001906154,-51664.42548692829,296.80765576293163
6935000,13870.00000190819,-51280.8588519716,306.97254251093267
6940000,13880.000001910228,-51039.152609150624,292.65585664788296
6945000,13890.000001912265,-51196.49141070631,292.4163187473456
6950000,13900.000001914303,-51389.69295771848,289.7722355248525
6955000,13910.00000191634,-51021.47748103732,297.7146388399039
6960000,13920.000001918377,-51552.839924142696,303.7223093240457
6965000,13930.000001920414,-51798.92153658811,294.19395574885704
6970000,13940.000001922452,-51554.33207735524,304.822673516267
6975000,13950.000001924489,-51792.01330956389,292.73928102384764
6980000,13960.000001926526,-51813.72958458075,292.1600893356716
6985000,13970.000001928564,-51638.52795420718,298.7657927696189
6990000,13980.0000019306,-51732.20302689253,303.17540097212037
6995000,13990.000001932638,-51387.62014133463,295.7655359536515
7000000,14000.000001934675,-51402.35616877963,296.8165204625553
7005000,14010.000001936713,-51226.701894963626,294.847806912364
7010000,14020.00000193875,-51299.89989491436,307.5045028025102
7015000,14030.000001940787,-51362.13486046705,291.63406216852843
7020000,14040.000001942824,-51663.771630896605,304.9303595608204
7025000,14050.000001944862,-51485.256023839,298.0950032431616
7030000,14060.000001946899,-51359.41974849187,292.24018824998154
7035000,14070.000001948936,-51382.260950770724,294.04186448789034
7040000,14080.000001950973,-51733.49524015485,305.94484891801915
7045000,14090.00000195301,-51384.069212555594,301.1597404807794
7050000,14100.000001955048,-51883.374166596506,296.2866243623739
7055000,14110.000001957085,-51407.10508666048,300.5371309128021
7060000,14120.000001959123,-51199.793011719245,300.39215636965406
7065000,14130.00000196116,-51675.11893515912,298.64395227255505
7070000,14140.000001963197,-51238.22628257997,299.8629811830038
7075000,14150.000001965234,-51556.30327387893,294.6397015571615
7080000,14160.000001967272,-51469.46436110514,306.5395500534864
7085000,14170.000001969309,-51663.08546334141,300.5107315725428
7090000,14180.000001971346,-51040.05193437124,296.2069881161926
7095000,14190.000001973383,-51531.80475529481,298.18839771072817
7100000,14200.00000197542,-50999.8659212426,294.33525845470854
7105000,14210.000001977458,-51452.361767259834,297.1778194290739
7110000,14220.000001979495,-51704.484232956864,296.5923457361566
7115000,14230.000001981532,-51572.858064036234,301.6808574624093
7120000,14240.00000198357,-51674.19069415174,308.51200546247304
7125000,14250.000001985607,-51441.99446976805,289.48586595742694
7130000,14260.000001987644,-51353.989975918405,301.85946504978233
7135000,14270.000001989682,-51086.11288483272,292.9725913397627
7140000,14280.000001991719,-51494.40060863667,291.52097169717985
7145000,14290.000001993756,-51611.797009539034,297.8258316085073
7150000,14300.000001995793,-51200.69169573681,300.1316063041096
7155000,14310.00000199783,-51220.829721977934,304.7755976983911
7160000,14320.000001999868,-51864.735066740075,298.3646194286804
7165000,14330.000002001905,-51549.414549950714,297.7139412294606
7170000,14340.000002003942,-52003.480787183245,301.4371630535767
7175000,14350.00000200598,-51263.401613105234,303.89393646009444
7180000,14360.000002008017,-51451.34539572074,302.98847507975495
7185000,14370.000002010054,-51519.86268571598,290.4732664169404
7190000,14380.000002012091,-51696.78150596371,302.2381191372569
7195000,14390.000002014129,-51461.6038889756,298.1494659588798
7200000,14400.000002016166,-51107.196819517645,295.3542420843088
7205000,14410.000002018203,-51411.32352415135,294.84994309990117
7210000,14420.00000202024,-51340.72221411546,304.4703747002001
7215000,14430.000002022278,-51100.48872383364,295.4921443047388
7220000,14440.000002024315,-51817.10136477975,295.89728961639196
7225000,14450.000002026352,-51565.540018933476,304.41851577133133
7230000,14460.00000202839,-51429.93048864795,297.0694850082887
7235000,14470.000002030427,-51868.42632042029,285.4509765708127
7240000,14480.000002032464,-51548.29597831762,300.3550740574552
7245000,14490.000002034501,-51514.25980012759,295.73138514240725
7250000,14500.000002036539,-51465.43948742817,300.10030499020786
7255000,14510.000002038576,-51598.12176477077,290.15059907985244
7260000,14520.000002040613,-51334.78184763677,301.6517263726582
7265000,14530.00000204265,-51316.738111708924,293.31835640631954
7270000,14540.000002044688,-51680.29338409504,301.17614441186265
7275000,14550.000002046725,-51317.05767314503,294.5993925230878
7280000,14560.000002048762,-51747.61946151333,289.4333131894361
7285000,14570.0000020508,-51767.59526638081,297.10831075255345
7290000,14580.000002052837,-51222.38201224207,303.4274801612036
7295000,14590.000002054874,-51420.49980582201,301.20523296332675
7300000,14600.000002056911,-51327.00734772475,297.80827193572225
7305000,14610.000002058949,-51804.54977123742,294.3316066861763
7310000,14620.000002060986,-51301.258687917725,296.6678077733149
7315000,14630.000002063023,-51549.811266350036,302.07486892590066
7320000,14640.00000206506,-51383.60264459308,294.75827417422846
7325000,14650.000002067098,-51541.720679241436,300.81053864953725
7330000,14660.000002069135,-51603.02132498368,302.6831548957564
7335000,14670.000002071172,-51633.49019456617,296.0483148058165
7340000,14680.00000207321,-51521.55449165881,289.9651479794574
7345000,14690.000002075247,-51654.43614522167,293.94640912193756
7350000,14700.000002077284,-51789.52423081783,297.84418889080206
7355000,14710.000002079321,-51955.82477455505,298.5947810221715
7360000,14720.000002081359,-51723.7984640362,301.3636880674192
7365000,14730.000002083396,-51612.35076491407,290.673810012991
7370000,14740.000002085433,-51714.30610586511,289.14310283811506
7375000,14750.00000208747,-51053.97255856922,295.65808035056796
7380000,14760.000002089508,-51332.6774322032,300.6171458769769
7385000,14770.000002091545,-51434.29045784025,299.27447920963635
7390000,14780.000002093582,-51710.020999325,292.3944345939105
7395000,14790.00000209562,-51040.33835323827,291.6810542493004
7400000,14800.000002097657,-51600.08857380724,295.10648874955456
7405000,14810.000002099694,-52003.301895760116,301.63951150566896
7410000,14820.000002101731,-51594.68457031145,308.73904311605696
7415000,14830.000002103769,-51148.58582746328,295.403639072828
7420000,14840.000002105806,-51289.09072797772,299.9721066093339
7425000,14850.000002107843,-51836.51838491802,300.7279040915331
7430000,14860.00000210988,-51289.85123088292,297.2635510366474
7435000,14870.000002111918,-51182.68882030787,301.9704556449169
7440000,14880.000002113955,-51443.20594500558,298.24139488319935
7445000,14890.000002115992,-51014.0227775801,291.00044010309296
7450000,14900.00000211803,-51792.30828410908,304.19005075550575
7455000,14910.000002120067,-51609.67079545287,287.7603281555092
7460000,14920.000002122104,-51435.91951648099,302.6999684794467
7465000,14930.000002124141,-51421.16528806131,300.450994144085
7470000,14940.000002126179,-51380.558188186726,302.48379395192035
7475000,14950.000002128216,-51232.45309935714,296.6536002219772
7480000,14960.000002130253,-51540.06523470837,301.6453778441192
7485000,14970.00000213229,-51162.53871550417,297.9939502101884
7490000,14980.000002134328,-51534.17565346701,292.5559841282383
7495000,14990.000002136365,-51685.29465594556,298.3899581048349
7500000,15000.000002138402,-51459.097520771174,297.1708674818545
7505000,15010.00000214044,-51731.72140748377,295.2508775054125
7510000,15020.000002142477,-51398.470034525846,296.70755034779586
7515000,15030.000002144514,-51315.920197953004,298.3264239932652
7520000,15040.000002146551,-51196.872724263725,299.2604879437853
7525000,15050.000002148588,-51339.704644870624,298.00278806326116
7530000,15060.000002150626,-51891.508024494804,296.8385414034745
7535000,15070.000002152663,-51578.321281926415,300.85454920799384
7540000,15080.0000021547,-51571.987325251306,294.05379753738225
7545000,15090.000002156738,-51727.72749097823,308.9891276766639
7550000,15100.000002158775,-50980.36720845496,293.88185145279317
7555000,15110.000002160812,-51656.18642253874,305.56863204036705
7560000,15120.00000216285,-51466.2769681901,300.94919767504615
7565000,15130.000002164887,-51693.12882889743,291.50132310380576
7570000,15140.000002166924,-51553.29067464569,304.4150616933096
7575000,15150.000002168961,-51660.095023001515,300.9446735995933
7580000,15160.000002170998,-51326.86457409809,296.82433319135924
7585000,15170.000002173036,-51733.3653481339,297.1622195880248
7590000,15180.000002175073,-51460.313103565975,302.9996859204516
7595000,15190.00000217711,-51648.616204969294,308.3205961500764
7600000,15200.000002179147,-51139.167064656795,296.4553752890475
7605000,15210.000002181185,-51181.820354149706,296.81003662389145
7610000,15220.000002183222,-51296.77954459135,299.28971334908323
7615000,15230.00000218526,-51550.48149271787,308.08980049054725
7620000,15240.000002187297,-51568.72194619739,299.5646557733638
7625000,15250.000002189334,-51645.65115596776,294.99110769787023
7630000,15260.000002191371,-51206.59063708619,301.6203951537734
7635000,15270.000002193408,-51371.35616452634,299.4385002952309
7640000,15280.000002195446,-51760.12109427451,299.9915043994458
7645000,15290.000002197483,-51725.77005655921,298.5311144425345
7650000,15300.00000219952,-51231.66744079979,293.5159446188359
7655000,15310.000002201557,-51336.928386897314,307.3081669409694
7660000,15320.000002203595,-51344.564550208685,303.9895912476054
7665000,15330.000002205632,-51173.07937652807,303.86035961161224
7670000,15340.00000220767,-51279.92226750415,306.0433710974942
7675000,15350.000002209707,-51217.666900430486,293.09726802702954
7680000,15360.000002211744,-51565.99713915898,302.3631137453613
7685000,15370.000002213781,-51071.21385353024,309.2225674013382
7690000,15380.000002215818,-51698.96865425672,300.67185697876386
7695000,15390.000002217856,-51498.188401892316,307.0983223700806
7700000,15400.000002219893,-51458.19064457898,297.4466971552938
7705000,15410.00000222193,-51477.45565109674,299.17717451745807
7710000,15420.000002223967,-51422.61215493985,293.9977148077606
7715000,15430.000002226005,-51480.08893064514,296.69251492714466
7720000,15440.000002228042,-51412.99207165872,293.3651836147319
7725000,15450.00000223008,-51558.692861160845,293.7319497417967
7730000,15460.000002232116,-51386.560964415025,300.8664173822579
7735000,15470.000002234154,-51463.639336838125,311.43455562186705
7740000,15480.000002236191,-51092.46526376958,294.5863081880556
7745000,15490.000002238228,-51397.52458069369,292.52309913667676
7750000,15500.000002240266,-51261.48830916762,301.8129268520741
7755000,15510.000002242303,-51417.2246232006,298.19226467989927
7760000,15520.00000224434,-51651.54677541202,300.9159085078943
7765000,15530.000002246377,-51398.02102040197,292.96685625388875
7770000,15540.000002248415,-51660.342052725726,294.24524074655284
7775000,15550.000002250452,-51667.91670125237,304.69211228676653
7780000,15560.00000225249,-51288.646829394245,299.13742155068593
7785000,15570.000002254526,-51377.80644214028,290.5336375118313
7790000,15580.000002256564,-51497.24198463248,294.88707691539975
7795000,15590.000002258601,-51566.886966354155,297.9204579632748
7800000,15600.000002260638,-51518.320226055395,297.72996084573435
7805000,15610.000002262675,-51734.278302363586,295.7769745447209
7810000,15620.000002264713,-51329.61269446544,311.5028050034282
7815000,15630.00000226675,-51458.466971895454,309.9732596665329
7820000,15640.000002268787,-51188.8920817856,303.3598795910745
7825000,15650.000002270825,-51417.33146449452,306.0592634512958
7830000,15660.000002272862,-51368.26687427412,305.15108422420667
7835000,15670.000002274899,-51577.39782515867,305.32567406322534
7840000,15680.000002276936,-51370.53805540135,299.9417005884483
7845000,15690.000002278974,-51070.55121349028,301.457653486235
7850000,15700.00000228101,-51747.5398372793,297.22237232982576
7855000,15710.000002283048,-51498.22886411875,300.9844008985034
7860000,15720.000002285085,-51010.335037951125,303.12651102879204
7865000,15730.000002287123,-51259.87691310211,303.3387722113917
7870000,15740.00000228916,-51632.58396432758,308.8108765077778
7875000,15750.000002291197,-51453.78377385542,299.62691299210064
7880000,15760.000002293235,-51353.32799766972,298.54664904724257
7885000,15770.000002295272,-51360.55739861005,302.28401901470215
7890000,15780.000002297309,-51755.69781530948,295.9626421058902
7895000,15790.000002299346,-51899.26411387182,301.3600838631296
7900000,15800.000002301384,-51514.65814102971,296.4732133974889
7905000,15810.00000230342,-51284.31996795675,300.3792167702015
7910000,15820.000002305458,-51580.82503534894,294.8230244422973
7915000,15830.000002307495,-51138.50125675119,295.6614993461465
7920000,15840.000002309533,-51304.01803599138,299.1272843754718
7925000,15850.00000231157,-51150.18575441305,293.368200168929
7930000,15860.000002313607,-51722.51260813454,294.6668086817639
7935000,15870.000002315644,-51121.14577489349,303.5696827414553
7940000,15880.000002317682,-51258.188464870356,297.5616188722353
7945000,15890.000002319719,-51536.46174818411,297.0610541240165
7950000,15900.000002321756,-51422.07384043129,289.8390157725132
7955000,15910.000002323794,-51832.898349968134,301.78504549819866
7960000,15920.00000232583,-51859.830095757236,293.5437883787682
7965000,15930.000002327868,-51644.84530897875,303.3702361049736
7970000,15940.000002329905,-51110.656546083745,303.70195921750695
7975000,15950.000002331943,-51120.700893069356,311.76050799651
7980000,15960.00000233398,-51238.40296692628,302.5729650771798
7985000,15970.000002336017,-51451.23437739519,300.4308562392858
7990000,15980.000002338054,-51594.757831202645,300.5381923963115
7995000,15990.000002340092,-51167.043203156005,304.9260961942478
8000000,16000.000002342129,-51932.39724444915,294.0635496686831
8005000,16010.000002344166,-51404.77227342554,296.6403961134814
8010000,16020.000002346203,-51470.55964461216,300.17971720404773
8015000,16030.00000234824,-51104.84576815975,299.9254789057361
8020000,16040.000002350278,-51135.4691043272,292.2197398301009
8025000,16050.000002352315,-51169.664250970265,295.76647414661346
8030000,16060.000002354353,-51031.767159139476,294.9431172486756
8035000,16070.00000235639,-51688.62953583122,294.78589176278274
8040000,16080.000002358427,-51584.58626889554,292.8781159954938
8045000,16090.000002360464,-51558.3115145615,292.8657604931082
8050000,16100.000002362502,-51042.63871398845,304.2835655558754
8055000,16110.000002364539,-51352.984980674344,299.97879158510165
8060000,16120.000002366576,-51635.449018269865,291.20148423779926
8065000,16130.000002368613,-51395.05762591021,298.1705685451411
8070000,16140.00000237065,-51727.619969147956,294.08329698906743
8075000,16150.000002372688,-51564.49370211063,295.41116139281417
8080000,16160.000002374725,-51326.798911201884,314.2067446277265
8085000,16170.000002376762,-51511.21927425591,300.2452799558054
8090000,16180.0000023788,-51431.49434309214,303.1046335926411
8095000,16190.000002380837,-51152.74641443597,305.95049722403934
8100000,16200.000002382874,-51628.9257370744,301.18189918530265
8105000,16210.000002384912,-51832.49967138679,297.4460236558094
8110000,16220.000002386949,-51335.433179594605,298.4532982497491
8115000,16230.000002388986,-51190.53064582619,294.7190327643933
8120000,16240.000002391023,-51487.65338113933,290.7452009266921
8125000,16250.00000239306,-51123.75991863062,301.2820692382958
8130000,16260.000002395098,-51433.338109550124,301.62455428514875
8135000,16270.000002397135,-51572.65523483866,294.45122788602043
8140000,16280.000002399172,-51664.37888406706,296.49430442466
8145000,16290.00000240121,-51690.738369194936,302.4065196343257
8150000,16300.000002403247,-51062.85811204568,288.6537766381303
8155000,16310.000002405284,-51469.873027640395,290.43635764386335
8160000,16320.000002407322,-51523.42302198018,299.49210456525446
8165000,16330.000002409359,-51254.84454689978,302.5261952396177
8170000,16340.000002411396,-51207.812410583196,291.10565462745075
8175000,16350.000002413433,-51772.952015143936,296.75984119504983
8180000,16360.00000241547,-51468.090968706645,298.9544042330929
8185000,16370.000002417508,-51165.80764187695,289.73682817620437
8190000,16380.000002419545,-51538.21649609422,294.02285018816025
8195000,16390.00000242158,-51224.53360848807,298.49469320506887
8200000,16400.000002423618,-51582.6312115723,301.82591855080005
8205000,16410.000002425655,-51293.333307600755,288.8732686289348
8210000,16420.000002427692,-51194.211297907226,300.02768779212903
8215000,16430.00000242973,-51036.40111121314,297.86081206561136
8220000,16440.000002431767,-51242.81284608599,302.48000506742835
8225000,16450.000002433804,-51422.82817967562,306.2183266560472
8230000,16460.00000243584,-51498.72087233371,299.41291642406196
8235000,16470.00000243788,-51198.68333545112,295.55582832106506
8240000,16480.000002439916,-51494.4311873767,293.4334429143307
8245000,16490.000002441953,-51378.04022197475,296.6280816448539
8250000,16500.00000244399,-51333.16377820057,297.00649829653565
8255000,16510.000002446028,-51428.73740835721,296.79774985609754
8260000,16520.000002448065,-51624.28316441731,296.79644977720784
8265000,16530.000002450102,-51079.733922409854,298.5015789149822
8270000,16540.00000245214,-51467.702912965324,302.54734606526415
8275000,16550.000002454177,-51476.41414707154,304.41122901052523
8280000,16560.000002456214,-51610.55190829217,297.8780593976076
8285000,16570.00000245825,-51838.246292201104,295.1598751952259
8290000,16580.00000246029,-51478.975985555444,297.40235404972344
8295000,16590.000002462326,-51264.909549530654,300.7637948594949
8300000,16600.000002464363,-51329.79264472751,306.2002816426104
8305000,16610.0000024664,-51167.67484802194,296.9600897112927
8310000,16620.000002468438,-51499.7882947459,297.0280273787016
8315000,16630.000002470475,-51427.555683517276,298.47836515015996
8320000,16640.000002472512,-51475.04061676568,295.0182856053841
8325000,16650.00000247455,-51298.52716069989,290.52545726441934
8330000,16660.000002476587,-51344.677791534865,298.0361199767253
8335000,16670.000002478624,-51402.155289378396,294.13322655036296
8340000,16680.00000248066,-51748.2273631976,301.2724743343776
8345000,16690.0000024827,-51207.96787155571,292.96646137450983
8350000,16700.000002484736,-51160.97585594386,302.9924069727942
8355000,16710.000002486773,-51348.75575389952,298.91844707414657
8360000,16720.00000248881,-51722.57123886238,303.05917799714484
8365000,16730.000002490848,-51687.75200433162,300.03737560951663
8370000,16740.000002492885,-51345.25096895438,288.46804484503156
8375000,16750.000002494922,-51370.55486904603,304.7132863867603
8380000,16760.00000249696,-51525.67162575567,297.1824941005259
8385000,16770.000002498997,-51288.71941708942,294.6117780526337
8390000,16780.000002501034,-51689.12833132225,297.88029516763737
8395000,16790.00000250307,-51297.29673126573,295.44974277116745
8400000,16800.00000250511,-51399.23672916932,301.19273836137097
8405000,16810.000002507146,-51567.47059676758,296.50758183092523
8410000,16820.000002509183,-51440.984242896695,300.2612720376675
8415000,16830.00000251122,-51651.27731292552,295.8986308475079
8420000,16840.000002513258,-51169.899508497474,297.17532790779507
8425000,16850.000002515295,-51532.30587367574,298.3173160557848
8430000,16860.000002517332,-51514.49226424008,298.38604672899453
8435000,16870.00000251937,-51422.23035804086,304.9519905043751
8440000,16880.000002521407,-51391.73042923646,299.0492440618559
8445000,16890.000002523444,-51689.77575713,303.53620270630734
8450000,16900.00000252548,-51121.43782521799,297.9428903815644
8455000,16910.00000252752,-51728.19436037188,297.38246519936285
8460000,16920.000002529556,-51239.76549021638,296.9708560109554
8465000,16930.000002531593,-51869.394323680346,297.84433812947395
8470000,16940.00000253363,-51476.853972233715,304.3387092623177
8475000,16950.000002535668,-51498.175918080815,298.92799024759114
8480000,16960.000002537705,-51618.981819684675,299.85094269868864
8485000,16970.000002539742,-51525.27117529922,297.8051952100211
8490000,16980.00000254178,-51467.34298463163,299.8696544895094
8495000,16990.000002543817,-51309.55787500672,299.41453839977424
8500000,17000.000002545854,-51796.1496655097,296.80276661307397
8505000,17010.00000254789,-51475.7186595113,296.23391745165065
8510000,17020.00000254993,-51666.06035841539,301.3815559570837
8515000,17030.000002551966,-51450.99708879052,296.15084386718524
8520000,17040.000002554003,-51565.733050607116,298.8108479548077
8525000,17050.00000255604,-51388.20471521022,297.84599402242566
8530000,17060.000002558078,-51544.661402267026,299.30272922869005
8535000,17070.000002560115,-51165.93112510801,290.96496215852557
8540000,17080.000002562152,-51500.27445437439,300.2171116993722
8545000,17090.00000256419,-51842.32849490622,302.2097732124784
8550000,17100.000002566227,-51414.44712762549,302.37371207658947
8555000,17110.000002568264,-51238.25002163742,289.7461629299213
8560000,17120.0000025703,-51587.16231350301,296.76562241491075
8565000,17130.00000257234,-51166.712516909494,302.8418819095301
8570000,17140.000002574376,-51201.35445556042,296.0746109028221
8575000,17150.000002576413,-51105.48630759303,296.9886146678663
8580000,17160.00000257845,-51316.739683692605,297.5287728667353
8585000,17170.000002580487,-51723.16995492892,296.5003468493481
8590000,17180.000002582525,-51551.448493331816,301.2313020976769
8595000,17190.000002584562,-51627.991431095725,296.9277601496533
8600000,17200.0000025866,-51392.97820256435,300.1758522236946
8605000,17210.000002588637,-51020.329037444055,304.7914650305824
8610000,17220.000002590674,-50856.27745941622,296.04767868333255
8615000,17230.00000259271,-51505.05445100134,298.22183477178726
8620000,17240.00000259475,-51728.330203058256,291.55703302018895
8625000,17250.000002596786,-51183.55869904216,295.5404490211313
8630000,17260.000002598823,-51132.88312212232,296.89344075215575
8635000,17270.00000260086,-51580.06436910198,300.2216081248104
8640000,17280.000002602897,-51099.90809565649,304.5952663174155
8645000,17290.000002604935,-51766.001247180364,293.7329250450026
8650000,17300.000002606972,-51739.84154455559,304.41519076309515
8655000,17310.00000260901,-51172.72409373621,293.53511529263733
8660000,17320.000002611047,-51501.5744673913,298.53774498324947
8665000,17330.000002613084,-51232.51355460228,298.5498388638769
8670000,17340.00000261512,-51270.13630205771,301.9218915860445
8675000,17350.00000261716,-51391.48764242168,295.89445899964585
8680000,17360.000002619196,-51013.820048714755,297.07689008278817
8685000,17370.000002621233,-51016.75837110978,295.3300675554106
8690000,17380.00000262327,-50999.154971408454,290.1621134697046
8695000,17390.000002625307,-51621.28705936085,302.00450338114234
8700000,17400.000002627345,-51691.11277205337,296.2842765671037
8705000,17410.000002629382,-51296.7221224354,295.0446521518141
8710000,17420.00000263142,-51192.07315266979,295.2781027992512
8715000,17430.000002633456,-51262.55001938547,299.62346726730345
8720000,17440.000002635494,-51935.77889224433,302.54677385350266
8725000,17450.00000263753,-51833.03154668084,295.6258254221187
8730000,17460.00000263957,-51443.621062272636,296.42036193381335
8735000,17470.000002641606,-51331.859613136214,297.80641579138745
8740000,17480.000002643643,-51185.433201680426,302.52600395333894
8745000,17490.00000264568,-51505.67125214267,297.40686315252844
8750000,17500.000002647717,-51396.374972622405,299.77777168489126
8755000,17510.000002649755,-51270.160489782895,296.0495092738218
8760000,17520.000002651792,-51831.797735004046,299.2286967225933
8765000,17530.00000265383,-51551.50632126175,299.1627750048842
8770000,17540.000002655866,-51710.86315096903,307.65126022334
8775000,17550.000002657904,-51561.48449621617,297.30346872286566
8780000,17560.00000265994,-51918.94400075931,304.12446749126786
8785000,17570.00000266198,-51395.75404022235,301.69086374810934
8790000,17580.000002664015,-51528.16790808027,310.0077906094858
8795000,17590.000002666053,-51516.17928546152,298.1192582906997
8800000,17600.00000266809,-51726.60606027336,298.644646987647
8805000,17610.000002670127,-51318.21182094616,302.9103390558786
8810000,17620.000002672165,-51269.618630605255,306.7811100447467
8815000,17630.000002674202,-51194.31894953319,296.830698379049
8820000,17640.00000267624,-51548.22820580055,296.23229658708703
8825000,17650.000002678276,-51075.449410081026,291.5673812063596
8830000,17660.000002680314,-51463.81638999062,304.51396308373876
8835000,17670.00000268235,-51316.76727648775,299.8880221310694
8840000,17680.000002684388,-51527.37321551566,294.89749161709045
8845000,17690.000002686425,-51383.45655510336,298.65670272754124
8850000,17700.000002688463,-51247.36830198637,302.92090577837723
8855000,17710.0000026905,-50993.61746835799,304.2412769709771
8860000,17720.000002692537,-51632.5726224136,302.2962000715671
8865000,17730.000002694575,-51683.97998483482,307.9565530759321
8870000,17740.00000269661,-51415.69051299075,307.2055049748251
8875000,17750.00000269865,-51464.02675267801,299.86301738779105
8880000,17760.000002700686,-51370.332863699005,296.9342592048062
8885000,17770.000002702724,-51856.97970899861,296.75581120460816
8890000,17780.00000270476,-51254.36293412873,295.57006105723843
8895000,17790.000002706798,-51160.442601470335,302.8390025873183
8900000,17800.000002708835,-51235.13429967925,298.97515532855107
8905000,17810.000002710873,-51443.52620007374,297.21834938839817
8910000,17820.00000271291,-51557.57502054103,294.6145222797291
8915000,17830.000002714947,-51404.32351990408,296.3440288509108
8920000,17840.000002716984,-51356.611594907066,304.7777592142592
8925000,17850.00000271902,-51362.47049214985,294.2765710344286
8930000,17860.00000272106,-51256.69897989606,301.50665889929235
8935000,17870.000002723096,-51428.159234518156,294.3992528040556
8940000,17880.000002725134,-51758.60589544699,309.0863597758034
8945000,17890.00000272717,-51281.95546446729,302.53111039981485
8950000,17900.000002729208,-51534.09706217545,297.16437963280765
8955000,17910.000002731245,-51488.175896873116,296.32479318815547
8960000,17920.000002733283,-51320.37197410382,299.2879137977354
8965000,17930.00000273532,-51251.50171912124,306.12315594445346
8970000,17940.000002737357,-51279.87908240553,296.8447233531308
8975000,17950.000002739394,-51682.16782198852,299.3844495721681
8980000,17960.00000274143,-51306.30902328031,292.65694966267756
8985000,17970.00000274347,-51475.31625651158,285.0585564270866
8990000,17980.000002745506,-51606.10880336046,297.847747319351
8995000,17990.000002747543,-51032.73256718117,304.71772262155264
9000000,18000.00000274958,-51388.94651428738,297.6240514990718
9005000,18010.000002751618,-50963.37016339923,297.9292957042547
9010000,18020.000002753655,-51160.94880424946,293.6020215509957
9015000,18030.000002755693,-51112.86107413008,301.4679312171832
9020000,18040.00000275773,-51275.24950604755,297.5745925510377
9025000,18050.000002759767,-51479.87110084566,296.46848502981123
9030000,18060.000002761804,-51355.38097899,299.3021392170423
9035000,18070.00000276384,-51157.034552612575,286.8514295318259
9040000,18080.00000276588,-51672.517260470486,301.1829613007357
9045000,18090.000002767916,-51348.10708324454,300.1644789706796
9050000,18100.000002769953,-51377.68838094873,300.55870485459536
9055000,18110.00000277199,-51547.640433574794,305.45389397874266
9060000,18120.000002774028,-51746.932096913195,291.4426861609758
9065000,18130.000002776065,-51599.57674471263,298.1389032068321
9070000,18140.000002778102,-51524.64321359369,299.53643633363095
9075000,18150.00000278014,-51876.402735149866,301.8016082737474
9080000,18160.000002782177,-51499.24090998116,298.88512172363886
9085000,18170.000002784214,-51597.61764692399,303.5232588845818
9090000,18180.00000278625,-51116.01847258792,303.10728446361065
9095000,18190.00000278829,-51659.85065891591,303.0546973847627
9100000,18200.000002790326,-51165.008249073,294.5298022561656
9105000,18210.000002792363,-51019.61154104461,297.8266074038472
9110000,18220.0000027944,-51407.13904368589,301.05389813055245
9115000,18230.000002796438,-51171.00513592255,290.8177904029685
9120000,18240.000002798475,-51477.34843153544,294.69495069642306
9125000,18250.000002800512,-51208.39087095426,301.12728737500356
9130000,18260.00000280255,-51642.115312985086,298.25949892603086
9135000,18270.000002804587,-51340.681216708006,294.91171410357316
9140000,18280.000002806624,-51411.37355163129,299.800701965435
9145000,18290.00000280866,-51726.982670117315,290.21185368957816
9150000,18300.0000028107,-51586.58466855253,308.80229230863176
9155000,18310.000002812736,-51932.219623855286,300.701541812555
9160000,18320.000002814773,-51136.23670045566,296.2305865619738
9165000,18330.00000281681,-51569.03752080613,294.58023530614537
9170000,18340.000002818848,-51410.7533651503,305.10558380499356
9175000,18350.000002820885,-51442.37570867376,296.45944097604007
9180000,18360.000002822922,-51596.106554488244,299.99409544383906
9185000,18370.00000282496,-51173.699381359475,299.8793918231008
9190000,18380.000002826997,-51176.602626272244,297.0455035261847
9195000,18390.000002829034,-51681.91063762628,304.0230098043351
9200000,18400.00000283107,-51578.48542321549,297.21950153436717
9205000,18410.00000283311,-51752.47358481918,291.62723821971343
9210000,18420.000002835146,-51092.33788356499,296.0285502260105
9215000,18430.000002837183,-51328.20730955686,284.84621541599324
9220000,18440.00000283922,-51095.95390134677,295.97274921509285
9225000,18450.000002841258,-51537.892796349595,304.87215023882914
9230000,18460.000002843295,-51428.71825684991,302.03477848038153
9235000,18470.000002845332,-51312.51566899987,295.5055234389651
9240000,18480.00000284737,-51098.93451840521,292.6529643820186
9245000,18490.000002849407,-51404.345333218516,294.43343127294327
9250000,18500.000002851444,-51539.98990096655,295.2467940742545
9255000,18510.00000285348,-51053.75355687263,299.20394411730706
9260000,18520.00000285552,-51370.826248409896,298.96412952938607
9265000,18530.000002857556,-51409.150267009856,294.48014976115996
9270000,18540.000002859593,-51535.776043729624,303.212895598069
9275000,18550.00000286163,-51550.63398712466,305.61343027451966
9280000,18560.000002863668,-51562.2949167451,296.86492575992753
9285000,18570.000002865705,-51228.59104023551,302.55762269553696
9290000,18580.000002867742,-51391.6731613873,293.8731478597142
9295000,18590.00000286978,-51553.02923033765,301.3289766664951
9300000,18600.000002871817,-51498.87461413024,299.45249209780303
9305000,18610.000002873854,-51091.03843909921,304.83561330901483
9310000,18620.00000287589,-51369.784697815514,294.0966631460585
9315000,18630.00000287793,-51636.01968474517,287.475644752272
9320000,18640.000002879966,-51447.00183622158,298.5068238138404
9325000,18650.000002882003,-51434.828292121296,304.25808078543145
9330000,18660.00000288404,-51191.87973417048,297.2057853329006
9335000,18670.000002886078,-51450.676471040584,293.5527289864232
9340000,18680.000002888115,-51409.19073898316,299.3113398801589
9345000,18690.000002890152,-51175.974277137575,295.9100554020849
9350000,18700.00000289219,-51523.34753036179,295.15654134857135
9355000,18710.000002894227,-51224.1784151234,302.28398770111653
9360000,18720.000002896264,-51434.838739812694,300.3267179834628
9365000,18730.0000028983,-51106.53696690206,303.51878537509805
9370000,18740.00000290034,-51650.96097230213,296.4579042774843
9375000,18750.000002902376,-51138.32280245164,293.9129727806514
9380000,18760.000002904413,-51085.47830324952,296.19187310893057
9385000,18770.00000290645,-51635.721268097084,290.11100742998303
9390000,18780.000002908488,-51863.67626279197,304.1095665548562
9395000,18790.000002910525,-51262.034022741194,290.15817587493166
9400000,18800.000002912562,-51198.87528728132,295.52290083611973
9405000,18810.0000029146,-51805.3386667578,293.03071093499096
9410000,18820.000002916637,-51201.09466790085,295.2567381459588
9415000,18830.000002918674,-51444.10562713799,294.44547724744143
9420000,18840.00000292071,-51422.508600917674,296.43237454144025
9425000,18850.00000292275,-51221.66720430393,302.007671982056
9430000,18860.000002924786,-51672.445947031956,299.7159564191021
9435000,18870.000002926823,-51661.87085092321,299.4449491200659
9440000,18880.00000292886,-51263.78491239765,296.467251322504
9445000,18890.000002930898,-51546.20907516574,300.56218271423967
9450000,18900.000002932935,-51167.15631356789,296.4080849649543
9455000,18910.000002934972,-51398.80249033193,300.0505164017081
9460000,18920.00000293701,-51034.561182198784,297.1000209630495
9465000,18930.000002939047,-51394.86736400498,310.75593474338206
9470000,18940.000002941084,-51342.73574089483,287.07149997960045
9475000,18950.00000294312,-51338.15538081393,292.66825227663725
9480000,18960.00000294516,-51476.34225567113,302.51442456809986
9485000,18970.000002947196,-51771.667381203326,293.7303501037877
9490000,18980.000002949233,-51702.49830813377,302.0787999393884
9495000,18990.00000295127,-51766.128301220306,297.833557701439
9500000,19000.000002953308,-51469.15086422494,295.74975981775856
9505000,19010.000002955345,-51441.01730112269,297.86400137754526
9510000,19020.000002957382,-51491.64592638769,295.46736374361626
9515000,19030.00000295942,-51809.709213472815,296.147203362847
9520000,19040.000002961457,-51439.15896846057,304.5981828891975
9525000,19050.000002963494,-51705.56580632538,302.8821218934863
9530000,19060.00000296553,-51245.65170253473,307.24432716995733
9535000,19070.00000296757,-51599.267053274874,294.8222858359434
9540000,19080.000002969606,-52178.05880786569,304.86511102187745
9545000,19090.000002971643,-51612.271876078565,292.4567574387624
9550000,19100.00000297368,-51330.90001512319,289.64545790482055
9555000,19110.000002975718,-51585.46895220122,289.28828693596097
9560000,19120.000002977755,-51578.39755569733,293.0773100249593
9565000,19130.000002979792,-51759.43955065773,299.5004145024767
9570000,19140.00000298183,-51706.4712347344,298.88161895153416
9575000,19150.000002983867,-51391.91519220857,300.2853491805427
9580000,19160.000002985904,-51495.85778576217,300.0035491019884
9585000,19170.00000298794,-51656.632723871764,306.51362265211077
9590000,19180.00000298998,-51594.87793414935,294.2599175857343
9595000,19190.000002992016,-51380.97818019579,294.7471459474585
9600000,19200.000002994053,-51599.967363478645,294.0444094332762
9605000,19210.00000299609,-51457.18425775936,299.58427012754186
9610000,19220.000002998127,-51996.14903271827,296.25449297756376
9615000,19230.000003000165,-51507.8649454375,292.84751777052287
9620000,19240.000003002202,-51517.74341421452,295.3155736638612
9625000,19250.00000300424,-51825.47104357628,297.8823537147538
9630000,19260.000003006277,-51850.36066518459,295.52887015945026
9635000,19270.000003008314,-51633.83629295821,295.9309601330546
9640000,19280.00000301035,-51916.55441023584,292.07996346353696
9645000,19290.00000301239,-51642.288498974754,307.1445258277946
9650000,19300.000003014426,-51344.4579425572,296.56600503021286
9655000,19310.000003016463,-51440.62295566758,295.61926594850326
9660000,19320.0000030185,-51711.038145088154,294.8957423298367
9665000,19330.000003020537,-50999.97245144943,293.0979867336244
9670000,19340.000003022575,-51636.642817185,303.60103071218657
9675000,19350.000003024612,-51193.35698464408,309.17620297297606
9680000,19360.00000302665,-51539.316937151685,300.412630993809
9685000,19370.000003028686,-51266.87200004642,304.4352519653074
9690000,19380.000003030724,-51844.15980036714,299.3157359021334
9695000,19390.00000303276,-51360.17582689694,304.7215935297153
9700000,19400.0000030348,-51092.0810850602,306.07497186015263
9705000,19410.000003036836,-51689.21812063892,298.8574638996962
9710000,19420.000003038873,-51276.23029076264,296.05597427271005
9715000,19430.00000304091,-51516.83602312475,301.6826579154268
9720000,19440.000003042947,-51366.71193239358,296.26867936922565
9725000,19450.000003044985,-51336.36847850308,300.1682418735131
9730000,19460.000003047022,-51982.23450421865,297.85720262595044
9735000,19470.00000304906,-51583.883120547864,297.51147319995346
9740000,19480.000003051096,-51322.78587838294,296.97149599330345
9745000,19490.000003053134,-51719.81919576845,287.7152558749944
9750000,19500.00000305517,-50966.5440712416,298.91675111095253
9755000,19510.00000305721,-51504.4648734924,291.575051574831
9760000,19520.000003059246,-51506.855251711386,299.2114191949186
9765000,19530.000003061283,-51571.036573080055,295.6101910417044
9770000,19540.00000306332,-51315.86056537283,305.48861333218974
9775000,19550.000003065357,-51141.67697126526,300.67574655335903
9780000,19560.000003067395,-51186.298993435106,294.4649364414554
9785000,19570.000003069432,-51200.79712032745,296.3650582309609
9790000,19580.00000307147,-51429.57974534671,290.5846131620346
9795000,19590.000003073506,-51442.02362343023,292.10502054932505
9800000,19600.000003075544,-51510.13559589046,303.5579353385
9805000,19610.00000307758,-51627.496404442936,296.6073640671288
9810000,19620.00000307962,-51730.168011979345,307.54476902025255
9815000,19630.000003081655,-51330.80976793083,301.41859982169143
9820000,19640.000003083693,-51453.93806085148,295.44666075924465
9825000,19650.00000308573,-51342.9004231781,296.90694260222085
9830000,19660.000003087767,-51750.30517774017,293.082261137727
9835000,19670.000003089805,-51652.27536023644,299.3203278775988
9840000,19680.00000309184,-51320.37615796883,299.57066819802617
9845000,19690.00000309388,-51581.644355715136,303.7773783218963
9850000,19700.000003095916,-51181.05598636184,299.4263653405062
9855000,19710.000003097954,-51597.478032005136,294.7644014817132
9860000,19720.00000309999,-51341.64515706175,297.524827247513
9865000,19730.000003102028,-51399.47956414582,301.15057891052334
9870000,19740.000003104065,-51490.54567633619,303.7374427719821
9875000,19750.000003106103,-51571.72598492596,305.571170424028
9880000,19760.00000310814,-51488.86190216325,303.81443785769574
9885000,19770.000003110177,-51456.55868381064,294.57797012875267
9890000,19780.000003112214,-51350.558861600904,296.9240299351526
9895000,19790.00000311425,-51298.93992639292,299.4128638310457
9900000,19800.00000311629,-51705.665014667495,301.6007128946532
9905000,19810.000003118326,-51583.26369234643,302.4596924519585
9910000,19820.000003120364,-51523.56155762449,297.59134220502176
9915000,19830.0000031224,-51994.01052090735,299.88460290452366
9920000,19840.000003124438,-51536.82089389392,299.3109942366953
9925000,19850.000003126475,-51650.590107884316,301.0811666927541
9930000,19860.000003128513,-51774.56490133263,302.01283893728134
9935000,19870.00000313055,-51188.278186317766,294.82554480332436
9940000,19880.000003132587,-51560.221310879395,296.34904556563487
9945000,19890.000003134624,-51246.25465924747,307.41863487873974
9950000,19900.00000313666,-51265.511081635545,299.09400661328056
9955000,19910.0000031387,-51947.228488881665,295.2473356895133
9960000,19920.000003140736,-51486.25299685905,295.682755380844
9965000,19930.000003142773,-51335.86773423501,297.45116848761046
9970000,19940.00000314481,-51221.63505679992,295.3549444464675
9975000,19950.000003146848,-51422.31354759759,297.42506780274766
9980000,19960.000003148885,-51570.90531071654,299.67090199446005
9985000,19970.000003150923,-51705.42299628409,303.6022836540989
9990000,19980.00000315296,-51107.68785322373,295.7985809886743
9995000,19990.000003154997,-51505.279670710675,297.6202062795654
10000000,20000.000003157034,-51350.99772658787,299.0114953483527
10005000,20010.00000315907,-51462.0393725147,294.19526038023383
10010000,20020.00000316111,-51652.95226575452,292.38896662536644
10015000,20030.000003163146,-51268.65075461066,296.9260099759677
10020000,20040.000003165183,-51766.14449619473,297.3631719357891
10025000,20050.00000316722,-51819.56906069451,300.777130870345
10030000,20060.000003169258,-51305.11960004567,290.90228976403415
10035000,20070.000003171295,-51225.18882067886,306.93049574564515
10040000,20080.000003173333,-51481.37851030988,300.4046394004518
10045000,20090.00000317537,-51289.07187829935,292.2436764142802
10050000,20100.000003177407,-51477.100219889835,305.83649109029056
10055000,20110.000003179444,-51117.19331280625,298.28261861570104
10060000,20120.00000318148,-51317.5713630488,295.7365441387351
10065000,20130.00000318352,-51344.566487489734,306.05385020504986
10070000,20140.000003185556,-51566.987372600706,300.5974780122903
10075000,20150.000003187593,-51578.01304666285,298.4021511432813
10080000,20160.00000318963,-51531.92215887175,283.6622503439803
10085000,20170.000003191668,-51619.76553195709,302.18977011951705
10090000,20180.000003193705,-51358.88873530281,298.7647912921449
10095000,20190.000003195742,-50915.05392758432,296.04279760139065
10100000,20200.00000319778,-51151.275792097236,305.4387496281571
10105000,20210.000003199817,-51261.447098246455,296.08908682898596
10110000,20220.000003201854,-51004.912950671074,306.19178253046033
10115000,20230.00000320389,-51559.15896828717,294.9522374813659
10120000,20240.00000320593,-51667.92775160383,294.7945738174635
10125000,20250.000003207966,-51181.19774000114,290.51146052578184
10130000,20260.000003210003,-51349.45525898895,305.3229863206042
10135000,20270.00000321204,-51216.06781271647,300.6493302076132
10140000,20280.000003214078,-51488.87365635263,300.605900429319
10145000,20290.000003216115,-51478.226519564545,301.5982287469093
10150000,20300.000003218152,-51742.373366320215,299.0460682423342
10155000,20310.00000322019,-51642.53724916297,296.0392331344233
10160000,20320.000003222227,-51148.09577195061,297.8058453833057
10165000,20330.000003224264,-51401.124816216296,294.836547961308
10170000,20340.0000032263,-51950.49939921146,299.10678155584793
10175000,20350.00000322834,-51249.40728327178,304.2289810742971
10180000,20360.000003230376,-51908.52887849457,297.25215213115314
10185000,20370.000003232413,-51338.00677924408,299.8785430301641
10190000,20380.00000323445,-51317.8411491749,298.3862625899506
10195000,20390.000003236488,-51521.938681619795,295.49438736882655
10200000,20400.000003238525,-51144.41989822616,292.94908426652427
10205000,20410.000003240562,-50933.39455624335,299.1067075076972
10210000,20420.0000032426,-51624.72046886536,293.3306848275026
10215000,20430.000003244637,-51371.012650645454,305.15629712125764
10220000,20440.000003246674,-51681.88467301178,288.71302537550486
10225000,20450.00000324871,-51216.884166591335,299.59948086679987
10230000,20460.00000325075,-51418.37591634208,303.5069828431467
10235000,20470.000003252786,-51476.89084736348,303.1859622156582
10240000,20480.000003254823,-51377.635931889236,305.5908672913376
10245000,20490.00000325686,-51243.068553288525,300.39994162640346
10250000,20500.000003258898,-51545.96094389315,291.2089347761933
10255000,20510.000003260935,-51257.89770473249,297.337781646725
10260000,20520.000003262972,-51545.231387450185,302.0445111061721
10265000,20530.00000326501,-51460.30643013987,305.3917585495122
10270000,20540.000003267047,-51263.68840056815,298.54741491307993
10275000,20550.000003269084,-51266.17480862548,304.6044539013633
10280000,20560.00000327112,-51207.234538712946,301.93774584859284
10285000,20570.00000327316,-51516.74414638188,306.9433887748913
10290000,20580.000003275196,-51456.38428627752,296.45207635948066
10295000,20590.000003277233,-51314.306886781764,297.8773394155523
10300000,20600.00000327927,-51100.93523678754,298.07715562978166
10305000,20610.000003281308,-51622.497170793125,299.9585976930645
10310000,20620.000003283345,-51220.08567314074,294.412106130845
10315000,20630.000003285382,-51406.27428606077,300.7711811086973
10320000,20640.00000328742,-51730.29928759829,302.0504479269196
10325000,20650.000003289457,-51668.21813276259,292.7634137025356
10330000,20660.000003291494,-51260.94315009646,304.0550239455693
10335000,20670.00000329353,-51484.8266226507,295.89496142961866
10340000,20680.00000329557,-51610.830321390415,298.91413542660104
10345000,20690.000003297606,-51650.640502653754,295.6328557344751
10350000,20700.000003299643,-51822.95539503207,304.38203017082753
10355000,20710.00000330168,-51704.79355357902,299.7032959744686
10360000,20720.000003303718,-51128.311977786594,293.26313378865854
10365000,20730.000003305755,-51603.1153644961,297.45681388847873
10370000,20740.000003307792,-51492.48362188102,289.7497504042677
10375000,20750.00000330983,-51667.763357995165,299.3322252420221
10380000,20760.000003311867,-51476.719113862084,294.4131206985356
10385000,20770.000003313904,-51558.70490908786,295.91110830853006
10390000,20780.00000331594,-51625.35086748499,308.96846511737294
10395000,20790.00000331798,-51298.710326778906,300.5243372605636
10400000,20800.000003320016,-51393.66869949846,297.6238015787566
10405000,20810.000003322053,-51663.60102012468,297.60610420097595
10410000,20820.00000332409,-51456.64692151465,299.18109495157057
10415000,20830.000003326128,-52056.64571307803,296.9735532521252
10420000,20840.000003328165,-51287.170199730084,292.67659091279415
10425000,20850.000003330202,-51109.05325773996,290.89088132293
10430000,20860.00000333224,-51367.59550516363,301.31752217509313
10435000,20870.000003334277,-51260.56377812894,303.0873096970706
10440000,20880.000003336314,-51405.75242321464,296.00478397161856
10445000,20890.00000333835,-51672.107045575394,297.97061061229346
10450000,20900.00000334039,-51549.7389344353,294.3466583439599
10455000,20910.000003342426,-51183.95708793515,297.51038314796233
10460000,20920.000003344463,-51959.496092332265,297.38665410509293
10465000,20930.0000033465,-51208.8072672057,299.4663396211603
10470000,20940.000003348538,-51608.733258765424,289.58019123793935
10475000,20950.000003350575,-51575.05951335997,308.0504110363004
10480000,20960.000003352612,-51357.059143681225,300.68318644338837
10485000,20970.00000335465,-51308.020947537676,291.1741199603126
10490000,20980.000003356687,-51335.25808652601,300.09916354394
10495000,20990.000003358724,-51255.43637100799,291.74418908768376
10500000,21000.00000336076,-51577.054560320335,294.7285139384783
10505000,21010.0000033628,-51426.90953590028,295.40391580836564
10510000,21020.000003364836,-51761.25143146695,300.5546877832478
10515000,21030.000003366873,-51405.74487732581,302.0900309461112
10520000,21040.00000336891,-51026.17699553975,299.94615717263684
10525000,21050.000003370948,-51461.203712496994,303.8606547285571
10530000,21060.000003372985,-51018.6733142304,297.7355724523976
10535000,21070.000003375022,-51422.96325249158,299.81626443355304
10540000,21080.00000337706,-51116.85710584847,301.00977245180206
10545000,21090.000003379097,-51254.984314306785,301.36417306967155
10550000,21100.000003381134,-51550.67512516663,297.33786044789014
10555000,21110.00000338317,-51219.77236354636,305.0867085009545
10560000,21120.00000338521,-51772.042217384995,300.0762791339277
10565000,21130.000003387246,-51538.83086978539,296.21721907901866
10570000,21140.000003389283,-51897.08366347011,294.6914451471322
10575000,21150.00000339132,-51357.97464539838,297.8273557150823
10580000,21160.000003393357,-51408.876363155694,294.1547395230681
10585000,21170.000003395395,-51601.74634468922,308.7363306553119
10590000,21180.000003397432,-51404.021925895126,300.3681962024314
10595000,21190.00000339947,-51702.989021832414,305.64110923595047
10600000,21200.000003401507,-51195.8243542393,302.8172213118649
10605000,21210.000003403544,-51519.96807936329,298.8887931709643
10610000,21220.00000340558,-51474.171652084595,302.88468577124314
10615000,21230.00000340762,-51599.87743445416,301.4796672599515
10620000,21240.000003409656,-51548.012669056305,292.26706917502514
10625000,21250.000003411693,-51470.44529981949,300.85066504876625
10630000,21260.00000341373,-51519.73873740496,298.17292604796626
10635000,21270.000003415767,-51305.28110947486,300.27272472948545
10640000,21280.000003417805,-50865.07361495425,296.6067939683615
10645000,21290.000003419842,-51473.205278598994,296.40513474004183
10650000,21300.00000342188,-51381.66708162846,296.61725170472977
10655000,21310.000003423916,-51713.497665711504,305.1152980011892
10660000,21320.000003425954,-51711.225777839776,287.30966163182535
10665000,21330.00000342799,-51288.85294839996,295.84705898250985
10670000,21340.00000343003,-51658.11327444509,296.1869851585812
10675000,21350.000003432066,-51286.145694773004,299.56900022669674
10680000,21360.000003434103,-51515.47188967944,299.57739369131156
10685000,21370.00000343614,-51551.86943419109,295.7490510903285
10690000,21380.000003438177,-51251.08958145231,299.6802834967441
10695000,21390.000003440215,-51600.71112767057,302.076950844682
10700000,21400.000003442252,-51066.518414594524,302.6639787118112
10705000,21410.00000344429,-51159.08758041274,302.1389151190301
10710000,21420.000003446326,-51611.37582456725,301.7128721107432
10715000,21430.000003448364,-51626.63856828475,301.5657994305402
10720000,21440.0000034504,-51705.988571012014,300.8420191825163
10725000,21450.00000345244,-51439.19102665252,292.51931013228716
10730000,21460.000003454476,-51279.33523267176,301.23230523780535
10735000,21470.000003456513,-51746.940405514324,298.94857689959565
10740000,21480.00000345855,-51609.811335943494,293.43605389017745
10745000,21490.000003460587,-51160.52569910581,293.5006552729562
10750000,21500.000003462625,-51337.447419389064,304.72955664207785
10755000,21510.000003464662,-51057.94251246075,306.1340108421545
10760000,21520.0000034667,-51500.032172840234,303.5549888706588
10765000,21530.000003468736,-51480.00937295263,291.2879983591868
10770000,21540.000003470774,-51458.188717047684,299.20871909124475
10775000,21550.00000347281,-51253.17198875162,299.1077431758701
10780000,21560.00000347485,-51395.18775357204,297.55615449881907
10785000,21570.000003476885,-51126.51837072245,293.5035773095378
10790000,21580.000003478923,-51387.509467326774,299.5595958581332
10795000,21590.00000348096,-51541.749194784206,300.23343987640146
10800000,21600.000003482997,-51804.4465867664,299.97346279773365
10805000,21610.000003485035,-51725.54605142205,297.6810511027076
10810000,21620.00000348707,-51846.432379497535,298.02509431071115
10815000,21630.00000348911,-51344.31564824589,290.4223814628028
10820000,21640.000003491146,-51180.13389415032,297.0373883789137
10825000,21650.000003493184,-51355.60389241358,293.313889435515
10830000,21660.00000349522,-51456.1688268056,308.77109421722315
10835000,21670.000003497258,-51552.62114200657,297.68925805953444
10840000,21680.000003499295,-51348.033685678296,294.01165662292794
10845000,21690.000003501333,-51725.05333747718,299.24655419190276
10850000,21700.00000350337,-51356.58592214124,298.0990607787616
10855000,21710.000003505407,-51563.50580024562,304.4891998689022
10860000,21720.000003507444,-51618.583095013746,293.1619191256282
10865000,21730.00000350948,-51334.00366646834,300.5972293860227
10870000,21740.00000351152,-51500.636360495875,293.8194551002625
10875000,21750.000003513556,-51175.21510807719,301.45516952794435
10880000,21760.000003515594,-51628.97138464858,295.4540111460427
10885000,21770.00000351763,-51506.34461932897,297.0641141874081
10890000,21780.000003519668,-51685.86205844185,300.97652475200186
10895000,21790.000003521705,-51478.2262960216,301.9565979411482
10900000,21800.000003523743,-51496.32671846045,301.4236527495293
10905000,21810.00000352578,-51687.875647550216,296.407591178333
10910000,21820.000003527817,-51461.724949941796,293.38003991682916
10915000,21830.000003529854,-51180.382571615424,295.9478006560447
10920000,21840.00000353189,-51491.479010683135,301.7325153706917
10925000,21850.00000353393,-51705.464290751115,297.19417470153644
10930000,21860.000003535966,-51421.02249061866,302.2343659050326
10935000,21870.000003538004,-51278.88309668383,296.39977323750486
10940000,21880.00000354004,-51854.52164076478,297.5367114866963
10945000,21890.000003542078,-51384.0442897123,294.20932377345406
10950000,21900.000003544115,-51367.08289518938,295.45094366646845
10955000,21910.000003546153,-51422.80840819233,301.18332849042196
10960000,21920.00000354819,-51554.12819918309,298.7271381696154
10965000,21930.000003550227,-51729.6664044215,299.26351756144174
10970000,21940.000003552264,-51302.45479246104,296.1802225579241
10975000,21950.0000035543,-51296.8487998404,293.8236998251175
10980000,21960.00000355634,-51335.112117122975,297.9137709189144
10985000,21970.000003558376,-51530.25896205616,288.20922774967954
10990000,21980.000003560413,-51669.052447892405,300.66673514704377
10995000,21990.00000356245,-51625.02437535941,300.9757525542702
11000000,22000.000003564488,-51603.010835241876,297.4376171712694
11005000,22010.000003566525,-51071.40578943645,295.9712779292915
11010000,22020.000003568563,-51291.589956048876,298.18415138785394
11015000,22030.0000035706,-51233.60274529946,306.8909772189695
11020000,22040.000003572637,-51644.41039763478,301.206322605367
11025000,22050.000003574674,-51382.29285636605,300.0752875786105
11030000,22060.00000357671,-51633.03479894981,308.3333469617837
11035000,22070.00000357875,-51480.03743346373,301.09724023081645
11040000,22080.000003580786,-51390.26855868634,309.3943597727573
11045000,22090.000003582823,-51448.69143461718,295.54206044638516
11050000,22100.00000358486,-51555.88511669278,292.4862413206731
11055000,22110.000003586898,-51037.24127486424,297.9397461587812
11060000,22120.000003588935,-51362.52015481627,301.5054041834458
11065000,22130.000003590972,-51430.608219161164,299.3779984493987
11070000,22140.00000359301,-51339.81582407217,298.22009205183525
11075000,22150.000003595047,-51934.600017294695,300.2540095426068
11080000,22160.000003597084,-51257.15466513508,289.4906201310159
11085000,22170.00000359912,-51586.80834719518,300.08415641088897
11090000,22180.00000360116,-51782.078168535954,295.15205833761877
11095000,22190.000003603196,-51367.47128211096,296.21286533106735
11100000,22200.000003605233,-51251.21829629602,297.18402729447155
11105000,22210.00000360727,-51501.434574675484,301.2918259814801
11110000,22220.000003609308,-51792.484500780585,301.5867726274043
11115000,22230.000003611345,-51501.678499820526,303.78336172145305
11120000,22240.000003613382,-51256.03885856405,302.76530360236757
11125000,22250.00000361542,-51261.73327624527,301.3407863999763
11130000,22260.000003617457,-51760.64407642797,302.13851367912224
11135000,22270.000003619494,-51537.337081043224,297.83829643049216
11140000,22280.00000362153,-51671.11743018584,300.95623596727376
11145000,22290.00000362357,-51164.00382451672,291.5273794518944
11150000,22300.000003625606,-51588.36609735046,290.93592187689626
11155000,22310.000003627643,-51521.33488507965,298.8497988054516
11160000,22320.00000362968,-51374.74690785541,299.88451076646135
11165000,22330.000003631718,-51489.750865220645,292.59711436136797
11170000,22340.000003633755,-51716.58020094596,303.7633323557344
11175000,22350.000003635792,-51264.23687032092,293.49916768312136
11180000,22360.00000363783,-51349.31400920125,296.92258956488655
11185000,22370.000003639867,-51738.206125783385,303.7985016546744
11190000,22380.000003641904,-51495.167815237946,303.2718426769892
11195000,22390.00000364394,-51603.220644129295,298.22357393635144
11200000,22400.00000364598,-51677.42527676176,298.287089822422
11205000,22410.000003648016,-51333.384165199706,300.8131264609091
11210000,22420.000003650053,-51442.16715874098,295.6744663823914
11215000,22430.00000365209,-51855.203456475254,297.80302612720163
11220000,22440.000003654128,-51165.321121843415,295.5234149055425
11225000,22450.000003656165,-51619.51631990081,300.3224879894458
11230000,22460.000003658202,-51381.3697122318,297.1517340175867
11235000,22470.00000366024,-51536.40251385892,298.52487274543137
11240000,22480.000003662277,-51182.5950740198,295.5444498601546
11245000,22490.000003664314,-51075.289038177696,298.3232013212473
11250000,22500.00000366635,-50907.261261288746,302.78711857124813
11255000,22510.00000366839,-51577.46279380648,303.54488348394574
11260000,22520.000003670426,-51451.25705958216,298.58907824319186
11265000,22530.000003672463,-51234.88393101588,298.8276572106742
11270000,22540.0000036745,-51313.89158630316,298.9796322629515
11275000,22550.000003676538,-51693.767054211145,294.60189626325564
11280000,22560.000003678575,-50956.025565069256,295.6408203830266
11285000,22570.000003680612,-51495.33693052331,304.28778602640915
11290000,22580.00000368265,-51054.74263525559,294.2622569357841
11295000,22590.000003684687,-51345.784216758795,307.23587625219307
11300000,22600.000003686724,-51473.5147874222,296.36810873804285
11305000,22610.00000368876,-51208.25934467884,297.3787756859894
11310000,22620.0000036908,-51166.41851962361,301.8126408478186
11315000,22630.000003692836,-51833.08701965847,290.14436966803925
11320000,22640.000003694873,-51495.27500696562,295.15777721033396
11325000,22650.00000369691,-51402.38958613563,290.03043409650513
11330000,22660.000003698948,-51598.88388792492,293.9951490519208
11335000,22670.000003700985,-51529.22588633673,288.61321779871173
11340000,22680.000003703022,-51261.18439445525,293.60462818501526
11345000,22690.00000370506,-51670.24599793399,297.7401684979035
11350000,22700.000003707097,-51426.99058507639,305.57298107031716
11355000,22710.000003709134,-51314.829072732624,299.1601095039225
11360000,22720.00000371117,-51699.31547772413,294.0381964751443
11365000,22730.00000371321,-51621.15156724324,292.323850778426
11370000,22740.000003715246,-51448.26749659603,299.6894761749949
11375000,22750.000003717283,-51992.35381329339,304.9779791344088
11380000,22760.00000371932,-51287.48043595668,303.4459248483279
11385000,22770.000003721358,-51333.549176174914,292.9994934562666
11390000,22780.000003723395,-51364.36081547153,298.5861047595023
11395000,22790.000003725432,-51262.111583638325,297.9590107586425
11400000,22800.00000372747,-51190.78936652691,302.96227266023925
11405000,22810.000003729507,-51395.91523664794,295.8303916500612
11410000,22820.000003731544,-51682.9671170697,299.64783284409253
11415000,22830.00000373358,-51521.59336615162,310.08844164253804
11420000,22840.00000373562,-51638.35121624885,298.6219854381709
11425000,22850.000003737656,-51856.68827231802,301.5972772887541
11430000,22860.000003739693,-51371.77712699407,299.9544227254642
11435000,22870.00000374173,-51556.17604699341,294.58357365701676
11440000,22880.000003743768,-51444.63981089904,298.9968384062275
11445000,22890.000003745805,-51544.737392873765,292.587287148352
11450000,22900.000003747842,-51383.009740124864,301.1776676492764
11455000,22910.00000374988,-51649.32370994656,297.2291633127798
11460000,22920.000003751917,-51554.8570682249,294.91307113249474
11465000,22930.000003753954,-51419.23943387531,293.6690460739023
11470000,22940.00000375599,-51376.3874705123,295.99448368447446
11475000,22950.00000375803,-51858.593465451646,295.7196715201144
11480000,22960.000003760066,-51269.80501620649,294.3313942010094
11485000,22970.000003762103,-51450.227246436465,300.55243134587914
11490000,22980.00000376414,-51577.13030133568,301.367778751596
11495000,22990.000003766178,-51732.038660424965,306.9920180052246
11500000,23000.000003768215,-51609.61890659036,299.13537368756494
11505000,23010.000003770252,-51889.14919085195,298.735804638604
11510000,23020.00000377229,-51542.26395934218,297.0656842157934
11515000,23030.000003774327,-51348.58829640629,304.74951815446644
11520000,23040.000003776364,-51495.57576344826,301.6959980596629
11525000,23050.0000037784,-51479.05006733377,289.00960750816705
11530000,23060.00000378044,-51423.28742141131,294.61130988447076
11535000,23070.000003782476,-51643.27099973289,298.6427355949149
11540000,23080.000003784513,-51745.71740768291,301.0719012584683
11545000,23090.00000378655,-51296.828026331175,292.7435642642505
11550000,23100.000003788587,-52024.27523526322,293.5481477241158
11555000,23110.000003790625,-51142.488412483275,303.43229881716815
11560000,23120.000003792662,-51228.66404959897,301.94651699204655
11565000,23130.0000037947,-51080.90880835391,299.30128964248087
11570000,23140.000003796737,-51776.219297986885,298.2989608564692
11575000,23150.000003798774,-51610.39745021952,294.1975214181912
11580000,23160.00000380081,-51800.21307582554,299.5428973979075
11585000,23170.00000380285,-51381.42781358387,299.4725101761403
11590000,23180.000003804886,-51544.967332246626,294.0117368643817
11595000,23190.000003806923,-51506.263587616704,302.6043261991623
11600000,23200.00000380896,-51603.29899269907,303.7418726490817
11605000,23210.000003810997,-51277.26585359243,295.33868345851454
11610000,23220.000003813035,-51577.49072277939,305.1500172013833
11615000,23230.000003815072,-51341.55992839622,296.5487530848291
11620000,23240.00000381711,-51352.65363850619,302.3735696266144
11625000,23250.000003819147,-51060.514643183735,289.910978879486
11630000,23260.000003821184,-51767.609096505446,298.4120036979936
11635000,23270.00000382322,-51099.14179658535,296.06505492497996
11640000,23280.00000382526,-51467.387167667504,301.9515483668895
11645000,23290.000003827296,-51731.81349137699,304.6138734383835
11650000,23300.000003829333,-51428.27372153822,290.0313098233025
11655000,23310.00000383137,-52025.44837271146,303.927026999906
11660000,23320.000003833407,-51380.5270090937,295.5417297799497
11665000,23330.000003835445,-51326.67086007036,299.0496705007871
11670000,23340.000003837482,-51407.74758390436,299.8099341754268
11675000,23350.00000383952,-52000.26228487256,293.07302608730697
11680000,23360.000003841556,-51407.88132694049,299.92262163479717
11685000,23370.000003843594,-51495.195108969114,298.20888182191436
11690000,23380.00000384563,-51179.8766529549,303.64922199348626
11695000,23390.00000384767,-51512.31903355653,300.4267466268134
11700000,23400.000003849706,-51498.41172423851,297.49696438877464
11705000,23410.000003851743,-51364.213281307544,290.8099688350607
11710000,23420.00000385378,-51555.583297479985,305.04386088152717
11715000,23430.000003855817,-51540.772024616715,289.62556603418477
11720000,23440.000003857855,-51254.7843771996,299.3266566223381
11725000,23450.000003859892,-51588.63488885091,298.55765421367835
11730000,23460.00000386193,-51485.18792762965,302.2305145622711
11735000,23470.000003863966,-51500.85725985313,291.281351042575
11740000,23480.000003866004,-51512.71444173035,305.56068883315305
11745000,23490.00000386804,-51468.45530444864,308.3713456943303
11750000,23500.00000387008,-51641.644627150614,298.30848599530054
11755000,23510.000003872115,-51079.45038619591,290.9904463082912
11760000,23520.000003874153,-51672.02813347496,292.44945584550567
11765000,23530.00000387619,-51633.883040779736,302.7196900533823
11770000,23540.000003878227,-51230.456766853924,298.1524777368699
11775000,23550.000003880265,-51583.39585205846,301.1968521984935
11780000,23560.000003882302,-51466.28205201583,305.57271031172723
11785000,23570.00000388434,-51197.70176424502,293.5119998760975
11790000,23580.000003886376,-51549.59257426456,299.8350088540515
11795000,23590.000003888414,-51399.19851803378,296.0222890491137
11800000,23600.00000389045,-51057.024535742705,299.9593019464423
11805000,23610.000003892488,-51246.66497618746,286.1712696571712
11810000,23620.000003894525,-51344.94083057443,295.2989741241099
11815000,23630.000003896563,-51587.226339725195,295.88764827068934
11820000,23640.0000038986,-51552.51763345054,310.59469385759104
11825000,23650.000003900637,-51479.92333989928,292.7257122730002
11830000,23660.000003902675,-51290.369700926094,303.8439702433552
11835000,23670.00000390471,-51257.05332063287,299.564913057917
11840000,23680.00000390675,-51685.02421324956,287.91159256593926
11845000,23690.000003908786,-51431.80848118305,305.3059125730668
11850000,23700.000003910824,-51877.84780550207,293.8606132542344
11855000,23710.00000391286,-51661.73536346003,298.1101070870156
11860000,23720.000003914898,-51443.80023554212,293.4328417295039
11865000,23730.000003916935,-51302.9509496252,296.49322274646323
11870000,23740.000003918973,-51616.933938489296,306.26068959071944
11875000,23750.00000392101,-51456.46667937102,308.39854936972364
11880000,23760.000003923047,-51485.8476427579,299.6865370972783
11885000,23770.000003925084,-51052.92331339826,300.647510685239
11890000,23780.00000392712,-51336.28732596134,290.35866322594507
11895000,23790.00000392916,-51424.923836935544,309.69165867229606
11900000,23800.000003931196,-51323.682228914084,307.4405205421992
11905000,23810.000003933234,-51269.76918243428,304.77407634529084
11910000,23820.00000393527,-51271.33079364966,295.0808668151952
11915000,23830.000003937308,-51370.20778612088,292.1186508643757
11920000,23840.000003939345,-51279.87686572515,307.5575038425708
11925000,23850.000003941383,-51386.48447827148,300.07158268074147
11930000,23860.00000394342,-51670.928899233375,296.6731835688582
11935000,23870.000003945457,-51474.21563490637,302.84587683568844
11940000,23880.000003947494,-51253.3701548574,294.91512152098244
11945000,23890.00000394953,-51403.53208534783,299.42017122440075
11950000,23900.00000395157,-51348.60070541443,296.3831854630034
11955000,23910.000003953606,-51653.84677277558,297.90970848194803
11960000,23920.000003955643,-51300.908059396315,300.24859466453194
11965000,23930.00000395768,-51375.65460371948,304.9562935280549
11970000,23940.000003959718,-51713.91230926593,302.9263071231692
11975000,23950.000003961755,-51275.74859978986,290.60539689466054
11980000,23960.000003963793,-51287.97211523613,291.6053901001927
11985000,23970.00000396583,-51685.21021257961,302.564146458858
11990000,23980.000003967867,-51426.160600833595,294.5670043100292
11995000,23990.000003969904,-51324.75381506217,304.08606592373593
12000000,24000.00000397194,-51084.48354156039,297.8071679087424
12005000,24010.00000397398,-51342.65325536253,299.87047180156526
12010000,24020.000003976016,-51523.75326429773,301.9024032346068
12015000,24030.000003978053,-51831.12082532962,296.0477604277666
12020000,24040.00000398009,-51833.259226243186,300.95529032196276
12025000,24050.000003982128,-51515.44607015027,291.6163865079432
12030000,24060.000003984165,-51643.845905740454,303.888447407195
12035000,24070.000003986203,-51645.85830597335,294.86002550038506
12040000,24080.00000398824,-51500.54275468536,298.73229517569496
12045000,24090.000003990277,-51469.21606776581,303.63483367096956
12050000,24100.000003992314,-51254.04790087897,296.43518419584984
12055000,24110.00000399435,-51625.58105282538,295.34122004857596
12060000,24120.00000399639,-51454.272415485844,299.3842663597722
12065000,24130.000003998426,-51455.68232541077,305.4032705301379
12070000,24140.000004000463,-51405.00803380925,299.5056577666221
12075000,24150.0000040025,-51128.261749740195,290.82324704309946
12080000,24160.000004004538,-51547.93279072619,290.17082208411495
12085000,24170.000004006575,-51631.182537576184,299.58774599667703
12090000,24180.000004008612,-51495.478063859715,295.2212469943345
12095000,24190.00000401065,-52034.7365482318,300.70872460973396
12100000,24200.000004012687,-51931.00939316006,298.74983830871827
12105000,24210.000004014724,-51449.389496011834,295.8301577862154
12110000,24220.00000401676,-51170.45384889736,295.2290745582524
12115000,24230.0000040188,-51256.747843065124,300.44891383233
12120000,24240.000004020836,-51621.459841175965,298.1922478403453
12125000,24250.000004022873,-51396.01518603589,296.94988132030903
12130000,24260.00000402491,-51378.27820529512,302.5000097583811
12135000,24270.000004026948,-51719.46816312769,295.73243619983896
12140000,24280.000004028985,-51485.83691121286,296.62617946018196
12145000,24290.000004031022,-51263.32292154289,298.76900065599784
12150000,24300.00000403306,-51665.434800752235,304.9666692650789
12155000,24310.000004035097,-51396.10327533152,297.94899729981034
12160000,24320.000004037134,-51565.2629321992,296.2014199263082
12165000,24330.00000403917,-51226.48022447302,300.47380621191877
12170000,24340.00000404121,-51641.14995545594,307.55762694545604
12175000,24350.000004043246,-50998.272965662414,300.16266839134323
12180000,24360.000004045283,-51359.8823318092,294.78236315144323
12185000,24370.00000404732,-51862.96342134182,305.87779835631
12190000,24380.000004049358,-51228.75022658473,295.3544470563845
12195000,24390.000004051395,-51400.66743647936,304.94652155200293
12200000,24400.000004053432,-51224.81886180909,299.85499495273854
12205000,24410.00000405547,-51346.319426110334,293.97192379613784
12210000,24420.000004057507,-51492.28345216828,291.21018019894217
12215000,24430.000004059544,-51547.85706677602,297.2325973888348
12220000,24440.00000406158,-51216.93157949511,303.084409543862
12225000,24450.00000406362,-51257.8401015765,296.2477209142177
12230000,24460.000004065656,-51640.87501059432,296.3744291149519
12235000,24470.000004067693,-51895.9935595463,296.6720949482397
12240000,24480.00000406973,-51219.92658143659,294.70076234457576
12245000,24490.000004071768,-51572.95743994758,293.1966597776086
12250000,24500.000004073805,-51035.31379867083,293.27074274664005
12255000,24510.000004075842,-51285.511689263425,304.88404130777354
12260000,24520.00000407788,-51768.960737249756,293.43432938750783
12265000,24530.000004079917,-51784.27600005135,297.4319919577362
12270000,24540.000004081954,-51610.22198069087,303.52460045042966
12275000,24550.00000408399,-51335.69786651773,295.40272172434345
12280000,24560.00000408603,-51010.16904106701,295.69831107236683
12285000,24570.000004088066,-51546.32109130261,300.93133106499033
12290000,24580.000004090103,-51376.68824941281,305.23660910979453
12295000,24590.00000409214,-51453.98823327542,296.8043640975999
12300000,24600.000004094178,-51643.10725223675,290.4072725445902
12305000,24610.000004096215,-51349.856621552404,302.0644778216995
12310000,24620.000004098252,-51591.46305285036,307.8594472394273
12315000,24630.00000410029,-51633.42540061331,300.5375682471467
12320000,24640.000004102327,-51136.363364295394,297.6668780876928
12325000,24650.000004104364,-51389.43017252331,305.9045994842589
12330000,24660.0000041064,-51463.655778031505,301.10634064444173
12335000,24670.00000410844,-51370.827614090726,304.76849052115546
12340000,24680.000004110476,-51410.570701345074,297.7638978506928
12345000,24690.000004112513,-51747.70850378479,295.16500871421204
12350000,24700.00000411455,-51639.771185417776,296.6280247075992
12355000,24710.000004116588,-51833.2629744201,295.10094007092493
12360000,24720.000004118625,-51449.96161593328,297.48677089999296
12365000,24730.000004120662,-51807.47642381085,299.6189993583011
12370000,24740.0000041227,-51184.02970979718,298.0690007880928
12375000,24750.000004124737,-51232.86710998937,295.3890484289301
12380000,24760.000004126774,-51513.25453649857,299.7183945161472
12385000,24770.00000412881,-51563.51496999341,293.88921865611064
12390000,24780.00000413085,-51784.94838110905,299.29095576289797
12395000,24790.000004132886,-51023.78095612291,300.1771460455088
12400000,24800.000004134923,-51832.87233242765,297.8919500869294
12405000,24810.00000413696,-51766.24410227797,295.7238977169107
12410000,24820.000004138998,-51650.53330151376,300.2975100598997
12415000,24830.000004141035,-51408.78107493793,305.9392313886014
12420000,24840.000004143072,-51721.49855186851,295.7985946960712
12425000,24850.00000414511,-51447.94229341898,302.85883317662604
12430000,24860.000004147147,-51362.64909808838,298.24748365334585
12435000,24870.000004149184,-51426.967557281634,295.50954299861974
12440000,24880.00000415122,-51756.62293077214,298.84193180300537
12445000,24890.00000415326,-51605.74485555792,295.69608097557773
12450000,24900.000004155296,-51768.55901639012,300.7058103225757
12455000,24910.000004157333,-51208.97203624071,291.78338971733825
12460000,24920.00000415937,-51050.668767621915,302.0957608341602
12465000,24930.000004161408,-51334.742131421575,286.57676116974864
12470000,24940.000004163445,-51265.3233964988,294.79017162182026
12475000,24950.000004165482,-51614.05070730785,298.63380600779385
12480000,24960.00000416752,-51417.03413308086,298.92718559015185
12485000,24970.000004169557,-51333.68716657764,299.64956932464133
12490000,24980.000004171594,-51815.09404593019,296.72854730290965
12495000,24990.00000417363,-51698.77604376903,290.7870989131303
12500000,25000.00000417567,-51587.62441658805,299.0011340932172
12505000,25010.000004177706,-51851.3609562169,294.6685327851786
12510000,25020.000004179743,-51535.78856054734,294.90744791795777
12515000,25030.00000418178,-51529.344403399184,302.5317957797515
12520000,25040.000004183818,-51609.637761728314,296.5683900275673
12525000,25050.000004185855,-51644.834746324545,297.6970197868365
12530000,25060.000004187892,-51417.87234303402,296.8944369057052
12535000,25070.00000418993,-51334.24443167978,296.41126760994996
12540000,25080.000004191967,-51291.80119937274,303.14391974038335
12545000,25090.000004194004,-52001.82591959933,298.57469699697646
12550000,25100.00000419604,-51546.22482853421,300.9984360121875
12555000,25110.00000419808,-51438.995823580655,298.2025626531873
12560000,25120.000004200116,-50955.01137114529,295.4262811101017
12565000,25130.000004202153,-51473.75995296601,292.897940611454
12570000,25140.00000420419,-51631.07173571718,296.79613043195155
12575000,25150.000004206227,-51523.50061024845,306.054829088314
12580000,25160.000004208265,-51427.18583445222,292.65403177957126
12585000,25170.000004210302,-51502.462258020096,299.8996467860085
12590000,25180.00000421234,-51229.041483878915,296.75063628677634
12595000,25190.000004214377,-51305.13127019603,294.08378201605404
12600000,25200.000004216414,-51421.42571910686,306.11038525596
12605000,25210.00000421845,-51565.878108628094,302.7517342737207
12610000,25220.00000422049,-51433.726668925374,296.6533854831555
12615000,25230.000004222526,-51371.83546023897,296.71211574479094
12620000,25240.000004224563,-51412.35013265879,297.51956414069235
12625000,25250.0000042266,-51399.79079245328,298.72526062907525
12630000,25260.000004228637,-51438.363102128205,297.02072639562067
12635000,25270.000004230675,-51056.98242662888,305.20325264691866
12640000,25280.000004232712,-51653.44314809656,295.2175971631505
12645000,25290.00000423475,-51609.270822399616,298.36107776515274
12650000,25300.000004236786,-51619.73697689091,307.9860913290094
12655000,25310.000004238824,-51418.030260881875,299.1576074025029
12660000,25320.00000424086,-51313.85080165716,304.4598348938747
12665000,25330.0000042429,-51902.21703697616,298.37944530237013
12670000,25340.000004244936,-51655.58872410559,292.65637278483393
12675000,25350.000004246973,-51272.68387625969,292.7067837491367
12680000,25360.00000424901,-51496.49827930608,294.8542188297046
12685000,25370.000004251047,-51231.12391239419,302.2913957423831
12690000,25380.000004253085,-51646.188463841536,302.0101193236244
12695000,25390.000004255122,-51182.26301751225,307.78331503875097
12700000,25400.00000425716,-51529.239673905744,302.53974362938635
12705000,25410.000004259196,-51256.68291599554,300.6977919050982
12710000,25420.000004261234,-51512.52900392382,295.8963790572084
12715000,25430.00000426327,-51417.37707127063,298.0153916151584
12720000,25440.00000426531,-51374.54165110155,294.647856827555
12725000,25450.000004267346,-51670.687831912626,307.3901425183991
12730000,25460.000004269383,-51912.04136998477,303.46337493320027
12735000,25470.00000427142,-51401.260473367496,301.93098701337374
12740000,25480.000004273457,-51663.66567652,303.9598559071467
12745000,25490.000004275495,-51219.07202334315,300.83674287155213
12750000,25500.000004277532,-51542.961793319555,303.35299453321386
12755000,25510.00000427957,-51594.51042233518,309.16030107395227
12760000,25520.000004281606,-51512.12106036834,299.01210095579523
12765000,25530.000004283644,-51671.75764454677,297.00154521429045
12770000,25540.00000428568,-51608.84621367307,294.8961740721856
12775000,25550.00000428772,-51632.79130589863,301.51909558392924
12780000,25560.000004289755,-51163.91114362693,299.87762659300256
12785000,25570.000004291793,-51747.94468138117,300.35246133060997
12790000,25580.00000429383,-51576.43328558403,300.1377844208033
12795000,25590.000004295867,-51439.65772748127,302.717749373955
12800000,25600.000004297905,-51587.215074635926,298.2851363370162
12805000,25610.00000429994,-51855.98266722739,299.48887716858604
12810000,25620.00000430198,-51635.89978021063,307.15127669218487
12815000,25630.000004304016,-51437.91087981386,292.57884447543984
12820000,25640.000004306054,-51255.79790094338,296.6984431078664
12825000,25650.00000430809,-51498.098169457895,296.4273386096516
12830000,25660.000004310128,-51672.91735390521,302.1167072761228
12835000,25670.000004312165,-51155.55857933557,301.5880237662437
12840000,25680.000004314203,-51671.87114386269,301.11703864287887
12845000,25690.00000431624,-51517.80036018073,291.43738153925375
12850000,25700.000004318277,-51413.749470872426,302.1324100366355
12855000,25710.000004320314,-51208.55277896911,301.5619419386332
12860000,25720.00000432235,-51109.821769694245,295.41146494416614
12865000,25730.00000432439,-51410.736529309215,291.82385534061876
12870000,25740.000004326426,-51210.07168207952,294.7792326606337
12875000,25750.000004328464,-51094.50531101285,287.89157643459885
12880000,25760.0000043305,-51574.33548960212,301.5813799601406
12885000,25770.000004332538,-51563.28545281003,290.0283060060503
12890000,25780.000004334575,-51538.98251802815,302.5550940391994
12895000,25790.000004336613,-51434.84580084233,299.57146770192566
12900000,25800.00000433865,-51679.85099719546,298.16021920922253
12905000,25810.000004340687,-51948.12595632096,294.8131952378785
12910000,25820.000004342724,-51501.790449411055,307.3897456089755
12915000,25830.00000434476,-51108.93722451062,298.0851960900853
12920000,25840.0000043468,-51547.95938518466,296.7076809009471
12925000,25850.000004348836,-51821.31656160913,286.56335843270864
12930000,25860.000004350873,-51153.8361765868,301.8566376297265
12935000,25870.00000435291,-51289.251575240196,290.5875227300798
12940000,25880.000004354948,-50995.15998081368,295.8402450863458
12945000,25890.000004356985,-51108.82998783502,296.0513275519507
12950000,25900.000004359023,-51710.18823185054,299.54770593722844
12955000,25910.00000436106,-51766.161791063176,294.16314451111333
12960000,25920.000004363097,-51477.159129368025,299.4033442188245
12965000,25930.000004365134,-51315.74167963516,291.10475916901373
12970000,25940.00000436717,-51448.62093845452,301.74105851509955
12975000,25950.00000436921,-51671.67625238933,300.7813281120116
12980000,25960.000004371246,-51417.639771072165,295.16730693318686
12985000,25970.000004373283,-51302.1428849973,288.5175400745262
12990000,25980.00000437532,-51411.5613271489,298.1490617729795
12995000,25990.000004377358,-51666.57850738749,301.42224830493467
13000000,26000.000004379395,-51544.985176143964,305.62901631364934
13005000,26010.000004381433,-51607.08742809115,294.21626696883743
13010000,26020.00000438347,-51850.38196236192,291.7867906301408
13015000,26030.000004385507,-51640.832731769944,307.0323856791368
13020000,26040.000004387544,-51663.78385041535,295.9043598536316
13025000,26050.00000438958,-51732.88012893719,303.66440991604424
13030000,26060.00000439162,-51112.67173271801,290.73897648388225
13035000,26070.000004393656,-51528.25956052507,296.81479231132886
13040000,26080.000004395693,-51610.50033868593,296.1282530863809
13045000,26090.00000439773,-51054.23022602871,293.74989366508765
13050000,26100.000004399768,-51490.71624994537,299.5674064774442
13055000,26110.000004401805,-51414.71700150054,299.30688082043326
13060000,26120.000004403842,-51272.25603271852,297.26603111918934
13065000,26130.00000440588,-51724.03498011423,301.1380055664502
13070000,26140.000004407917,-51910.08131526376,290.4145704879924
13075000,26150.000004409954,-51584.7774850525,297.2638708620329
13080000,26160.00000441199,-51313.93286329764,296.2640542251729
13085000,26170.00000441403,-51244.058984679374,305.8330992616406
13090000,26180.000004416066,-51249.66726208787,296.48634971400924
13095000,26190.000004418103,-51226.36204803534,293.1672702870592
13100000,26200.00000442014,-50886.21964218636,295.91522992183513
13105000,26210.000004422178,-51734.74551330393,300.12065046694096
13110000,26220.000004424215,-51398.72827918414,302.66186637580626
13115000,26230.000004426252,-51662.61193049443,302.9601871923374
13120000,26240.00000442829,-51253.646528178564,302.5532946365469
13125000,26250.000004430327,-51173.63916635126,294.25405751504286
13130000,26260.000004432364,-51993.764169930335,300.9511428021952
13135000,26270.0000044344,-51233.676526381314,300.269849439347
13140000,26280.00000443644,-51700.47934344335,292.85968146334653
13145000,26290.000004438476,-51831.29471836251,296.14078609186186
13150000,26300.000004440513,-51653.625377592456,286.85276600209585
13155000,26310.00000444255,-51563.008611824655,295.46181572674334
13160000,26320.000004444588,-51518.03741120949,299.41820760043913
13165000,26330.000004446625,-51286.368760520796,294.0006624183588
13170000,26340.000004448662,-51372.42468426979,305.2038890991393
13175000,26350.0000044507,-52111.81154615441,298.18188047664995
13180000,26360.000004452737,-51722.72066484153,299.2656369251786
13185000,26370.000004454774,-51498.99565739863,305.5544664547832
13190000,26380.00000445681,-51204.16037638267,296.2491499200901
13195000,26390.00000445885,-51329.30195093574,295.21554884623146
13200000,26400.000004460886,-51019.026352009474,307.26142466169887
13205000,26410.000004462923,-51282.953348275565,297.38931413772
13210000,26420.00000446496,-51605.98016603704,295.7147022982645
13215000,26430.000004466998,-51550.86696089164,306.02563319026393
13220000,26440.000004469035,-51011.133928251395,297.5645321422062
13225000,26450.000004471072,-51534.36704303237,301.92308025931203
13230000,26460.00000447311,-51479.480473913136,291.26760162272666
13235000,26470.000004475147,-51459.334885153425,305.33401268485926
13240000,26480.000004477184,-52043.668177718064,294.1521104420446
13245000,26490.00000447922,-51218.120492369606,299.4189013752475
13250000,26500.00000448126,-51623.164762788656,297.57575955321045
13255000,26510.000004483296,-51341.80325530213,299.7122784934652
13260000,26520.000004485333,-51372.80376347518,300.95401122292105
13265000,26530.00000448737,-51476.84061304512,300.8169109922853
13270000,26540.000004489408,-51671.59510478878,297.2020467489962
13275000,26550.000004491445,-51893.97967379948,294.19620879915357
13280000,26560.000004493482,-51607.66436810067,294.1454915910057
13285000,26570.00000449552,-51625.60805493785,299.0478458393859
13290000,26580.000004497557,-51588.990947983315,298.5150537332398
13295000,26590.000004499594,-51477.62554529507,306.92408563280037
13300000,26600.00000450163,-51964.95030231323,295.6529082090044
13305000,26610.00000450367,-51589.58857094031,306.15847632750814
13310000,26620.000004505706,-51402.46972099444,299.1981677981257
13315000,26630.000004507743,-51399.96506369923,297.4163317677753
13320000,26640.00000450978,-51853.33489673893,309.27879630549995
13325000,26650.000004511818,-51777.43492912434,295.02885331768283
13330000,26660.000004513855,-51321.90698754505,300.0328167141676
13335000,26670.000004515892,-51254.003661197494,304.52723538245
13340000,26680.00000451793,-51257.55816127069,298.8319306358555
13345000,26690.000004519967,-51172.29618850941,293.48388811177466
13350000,26700.000004522004,-51546.35329112178,296.00942569334626
13355000,26710.00000452404,-51409.69605004732,300.0793246923751
13360000,26720.00000452608,-51788.49260440533,302.1715830664593
13365000,26730.000004528116,-51379.48564157591,305.55159646675804
13370000,26740.000004530153,-51762.345722357975,298.08265120332624
13375000,26750.00000453219,-51377.42507397407,297.3424601699622
13380000,26760.000004534228,-51808.497881099465,297.0327233333423
13385000,26770.000004536265,-51550.43472093766,288.02730132763315
13390000,26780.000004538302,-51326.15335082848,297.5778415149685
13395000,26790.00000454034,-51633.53175031027,294.3685295469654
13400000,26800.000004542377,-51444.555562873575,295.39846597030714
13405000,26810.000004544414,-51492.54182481309,296.7725417420935
13410000,26820.00000454645,-51073.64450289091,304.41844058454393
13415000,26830.00000454849,-51277.00280640664,303.1526139358223
13420000,26840.000004550526,-51516.5508508175,300.28118148290963
13425000,26850.000004552563,-51172.788688757166,298.20583550204594
13430000,26860.0000045546,-51404.024394419015,297.6200534156262
13435000,26870.000004556638,-51285.791322318255,297.1170533831044
13440000,26880.000004558675,-51364.52275542231,300.46042119465847
13445000,26890.000004560712,-51306.79250367102,300.69158013230333
13450000,26900.00000456275,-51615.82103683206,299.77332288290734
13455000,26910.000004564787,-51443.4658296484,300.46484964496904
13460000,26920.000004566824,-51484.803212692,295.53814308464075
13465000,26930.00000456886,-51634.51650837084,299.0778669849973
13470000,26940.0000045709,-51644.77758171235,305.2473383070234
13475000,26950.000004572936,-51446.70756385752,299.3879497756331
13480000,26960.000004574973,-51325.785223100655,299.9630345061795
13485000,26970.00000457701,-51425.804951225495,296.5539055546996
13490000,26980.000004579048,-51420.55004061712,294.0320499696618
13495000,26990.000004581085,-51602.6425506548,303.20741678752825
13500000,27000.000004583122,-51840.085720355564,297.2760686773698
13505000,27010.00000458516,-50963.263243188005,308.1882285953814
13510000,27020.000004587197,-51745.163147048705,298.0748286796206
13515000,27030.000004589234,-51274.84107331367,301.2380799492027
13520000,27040.00000459127,-51587.52496589298,295.32943589957586
13525000,27050.00000459331,-51432.763017981866,300.96742105881646
13530000,27060.000004595346,-51354.53799814492,296.7813559388937
13535000,27070.000004597383,-51362.148534082255,293.33674607616365
13540000,27080.00000459942,-51406.61075675936,295.616551805612
13545000,27090.000004601457,-51615.277485190425,293.2247586140249
13550000,27100.000004603495,-51120.217548808316,296.10979024342333
13555000,27110.000004605532,-51600.996848301234,300.9810975149433
13560000,27120.00000460757,-51549.61214005371,288.33545012622176
13565000,27130.000004609607,-51508.6846846251,293.1113813746366
13570000,27140.000004611644,-51558.88162065961,299.4644335748321
13575000,27150.00000461368,-51454.8210566834,293.5247885003195
13580000,27160.00000461572,-51384.54439462631,295.64003898869134
13585000,27170.000004617756,-51486.862840536516,296.3345122900265
13590000,27180.000004619793,-51544.756454915565,296.8792874230458
13595000,27190.00000462183,-51415.0254262127,288.503382044798
13600000,27200.000004623867,-51443.13338121891,301.9793441532324
13605000,27210.000004625905,-51352.931687592965,293.44732747905306
13610000,27220.000004627942,-51186.382843606785,302.340623547484
13615000,27230.00000462998,-51640.83893209809,298.83649063152484
13620000,27240.000004632016,-51644.36793535345,299.4940668787068
13625000,27250.000004634054,-51228.410525193176,301.1973536952092
13630000,27260.00000463609,-50871.867982294905,303.6411848709101
13635000,27270.00000463813,-51417.18661270279,296.22343827477357
13640000,27280.000004640166,-51351.643844215665,298.88583827450236
13645000,27290.000004642203,-51096.986579863296,303.44139610860634
13650000,27300.00000464424,-51431.79735937269,297.45799643662815
13655000,27310.000004646277,-51340.22228023771,296.6102772633351
13660000,27320.000004648315,-51422.47658138169,301.72225934788423
13665000,27330.000004650352,-50874.79561381033,294.09483862886617
13670000,27340.00000465239,-51630.688712657895,299.45474235587153
13675000,27350.000004654426,-51386.92969027447,302.50765882276716
13680000,27360.000004656464,-51511.88587638349,300.93747249642666
13685000,27370.0000046585,-52106.45361963191,300.0356005141697
13690000,27380.00000466054,-51467.14041150402,288.96149671778284
13695000,27390.000004662576,-51298.02353870802,300.9530531447489
13700000,27400.000004664613,-51884.18939053622,297.3062343629145
13705000,27410.00000466665,-51532.53826532385,302.1461311168891
13710000,27420.000004668687,-51703.978841392265,306.01336249394865
13715000,27430.000004670725,-51297.459328037046,296.1299971188699
13720000,27440.000004672762,-51563.3493066465,299.0205776697531
13725000,27450.0000046748,-51322.87180730453,291.46083789421874
13730000,27460.000004676836,-51655.35635043541,303.28164594033586
13735000,27470.000004678874,-51540.86546465417,293.08387578627827
13740000,27480.00000468091,-51228.92951426163,300.7214991168167
13745000,27490.00000468295,-51574.527071162796,298.71686065319847
13750000,27500.000004684985,-51695.9229126345,297.6992957154732
13755000,27510.000004687023,-51557.91960862643,300.3030734835359
13760000,27520.00000468906,-51463.2472471082,306.8006208074735
13765000,27530.000004691097,-51126.134038831486,292.1621456875796
13770000,27540.000004693135,-51995.16052272517,302.0396344887562
13775000,27550.00000469517,-51362.27494636466,306.184392146561
13780000,27560.00000469721,-51189.734651276056,302.4664809080967
13785000,27570.000004699246,-51479.47953861131,299.3729034112359
13790000,27580.000004701284,-51510.32848838932,300.026082199874
13795000,27590.00000470332,-51373.89107829737,303.95439482237214
13800000,27600.000004705358,-51487.38711747303,298.6517248445319
13805000,27610.000004707395,-50940.37469516022,295.8349108164719
13810000,27620.000004709433,-51156.44841392763,298.59788719384426
13815000,27630.00000471147,-51501.50640935212,295.2223532731163
13820000,27640.000004713507,-51739.45495147712,291.706059358724
13825000,27650.000004715544,-51657.62902306556,295.5068824360414
13830000,27660.00000471758,-51639.90502645736,299.4996454942089
13835000,27670.00000471962,-51959.16949982522,298.0347621867046
13840000,27680.000004721656,-51670.13279614106,299.9619744408968
13845000,27690.000004723694,-51263.04356194861,300.79378368983595
13850000,27700.00000472573,-51509.92129397654,290.9797501041286
13855000,27710.000004727768,-51433.7940673563,303.77013582912423
13860000,27720.000004729805,-51692.35171924607,305.88108970430267
13865000,27730.000004731843,-51433.64880843158,292.77242477844794
13870000,27740.00000473388,-51642.99441647116,302.75072384062275
13875000,27750.000004735917,-51419.88377512517,296.8993396563955
13880000,27760.000004737954,-51164.97383490275,285.12207286465247
13885000,27770.00000473999,-51707.292857003806,298.3854010726483
13890000,27780.00000474203,-51029.04352219787,297.12278010975365
13895000,27790.000004744066,-51419.46960600125,304.57575386143543
13900000,27800.000004746104,-51353.048004831886,305.32264579829393
13905000,27810.00000474814,-51202.89559228544,298.9371101168906
13910000,27820.000004750178,-51282.91976189052,299.601393180964
13915000,27830.000004752215,-51702.686490495485,300.967786959576
13920000,27840.000004754253,-51680.33800605804,296.8103200907178
13925000,27850.00000475629,-51553.622049167054,298.8849336265296
13930000,27860.000004758327,-51571.28262920736,303.12660660617183
13935000,27870.000004760364,-51640.69590851481,294.42976834920125
13940000,27880.0000047624,-51876.04999665715,295.7194550606645
13945000,27890.00000476444,-51475.036972322036,294.30223206816504
13950000,27900.000004766476,-51686.98298270628,302.5040167291218
13955000,27910.000004768513,-51360.890951545356,293.83235843195445
13960000,27920.00000477055,-51586.678323436354,292.89692699219074
13965000,27930.000004772588,-51794.49176712369,311.1116652692391
13970000,27940.000004774625,-51297.46901090923,303.0866261599467
13975000,27950.000004776663,-51662.675310519844,305.99455923807966
13980000,27960.0000047787,-51219.81124904979,300.98909466745454
13985000,27970.000004780737,-51488.57491406772,295.8559067901991
13990000,27980.000004782774,-51600.790553216124,295.6247699925608
13995000,27990.00000478481,-51583.30731339907,300.2385494742303
14000000,28000.00000478685,-51694.81098651554,298.9372608673126
14005000,28010.000004788886,-51708.92192123973,305.24515767625195
14010000,28020.000004790923,-51807.978132472665,303.3322723705021
14015000,28030.00000479296,-51500.58607914206,307.9522549949648
14020000,28040.000004794998,-51803.95559247787,290.3842206141749
14025000,28050.000004797035,-51348.72948044105,292.66239148965667
14030000,28060.000004799072,-51109.94260527825,305.04684509455876
14035000,28070.00000480111,-51567.78797979379,295.57604198078275
14040000,28080.000004803147,-51627.99539302249,299.9069052115496
14045000,28090.000004805184,-51440.940857319336,284.81070123566326
14050000,28100.00000480722,-51506.42098340139,299.3543678272811
14055000,28110.00000480926,-51273.11057260379,300.55871136938043
14060000,28120.000004811296,-51691.02869827018,296.9189960036152
14065000,28130.000004813333,-51629.04458473582,304.21616110300664
14070000,28140.00000481537,-51483.872530001856,300.7653653922474
14075000,28150.000004817408,-51085.043717878754,300.7396705249502
14080000,28160.000004819445,-51569.45378090232,303.13401843888016
14085000,28170.000004821482,-51429.8453495267,286.0294955023563
14090000,28180.00000482352,-51588.95398471004,303.15461874531655
14095000,28190.000004825557,-51590.53149843126,293.0464700682969
14100000,28200.000004827594,-51719.15739382137,301.29592908431755
14105000,28210.00000482963,-51943.36167046183,300.782776537616
14110000,28220.00000483167,-51857.347591580416,295.5318802173398
14115000,28230.000004833706,-52029.55392047673,302.4372135690418
14120000,28240.000004835743,-51839.64713332744,298.89709607822874
14125000,28250.00000483778,-51370.06132317195,285.2501870098018
14130000,28260.000004839818,-51228.63948424684,303.1039590718977
14135000,28270.000004841855,-51802.72675648122,303.7343005020302
14140000,28280.000004843892,-51384.43252460804,306.29660955874607
14145000,28290.00000484593,-51102.57103193281,301.4176085417973
14150000,28300.000004847967,-51318.51944121506,305.7834878846538
14155000,28310.000004850004,-51355.188766176434,302.68390926488627
14160000,28320.00000485204,-51555.03205659718,298.264150340585
14165000,28330.00000485408,-51875.648705058906,293.5146825685386
14170000,28340.000004856116,-51115.59799967101,297.02713949507836
14175000,28350.000004858153,-51112.06574798538,298.66205013908484
14180000,28360.00000486019,-51790.37262969915,307.65968675549186
14185000,28370.000004862228,-51734.340527399996,302.05750277361807
14190000,28380.000004864265,-51368.006898080755,302.96482666192037
14195000,28390.000004866302,-51816.39646083463,299.68318187937444
14200000,28400.00000486834,-51530.29421978723,291.9528685846854
14205000,28410.000004870377,-51311.702443504124,307.9908890012676
14210000,28420.000004872414,-51234.38443888744,300.9955095208414
14215000,28430.00000487445,-51703.2335232957,302.0727492883469
14220000,28440.00000487649,-51491.72682293705,299.4230502636835
14225000,28450.000004878526,-51619.81642029385,293.79771560071407
14230000,28460.000004880563,-51631.85042749805,295.9347418956007
14235000,28470.0000048826,-51279.935391645355,299.7278463049405
14240000,28480.000004884638,-51573.48396578856,299.8357120888136
14245000,28490.000004886675,-51566.115959068,292.60393159787725
14250000,28500.000004888712,-51444.17917842572,299.43004470372796
14255000,28510.00000489075,-51286.37676195317,299.5531247483013
14260000,28520.000004892787,-51557.775784371945,297.1549879151017
14265000,28530.000004894824,-51235.527528378356,306.344221904924
14270000,28540.00000489686,-51513.60336817196,302.9690139068172
14275000,28550.0000048989,-51507.9378348584,301.0087563585788
14280000,28560.000004900936,-51331.57898985644,295.9456008286255
14285000,28570.000004902973,-51280.440560430725,298.1832262743248
14290000,28580.00000490501,-51619.13623240637,306.6375913655093
14295000,28590.000004907048,-51368.00231584135,293.94944889980343
14300000,28600.000004909085,-51572.609629249724,298.16138270634013
14305000,28610.000004911122,-51627.697078482684,297.7246072737473
14310000,28620.00000491316,-51414.17808798913,299.90456525350936
14315000,28630.000004915197,-51752.1390094384,299.3229104500211
14320000,28640.000004917234,-51149.154433261836,300.86454636792405
14325000,28650.00000491927,-51489.90833039087,296.4312396380776
14330000,28660.00000492131,-51501.51258918049,304.4749487040666
14335000,28670.000004923346,-51406.1747517866,297.02037624366
14340000,28680.000004925383,-51606.23601051481,293.47625492273033
14345000,28690.00000492742,-51538.84104328728,291.5447381514799
14350000,28700.000004929458,-51931.6554758015,304.0551742162174
14355000,28710.000004931495,-51069.590343318734,294.1475428533687
14360000,28720.000004933532,-51230.306825924985,301.03425774229197
14365000,28730.00000493557,-51421.62614364279,297.3182404862793
14370000,28740.000004937607,-51349.89111996416,300.19762508798283
14375000,28750.000004939644,-51186.79955874983,298.8744901868305
14380000,28760.00000494168,-51410.2287175621,294.3473054784346
14385000,28770.00000494372,-51234.78994741925,295.09937121175363
14390000,28780.000004945756,-51792.52882917662,296.09312661496404
14395000,28790.000004947793,-52012.28326612641,306.21834345893706
14400000,28800.00000494983,-51345.69558455251,298.27229266095753
14405000,28810.000004951868,-51574.69398032254,301.0937808649301
14410000,28820.000004953905,-51424.16630907802,296.60806925765826
14415000,28830.000004955942,-51345.222296156775,287.7254570134273
14420000,28840.00000495798,-51535.75938707008,308.3049346699852
14425000,28850.000004960017,-51463.458287825255,295.68670703785307
14430000,28860.000004962054,-51603.79672189712,298.8495763083865
14435000,28870.00000496409,-51435.34966613405,302.174396598775
14440000,28880.00000496613,-51868.347166187945,297.1288118340759
14445000,28890.000004968166,-51532.0959860904,298.344861727033
14450000,28900.000004970203,-51187.06697994427,299.5953080818957
14455000,28910.00000497224,-51537.90430672275,303.4350673153036
14460000,28920.000004974278,-51628.3785427619,297.8443105372633
14465000,28930.000004976315,-51646.71567206617,303.3848774958344
14470000,28940.000004978352,-51664.49283756071,302.6668118709357
14475000,28950.00000498039,-51368.772524377826,300.4776486650252
14480000,28960.000004982427,-51275.31639134436,302.4368174628188
14485000,28970.000004984464,-51384.619634034054,295.86420551245203
14490000,28980.0000049865,-51464.90621523259,296.4576786694421
14495000,28990.00000498854,-51592.84606369608,298.0126363849723
14500000,29000.000004990576,-51864.64448756195,286.69280808963725
14505000,29010.000004992613,-51610.53711846395,291.89205783767727
14510000,29020.00000499465,-51404.477790214674,301.1307860370766
14515000,29030.000004996687,-51405.341772640124,297.26442609892024
14520000,29040.000004998725,-51427.60775730171,285.4040420832471
14525000,29050.000005000762,-51140.633697098034,303.3094148632306
14530000,29060.0000050028,-51428.72717392308,292.588562821814
14535000,29070.000005004837,-51158.35895410474,299.04610823802
14540000,29080.000005006874,-51583.167239879374,302.17238476611743
14545000,29090.00000500891,-51671.351929937664,296.0425797967891
14550000,29100.00000501095,-51534.17201324183,295.6270288664536
14555000,29110.000005012986,-51272.10491410934,290.0029375336851
14560000,29120.000005015023,-51077.24059777608,292.09052681675115
14565000,29130.00000501706,-51489.37321430337,290.95565217492793
14570000,29140.000005019097,-51374.32802135113,296.52066045476744
14575000,29150.000005021135,-52004.60303184431,298.16874707633104
14580000,29160.000005023172,-51122.49591988776,302.4313420370785
14585000,29170.00000502521,-51183.99224614521,297.10320978536055
14590000,29180.000005027247,-51413.40645877307,310.2310334784024
14595000,29190.000005029284,-51252.82131032506,294.4719817861119
14600000,29200.00000503132,-51510.67209635684,296.38131576505344
14605000,29210.00000503336,-51527.84931833582,304.9896512112473
14610000,29220.000005035396,-51433.49726940927,298.81178202735435
14615000,29230.000005037433,-51777.787756549515,298.6586814914334
14620000,29240.00000503947,-51339.28775159872,300.12809959548736
14625000,29250.000005041507,-51290.18674643396,297.5967306792812
14630000,29260.000005043545,-51718.19649965566,296.9402448590594
14635000,29270.000005045582,-51515.576344420784,302.1542343935047
14640000,29280.00000504762,-51496.35664933821,298.89562424507756
14645000,29290.000005049656,-51283.88653097543,296.53256831643307
14650000,29300.000005051694,-51581.09497658146,297.5958034078433
14655000,29310.00000505373,-51437.65827820293,290.17616757873776
14660000,29320.00000505577,-51772.14807068513,295.560224662549
14665000,29330.000005057806,-51386.5837644198,298.7360533178642
14670000,29340.000005059843,-51290.83070333462,296.9632850562021
14675000,29350.00000506188,-51530.83394621231,301.48353568174736
14680000,29360.000005063917,-51426.523312666046,304.9106407126214
14685000,29370.000005065955,-51005.90815501558,302.62836507801995
14690000,29380.000005067992,-51251.36197164719,307.40052231532616
14695000,29390.00000507003,-51862.44856607073,301.72294949495745
14700000,29400.000005072066,-51459.749438403844,303.6929923883359
14705000,29410.000005074104,-51494.53000042599,308.3561807801345
14710000,29420.00000507614,-51357.509428484336,291.3989329494825
14715000,29430.00000507818,-51614.953221857984,293.1327442170307
14720000,29440.000005080215,-51658.95414303179,298.70311689170444
14725000,29450.000005082253,-51874.630499379535,298.2781319402487
14730000,29460.00000508429,-51474.94798385864,295.3496935126732
14735000,29470.000005086327,-51312.60081283905,300.31305556992834
14740000,29480.000005088365,-51419.39114207777,290.4110685929648
14745000,29490.000005090402,-51345.6167096842,298.298441575393
14750000,29500.00000509244,-51403.867650631204,299.1177297734948
14755000,29510.000005094476,-51610.22720924369,294.5514344754577
14760000,29520.000005096514,-51674.61668855368,290.19890494690344
14765000,29530.00000509855,-51189.90659816467,301.07837136438064
14770000,29540.000005100588,-51819.82183185464,305.009501855721
14775000,29550.000005102625,-51066.59417254847,304.0483377228528
14780000,29560.000005104663,-51429.92787546042,293.8212980612278
14785000,29570.0000051067,-51658.11154738156,301.4451238308957
14790000,29580.000005108737,-51821.94020528055,304.7805691892834
14795000,29590.000005110775,-51561.42695052401,290.9197303607189
14800000,29600.00000511281,-51174.085813918005,299.44404716383116
14805000,29610.00000511485,-51523.426448887156,302.83580805997553
14810000,29620.000005116886,-51444.34519407942,292.5610102862912
14815000,29630.000005118924,-51215.05587642375,297.94453674283153
14820000,29640.00000512096,-51784.17649705146,300.9960280842318
14825000,29650.000005122998,-51680.14062935545,289.28367330397896
14830000,29660.000005125035,-51394.87603935675,295.3615106814565
14835000,29670.000005127073,-51793.54949033036,299.3956671065277
14840000,29680.00000512911,-51601.48752987204,289.1627523072001
14845000,29690.000005131147,-51306.78372250759,307.389047421735
14850000,29700.000005133184,-51511.608024465095,299.84018796087264
14855000,29710.00000513522,-51638.63240388804,292.98768168411635
14860000,29720.00000513726,-51651.50980564591,299.445561755952
14865000,29730.000005139296,-51543.60750769661,302.9807692522191
14870000,29740.000005141334,-51487.187917146366,306.07486114297046
14875000,29750.00000514337,-51490.17113170898,297.8347649098672
14880000,29760.000005145408,-51314.58337568588,289.33020429998646
14885000,29770.000005147445,-51617.1040112038,296.4244801803614
14890000,29780.000005149483,-51308.11604166831,295.60543361719
14895000,29790.00000515152,-50889.274841027625,299.8996615618403
14900000,29800.000005153557,-51192.218073015305,300.97042228126696
14905000,29810.000005155594,-51341.59723104548,294.9484880488625
14910000,29820.00000515763,-51756.15446804365,302.7205805875016
14915000,29830.00000515967,-51373.83614251611,297.96210202467825
14920000,29840.000005161706,-51416.64191072981,312.9454552885649
14925000,29850.000005163743,-51698.005876942334,301.9849968383447
14930000,29860.00000516578,-51146.16132749352,300.88458682113924
14935000,29870.000005167818,-51679.87672001944,304.54596386994046
14940000,29880.000005169855,-51298.64042587107,296.53867775448043
14945000,29890.000005171893,-51395.187260471284,303.5689473601014
14950000,29900.00000517393,-51455.61658971044,301.1120471736996
14955000,29910.000005175967,-51551.43018389429,297.4290742312519
14960000,29920.000005178004,-51485.60346402804,306.4019073975211
14965000,29930.00000518004,-51478.73619128752,291.89157959917713
14970000,29940.00000518208,-51162.287121915084,297.3998727571509
14975000,29950.000005184116,-51601.29127854266,295.9407201297545
14980000,29960.000005186153,-51253.76171807217,305.5142592984295
14985000,29970.00000518819,-51528.01735259604,301.7765456345035
14990000,29980.000005190228,-51205.42162748199,292.9631784976665
14995000,29990.000005192265,-51357.52031997801,296.128471741851
15000000,30000.000005194303,-51261.69280301465,300.38906603621047
15005000,30010.00000519634,-51601.70583603962,297.68139098645884
15010000,30020.000005198377,-51580.21252541273,306.1109336141258
15015000,30030.000005200414,-51796.064012361865,290.62432268259386
15020000,30040.00000520245,-51928.01957449602,300.6891981140718
15025000,30050.00000520449,-51478.33021069132,302.6108154968482
15030000,30060.000005206526,-51254.42033774947,296.23802067025144
15035000,30070.000005208563,-51403.4899050821,301.6601404815404
15040000,30080.0000052106,-51679.58705692386,300.14181645651297
15045000,30090.000005212638,-51273.848278299556,307.6153013840384
15050000,30100.000005214675,-51382.668170447025,287.0132598668576
15055000,30110.000005216712,-51657.93921971304,298.14383435173966
15060000,30120.00000521875,-50999.93897707207,290.4107054539527
15065000,30130.000005220787,-51327.48452940871,300.1235869046169
15070000,30140.000005222824,-51747.91850593517,294.26877997741934
15075000,30150.00000522486,-51340.62877346185,300.37199392845844
15080000,30160.0000052269,-51678.59573053848,296.52910448414
15085000,30170.000005228936,-51468.334779096185,298.739977322241
15090000,30180.000005230973,-51789.841223201045,298.4394844322406
15095000,30190.00000523301,-51248.67906737336,308.47440803866766
15100000,30200.000005235048,-51762.30445754086,296.84347863295733
15105000,30210.000005237085,-51582.00135610625,295.14439271747176
15110000,30220.000005239122,-51251.680987655825,299.26134562862336
15115000,30230.00000524116,-51755.35455940565,301.0730375160205
15120000,30240.000005243197,-51342.364013919956,297.35726332315573
15125000,30250.000005245234,-51218.95727276645,298.05089501892076
15130000,30260.00000524727,-51745.654085869115,299.586421973168
15135000,30270.00000524931,-51489.292095861136,304.723695076148
15140000,30280.000005251346,-51573.97238751486,293.84185156352004
15145000,30290.000005253383,-51258.17768042689,307.38137947951975
15150000,30300.00000525542,-51449.84959825946,300.8252453219611
15155000,30310.000005257458,-51710.247722539934,298.61471449533957
15160000,30320.000005259495,-51512.41790561477,293.9396940118751
15165000,30330.000005261532,-51282.84310121971,295.6347959941516
15170000,30340.00000526357,-51498.67275650505,287.3191075305059
15175000,30350.000005265607,-51423.109015984606,297.319454417084
15180000,30360.000005267644,-51460.45994405844,296.73250771146917
15185000,30370.00000526968,-51736.67616961515,289.1557715782529
15190000,30380.00000527172,-51389.92463295712,298.55782638318976
15195000,30390.000005273756,-51210.00935450688,293.57017063139034
15200000,30400.000005275793,-51455.86904853134,304.905657803006
15205000,30410.00000527783,-51225.346281152015,304.0867968535622
15210000,30420.000005279868,-51281.373490566446,305.2817972601328
15215000,30430.000005281905,-51582.76450564407,296.825198822009
15220000,30440.000005283942,-51989.82100116974,293.17933845355907
15225000,30450.00000528598,-51161.49845114048,295.07365746121303
15230000,30460.000005288017,-51212.89548611309,303.4003975930876
15235000,30470.000005290054,-51349.01954637861,299.57592986290905
15240000,30480.00000529209,-51458.94889630389,299.2039590108007
15245000,30490.00000529413,-51648.51063227339,302.72559679193097
15250000,30500.000005296166,-51222.530916693184,296.55980375859167
15255000,30510.000005298203,-51566.59167021309,296.89672471883557
15260000,30520.00000530024,-51271.573125312716,299.29734771085583
15265000,30530.000005302278,-51350.813565795135,298.2904095667266
15270000,30540.000005304315,-51370.32347265724,295.03598102529514
15275000,30550.000005306352,-51411.50569999087,299.5540688407493
15280000,30560.00000530839,-52112.7977721529,295.3714050205981
15285000,30570.000005310427,-51353.026582749764,286.33593385626375
15290000,30580.000005312464,-51767.809671093884,299.62485478954324
15295000,30590.0000053145,-51499.97879304923,292.4398182740475
15300000,30600.00000531654,-51116.307584070455,303.3648053083989
15305000,30610.000005318576,-51526.01413783454,304.87463636853073
15310000,30620.000005320613,-51368.03280679221,293.7891743725183
15315000,30630.00000532265,-51795.5716192688,301.66755096746994
15320000,30640.000005324688,-51613.56923499357,295.31576876270833
15325000,30650.000005326725,-51575.65827467275,301.1613927449347
15330000,30660.000005328762,-51083.609227543784,296.30272527300707
15335000,30670.0000053308,-51470.407335841825,301.6682371673925
15340000,30680.000005332837,-51453.36677366137,302.64529147015145
15345000,30690.000005334874,-51293.721632962,299.4053489485974
15350000,30700.00000533691,-51563.07261550584,295.2303929550489
15355000,30710.00000533895,-51332.53976035118,298.76925490959877
15360000,30720.000005340986,-51488.321417801664,296.95497360084323
15365000,30730.000005343023,-51282.61650731307,298.9901850353648
15370000,30740.00000534506,-51261.45323103643,296.4752963391903
15375000,30750.000005347098,-51542.72786695376,296.48151881130104
15380000,30760.000005349135,-51347.215738654224,302.85772842056844
15385000,30770.000005351172,-51278.25160400869,300.74843030492207
15390000,30780.00000535321,-51049.35997830436,301.00490461903047
15395000,30790.000005355247,-51570.71589539095,292.5303914607357
15400000,30800.000005357284,-51697.190315065585,297.5650000936496
15405000,30810.00000535932,-51663.07948185463,296.9567388806749
15410000,30820.00000536136,-51365.246102601144,300.80992661190055
15415000,30830.000005363396,-50873.6938173876,299.7342838352656
15420000,30840.000005365433,-51650.95206075191,289.6233586274782
15425000,30850.00000536747,-52001.19813671868,301.1641727575045
15430000,30860.000005369508,-51903.41303495725,295.43906653456105
15435000,30870.000005371545,-51478.74965446937,299.1599860921662
15440000,30880.000005373582,-51687.011657746625,298.0040379527815
15445000,30890.00000537562,-51408.23679328262,296.7806962068409
15450000,30900.000005377657,-51178.164594599366,299.2914537506712
15455000,30910.000005379694,-51555.012248130806,298.62709247843975
15460000,30920.00000538173,-51753.327350627194,290.1849543976884
15465000,30930.00000538377,-51280.340987684875,287.46607385857664
15470000,30940.000005385806,-51335.10403792333,296.6280776900768
15475000,30950.000005387843,-51486.44252767737,299.98816437212594
15480000,30960.00000538988,-51634.078047177434,292.28849863907294
15485000,30970.000005391918,-51511.491344145645,304.430640641846
15490000,30980.000005393955,-51496.7551772077,295.9299608279282
15495000,30990.000005395992,-51050.347365917,300.098228343385
15500000,31000.00000539803,-51224.28801556045,297.76948809204373
15505000,31010.000005400067,-51666.978961756715,304.97120383433804
15510000,31020.000005402104,-51392.14576805662,305.9599312558726
15515000,31030.00000540414,-51257.36502417334,295.05967759293316
15520000,31040.00000540618,-51639.56250962787,304.24916019753607
15525000,31050.000005408216,-51289.18907142541,292.05466020480526
15530000,31060.000005410253,-51707.04559523691,299.732740331584
15535000,31070.00000541229,-51821.54099550861,298.3808382795807
15540000,31080.000005414327,-51882.28180211983,291.39706496130964
15545000,31090.000005416365,-51617.95412564365,298.8145677426503
15550000,31100.000005418402,-51331.227005141496,308.8431551690793
15555000,31110.00000542044,-51213.977423727454,298.8781540914183
15560000,31120.000005422477,-51131.850170716294,302.00986360631185
15565000,31130.000005424514,-51374.18156636233,294.40136575437265
15570000,31140.00000542655,-51632.393398259446,295.50141640868657
15575000,31150.00000542859,-51664.67347567325,298.4859983710433
15580000,31160.000005430626,-51429.30240441178,287.373051460632
15585000,31170.000005432663,-51267.874083625706,294.3762447357436
15590000,31180.0000054347,-51342.85156135741,299.2579646053771
15595000,31190.000005436737,-51555.77899077127,291.7986754671441
15600000,31200.000005438775,-51582.75582288942,301.27612005732817
15605000,31210.000005440812,-51444.43963350897,296.151793067256
15610000,31220.00000544285,-51748.21892599654,303.8971996162047
15615000,31230.000005444886,-51831.709837477625,298.77435841102994
15620000,31240.000005446924,-51444.86657628033,307.9404515272621
15625000,31250.00000544896,-51585.0252544258,299.04930415188187
15630000,31260.000005451,-51905.93881907532,295.9475642494786
15635000,31270.000005453036,-51583.18327661484,296.819488494409
15640000,31280.000005455073,-51349.75032820564,295.65533461055105
15645000,31290.00000545711,-51603.93632546149,304.8452895415129
15650000,31300.000005459147,-51750.856268072326,293.1256174239109
15655000,31310.000005461185,-51391.87101981923,288.695431078301
15660000,31320.000005463222,-51510.06535237894,296.3770201292567
15665000,31330.00000546526,-51412.74086111612,296.2545422076412
15670000,31340.000005467296,-51313.94228997125,298.6939934632907
15675000,31350.000005469334,-51178.2480598127,306.53620317311163
15680000,31360.00000547137,-51528.66225539241,302.9901673407427
15685000,31370.00000547341,-51289.61815601529,299.7596148208616
15690000,31380.000005475446,-51356.17619172137,291.07123961084926
15695000,31390.000005477483,-51523.094294489594,303.0836650497841
15700000,31400.00000547952,-51555.978884625016,294.6607222628609
15705000,31410.000005481557,-51483.36092036756,297.01198032108823
15710000,31420.000005483595,-50968.95803852874,296.33129172376954
15715000,31430.000005485632,-51938.92448448937,305.6127055514225
15720000,31440.00000548767,-51727.00769395879,298.5566895013605
15725000,31450.000005489706,-51456.11446897269,300.96479374637494
15730000,31460.000005491744,-51640.73381515397,297.7727543827667
15735000,31470.00000549378,-51385.80961598488,298.7699887068698
15740000,31480.00000549582,-51385.52338295514,298.33900353917335
15745000,31490.000005497855,-51376.31966142866,301.09430856846916
15750000,31500.000005499893,-51770.94997681564,298.457686243694
15755000,31510.00000550193,-50948.812236660626,298.7118658675234
15760000,31520.000005503967,-51154.62548342135,305.8060568596571
15765000,31530.000005506005,-51564.7932355495,301.1055802569171
15770000,31540.00000550804,-51496.39938528283,292.4784751545489
15775000,31550.00000551008,-51604.29216814565,297.7422466326495
15780000,31560.000005512116,-51448.452938791655,300.5887943723865
15785000,31570.000005514154,-51320.82139764307,291.5017702825447
15790000,31580.00000551619,-51462.74390130711,302.7167068808628
15795000,31590.000005518228,-51521.46355618007,295.5043242838303
15800000,31600.000005520265,-51584.938357579405,292.91552217628936
15805000,31610.000005522303,-51867.937493296864,304.3960203276968
15810000,31620.00000552434,-51504.15608546781,299.11733479295754
15815000,31630.000005526377,-51418.51293200365,299.00190840101106
15820000,31640.000005528414,-51609.315838552284,300.9428291328083
15825000,31650.00000553045,-51332.02397134609,300.5135179175526
15830000,31660.00000553249,-51741.51204014514,290.20597186655306
15835000,31670.000005534526,-51731.60401513465,300.5980447908007
15840000,31680.000005536564,-51451.97968103181,297.72596972501714
15845000,31690.0000055386,-50865.60049621953,295.1956727824329
15850000,31700.000005540638,-51024.32371754004,299.7982231180973
15855000,31710.000005542675,-51509.785874328896,299.4136606272816
15860000,31720.000005544713,-51624.57702569722,294.8496397238135
15865000,31730.00000554675,-51196.061410845985,298.7202697523002
15870000,31740.000005548787,-51528.4545090537,296.81052489186305
15875000,31750.000005550824,-51832.653356931725,307.4560177973818
15880000,31760.00000555286,-51210.094341796736,294.4436141577144
15885000,31770.0000055549,-51650.176326635556,305.68758770087163
15890000,31780.000005556936,-51571.46198022927,292.30622064033054
15895000,31790.000005558973,-51687.60763266415,306.75219819562466
15900000,31800.00000556101,-51553.15398133264,299.0266865235563
15905000,31810.000005563048,-52405.135362161906,301.4793635624312
15910000,31820.000005565085,-51677.00937460241,295.4761255528808
15915000,31830.000005567123,-51516.439501202025,302.54703683942205
15920000,31840.00000556916,-51457.00986380424,295.4623433000203
15925000,31850.000005571197,-51251.3717967679,302.10067560598657
15930000,31860.000005573234,-51482.92459884097,297.04171029028373
15935000,31870.00000557527,-51387.05973002655,303.22235579972914
15940000,31880.00000557731,-51651.911827256175,297.55621517368047
15945000,31890.000005579346,-51396.789631992,291.6664259862554
15950000,31900.000005581383,-51295.41756009613,305.07227073996467
15955000,31910.00000558342,-51732.60785632141,305.7061414841542
15960000,31920.000005585458,-51337.89491300139,302.42697586746095
15965000,31930.000005587495,-51350.00657288759,306.6646179582685
15970000,31940.000005589533,-51399.647796476085,296.89323256616524
15975000,31950.00000559157,-51563.104517883534,305.62632085750863
15980000,31960.000005593607,-51538.29716721931,293.87991607197927
15985000,31970.000005595644,-51170.0588330031,300.2843226866503
15990000,31980.00000559768,-51131.52413119565,300.8346400566667
15995000,31990.00000559972,-51535.58222013226,307.18392986308737
16000000,32000.000005601756,-51415.0190584659,295.11054360574167
16005000,32010.000005603793,-51269.78124655949,300.651826027684
16010000,32020.00000560583,-51513.277490066976,299.0883246670223
16015000,32030.000005607868,-51659.78927577101,294.0662843496973
16020000,32040.000005609905,-51285.51871067728,305.74460850269236
16025000,32050.000005611942,-51721.48194231905,296.59061216248347
16030000,32060.00000561398,-51558.140584719134,295.7895789817693
16035000,32070.000005616017,-51618.528509691125,296.43087382589647
16040000,32080.000005618054,-51411.95948569628,299.68783661958304
16045000,32090.00000562009,-51297.34156230476,303.5729424352955
16050000,32100.00000562213,-51390.54421161048,297.08658343134465
16055000,32110.000005624166,-51578.45332957068,297.6940517664021
16060000,32120.000005626203,-51314.86135759554,297.8789964360217
16065000,32130.00000562824,-51606.82921204454,291.2353728157257
16070000,32140.000005630278,-51290.136462915194,302.7182473881006
16075000,32150.000005632315,-51699.48142004991,301.3385922775416
16080000,32160.000005634352,-51556.07122989744,299.6940856411412
16085000,32170.00000563639,-51537.48882891226,295.007956894653
16090000,32180.000005638427,-51601.630761164415,299.7917061815877
16095000,32190.000005640464,-51690.63713657478,291.5656838900901
16100000,32200.0000056425,-51244.0620010109,299.62866571428464
16105000,32210.00000564454,-51648.31154329132,289.1999825481706
16110000,32220.000005646576,-51280.98648074767,302.87343936681486
16115000,32230.000005648613,-51471.42574012262,297.52731367688915
16120000,32240.00000565065,-51392.0858135772,297.95537306003297
16125000,32250.000005652688,-51264.1359222781,302.10348889983896
16130000,32260.000005654725,-51688.16524728638,299.32885179045616
16135000,32270.000005656762,-51760.09848584165,290.72317219544357
16140000,32280.0000056588,-51529.58854335471,297.612132185503
16145000,32290.000005660837,-51678.98169407374,297.1229924299575
16150000,32300.000005662874,-51504.14071387003,298.2579909857258
16155000,32310.00000566491,-51188.03102284382,296.4438080253356
16160000,32320.00000566695,-51503.96521364286,292.2742697791885
16165000,32330.000005668986,-51235.981659871526,299.40723719574044
16170000,32340.000005671023,-51746.864257619774,294.58349739099185
16175000,32350.00000567306,-51224.40590784483,296.5034784967229
16180000,32360.000005675098,-51691.78413702024,299.1822548578367
16185000,32370.000005677135,-51596.17713946031,299.7311831566104
16190000,32380.000005679172,-51486.412875336595,297.3692263575529
16195000,32390.00000568121,-51619.630134313775,301.50876514077316
16200000,32400.000005683247,-51383.10057497193,293.0977079073068
16205000,32410.000005685284,-51578.73896917267,298.8881435760095
16210000,32420.00000568732,-51460.014934613166,301.90723536031504
16215000,32430.00000568936,-51547.345281376765,295.4854734117437
16220000,32440.000005691396,-51350.540334749385,299.3584138973591
16225000,32450.000005693433,-51523.11358818953,297.04435377577863
16230000,32460.00000569547,-51480.20941655818,296.2269235553084
16235000,32470.000005697508,-51748.284439427865,295.5465242440832
16240000,32480.000005699545,-51425.569215273776,301.5647237929677
16245000,32490.000005701582,-51510.82485494076,298.6371713204707
16250000,32500.00000570362,-51487.187258749764,293.4168306357976
16255000,32510.000005705657,-51591.4723128257,298.24260796830504
16260000,32520.000005707694,-51410.518156350736,297.21317616625095
16265000,32530.00000570973,-51751.33319568497,292.7959564655097
16270000,32540.00000571177,-51500.415205262136,291.4648529766183
16275000,32550.000005713806,-51210.4963584262,293.206160824753
16280000,32560.000005715843,-51521.866976277204,297.20446088555843
16285000,32570.00000571788,-51169.36784814691,304.2905500243963
16290000,32580.000005719918,-51353.56723900081,296.3057745449303
16295000,32590.000005721955,-51084.70973382698,295.91098149919367
16300000,32600.000005723992,-51278.50321483382,302.3591156214126
16305000,32610.00000572603,-51224.794815878355,307.13594560272213
16310000,32620.000005728067,-51653.777327513846,296.9650583713205
16315000,32630.000005730104,-51770.94884901788,302.8329867000647
16320000,32640.00000573214,-51826.19823988498,293.52764527848984
16325000,32650.00000573418,-51525.86074978372,301.3156010776623
16330000,32660.000005736216,-51437.84730212868,297.2226809229685
16335000,32670.000005738253,-51346.29794161502,299.1682385522413
16340000,32680.00000574029,-51560.80557269734,295.31875532096393
16345000,32690.000005742328,-51476.55135379988,299.35694226938045
16350000,32700.000005744365,-51434.65184130834,302.1857829668288
16355000,32710.000005746402,-51470.10680859003,298.2971852474492
16360000,32720.00000574844,-51439.68132243116,296.1936360456674
16365000,32730.000005750477,-51871.017701585195,294.87816609092306
16370000,32740.000005752514,-51455.4997027613,299.3787460134798
16375000,32750.00000575455,-51502.714240389265,298.92096679253217
16380000,32760.00000575659,-51207.425941676076,298.54983166137276
16385000,32770.00000575862,-51810.116550358245,300.11096850160703
16390000,32780.00000576066,-51244.28845679882,301.8405646785299
16395000,32790.0000057627,-51655.90739354101,301.60947239084504
16400000,32800.000005764734,-51774.44001313989,299.80475318302905
16405000,32810.00000576677,-51499.621584598266,299.0547993645206
16410000,32820.00000576881,-51613.68850897666,301.69646740117923
16415000,32830.000005770846,-51091.733586153714,300.38939797253687
16420000,32840.00000577288,-51449.85696555517,290.14788618450996
16425000,32850.00000577492,-51970.176403610705,286.5256137226508
16430000,32860.00000577696,-51344.24681740484,298.926364444463
16435000,32870.000005778995,-51682.532304938446,295.1811032193373
16440000,32880.00000578103,-51932.005470357806,297.40030410559035
16445000,32890.00000578307,-51817.02634065668,302.0051025666031
16450000,32900.00000578511,-51263.105891342944,295.57564655418616
16455000,32910.000005787144,-51631.27127773748,300.5034520961343
16460000,32920.00000578918,-51422.98191463016,299.0411541894829
16465000,32930.00000579122,-51505.13384397517,284.68966003466386
16470000,32940.000005793256,-51460.780385390506,296.0175928875018
16475000,32950.00000579529,-51372.046556289424,300.38623825030544
16480000,32960.00000579733,-51320.11798371657,298.78266109233397
16485000,32970.00000579937,-51409.37364161483,307.0123420685776
16490000,32980.000005801405,-51307.83485414134,300.1436370462622
16495000,32990.00000580344,-51457.63218033593,287.53721073664855
16500000,33000.00000580548,-51804.16505715001,304.39044773461035
16505000,33010.00000580752,-51583.43073088591,296.5900951813264
16510000,33020.000005809554,-51232.59091015757,297.2145038738946
16515000,33030.00000581159,-51515.390867898124,291.53043183399285
16520000,33040.00000581363,-51415.81849970139,299.7726643460326
16525000,33050.000005815666,-51699.95804597286,304.3575805046602
16530000,33060.0000058177,-51280.85351991598,295.60205378581577
16535000,33070.00000581974,-51751.94192054562,301.5949594262736
16540000,33080.00000582178,-51218.63791818061,302.0989771959445
16545000,33090.000005823815,-51658.37885626138,298.28676385871637
16550000,33100.00000582585,-51266.87213842617,304.69976944573267
16555000,33110.00000582789,-51407.18810737616,299.27927891880336
16560000,33120.00000582993,-51518.03874332347,296.61780577133555
16565000,33130.000005831964,-51607.47395578056,297.4778011411016
16570000,33140.000005834,-51377.217871032655,299.90472431248264
16575000,33150.00000583604,-51642.26029033295,301.5593622055318
16580000,33160.000005838076,-51663.84480605711,302.61555619677046
16585000,33170.00000584011,-51328.59192538832,292.3198525619862
16590000,33180.00000584215,-51659.600734676234,303.46803993047826
16595000,33190.00000584419,-52021.434707798326,298.42603793697197
16600000,33200.000005846225,-51767.03564842636,288.7535812044981
16605000,33210.00000584826,-51574.00536748985,292.0887528755985
16610000,33220.0000058503,-51597.8645391794,300.56597075889124
16615000,33230.00000585234,-50985.36700914014,299.29455710899066
16620000,33240.000005854374,-51562.678183133015,296.7086056973832
16625000,33250.00000585641,-51270.520805082604,293.6525446781777
16630000,33260.00000585845,-51655.12268470437,300.6957875135773
16635000,33270.000005860486,-51384.645248676796,304.6727412526347
16640000,33280.00000586252,-51491.148801616306,296.7666255052414
16645000,33290.00000586456,-51389.758385715395,297.47480242814345
16650000,33300.0000058666,-51353.988951090956,304.34355334970314
16655000,33310.000005868635,-51533.75772685805,302.5343701388575
16660000,33320.00000587067,-51304.00190521794,301.54289854582834
16665000,33330.00000587271,-51495.71564510002,300.11853389181283
16670000,33340.00000587475,-51506.229226499505,294.43455623053865
16675000,33350.000005876784,-51072.033143866225,291.7123419065774
16680000,33360.00000587882,-51500.88811130682,293.6288038094115
16685000,33370.00000588086,-51347.410827686894,296.4742801975002
16690000,33380.000005882895,-51892.21480641977,295.06414063429537
16695000,33390.00000588493,-51445.80693061341,292.6918474249336
16700000,33400.00000588697,-51118.28339939486,292.51199224370964
16705000,33410.00000588901,-51606.66243620604,303.33308567830846
16710000,33420.000005891045,-51394.00442658184,300.78874723987803
16715000,33430.00000589308,-51586.363090823055,305.9159585007915
16720000,33440.00000589512,-51565.46078069112,297.99525180177045
16725000,33450.00000589716,-51733.60691708443,299.7742057741116
16730000,33460.000005899194,-51540.807220966,293.3508695369859
16735000,33470.00000590123,-51790.57806800585,297.65373700770056
16740000,33480.00000590327,-51747.44486231587,298.4075010796372
16745000,33490.000005905305,-51738.42946589412,294.8195940259072
16750000,33500.00000590734,-51466.04323056378,298.01077860641715
16755000,33510.00000590938,-51703.789248851506,296.44247109011224
16760000,33520.00000591142,-51408.631744761806,293.54851910101695
16765000,33530.000005913455,-51658.632812347496,285.95409660977515
16770000,33540.00000591549,-51612.655322733044,301.44330557532686
16775000,33550.00000591753,-51651.12907489235,302.97087162410287
16780000,33560.000005919566,-51038.379923912784,292.92884892964366
16785000,33570.0000059216,-51104.61785505974,305.2044434749012
16790000,33580.00000592364,-51352.38392081452,295.76257407440903
16795000,33590.00000592568,-51657.029984874796,309.0896850599733
16800000,33600.000005927715,-51469.11767031983,296.1529668191794
16805000,33610.00000592975,-51621.053319753846,305.113428607135
16810000,33620.00000593179,-51159.00988474561,301.5796529454929
16815000,33630.00000593383,-51476.503468124254,299.36534760774805
16820000,33640.000005935864,-51672.72447607797,293.83102385805176
16825000,33650.0000059379,-51723.87633213584,294.2030495129345
16830000,33660.00000593994,-51644.65158974443,295.5957147748946
16835000,33670.000005941976,-51277.92876762344,299.66529804694386
16840000,33680.00000594401,-50982.60782229112,291.1405574134463
16845000,33690.00000594605,-51480.33968413723,300.0613530852037
16850000,33700.00000594809,-51722.82138469367,304.4018071676283
16855000,33710.000005950125,-51224.17087342977,300.009985035695
16860000,33720.00000595216,-51357.64995548874,298.21235449925865
16865000,33730.0000059542,-51457.29972876093,294.58006534090396
16870000,33740.00000595624,-51587.86152355978,293.42031839622604
16875000,33750.000005958274,-51624.79038083932,298.03458469524355
16880000,33760.00000596031,-51897.921278997586,297.4699640192202
16885000,33770.00000596235,-51493.84873197629,296.2934343902433
16890000,33780.000005964386,-51322.64872764441,299.35766887875576
16895000,33790.00000596642,-51447.755889526656,298.68805363143736
16900000,33800.00000596846,-51474.98235893459,297.47969697049245
16905000,33810.0000059705,-51503.1663832459,306.96888968603866
16910000,33820.000005972535,-51871.22926504878,302.6443871463381
16915000,33830.00000597457,-51606.88996445207,298.33570131624305
16920000,33840.00000597661,-51942.53608878088,294.92319890713026
16925000,33850.00000597865,-51378.172925529856,298.8831546734903
16930000,33860.000005980684,-51487.598416995985,290.70316972552547
16935000,33870.00000598272,-51441.734155393846,297.9499414874217
16940000,33880.00000598476,-51447.57858668594,303.6058926747926
16945000,33890.000005986796,-51453.531892846775,290.5535706193715
16950000,33900.00000598883,-51657.4315037395,304.04349942013465
16955000,33910.00000599087,-51855.638901783794,297.97547430902375
16960000,33920.00000599291,-51329.971404723416,297.8598373093855
16965000,33930.000005994945,-51316.58681945372,301.2382699975447
16970000,33940.00000599698,-51385.48690834461,299.39863643412593
16975000,33950.00000599902,-51416.67435367295,299.06348913725014
16980000,33960.00000600106,-51216.698143891874,304.5827519795526
16985000,33970.000006003094,-51248.261706133955,290.00813852341435
16990000,33980.00000600513,-51596.85677898198,295.5029395379037
16995000,33990.00000600717,-51366.50578579627,292.79251412493676
17000000,34000.000006009206,-51312.65512302189,303.7024385899678
17005000,34010.00000601124,-51586.6991309482,301.4594857783893
17010000,34020.00000601328,-51472.834686729766,298.21177030525246
17015000,34030.00000601532,-51591.806110604986,301.55377935463486
17020000,34040.000006017355,-51561.53739844973,297.22129704013406
17025000,34050.00000601939,-51171.906822409976,301.59694732261175
17030000,34060.00000602143,-51613.364907935,294.53611394218507
17035000,34070.00000602347,-51632.188794416754,299.04015713739943
17040000,34080.000006025504,-51582.102046417334,292.90237546014714
17045000,34090.00000602754,-51501.80337251257,291.99746938948084
17050000,34100.00000602958,-51750.23652133235,297.0663194381218
17055000,34110.000006031616,-51605.868305885175,302.42614916628804
17060000,34120.00000603365,-51656.36065903725,300.1808955339945
17065000,34130.00000603569,-51508.914789986564,304.57007511211884
17070000,34140.00000603773,-51803.10610670017,287.52519000608464
17075000,34150.000006039765,-51283.81848725438,293.39443667875645
17080000,34160.0000060418,-51316.99945166762,294.7068818028725
17085000,34170.00000604384,-51480.36085594524,293.8429030509632
17090000,34180.00000604588,-51748.04712704802,296.2728324748476
17095000,34190.000006047914,-51576.920570432616,301.81789057415097
17100000,34200.00000604995,-51439.278336880176,298.60021531229904
17105000,34210.00000605199,-51349.522853247734,298.62913114279155
17110000,34220.000006054026,-51057.491330327,303.33226387248976
17115000,34230.00000605606,-51495.52991050377,304.878569327581
17120000,34240.0000060581,-51752.499213421805,300.32947656541774
17125000,34250.00000606014,-51661.794099645165,291.8042995459245
17130000,34260.000006062175,-51673.34931429787,302.0559337129841
17135000,34270.00000606421,-51507.01701858576,295.529554045166
17140000,34280.00000606625,-51284.36676184065,294.6694425749676
17145000,34290.00000606829,-51727.36649682053,296.6009316556762
17150000,34300.000006070324,-51594.34656990066,302.75609287135387
17155000,34310.00000607236,-51213.75616269809,301.65401015898453
17160000,34320.0000060744,-51691.091512959974,297.16147923534044
17165000,34330.000006076436,-51325.78955378081,296.93593791945756
17170000,34340.00000607847,-51436.92961095393,297.66452682262474
17175000,34350.00000608051,-51162.13250619441,301.80965187008627
17180000,34360.00000608255,-51858.63051134694,301.4689867229284
17185000,34370.000006084585,-51756.373719404044,300.4752646644319
17190000,34380.00000608662,-51362.45300753822,299.54829216262624
17195000,34390.00000608866,-51487.84834826196,298.5507562607805
17200000,34400.0000060907,-51467.98214919839,302.3356284963146
17205000,34410.000006092734,-51846.54458414379,287.4944182785928
17210000,34420.00000609477,-51399.004024662485,299.69480704247036
17215000,34430.00000609681,-51415.001958087814,296.21128786418575
17220000,34440.000006098846,-51418.771080788225,304.762358519612
17225000,34450.00000610088,-52091.52086597265,297.5556776506401
17230000,34460.00000610292,-51489.54070904339,294.231173080356
17235000,34470.00000610496,-51741.11392351441,296.2723895262712
17240000,34480.000006106995,-51563.51587175552,302.78233917395517
17245000,34490.00000610903,-51464.864800536336,299.3921543918243
17250000,34500.00000611107,-51335.005913983216,288.5925777769332
17255000,34510.00000611311,-51268.6859304909,304.1654629356472
17260000,34520.000006115144,-51012.75829708055,293.2246731817643
17265000,34530.00000611718,-51630.94843856379,297.15087491715764
17270000,34540.00000611922,-51119.432193468994,293.7355124968672
17275000,34550.000006121256,-51420.24825955107,302.42377203265664
17280000,34560.00000612329,-51490.77577345306,300.21508735249597
17285000,34570.00000612533,-51212.6691318409,293.7926256344494
17290000,34580.00000612737,-51078.37757245387,301.0895603388123
17295000,34590.000006129405,-51419.38155437584,310.4084623668087
17300000,34600.00000613144,-51410.57772144399,300.4350435435105
17305000,34610.00000613348,-51433.477202515,299.76372836571545
17310000,34620.00000613552,-51581.91956723819,299.95323707075744
17315000,34630.000006137554,-51507.55984596285,301.7279519794005
17320000,34640.00000613959,-51447.765376609954,300.88844157094627
17325000,34650.00000614163,-51613.583156348905,288.30294598263623
17330000,34660.000006143666,-51559.5079569458,298.14956878053636
17335000,34670.0000061457,-51496.17262788108,291.47100804344586
17340000,34680.00000614774,-51959.364773017995,303.4842800522302
17345000,34690.00000614978,-51320.86526138341,291.4138302802387
17350000,34700.000006151815,-51318.3331962431,294.03266932018903
17355000,34710.00000615385,-51246.10584747151,294.5689799422164
17360000,34720.00000615589,-51488.03930532021,295.5788585088928
17365000,34730.00000615793,-51450.12985306035,289.8398870657539
17370000,34740.000006159964,-51760.93884234829,302.35638723194575
17375000,34750.000006162,-51604.22015327914,300.11792991798313
17380000,34760.00000616404,-51687.9978099181,301.20447036355347
17385000,34770.000006166076,-51491.07670124731,293.53940105617244
17390000,34780.00000616811,-51159.97218705283,297.8178700238157
17395000,34790.00000617015,-51633.39769071055,292.68429581361437
17400000,34800.00000617219,-51532.56735186535,291.95255571805853
17405000,34810.000006174225,-50968.029082132794,288.4792685778034
17410000,34820.00000617626,-51177.08069226946,297.038770386341
17415000,34830.0000061783,-50988.37719553447,301.644057673537
17420000,34840.00000618034,-51706.1595593119,290.8321273812548
17425000,34850.000006182374,-50807.65876449202,297.0051158673585
17430000,34860.00000618441,-51716.839194807195,302.6128930793335
17435000,34870.00000618645,-51929.04941190165,301.31438979419147
17440000,34880.000006188486,-51203.740576519805,298.1014391795207
17445000,34890.00000619052,-51683.46416241751,299.37954136148596
17450000,34900.00000619256,-51240.892296201026,298.4414248974269
17455000,34910.0000061946,-51231.12210911681,296.0341275120105
17460000,34920.000006196635,-51524.266986415954,295.43609047600296
17465000,34930.00000619867,-51509.105152855685,297.25774655713263
17470000,34940.00000620071,-51312.1150429165,298.03442517700904
17475000,34950.00000620275,-51099.76484442927,292.8401539063426
17480000,34960.000006204784,-51547.572101459315,293.2301264055479
17485000,34970.00000620682,-51677.32169157136,295.073851257225
17490000,34980.00000620886,-51492.68396097305,293.8849087487439
17495000,34990.000006210896,-51677.22443152912,297.1268805436608
17500000,35000.00000621293,-51177.23822035559,297.0535381845788
17505000,35010.00000621497,-51472.09932660061,296.4931783526655
17510000,35020.00000621701,-51779.44646724922,294.9681780940002
17515000,35030.000006219045,-51492.720534607884,298.11068837350047
17520000,35040.00000622108,-51495.03549960849,298.03188081456256
17525000,35050.00000622312,-51281.54330826184,295.48201950746966
17530000,35060.00000622516,-51602.96425595065,298.2170847254491
17535000,35070.000006227194,-51326.344121279195,302.37244880609245
17540000,35080.00000622923,-51084.568559986015,294.55994765473804
17545000,35090.00000623127,-51433.96658809483,293.03547849550836
17550000,35100.000006233306,-51599.64588179701,299.88499165562627
17555000,35110.00000623534,-51937.16489529758,296.2197031316622
17560000,35120.00000623738,-51436.239056785824,293.50028175978485
17565000,35130.00000623942,-51538.24255396763,300.09242853361025
17570000,35140.000006241455,-51592.8204696076,298.8102130894813
17575000,35150.00000624349,-51449.41471913934,296.61896501000473
17580000,35160.00000624553,-51431.807396099466,298.408671699957
17585000,35170.00000624757,-51640.18459219116,298.0056577551461
17590000,35180.000006249604,-51693.9479460803,300.2279051558085
17595000,35190.00000625164,-51769.25276328859,290.790714580089
17600000,35200.00000625368,-51458.2782502007,298.8399033746426
17605000,35210.000006255716,-51451.13077087118,294.36884585417755
17610000,35220.00000625775,-51622.760153662995,296.62790850386796
17615000,35230.00000625979,-51447.55333833257,292.2522480451743
17620000,35240.00000626183,-51143.83532408156,302.39828079431874
17625000,35250.000006263865,-51660.187508295,296.2096783123899
17630000,35260.0000062659,-51425.560886982246,297.4911969404917
17635000,35270.00000626794,-51439.308790990704,295.38557414415135
17640000,35280.00000626998,-51474.598978709546,304.9262699877331
17645000,35290.000006272014,-51482.662347588775,305.18965126605264
17650000,35300.00000627405,-51517.88140894458,304.5155065467595
17655000,35310.00000627609,-51478.29772666001,296.8509276805372
17660000,35320.000006278126,-51489.627405345556,291.8987415352983
17665000,35330.00000628016,-51422.57820828832,295.2080321987809
17670000,35340.0000062822,-51489.156596763496,297.39025176688415
17675000,35350.00000628424,-51029.54961238644,296.3830379245332
17680000,35360.000006286275,-51268.832041539805,293.14524585239207
17685000,35370.00000628831,-51593.44210017621,294.76921109495856
17690000,35380.00000629035,-51228.635915576015,304.2636167468306
17695000,35390.00000629239,-51230.38521103552,300.09028925301436
17700000,35400.000006294424,-51417.44170492317,295.40675868698565
17705000,35410.00000629646,-51813.469059263996,300.8218025424517
17710000,35420.0000062985,-51444.68915990004,296.01214836325437
17715000,35430.000006300535,-51624.68491906609,296.35996303893336
17720000,35440.00000630257,-50886.30071579729,301.55221279841686
17725000,35450.00000630461,-51454.58735380467,301.2973473560391
17730000,35460.00000630665,-51498.420254883415,296.8291979677402
17735000,35470.000006308685,-51606.907625499036,299.54882997992615
17740000,35480.00000631072,-51741.69746220374,295.89291638829354
17745000,35490.00000631276,-51281.4605874072,291.80845150401683
17750000,35500.000006314796,-51506.00947567681,302.8845525445696
17755000,35510.00000631683,-51100.640454427135,296.1980199318686
17760000,35520.00000631887,-51315.11726522888,297.4777110489457
17765000,35530.00000632091,-51382.34092981194,292.8137310691898
17770000,35540.000006322945,-51614.81119698478,297.7800934315294
17775000,35550.00000632498,-51636.10106385031,297.3099226133779
17780000,35560.00000632702,-51314.19349591367,298.43888640975393
17785000,35570.00000632906,-51482.28929828358,298.20364070116136
17790000,35580.000006331094,-51489.40860317944,303.9777276912601
17795000,35590.00000633313,-51506.80725116344,295.8266943726798
17800000,35600.00000633517,-51644.02762379835,289.0697008718504
17805000,35610.000006337206,-51348.29247814423,299.1779086486132
17810000,35620.00000633924,-51637.04559638267,300.21712324329127
17815000,35630.00000634128,-51510.80800790657,289.66818209601297
17820000,35640.00000634332,-51468.15397693473,299.94264933554473
17825000,35650.000006345355,-51422.70066337328,289.3567375047669
17830000,35660.00000634739,-51303.91511667828,300.5226432474705
17835000,35670.00000634943,-51223.4842508524,298.4797283741945
17840000,35680.00000635147,-51667.0898279988,296.75489082688523
17845000,35690.000006353504,-51597.37515929004,299.34715346195884
17850000,35700.00000635554,-51657.49466603025,306.3003734787913
17855000,35710.00000635758,-51483.140450452425,296.7917053998346
17860000,35720.000006359616,-51182.13729583693,294.1280749937657
17865000,35730.00000636165,-51386.73704475112,298.46408089762264
17870000,35740.00000636369,-51479.46426350696,297.05030041492546
17875000,35750.00000636573,-51387.82787852583,293.02771671850263
17880000,35760.000006367765,-51723.58160331368,298.4945825459477
17885000,35770.0000063698,-51508.626783210086,293.58293477338646
17890000,35780.00000637184,-51615.86371778979,301.4745917795377
17895000,35790.00000637388,-51536.496108214866,298.277317523155
17900000,35800.000006375914,-51167.059723264305,306.2406790073022
17905000,35810.00000637795,-51668.128973125335,307.8677254779212
17910000,35820.00000637999,-51320.45951079903,305.9881227771652
17915000,35830.000006382026,-51228.29964900564,298.370438288032
17920000,35840.00000638406,-51608.13659435167,296.56758139190964
17925000,35850.0000063861,-51434.18553075378,300.7066828105286
17930000,35860.00000638814,-51647.62053619008,303.0990558667456
17935000,35870.000006390175,-51568.0377300322,299.0357852704562
17940000,35880.00000639221,-51502.73076963876,289.33931510425145
17945000,35890.00000639425,-51244.57585563755,301.7784236024399
17950000,35900.00000639629,-51453.348289932444,300.22310768746246
17955000,35910.000006398324,-51425.20685658138,302.56389835705255
17960000,35920.00000640036,-51455.5862096801,291.24266635873107
17965000,35930.0000064024,-51586.660847862484,297.7760916223379
17970000,35940.000006404436,-51376.35311008076,286.7726587397849
17975000,35950.00000640647,-51470.94535440579,298.32560406222126
17980000,35960.00000640851,-51552.731422922516,297.7193106289465
17985000,35970.00000641055,-51451.5057665889,303.6189120533715
17990000,35980.000006412585,-51482.60606257411,304.20200004487117
17995000,35990.00000641462,-51585.71295687847,298.091585577594
18000000,36000.00000641666,-51366.484025811485,296.3196960355519
18005000,36010.0000064187,-51380.0018326694,294.4398234961482
18010000,36020.000006420734,-51572.01988229714,297.75690586897304
18015000,36030.00000642277,-50980.61219314474,296.23173621864197
18020000,36040.00000642481,-51628.503105874,292.1862426890439
18025000,36050.000006426846,-51256.22909376316,292.93690714173175
18030000,36060.00000642888,-51401.22960525716,302.06911973434376
18035000,36070.00000643092,-51294.806381462404,293.83195834377983
18040000,36080.00000643296,-51608.427542828314,298.87079212380553
18045000,36090.000006434995,-51407.27378582937,307.03821458853304
18050000,36100.00000643703,-51547.61446867377,304.3460512115736
18055000,36110.00000643907,-51491.2614056945,309.18172660051806
18060000,36120.00000644111,-51781.980292476685,295.40790331482
18065000,36130.000006443144,-51569.734566800296,304.33041468332533
18070000,36140.00000644518,-51560.11505012744,296.13634934259113
18075000,36150.00000644722,-51660.2717535932,306.32452384306976
18080000,36160.000006449256,-51485.120641416084,305.30208943478283
18085000,36170.00000645129,-51939.82578550532,297.30572551013614
18090000,36180.00000645333,-51406.94501470821,303.6833447084311
18095000,36190.00000645537,-51304.22725384956,298.60951974916804
18100000,36200.000006457405,-51264.70501320908,301.2777677206202
18105000,36210.00000645944,-51855.07969935486,296.8484724127003
18110000,36220.00000646148,-51522.453251592495,297.03986156845724
18115000,36230.00000646352,-51527.944431006355,302.3809441151226
18120000,36240.000006465554,-51100.04729381026,293.57283401335
18125000,36250.00000646759,-51022.83359610729,292.7895458339852
18130000,36260.00000646963,-51653.054064721306,299.63682696813663
18135000,36270.000006471666,-51721.26024709214,297.0689553998667
18140000,36280.0000064737,-51460.87901934478,294.81551897100877
18145000,36290.00000647574,-51479.16473530233,293.11043341892207
18150000,36300.00000647778,-51293.052418899664,297.3710437989623
18155000,36310.000006479815,-51334.587161378935,291.60869496966575
18160000,36320.00000648185,-51130.2279019508,307.21679309046607
18165000,36330.00000648389,-51544.190846550424,299.96331177276636
18170000,36340.00000648593,-51589.355301370204,300.5638133582416
18175000,36350.000006487964,-51293.25303518164,296.8023053042718
18180000,36360.00000649,-51438.50418383954,298.4593935983259
18185000,36370.00000649204,-51668.20012695232,296.1403385261611
18190000,36380.000006494076,-51663.691366107494,301.95650844390565
18195000,36390.00000649611,-51351.4432042657,294.3833945733902
18200000,36400.00000649815,-51498.53651906454,295.7748401602141
18205000,36410.00000650019,-51322.56248389339,293.91563237703946
18210000,36420.000006502225,-51336.76377820433,300.61179376125466
18215000,36430.00000650426,-51310.11074236795,294.98554594325026
18220000,36440.0000065063,-51619.99886640665,298.89883566509803
18225000,36450.00000650834,-51416.25407407351,303.3868937629992
18230000,36460.000006510374,-51293.73851204544,293.7502641098513
18235000,36470.00000651241,-51321.84195417934,301.82485045477404
18240000,36480.00000651445,-51381.247648182034,297.4637333423415
18245000,36490.000006516486,-51527.647385922755,296.63495776330245
18250000,36500.00000651852,-51445.532346995285,295.2300087173971
18255000,36510.00000652056,-51808.2734672268,297.29025419234506
18260000,36520.0000065226,-51905.47954966841,298.88574759736537
18265000,36530.000006524635,-51233.79707965499,294.2898406503548
18270000,36540.00000652667,-51373.28084814575,298.36636860114584
18275000,36550.00000652871,-51231.92822031482,296.5848872767422
18280000,36560.00000653075,-51296.62657489555,300.87751027091883
18285000,36570.000006532784,-51351.3996853852,296.73999121552623
18290000,36580.00000653482,-51425.22244219459,309.4566062116051
18295000,36590.00000653686,-51593.63146809366,299.6105949715226
18300000,36600.000006538896,-51625.86330297979,292.7368403907073
18305000,36610.00000654093,-51606.49246996219,297.9456173365641
18310000,36620.00000654297,-51558.80905630643,297.2623722103079
18315000,36630.00000654501,-51349.75078426703,300.6843362284582
18320000,36640.000006547045,-51544.33099766678,312.9060622606596
18325000,36650.00000654908,-51468.4396669626,297.8655683213114
18330000,36660.00000655112,-51565.47322972643,292.80737528156084
18335000,36670.00000655316,-51260.80082742547,299.58450571922407
18340000,36680.000006555194,-51625.474134200194,296.5706451685124
18345000,36690.00000655723,-51303.375917426136,292.7352876583586
18350000,36700.00000655927,-51569.58822889472,302.80319975921316
18355000,36710.000006561306,-51163.01411523513,297.0964635204379
18360000,36720.00000656334,-51104.46076333974,286.27018649450343
18365000,36730.00000656538,-51221.905505864444,307.6903182479971
18370000,36740.00000656742,-51509.73809207871,298.2534970177068
18375000,36750.000006569455,-51377.71123856859,303.12302759640835
18380000,36760.00000657149,-51481.733950130234,296.5241928804739
18385000,36770.00000657353,-51298.52724223799,302.68745431381086
18390000,36780.00000657557,-51161.4964988773,298.01043273980275
18395000,36790.000006577604,-51596.75739170279,300.3621674581844
18400000,36800.00000657964,-51754.406857117196,294.1673940173149
18405000,36810.00000658168,-51581.2420433994,294.7914029656339
18410000,36820.000006583716,-51766.660642475996,297.09630233506454
18415000,36830.00000658575,-51231.22327526123,293.56382238020836
18420000,36840.00000658779,-51304.12985544684,299.01787497127197
18425000,36850.00000658983,-51450.594902304845,299.8188146323825
18430000,36860.000006591865,-51717.06113115768,299.4202523752673
18435000,36870.0000065939,-51599.266860897944,294.3859263744087
18440000,36880.00000659594,-51555.85541816708,298.73545163572066
18445000,36890.00000659798,-51403.713749327726,294.5782204122311
18450000,36900.000006600014,-51578.53136772843,307.2132560594163
18455000,36910.00000660205,-51447.77035427012,297.5965800440024
18460000,36920.00000660409,-51958.38916520082,294.7651975119372
18465000,36930.000006606126,-51195.57717624138,290.84665621401416
18470000,36940.00000660816,-51420.17880150501,301.4522749474927
18475000,36950.0000066102,-50878.316316246404,305.2956490353852
18480000,36960.00000661224,-51667.03199919505,302.609657675473
18485000,36970.000006614275,-51766.98293887431,299.71440316858093
18490000,36980.00000661631,-51604.222207338054,299.0415239093835
18495000,36990.00000661835,-51330.8859353475,298.2072375653533
18500000,37000.00000662039,-51617.206400169205,298.12114065418825
18505000,37010.000006622424,-51176.49134259074,293.23516819642265
18510000,37020.00000662446,-51214.1090840977,289.8700368327674
18515000,37030.0000066265,-51304.5032962063,286.27100664402803
18520000,37040.000006628536,-51282.59131680595,302.0642847969659
18525000,37050.00000663057,-51211.343351077056,295.5276523816272
18530000,37060.00000663261,-51639.79889082987,297.526407294377
18535000,37070.00000663465,-51387.16408019472,296.243574525558
18540000,37080.000006636685,-51548.8806362435,286.9168626326694
18545000,37090.00000663872,-51536.38538757467,293.9100192189905
18550000,37100.00000664076,-51344.057728207816,299.7869767616257
18555000,37110.0000066428,-51372.64563419449,293.73205926171556
18560000,37120.000006644834,-51349.49877866352,299.9008887804018
18565000,37130.00000664687,-51961.18425517052,301.3400340136559
18570000,37140.00000664891,-51363.965662847884,296.05937079134037
18575000,37150.000006650946,-51329.73312513999,303.855716175773
18580000,37160.00000665298,-51200.685167427815,307.52970433874816
18585000,37170.00000665502,-51816.04738576189,296.0590030573353
18590000,37180.00000665706,-51787.85951740021,291.8719473155557
18595000,37190.000006659095,-51495.48232613967,298.7469296646469
18600000,37200.00000666113,-51973.67508731445,300.1712164368586
18605000,37210.00000666317,-51406.92737569378,293.1580693240735
18610000,37220.00000666521,-51578.98540823476,295.6878105453085
18615000,37230.000006667244,-51398.0517239061,296.6824487913359
18620000,37240.00000666928,-51240.14801282459,299.7389816818443
18625000,37250.00000667132,-51836.791195958736,298.42699089165444
18630000,37260.000006673356,-51436.26021499839,303.91118715512266
18635000,37270.00000667539,-51766.029499803495,297.19733049686727
18640000,37280.00000667743,-51286.02924072536,299.04954795404075
18645000,37290.00000667947,-51452.32479935937,309.2207766141959
18650000,37300.000006681505,-51304.69732332273,298.0979483937071
18655000,37310.00000668354,-51356.948346138786,307.4018606895983
18660000,37320.00000668558,-51529.10206849678,305.56265347099975
18665000,37330.00000668762,-51298.14937927161,290.8968397402008
18670000,37340.000006689654,-51581.1637499879,294.3882213468591
18675000,37350.00000669169,-51537.33273417491,300.70387165901343
18680000,37360.00000669373,-51580.31810418735,309.3100243184888
18685000,37370.000006695765,-51551.366584798496,291.47316946544817
18690000,37380.0000066978,-51795.716944938584,300.8775287735466
18695000,37390.00000669984,-51021.28657166709,299.71389491667946
18700000,37400.00000670188,-51514.04202835253,303.31847136603983
18705000,37410.000006703915,-51597.54213720761,287.8268603072921
18710000,37420.00000670595,-51692.13876504556,303.2015690150655
18715000,37430.00000670799,-51629.60467820335,303.94045513913073
18720000,37440.000006710026,-51328.55614106028,306.6318240089382
18725000,37450.00000671206,-51356.6938532785,300.9732661373735
18730000,37460.0000067141,-51210.77954037694,291.8601494892249
18735000,37470.00000671614,-51516.90416977252,297.3782043143578
18740000,37480.000006718175,-51659.0885180622,301.27551618845325
18745000,37490.00000672021,-51408.1585619672,302.03382590730786
18750000,37500.00000672225,-51604.839972769434,287.8178298222077
18755000,37510.00000672429,-51375.44553141834,299.35271257564216
18760000,37520.000006726325,-51914.03152391082,295.8706047010802
18765000,37530.00000672836,-51650.77866351002,289.2872490546633
18770000,37540.0000067304,-51671.091464639176,301.1520763112893
18775000,37550.000006732436,-51378.862134899595,300.4043584341331
18780000,37560.00000673447,-51690.815239701216,305.7151725927628
18785000,37570.00000673651,-51421.494322980114,295.7837936979324
18790000,37580.00000673855,-51284.75624187544,295.6445973199559
18795000,37590.000006740585,-51455.02717219919,307.7147441129438
18800000,37600.00000674262,-51696.84798219503,302.93903097209505
18805000,37610.00000674466,-51410.038187596045,302.5095653789221
18810000,37620.0000067467,-51634.43424335527,296.15301455156396
18815000,37630.000006748734,-51300.33750825733,290.99259302016173
18820000,37640.00000675077,-51487.26161235824,293.9994104003179
18825000,37650.00000675281,-51467.23355829049,306.24418747807147
18830000,37660.000006754846,-51160.6297514576,302.34537985113576
18835000,37670.00000675688,-51417.883785027894,296.0432622658133
18840000,37680.00000675892,-51435.61927995249,293.27017958105677
18845000,37690.00000676096,-51373.96506265356,299.1807242263157
18850000,37700.000006762995,-51271.67256275055,297.6773886468033
18855000,37710.00000676503,-51146.0102876295,292.57208973034085
18860000,37720.00000676707,-51567.95337831619,306.10620199547225
18865000,37730.00000676911,-51387.16166041835,298.3425070080293
18870000,37740.000006771144,-51509.01911906636,300.58771794417885
18875000,37750.00000677318,-51180.31023335041,293.32506129875793
18880000,37760.00000677522,-51217.615918123134,302.9653886651916
18885000,37770.000006777256,-51019.70110285934,297.14086647479957
18890000,37780.00000677929,-51374.977402899676,299.8526104428231
18895000,37790.00000678133,-51823.64124746574,293.52892550529407
18900000,37800.00000678337,-51556.49300047473,295.7650369273245
18905000,37810.000006785405,-51117.996057944634,302.56600368436534
18910000,37820.00000678744,-51414.254976300756,289.6377837207283
18915000,37830.00000678948,-51594.4141350986,296.87947821588824
18920000,37840.00000679152,-51624.39794816176,289.7577360096141
18925000,37850.000006793554,-51081.51739449895,296.63703817328263
18930000,37860.00000679559,-51383.591949367925,293.2406932876045
18935000,37870.00000679763,-51637.92151006282,289.07762347988495
18940000,37880.000006799666,-51297.61038894055,299.01347671854876
18945000,37890.0000068017,-51571.02130893557,294.1347585621239
18950000,37900.00000680374,-51565.12785742126,301.4370022710867
18955000,37910.00000680578,-51056.1771764837,298.2968329831382
18960000,37920.000006807815,-51372.77567601041,304.44920958957874
18965000,37930.00000680985,-51411.53648556411,304.6236779174683
18970000,37940.00000681189,-51464.69240226981,296.22931147609034
18975000,37950.00000681393,-51345.3347106353,294.69089439112037
18980000,37960.000006815964,-51372.23463188592,288.07809696157176
18985000,37970.000006818,-51507.48986308742,298.50179697590124
18990000,37980.00000682004,-51766.085666364204,301.88461756748165
18995000,37990.000006822076,-51627.5152800699,294.5158999493301
19000000,38000.00000682411,-51463.209844034805,294.95908499309326
19005000,38010.00000682615,-51353.68799335288,296.28276752320255
19010000,38020.00000682819,-51079.54654873873,299.98071901602475
19015000,38030.000006830225,-51381.48400685066,296.9383539313912
19020000,38040.00000683226,-51535.483653475734,296.32151987373265
19025000,38050.0000068343,-51361.89456039207,294.7273899518731
19030000,38060.00000683634,-51622.63183405748,296.63473088801203
19035000,38070.000006838374,-51020.628338554874,303.9131781541052
19040000,38080.00000684041,-51472.21229391405,297.37371455033315
19045000,38090.00000684245,-51131.59300393498,300.5058978528585
19050000,38100.000006844486,-51530.27906351804,297.32286148487725
19055000,38110.00000684652,-51419.41608493621,300.3501238161694
19060000,38120.00000684856,-51400.04165456374,302.0635412753154
19065000,38130.0000068506,-51200.778156672866,299.7452458677192
19070000,38140.000006852635,-51686.95219082839,298.91524289995846
19075000,38150.00000685467,-51729.484707939,300.4442526645091
19080000,38160.00000685671,-51244.411077718105,301.015894502787
19085000,38170.00000685875,-51495.546007049794,294.80228861742546
19090000,38180.000006860784,-51436.02118028578,297.9121766385608
19095000,38190.00000686282,-51265.48833599375,308.2073082441565
19100000,38200.00000686486,-51518.075844410865,292.8677527149302
19105000,38210.000006866896,-51601.19020016826,298.0536677439536
19110000,38220.00000686893,-51822.608220378665,300.13560586755784
19115000,38230.00000687097,-51511.98862358843,299.14037952664376
19120000,38240.00000687301,-51882.78207264331,299.5677707152424
19125000,38250.000006875045,-51318.12692552799,304.94188815600893
19130000,38260.00000687708,-51157.759349819564,294.4146608876594
19135000,38270.00000687912,-51750.05442720055,306.56906385020596
19140000,38280.00000688116,-51171.36031719443,302.05553250043204
19145000,38290.000006883194,-51667.687356706156,299.03586765988854
19150000,38300.00000688523,-51453.86815678561,300.3649336431747
19155000,38310.00000688727,-51374.07278187957,301.96170149646287
19160000,38320.000006889306,-51239.179181330575,298.6676328143574
19165000,38330.00000689134,-51459.03502603984,300.54767179186973
19170000,38340.00000689338,-51509.51734242786,300.8514653524737
19175000,38350.00000689542,-51295.11744511401,294.79229624046786
19180000,38360.000006897455,-51356.682886243594,302.1947341887397
19185000,38370.00000689949,-51201.44995893884,299.008526832207
19190000,38380.00000690153,-51767.475146322045,290.28872851833535
19195000,38390.00000690357,-51530.02574764268,306.79405070786606
19200000,38400.000006905604,-51977.82522940665,303.65790029511743
19205000,38410.00000690764,-51479.887877782574,295.9938237390843
19210000,38420.00000690968,-51452.5858822366,296.5606398146022
19215000,38430.000006911716,-51611.31409737171,299.4136263820156
19220000,38440.00000691375,-51403.017450751824,310.8564717986214
19225000,38450.00000691579,-51614.69695754725,301.0838491657033
19230000,38460.00000691783,-51719.38810941685,299.95321478110856
19235000,38470.000006919865,-51802.78314632518,302.2076578210884
19240000,38480.0000069219,-51682.363104061515,292.7525642610519
19245000,38490.00000692394,-51623.05935876665,301.78772988889153
19250000,38500.00000692598,-50827.293512591714,300.76469063808145
19255000,38510.000006928014,-51424.34697529505,300.0467607832237
19260000,38520.00000693005,-51381.74178132278,306.0649692729644
19265000,38530.00000693209,-51671.285402325244,303.778902290287
19270000,38540.000006934126,-51643.5929524955,299.51759608049167
19275000,38550.00000693616,-51538.957439445425,301.03636577802394
19280000,38560.0000069382,-51530.93070055844,294.0739966546729
19285000,38570.00000694024,-51221.730450821255,306.242026645968
19290000,38580.000006942275,-51352.98209202947,290.9076334455507
19295000,38590.00000694431,-51138.04742158411,295.7114395485949
19300000,38600.00000694635,-51279.35708271302,309.24236639592976
19305000,38610.00000694839,-51361.85097511168,292.89186633883264
19310000,38620.000006950424,-51571.96673003072,296.3933419470705
19315000,38630.00000695246,-51780.28416702166,298.19226265882
19320000,38640.0000069545,-51304.57128691132,299.06396481856706
19325000,38650.000006956536,-51268.04082293267,301.4977723551871
19330000,38660.00000695857,-51348.71657183452,305.90416898296377
19335000,38670.00000696061,-51618.87738851964,297.55899085102624
19340000,38680.00000696265,-51948.49548522761,292.9764006703541
19345000,38690.000006964685,-51172.222421827755,299.0366944166781
19350000,38700.00000696672,-51559.22831807344,296.2039313074742
19355000,38710.00000696876,-51245.98051394278,302.07521188183387
19360000,38720.0000069708,-51211.23048058266,301.0508938431517
19365000,38730.000006972834,-51497.806409683544,303.6344416217817
19370000,38740.00000697487,-51336.367162985756,289.3420010718025
19375000,38750.00000697691,-51126.75210179188,300.9346942132501
19380000,38760.000006978946,-51063.783007144986,304.4275991669066
19385000,38770.00000698098,-51855.103505138104,289.6475369419465
19390000,38780.00000698302,-51459.408550119,294.92988128274123
19395000,38790.00000698506,-51377.79525761274,299.3824416743629
19400000,38800.000006987095,-51553.97872473468,317.31511157223696
19405000,38810.00000698913,-51611.54425509213,295.6260804828533
19410000,38820.00000699117,-51342.49604973156,295.3143621517185
19415000,38830.00000699321,-51204.837981614866,298.9412762646381
19420000,38840.000006995244,-51433.70464996889,294.057654826772
19425000,38850.00000699728,-51775.12653821922,290.436834592809
19430000,38860.00000699932,-51505.77506496152,301.78227541174465
19435000,38870.000007001356,-51748.084099851054,300.209386440105
19440000,38880.00000700339,-51710.38591262649,312.1057893474928
19445000,38890.00000700543,-51488.229286968446,306.55161342797055
19450000,38900.00000700747,-51422.40673163798,302.54956507852387
19455000,38910.000007009505,-51472.317201690574,298.1198276434813
19460000,38920.00000701154,-51555.254932159936,298.78618379901314
19465000,38930.00000701358,-51170.02666631265,295.62068595800815
19470000,38940.00000701562,-51046.78345533449,302.87061264434436
19475000,38950.000007017654,-51715.56857782829,303.0168259151911
19480000,38960.00000701969,-51500.05622174722,298.6256708779138
19485000,38970.00000702173,-51236.889809800894,299.00106967864144
19490000,38980.000007023766,-51361.79599538277,304.11329020525903
19495000,38990.0000070258,-51597.76509381487,301.53606201661256
19500000,39000.00000702784,-51440.74973350423,303.00077365947715
19505000,39010.00000702988,-51323.10166019038,300.9576528436133
19510000,39020.000007031915,-51609.31250167842,299.3802801235578
19515000,39030.00000703395,-51391.21380910138,290.74426174901
19520000,39040.00000703599,-51894.96086519069,295.8758061473657
19525000,39050.00000703803,-51709.3182995666,301.49181744264394
19530000,39060.000007040064,-51617.91365841168,294.88693900156306
19535000,39070.0000070421,-51413.73040293378,302.6123544086524
19540000,39080.00000704414,-51840.65077131594,293.88355566513644
19545000,39090.000007046176,-51310.54130761203,287.5584589063746
19550000,39100.00000704821,-51468.74712042941,291.6195939254693
19555000,39110.00000705025,-51528.96349024022,305.7507228755564
19560000,39120.00000705229,-51484.111537367455,292.1248610974674
19565000,39130.000007054325,-51439.67059764583,293.8318322019117
19570000,39140.00000705636,-51640.98663146631,300.64424263691586
19575000,39150.0000070584,-51710.47958433931,301.3323770257673
19580000,39160.00000706044,-51405.02443547858,292.4520137654053
19585000,39170.000007062474,-51741.083884655585,304.81430500656217
19590000,39180.00000706451,-51515.173755743395,305.3101005852368
19595000,39190.00000706655,-51355.45909343523,301.0766209923623
19600000,39200.000007068586,-51462.97073767919,303.60971356059343
19605000,39210.00000707062,-51189.047230089694,299.42356196396105
19610000,39220.00000707266,-51374.00899926084,300.8358341160054
19615000,39230.0000070747,-51726.27824530745,294.84834976756906
19620000,39240.000007076735,-51648.83483810519,298.61161141088655
19625000,39250.00000707877,-51403.44325691837,297.75503031482197
19630000,39260.00000708081,-51491.968167717016,294.0345711276042
19635000,39270.00000708285,-51241.74588292494,288.7293029410509
19640000,39280.000007084884,-51614.38690589799,285.0609316742606
19645000,39290.00000708692,-51379.42094426844,298.56289639316776
19650000,39300.00000708896,-51417.94122928471,296.8802323882865
19655000,39310.000007090995,-51578.202983273106,293.9896731287867
19660000,39320.00000709303,-51342.35667658871,295.44376939979674
19665000,39330.00000709507,-51147.03341641472,290.9384600264734
19670000,39340.00000709711,-51645.46475627122,286.4311042398104
19675000,39350.000007099145,-51043.54734625877,295.5900317836092
19680000,39360.00000710118,-51537.45850244106,300.3711193353791
19685000,39370.00000710322,-51681.88226949464,301.80572139086917
19690000,39380.00000710526,-51633.73471827805,306.23332640218473
19695000,39390.000007107294,-51262.23761975832,298.9632490317155
19700000,39400.00000710933,-51380.01711730272,301.3682860426155
19705000,39410.00000711137,-51430.88406418398,304.4458045488306
19710000,39420.000007113405,-51386.3548799385,300.68988337339556
19715000,39430.00000711544,-51168.639539186726,288.3106357873179
19720000,39440.00000711748,-51526.786389301415,298.0002025841272
19725000,39450.00000711952,-51488.4589031903,301.57312671324337
19730000,39460.000007121555,-51639.74727180379,299.87038629201663
19735000,39470.00000712359,-51690.87221786636,304.54862576246836
19740000,39480.00000712563,-51424.79728570976,287.78691720168234
19745000,39490.000007127666,-51442.63911296055,302.11536192331045
19750000,39500.0000071297,-51359.51784874522,301.5037824595878
19755000,39510.00000713174,-51665.37803251523,298.63489212078287
19760000,39520.00000713378,-51511.107116772444,304.24282487010584
19765000,39530.000007135815,-51205.331376016664,295.4100827356654
19770000,39540.00000713785,-51531.540866558644,291.6186170688435
19775000,39550.00000713989,-51416.131853796396,293.63164902270927
19780000,39560.00000714193,-50886.99919864259,297.8609073220169
19785000,39570.000007143964,-51477.467456315644,297.87594042542906
19790000,39580.000007146,-51510.805215436296,296.25729908120695
19795000,39590.00000714804,-51466.62937255038,303.48117348240584
19800000,39600.000007150076,-51473.711756780656,292.24290273756446
19805000,39610.00000715211,-51256.45614750794,303.7754478783325
19810000,39620.00000715415,-51364.000566195435,293.796503823937
19815000,39630.00000715619,-51448.00027140038,300.1754383874253
19820000,39640.000007158225,-51353.347945231595,301.18201187977786
19825000,39650.00000716026,-51521.7460573866,292.64819662289534
19830000,39660.0000071623,-51510.99300088987,301.67987574035567
19835000,39670.00000716434,-51435.74138478929,299.1149923891473
19840000,39680.000007166374,-51502.0705909949,301.46742740885816
19845000,39690.00000716841,-51709.82402942193,311.3283874532235
19850000,39700.00000717045,-51242.484507640445,299.16260504801755
19855000,39710.000007172486,-51198.648313025886,295.46350628243033
19860000,39720.00000717452,-51453.70138471102,300.927134760166
19865000,39730.00000717656,-51062.268881630094,297.7051842169395
19870000,39740.0000071786,-51498.035601615964,299.5981121899515
19875000,39750.000007180635,-51553.26465605249,302.55436082919795
19880000,39760.00000718267,-51374.50001257466,295.1356221504608
19885000,39770.00000718471,-51539.88153313691,297.8012118634226
19890000,39780.00000718675,-51886.74466364746,293.4024479274185
19895000,39790.000007188784,-51642.39663842815,303.62935046531493
19900000,39800.00000719082,-51218.80980062502,284.85803820520556
19905000,39810.00000719286,-51295.90835433174,299.30852016790664
19910000,39820.000007194896,-51550.68123835945,293.1870360612204
19915000,39830.00000719693,-51979.4606994387,304.34974479358334
19920000,39840.00000719897,-51211.27553602736,299.5377888335354
19925000,39850.00000720101,-51665.60138026631,299.52757766205747
19930000,39860.000007203045,-51254.55033244417,288.3966801425484
19935000,39870.00000720508,-51756.669471566885,301.0732637381662
19940000,39880.00000720712,-51409.704453464336,310.98042795961425
19945000,39890.00000720916,-51627.16846646601,294.3638628448487
19950000,39900.000007211194,-51527.802408458345,295.3934977537938
19955000,39910.00000721323,-51326.483906632144,297.9291730015868
19960000,39920.00000721527,-51511.71175394417,297.01580125527863
19965000,39930.000007217306,-51606.39801476966,304.59943923891643
19970000,39940.00000721934,-51498.935542137944,309.66871830629134
19975000,39950.00000722138,-51283.26799257443,301.3769038110511
19980000,39960.00000722342,-51475.63427797254,296.40077792976314
19985000,39970.000007225455,-51586.80029168277,305.11490868137247
19990000,39980.00000722749,-51242.92557188694,296.5038411606309
19995000,39990.00000722953,-51083.06766212761,296.53030723885905
20000000,40000.00000723157,-51494.45971149334,302.1823542357269
20005000,40010.000007233604,-51245.45353793644,292.0942542596626
20010000,40020.00000723564,-51300.08648638954,302.05674666714424
20015000,40030.00000723768,-51192.53403637535,299.1415003397622
20020000,40040.000007239716,-51393.165622802655,302.37228362544124
20025000,40050.00000724175,-51445.113001555466,295.7945532563535
20030000,40060.00000724379,-51667.60943525698,298.5541399800545
20035000,40070.00000724583,-51325.82469187354,291.94962003535943
20040000,40080.000007247865,-51373.42156000214,294.01191404668464
20045000,40090.0000072499,-51144.96129511195,295.8921431938074
20050000,40100.00000725194,-51495.57809282123,299.86952465763284
20055000,40110.00000725398,-51290.9147499149,304.3076646248425
20060000,40120.000007256014,-51642.24770567959,296.49286679649106
20065000,40130.00000725805,-51423.084611025435,304.92803004781126
20070000,40140.00000726009,-51305.88100312374,290.5855460427048
20075000,40150.000007262126,-51419.632324839215,294.95524530256614
20080000,40160.00000726416,-51880.98043118513,297.1149361393575
20085000,40170.0000072662,-51867.646708649234,294.6191154289268
20090000,40180.00000726824,-51283.99605590338,301.11512959362483
20095000,40190.000007270275,-51232.192567387625,301.5330224367954
20100000,40200.00000727231,-51403.83647323391,302.586176030385
20105000,40210.00000727435,-51861.23540242619,297.7919296035518
20110000,40220.00000727639,-51033.92076085531,298.49020199324866
20115000,40230.000007278424,-51260.40505033493,297.23509247305935
20120000,40240.00000728046,-51745.03438276303,293.51581970719815
20125000,40250.0000072825,-51514.052883409924,291.51999532042356
20130000,40260.000007284536,-51293.338007503335,300.42718690959487
20135000,40270.00000728657,-51522.8720593201,294.4049565934374
20140000,40280.00000728861,-51296.80856367492,294.60464940800324
20145000,40290.00000729065,-51407.3666747463,306.81165131049113
20150000,40300.000007292685,-51305.30561178291,296.09887912194404
20155000,40310.00000729472,-51606.344028449734,298.4582612586156
20160000,40320.00000729676,-51356.20936526754,289.5290063019511
20165000,40330.0000072988,-51822.40097442322,304.2785898763991
20170000,40340.000007300834,-51350.82377709905,293.9922264041865
20175000,40350.00000730287,-51584.598320194404,301.5155077076112
20180000,40360.00000730491,-51550.788231839775,295.4472705884546
20185000,40370.000007306946,-51500.24395309453,298.3279186888778
20190000,40380.00000730898,-51442.23199923569,293.71832331464924
20195000,40390.00000731102,-50921.16876502553,302.71536216085025
20200000,40400.00000731306,-51271.9862036671,302.88243135381975
20205000,40410.000007315095,-51753.75289145936,292.15777192750426
20210000,40420.00000731713,-52019.450367899146,290.5695829871877
20215000,40430.00000731917,-51619.40567654543,300.4513783046016
20220000,40440.00000732121,-51473.92636796215,294.90264115691707
20225000,40450.000007323244,-51700.27136656505,294.88244407268263
20230000,40460.00000732528,-51248.47017153984,293.4937483712699
20235000,40470.00000732732,-51770.844496810285,293.98114001597116
20240000,40480.000007329356,-51721.269009535026,316.0847576953347
20245000,40490.00000733139,-51640.27402647541,295.2555789569325
20250000,40500.00000733343,-51570.15069508672,293.63809311385836
20255000,40510.00000733547,-51339.33185851335,298.8438336160707
20260000,40520.000007337505,-51646.6178819465,297.2495947826304
20265000,40530.00000733954,-51494.91992686849,296.57743243075817
20270000,40540.00000734158,-51592.491459571436,302.8262737282186
20275000,40550.00000734362,-51068.246825063194,298.5316122642539
20280000,40560.000007345654,-51061.718830794445,298.27671705875156
20285000,40570.00000734769,-51328.32331935677,302.58564649971476
20290000,40580.00000734973,-51417.50410186578,297.01353516202767
20295000,40590.000007351766,-51299.53209156258,291.85676287029014
20300000,40600.0000073538,-51262.57992360514,300.23661597111084
20305000,40610.00000735584,-51189.85493729732,299.09354768702593
20310000,40620.00000735788,-51554.021334114426,300.1044137982765
20315000,40630.000007359915,-51761.45841181764,301.393335210509
20320000,40640.00000736195,-51392.065198465454,301.82398940864704
20325000,40650.00000736399,-51095.398892699275,296.2331293342773
20330000,40660.00000736603,-51351.88285058545,292.3694251092573
20335000,40670.000007368064,-51191.07948491923,303.77542238956363
20340000,40680.0000073701,-51362.46485748404,294.13990692584804
20345000,40690.00000737214,-51240.56978667635,299.39145910344723
20350000,40700.000007374176,-51534.79072405925,299.46876971768154
20355000,40710.00000737621,-51814.80141281005,296.3032355815403
20360000,40720.00000737825,-51334.783491748734,292.051474220445
20365000,40730.00000738029,-51519.69149777625,300.4660549101012
20370000,40740.000007382325,-51616.995236765564,297.0937721774069
20375000,40750.00000738436,-51564.37301136422,309.47339104079623
20380000,40760.0000073864,-51508.63700871181,302.9037957491578
20385000,40770.00000738844,-51627.95681998311,300.2370241504023
20390000,40780.000007390474,-51118.20105725157,294.09934173062595
20395000,40790.00000739251,-51838.58441280466,299.9930175566862
20400000,40800.00000739455,-51066.00542079276,299.6952651557641
20405000,40810.000007396586,-51537.124677101005,294.80470789834243
20410000,40820.00000739862,-51208.31236272736,300.7056373692728
20415000,40830.00000740066,-51688.403991505504,295.78017115503013
20420000,40840.0000074027,-51556.88241567067,296.6799319260741
20425000,40850.000007404735,-51309.89304646794,303.93125513649017
20430000,40860.00000740677,-51540.91406901178,299.0207830844633
20435000,40870.00000740881,-51447.738677141315,295.1259424525051
20440000,40880.00000741085,-51408.34541492595,296.8053290540341
20445000,40890.000007412884,-51363.478510632674,300.549729991
20450000,40900.00000741492,-51587.108198883216,291.33881808944193
20455000,40910.00000741696,-51608.971580705256,301.5873568210487
20460000,40920.000007418996,-51658.68993871915,305.6070593565971
20465000,40930.00000742103,-51099.649885173625,304.57768476573443
20470000,40940.00000742307,-51641.47100213537,299.14190957027284
20475000,40950.00000742511,-51639.04803597121,304.2356814905146
20480000,40960.000007427145,-51530.59022326986,301.44323851924935
20485000,40970.00000742918,-51346.85003052303,301.05230291029073
20490000,40980.00000743122,-51428.960110695974,294.59105280758155
20495000,40990.00000743326,-51699.88530646835,297.75978228190905
20500000,41000.000007435294,-51279.08043378161,299.7179165130575
20505000,41010.00000743733,-51377.695802778704,297.11329153824033
20510000,41020.00000743937,-51376.727222025365,300.0331487290662
20515000,41030.000007441406,-51115.436233952496,300.83125125689486
20520000,41040.00000744344,-51224.89396671337,298.1462086564512
20525000,41050.00000744548,-51368.74727957876,289.64590372650576
20530000,41060.00000744752,-50995.68512695166,290.25264152098305
20535000,41070.000007449555,-51230.57791633197,299.8355816085744
20540000,41080.00000745159,-51542.02214485209,301.8773259932426
20545000,41090.00000745363,-51458.167615403654,294.08806410621537
20550000,41100.00000745567,-51441.52243671898,299.7942713816799
20555000,41110.000007457704,-51147.34424065723,304.4059271381243
20560000,41120.00000745974,-51620.736625329475,298.7795988397981
20565000,41130.00000746178,-51211.709610566206,297.5220425283822
20570000,41140.000007463816,-51594.26577801359,303.63648449107893
20575000,41150.00000746585,-51383.52682474587,294.3532562899664
20580000,41160.00000746789,-51293.15594440757,296.5313213089804
20585000,41170.00000746993,-51734.254707754735,294.5496546020688
20590000,41180.000007471965,-51617.21232987248,303.4489136126815
20595000,41190.000007474,-51087.60511330515,297.9587682230719
20600000,41200.00000747604,-51554.30136095692,298.94041628880865
20605000,41210.00000747808,-51668.11562562123,305.2074089924099
20610000,41220.000007480114,-51325.005361240124,292.5649318256896
20615000,41230.00000748215,-51842.47230563505,295.7346621539486
20620000,41240.00000748419,-51291.32158271363,300.0325811075916
20625000,41250.000007486226,-51462.129954274045,298.62834538425585
20630000,41260.00000748826,-51420.13410726492,291.5822418223771
20635000,41270.0000074903,-51638.903604884545,299.38785857174474
20640000,41280.00000749234,-51546.687184550974,306.535432565547
20645000,41290.000007494375,-51361.00884003093,303.3471463388188
20650000,41300.00000749641,-51582.89781464366,305.0816828271126
20655000,41310.00000749845,-51534.62478921586,300.6160369267419
20660000,41320.00000750049,-51236.009541659936,295.86942561122953
20665000,41330.000007502524,-51226.441609019996,304.320663272799
20670000,41340.00000750456,-51433.53796869944,301.44190218938223
20675000,41350.0000075066,-51226.797504701244,297.25405668091116
20680000,41360.000007508635,-51237.94848609727,293.67527333061514
20685000,41370.00000751067,-51806.80735315924,297.9269120971139
20690000,41380.00000751271,-51466.79032460664,305.4657837393234
20695000,41390.00000751475,-51130.26588511505,302.028921185556
20700000,41400.000007516785,-51206.07581919702,298.47816962755473
20705000,41410.00000751882,-51563.55655609723,298.4174665308706
20710000,41420.00000752086,-51147.85688730216,301.8594570169074
20715000,41430.000007522896,-51538.21695265337,301.14077334181286
20720000,41440.00000752493,-51610.89993333345,295.28622293051075
20725000,41450.00000752697,-51716.30625305491,300.7998643557279
20730000,41460.00000752901,-51274.10623186172,308.5550553989416
20735000,41470.000007531045,-51309.358382406324,294.59203570108986
20740000,41480.00000753308,-51428.80352531202,300.01395204575493
20745000,41490.00000753512,-51518.15897190632,290.4355688788886
20750000,41500.00000753716,-51526.00819219029,302.22966574793315
20755000,41510.000007539194,-51351.844122078066,300.49009491356446
20760000,41520.00000754123,-51622.15688726198,290.9809190199606
20765000,41530.00000754327,-51572.58243057103,306.3692886395023
20770000,41540.000007545306,-51781.97816380512,299.64424400733355
20775000,41550.00000754734,-51503.27225363391,304.1125551441868
20780000,41560.00000754938,-51510.59359664115,298.9962559561017
20785000,41570.00000755142,-50958.23764173931,296.7469621585198
20790000,41580.000007553455,-51579.37049701164,295.8791553552519
20795000,41590.00000755549,-51458.22221891515,306.54253413474413
20800000,41600.00000755753,-51467.69872972742,294.50377145038635
20805000,41610.00000755957,-51505.23851255086,301.0951175019644
20810000,41620.000007561604,-51326.18323930388,293.19840947445374
20815000,41630.00000756364,-51124.267854760605,291.6686896261639
20820000,41640.00000756568,-51134.56471008703,290.5071480540614
20825000,41650.000007567716,-51598.33119049549,305.10141003766427
20830000,41660.00000756975,-51883.37486415333,294.6780754458396
20835000,41670.00000757179,-51617.18277721648,301.54151795110636
20840000,41680.00000757383,-51261.03109572735,294.22122610335657
20845000,41690.000007575865,-51217.767069996684,302.08847178810714
20850000,41700.0000075779,-51480.645421869005,293.2832328174668
20855000,41710.00000757994,-51020.92708664178,291.2170396880922
20860000,41720.00000758198,-51414.86706903155,306.4588619982741
20865000,41730.000007584014,-51500.3780677114,297.10926927258635
20870000,41740.00000758605,-51679.1421775535,297.0886338310896
20875000,41750.00000758809,-51516.17123125741,293.21762823628177
20880000,41760.000007590126,-51516.9577382947,296.1147215115736
20885000,41770.00000759216,-51553.71205795687,297.0731767323871
20890000,41780.0000075942,-51388.38200493518,297.171526633148
20895000,41790.00000759624,-51487.82137751707,295.01885650958053
20900000,41800.000007598275,-51473.86401368695,294.26464332816835
20905000,41810.00000760031,-51511.37998514119,300.7351376052408
20910000,41820.00000760235,-51325.764738651604,299.317247835961
20915000,41830.00000760439,-51529.6209561062,302.0554350168603
20920000,41840.000007606424,-51710.89708591695,296.15468151014454
20925000,41850.00000760846,-51475.210934884846,300.70158992965406
20930000,41860.0000076105,-51369.02677395177,296.4171493297383
20935000,41870.000007612536,-51265.01286225216,293.4792275679683
20940000,41880.00000761457,-51509.08925811757,298.79551337771863
20945000,41890.00000761661,-51550.8305571496,291.0482925559046
20950000,41900.00000761865,-51126.45591279867,300.18574612849056
20955000,41910.000007620685,-51668.16770089022,301.08941258360994
20960000,41920.00000762272,-51582.99402654948,299.5479503486418
20965000,41930.00000762476,-51363.335364847066,302.6163163365463
20970000,41940.0000076268,-51289.2881346982,292.132719268477
20975000,41950.000007628834,-51531.58539820678,298.5451947938435
20980000,41960.00000763087,-51769.405304307875,300.62560552479044
20985000,41970.00000763291,-51387.51138539682,292.9120072385231
20990000,41980.000007634946,-51434.4869737509,302.2447248244456
20995000,41990.00000763698,-51316.779169596004,304.4137268826428
21000000,42000.00000763902,-51590.665232444415,293.4166100336546
21005000,42010.00000764106,-51355.186222158256,309.01612620928677
21010000,42020.000007643095,-51235.33017676117,295.6775291444451
21015000,42030.00000764513,-51566.725116864516,293.2688477347871
21020000,42040.00000764717,-51353.93211430879,300.2969630525694
21025000,42050.00000764921,-51203.29468678014,289.01042237992476
21030000,42060.000007651244,-51575.50012202692,316.2367826658181
21035000,42070.00000765328,-51384.50950247003,297.984215140907
21040000,42080.00000765532,-51521.95649471873,307.54590349813134
21045000,42090.000007657356,-51723.99480314908,301.0571178856949
21050000,42100.00000765939,-51803.94699948875,300.5512028495148
21055000,42110.00000766143,-51749.372843692225,302.17509514895653
21060000,42120.00000766347,-51507.816622770595,303.40767094992486
21065000,42130.000007665505,-50803.03588244677,299.62319621567394
21070000,42140.00000766754,-51694.581410922285,297.95590060015064
21075000,42150.00000766958,-51641.410488469235,301.3320672287341
21080000,42160.00000767162,-51423.208127812104,301.30984060138144
21085000,42170.000007673654,-50936.767447985854,308.537361273179
21090000,42180.00000767569,-51352.413291037316,291.7994343365257
21095000,42190.00000767773,-51503.826502959855,296.5816276324115
21100000,42200.000007679766,-51275.10733163296,301.42445255084084
21105000,42210.0000076818,-51253.90446080919,302.435244322008
21110000,42220.00000768384,-51676.57143460467,292.09349236836096
21115000,42230.00000768588,-51700.09976210192,299.10983757179105
21120000,42240.000007687915,-51635.86816836588,306.2021108435842
21125000,42250.00000768995,-51417.57985582974,294.89605350423517
21130000,42260.00000769199,-51400.386365618295,297.9369877904639
21135000,42270.00000769403,-51549.461365741416,296.4907281052617
21140000,42280.000007696064,-50869.16284264703,296.1297877461177
21145000,42290.0000076981,-51531.03926413314,293.8764575167961
21150000,42300.00000770014,-51835.79733317238,295.8986455528788
21155000,42310.000007702176,-51828.16748577749,302.2309645913688
21160000,42320.00000770421,-50920.89332219775,303.9114538993814
21165000,42330.00000770625,-51084.11385373917,300.7828754938977
21170000,42340.00000770829,-51548.443007093156,301.0963293279002
21175000,42350.000007710325,-51098.5483559166,301.12067656679767
21180000,42360.00000771236,-51562.12477606832,304.4817086749952
21185000,42370.0000077144,-50848.227574751945,299.674504570707
21190000,42380.00000771644,-51175.37168071375,298.2365928233859
21195000,42390.000007718474,-51129.627102180966,301.97014848664696
21200000,42400.00000772051,-51586.5076234563,295.42657511294954
21205000,42410.00000772255,-51716.102174512635,293.89254631949666
21210000,42420.000007724586,-51360.40871766515,301.0141531449649
21215000,42430.00000772662,-51434.81597940851,291.6804232703825
21220000,42440.00000772866,-51504.65033648454,294.81120735459496
21225000,42450.0000077307,-51187.11028739085,312.89042042014927
21230000,42460.000007732735,-51583.92312776367,304.93824410136403
21235000,42470.00000773477,-51421.21857799581,296.8683175152511
21240000,42480.00000773681,-51013.71987667165,293.5454485269808
21245000,42490.00000773885,-51449.33099925815,298.8837303026006
21250000,42500.000007740884,-51717.26865452039,295.58162158674685
21255000,42510.00000774292,-51763.208832211996,297.8327843110468
21260000,42520.00000774496,-51135.31821039494,291.6036382675216
21265000,42530.000007746996,-51740.790360967716,288.0167346841848
21270000,42540.00000774903,-51690.51235564303,293.97932627085123
21275000,42550.00000775107,-51474.97991762718,301.9746016744886
21280000,42560.00000775311,-51591.66395006396,298.29959585467066
21285000,42570.000007755145,-51644.17440147046,302.44220920423936
21290000,42580.00000775718,-51846.61482873163,299.2794551749913
21295000,42590.00000775922,-51560.485004758084,304.6675515375187
21300000,42600.00000776126,-51096.71993565431,305.08519891794646
21305000,42610.000007763294,-51729.71333181442,296.69970113430776
21310000,42620.00000776533,-51620.530090127315,302.29202566776235
21315000,42630.00000776737,-51201.479257395054,299.37173608042843
21320000,42640.000007769406,-51441.58624661958,306.50103246672484
21325000,42650.00000777144,-51509.155205233925,300.0606064883084
21330000,42660.00000777348,-51300.58172760063,304.4588204161699
21335000,42670.00000777552,-51314.93600728718,291.54427898398546
21340000,42680.000007777555,-51120.983622486005,290.3302215373433
21345000,42690.00000777959,-51501.575102717354,296.00116631253997
21350000,42700.00000778163,-51334.01217816796,302.69549973100254
21355000,42710.00000778367,-51451.002212957625,291.2728968129581
21360000,42720.000007785704,-51291.22692936071,304.0081212795705
21365000,42730.00000778774,-51383.458376483526,296.13856834148316
21370000,42740.00000778978,-51703.97440670317,302.10050425208
21375000,42750.000007791816,-51415.26718907888,302.2295577729466
21380000,42760.00000779385,-51254.59179670137,307.68749874654776
21385000,42770.00000779589,-51087.55322967435,299.46101695668636
21390000,42780.00000779793,-51584.25697313732,300.37382595582875
21395000,42790.000007799965,-51424.653556824254,297.0655694943345
21400000,42800.000007802,-51327.07423743472,297.7890348226694
21405000,42810.00000780404,-51233.531288327096,301.10457015965017
21410000,42820.00000780608,-51566.38175477536,294.4152363245644
21415000,42830.000007808114,-51337.37813238709,304.8654032145508
21420000,42840.00000781015,-51765.65437449864,299.8086945962146
21425000,42850.00000781219,-51409.09478955186,298.71084687714927
21430000,42860.000007814226,-51453.98153140576,305.3909260965296
21435000,42870.00000781626,-51927.778236803744,300.9932858529941
21440000,42880.0000078183,-51589.18988068987,299.226966266413
21445000,42890.00000782034,-51467.88180821555,314.49832994499917
21450000,42900.000007822375,-51485.52942727547,301.0072718048782
21455000,42910.00000782441,-51779.44679697906,290.71944972526575
21460000,42920.00000782645,-51197.65735106115,296.04458867730074
21465000,42930.00000782849,-51678.37267754131,294.3262017912873
21470000,42940.000007830524,-51657.1381503203,294.87492013721464
21475000,42950.00000783256,-51737.25782362296,297.5283565546442
21480000,42960.0000078346,-51551.213086168806,298.95119582847184
21485000,42970.000007836636,-51166.00819200749,307.6216432493862
21490000,42980.00000783867,-51244.280903936975,291.78731586768964
21495000,42990.00000784071,-51465.2970563361,300.42252535184
21500000,43000.00000784275,-51387.685168159485,299.94214443871164
21505000,43010.000007844785,-51599.78850188138,291.70706270849143
21510000,43020.00000784682,-51363.764142189786,294.69097665894344
21515000,43030.00000784886,-51245.67653274449,298.3767906133876
21520000,43040.0000078509,-51439.493541596545,295.7580938698061
21525000,43050.000007852934,-51437.52860969555,296.4534079557378
21530000,43060.00000785497,-51524.65170413541,298.2793516880323
21535000,43070.00000785701,-51392.46753796784,302.1585365558776
21540000,43080.000007859046,-51368.05372523781,298.25227104614135
21545000,43090.00000786108,-51174.24811464985,299.79338341557553
21550000,43100.00000786312,-51234.82473922477,302.3344755792143
21555000,43110.00000786516,-51213.99116367666,299.7220915711895
21560000,43120.000007867195,-51213.607747503935,295.7492914092955
21565000,43130.00000786923,-51886.0444676608,300.50100320444534
21570000,43140.00000787127,-51312.56151109151,299.778257873011
21575000,43150.00000787331,-51874.83183917939,286.9213088490288
21580000,43160.000007875344,-51426.08686734643,296.1182688802364
21585000,43170.00000787738,-51206.78374009242,306.6614118022944
21590000,43180.00000787942,-51514.112653371296,303.06833849948026
21595000,43190.000007881456,-51248.804298358766,296.7095314362318
21600000,43200.00000788349,-51491.141492657334,308.5837650829584
21605000,43210.00000788553,-51513.41617168771,299.5804038056657
21610000,43220.00000788757,-51727.946722907596,299.96836755564
21615000,43230.000007889605,-51615.477998225106,297.1425981339731
21620000,43240.00000789164,-51739.301494346815,296.3690581294469
21625000,43250.00000789368,-51519.4666804001,292.4242857705239
21630000,43260.00000789572,-51376.980100978224,290.5964338983962
21635000,43270.000007897754,-51255.08405364488,293.38398202870826
21640000,43280.00000789979,-51604.50443964536,301.27398716808943
21645000,43290.00000790183,-51646.65728998365,297.59229733293546
21650000,43300.000007903865,-51859.79758459193,304.9559749193071
21655000,43310.0000079059,-51414.11616238908,304.1559816779326
21660000,43320.00000790794,-51103.92125596979,295.4794276954344
21665000,43330.00000790998,-51694.26830925309,299.0578611713896
21670000,43340.000007912015,-51635.82646355999,294.70966743208925
21675000,43350.00000791405,-51515.714969923254,297.0154365376289
21680000,43360.00000791609,-51344.512004287186,307.8133781490832
21685000,43370.000007918126,-51619.07803547135,288.16937625678213
21690000,43380.00000792016,-51627.590774901095,304.5315937145511
21695000,43390.0000079222,-51509.962962881895,289.3304093594085
21700000,43400.00000792424,-51792.52266621843,298.20986235456553
21705000,43410.000007926275,-51660.96157442944,308.4248936209626
21710000,43420.00000792831,-51531.43624857103,300.7949197568322
21715000,43430.00000793035,-51454.17442396417,299.94786760580655
21720000,43440.00000793239,-51464.28268647657,303.02217795766126
21725000,43450.000007934425,-51934.05096345203,299.8591357193109
21730000,43460.00000793646,-51198.003761391185,299.36360364446284
21735000,43470.0000079385,-51460.008094660356,304.31935212609324
21740000,43480.000007940536,-51294.58563219491,289.1363706268484
21745000,43490.00000794257,-51461.937968202285,297.6039666174592
21750000,43500.00000794461,-51909.23041276005,309.0663972360309
21755000,43510.00000794665,-51644.36366324889,302.31715719669603
21760000,43520.000007948685,-51753.30523399782,299.9571417643292
21765000,43530.00000795072,-51139.23505080122,295.51815018365625
21770000,43540.00000795276,-51544.06826613462,301.38338656609943
21775000,43550.0000079548,-51252.41212820049,298.2458305370517
21780000,43560.000007956834,-51444.37345818622,295.30700624654736
21785000,43570.00000795887,-51551.270106949814,301.2145200412966
21790000,43580.00000796091,-51316.095631291566,299.50226925594205
21795000,43590.000007962946,-51555.209385847,301.3479138572675
21800000,43600.00000796498,-51682.18203489896,299.1176156105324
21805000,43610.00000796702,-51492.615842247265,291.1868588596704
21810000,43620.00000796906,-51002.67131969641,298.16365304540614
21815000,43630.000007971095,-51312.25053113673,296.6298619513271
21820000,43640.00000797313,-51293.651715961954,289.9271361617455
21825000,43650.00000797517,-51578.889578691626,299.83676504886427
21830000,43660.00000797721,-51491.13353323832,302.44133293152703
21835000,43670.000007979244,-51083.82814760797,300.5012334503192
21840000,43680.00000798128,-51684.19231100037,303.1325759472348
21845000,43690.00000798332,-51209.282995721675,296.7387693946188
21850000,43700.000007985356,-51852.925707863935,298.1996249095078
21855000,43710.00000798739,-51201.13781534755,302.3325188845218
21860000,43720.00000798943,-51551.94670029101,298.7329406155397
21865000,43730.00000799147,-51564.31826280287,291.65779618758677
21870000,43740.000007993505,-51567.066622234386,299.6803059489136
21875000,43750.00000799554,-51459.631650951225,310.678527133712
21880000,43760.00000799758,-51673.857728769304,300.23930342007714
21885000,43770.00000799962,-51432.84262559368,300.9834173143663
21890000,43780.000008001654,-51785.666986588156,306.0226305777523
21895000,43790.00000800369,-51759.388854336925,303.96831457109585
21900000,43800.00000800573,-51148.34054647351,296.46794273654143
21905000,43810.000008007766,-51498.95348959198,306.4444779583075
21910000,43820.0000080098,-51210.84252833153,297.90303991989396
21915000,43830.00000801184,-51751.468260225054,308.4716318507095
21920000,43840.00000801388,-51464.73710112332,299.55639556942566
21925000,43850.000008015915,-51199.579335298564,297.4806432096522
21930000,43860.00000801795,-51445.48570319521,291.76685243688325
21935000,43870.00000801999,-51263.001152585784,294.2033843981271
21940000,43880.00000802203,-51571.16045883563,298.23975319475755
21945000,43890.000008024064,-51169.021686749766,291.62361969667427
21950000,43900.0000080261,-51399.81052944783,291.86833800926587
21955000,43910.00000802814,-51562.73393800203,310.60394589579016
21960000,43920.000008030176,-51346.31245451659,302.0392900879828
21965000,43930.00000803221,-51364.63230723285,294.45603893056096
21970000,43940.00000803425,-51558.60116065244,298.0951491382447
21975000,43950.00000803629,-51075.39693061687,300.6256157079747
21980000,43960.000008038325,-51663.190374165366,287.96808857588496
21985000,43970.00000804036,-51372.334642076836,288.1865904431244
21990000,43980.0000080424,-51422.85581412673,295.26563017050444
21995000,43990.00000804444,-51318.86762629959,305.5350758121651
22000000,44000.000008046474,-51430.811527824524,300.9248117992303
22005000,44010.00000804851,-51279.37565640072,296.2981609907287
22010000,44020.00000805055,-51480.43822814827,303.20184569964323
22015000,44030.000008052586,-51182.723194186954,304.23798129790123
22020000,44040.00000805462,-51944.25678921951,302.2251443065072
22025000,44050.00000805666,-51547.6472551373,291.25711290280583
22030000,44060.0000080587,-51692.966514446714,297.94139037174926
22035000,44070.000008060735,-51706.552764381544,303.4497211753814
22040000,44080.00000806277,-51593.17707535304,295.15750439024976
22045000,44090.00000806481,-51567.068015656085,292.29185012599925
22050000,44100.00000806685,-51169.49769169476,294.4868649436471
22055000,44110.000008068884,-51328.9313491373,305.79025683330707
22060000,44120.00000807092,-51149.45138439321,296.96408945245594
22065000,44130.00000807296,-51406.36627410629,288.5585593155408
22070000,44140.000008074996,-51469.97390840994,300.3153735728032
22075000,44150.00000807703,-51362.981320447754,304.3634992559251
22080000,44160.00000807907,-51614.86196896338,295.53200025724493
22085000,44170.00000808111,-51436.07336173675,297.9581418482587
22090000,44180.000008083145,-51232.339597808575,298.4128005839009
22095000,44190.00000808518,-51443.10359797525,299.002926417719
22100000,44200.00000808722,-51810.13586746194,291.1397466951349
22105000,44210.00000808926,-51130.83459873058,293.0024477549826
22110000,44220.000008091294,-51612.248557905084,292.09108685651955
22115000,44230.00000809333,-51483.53676805369,297.55345937955053
22120000,44240.00000809537,-51510.397683611925,298.65717159505124
22125000,44250.000008097406,-51530.133006608725,299.9059467220096
22130000,44260.00000809944,-51418.71555293957,292.765069673076
22135000,44270.00000810148,-52035.499009516265,298.66793928371226
22140000,44280.00000810352,-51332.491815063695,309.1958217878662
22145000,44290.000008105555,-51092.53039338492,301.4110605959396
22150000,44300.00000810759,-51523.1736405814,297.9104287654799
22155000,44310.00000810963,-51615.03623556133,305.2522779191557
22160000,44320.00000811167,-51265.820679665194,301.8929796449894
22165000,44330.000008113704,-51121.26293087326,288.8197883626225
22170000,44340.00000811574,-51660.504536212655,296.3899559583335
22175000,44350.00000811778,-51070.2960875915,300.6525135659818
22180000,44360.000008119816,-51635.74321221595,295.0287063257554
22185000,44370.00000812185,-51167.85228167573,302.6183019973314
22190000,44380.00000812389,-51754.10303312779,295.6336691977522
22195000,44390.00000812593,-51406.646461900935,294.3527896889589
22200000,44400.000008127965,-51415.83557187527,298.960461378977
22205000,44410.00000813,-51379.43475128757,301.6349446461684
22210000,44420.00000813204,-51639.91905415326,300.955692928911
22215000,44430.00000813408,-51609.43252527612,292.1129928453238
22220000,44440.000008136114,-51205.41773376163,296.9140112871858
22225000,44450.00000813815,-51243.95086865575,299.683128806678
22230000,44460.00000814019,-51544.74894551415,300.93163645708063
22235000,44470.000008142226,-51350.888378430274,296.4670397381884
22240000,44480.00000814426,-51741.168958490394,298.4081084092021
22245000,44490.0000081463,-51571.8063791375,299.03206541152997
22250000,44500.00000814834,-51433.356869348354,292.88055103282466
22255000,44510.000008150375,-51327.34816092852,294.64602098895534
22260000,44520.00000815241,-51416.36652603495,300.0750625614778
22265000,44530.00000815445,-51479.009322840226,291.01297487255874
22270000,44540.00000815649,-51354.21779229792,300.176759470668
22275000,44550.000008158524,-51392.11437151258,302.69161071770037
22280000,44560.00000816056,-51107.53300219693,302.8007047000507
22285000,44570.0000081626,-51581.57745050301,298.64805097259404
22290000,44580.000008164636,-51551.533760675666,304.3569465982339
22295000,44590.00000816667,-51100.355750243325,297.7198466046415
22300000,44600.00000816871,-51387.634070194355,298.76737226788555
22305000,44610.00000817075,-51698.75304572738,297.9381301123711
22310000,44620.000008172785,-51828.29953473076,294.74955377541824
22315000,44630.00000817482,-51188.31080336997,300.72687955925505
22320000,44640.00000817686,-51540.83338565784,288.61071304380613
22325000,44650.0000081789,-51615.55254270369,302.75900707175987
22330000,44660.000008180934,-51450.213104589115,297.65768481397896
22335000,44670.00000818297,-51406.27868866117,298.4407743276556
22340000,44680.00000818501,-50948.9779827235,292.3585006933081
22345000,44690.000008187046,-51729.63903690217,294.67402665187166
22350000,44700.00000818908,-51306.668319514894,296.97764078286366
22355000,44710.00000819112,-51340.219005197025,299.7894704431402
22360000,44720.00000819316,-51602.796617788495,305.8466237937089
22365000,44730.000008195195,-51780.42538237065,297.0089855422459
22370000,44740.00000819723,-51681.77614846808,297.0392731321421
22375000,44750.00000819927,-51460.85248219757,301.23192328397437
22380000,44760.00000820131,-51295.58705043551,293.124937923479
22385000,44770.000008203344,-51523.826050316304,296.27761429216304
22390000,44780.00000820538,-51707.58204611199,304.57718311261294
22395000,44790.00000820742,-51234.46567255203,299.3730696899061
22400000,44800.000008209456,-51727.62232389202,294.00304139258634
22405000,44810.00000821149,-52141.30160375597,298.58273542978776
22410000,44820.00000821353,-51460.03971262957,296.2657912341724
22415000,44830.00000821557,-51308.96178554793,300.80747832402125
22420000,44840.000008217605,-51604.4902647773,294.32190661174155
22425000,44850.00000821964,-51490.47550173561,300.4831174251502
22430000,44860.00000822168,-51726.74972344865,296.1407689914419
22435000,44870.00000822372,-51531.33617484479,300.0125765609165
22440000,44880.000008225754,-51096.35272640159,305.77296045579703
22445000,44890.00000822779,-51122.458228353935,296.79905491778294
22450000,44900.00000822983,-51469.37265552988,302.50173623325384
22455000,44910.000008231866,-51260.647232362506,295.3340014807887
22460000,44920.0000082339,-51105.834484171006,296.12659616855194
22465000,44930.00000823594,-51489.690670874086,299.1289074141918
22470000,44940.00000823798,-51525.11135465413,300.42501083575746
22475000,44950.000008240015,-51735.07471149808,301.06489175433904
22480000,44960.00000824205,-51273.836334002204,301.73116050169835
22485000,44970.00000824409,-51108.87737495673,298.40269107743876
22490000,44980.00000824613,-51602.54628215282,306.33395904715127
22495000,44990.000008248164,-51794.76844330886,304.0158887145472
22500000,45000.0000082502,-51396.392841312685,294.41652812312105
22505000,45010.00000825224,-51807.556759558356,299.86475040796114
22510000,45020.000008254276,-51290.879533668456,302.2705035572702
22515000,45030.00000825631,-51403.00155038925,299.80345199701776
22520000,45040.00000825835,-51282.184840004105,303.15841629751367
22525000,45050.00000826039,-51484.55602516129,302.62765243856137
22530000,45060.000008262425,-51594.66381849986,296.81188647430184
22535000,45070.00000826446,-51532.62124348382,295.9941934156795
22540000,45080.0000082665,-51309.63155302452,298.37272879622134
22545000,45090.00000826854,-51711.02323468041,307.254476126905
22550000,45100.000008270574,-51570.11712627526,299.91968051512373
22555000,45110.00000827261,-51553.56006679166,304.2984097378868
22560000,45120.00000827465,-51735.37149902622,295.32367067392113
22565000,45130.000008276686,-51442.36734032474,291.31025159396034
22570000,45140.00000827872,-51574.74842330828,300.0342511668611
22575000,45150.00000828076,-51487.23387716012,302.46575978688816
22580000,45160.0000082828,-51565.86919724403,299.18225694527024
22585000,45170.000008284835,-51308.59905502712,305.0503755863459
22590000,45180.00000828687,-51422.98983728842,307.19439037254506
22595000,45190.00000828891,-51113.429593413224,303.9242537671171
22600000,45200.00000829095,-51492.25999887771,299.4462830380476
22605000,45210.000008292984,-51526.87872824553,294.9721835089718
22610000,45220.00000829502,-51554.40732957679,295.3714612166548
22615000,45230.00000829706,-51511.49199817766,298.2131206624362
22620000,45240.000008299095,-51481.498242249945,297.38160312061024
22625000,45250.00000830113,-51316.65420525937,289.2473128452134
22630000,45260.00000830317,-51157.83143659518,297.02616833391767
22635000,45270.00000830521,-51683.822990659566,303.6812293066292
22640000,45280.000008307245,-51526.00905857852,301.7052471486061
22645000,45290.00000830928,-51164.98457866424,298.89094027207716
22650000,45300.00000831132,-51328.09821033329,300.7317379948032
22655000,45310.00000831336,-51131.58418641338,294.0414399099317
22660000,45320.000008315394,-51959.741038455395,299.9831353506
22665000,45330.00000831743,-51445.3546849539,295.54500824200346
22670000,45340.00000831947,-51625.53259667178,291.23435087295354
22675000,45350.000008321505,-51712.50225788442,304.36852051653653
22680000,45360.00000832354,-51712.67298638236,295.264766596896
22685000,45370.00000832558,-51307.30244527169,289.8352218087131
22690000,45380.00000832762,-50912.631469152926,296.39895358997455
22695000,45390.000008329655,-51695.16652533991,300.75763803609016
22700000,45400.00000833169,-51948.21827244476,290.43315663654505
22705000,45410.00000833373,-51645.61577546867,297.02041224038686
22710000,45420.000008335766,-51703.48685667719,297.8104763007104
22715000,45430.0000083378,-51182.9893093188,302.44429937780035
22720000,45440.00000833984,-51530.485848387645,295.74528964408364
22725000,45450.00000834188,-51618.46107446877,305.87217257926716
22730000,45460.000008343915,-51961.120959891385,306.9066754392012
22735000,45470.00000834595,-51525.15303965556,300.4543568444154
22740000,45480.00000834799,-51366.60462480856,292.80764864155674
22745000,45490.00000835003,-51542.36311519772,300.5544250420242
22750000,45500.000008352064,-51550.53645615978,296.3756914187262
22755000,45510.0000083541,-51071.411578791856,294.8542774546654
22760000,45520.00000835614,-51823.379580974404,297.9106300105389
22765000,45530.000008358176,-51204.20986886887,298.5904832194825
22770000,45540.00000836021,-51593.8749655257,296.58186255729083
22775000,45550.00000836225,-51632.90058437298,288.8275182545674
22780000,45560.00000836429,-51348.637309239246,294.54512740508255
22785000,45570.000008366325,-51049.37797566873,307.2442468802387
22790000,45580.00000836836,-51586.09963416704,300.6692648038531
22795000,45590.0000083704,-51425.57702043315,296.1766203845114
22800000,45600.00000837244,-51102.701575988845,293.6046271352877
22805000,45610.000008374474,-51509.5622571455,293.7124236992324
22810000,45620.00000837651,-51303.50681845035,299.66283986275596
22815000,45630.00000837855,-51609.93402549479,296.2241602563602
22820000,45640.000008380586,-51806.65977538211,296.1093197252781
22825000,45650.00000838262,-51236.13940475456,295.7150209535869
22830000,45660.00000838466,-51860.60064770482,300.955110478653
22835000,45670.0000083867,-51541.97762943379,301.28465269169163
22840000,45680.000008388735,-51605.537608099665,299.7079093488928
22845000,45690.00000839077,-51494.176605191344,307.2593996600848
22850000,45700.00000839281,-51404.00950987628,303.62800594558814
22855000,45710.00000839485,-51219.18165273027,300.9755175205766
22860000,45720.000008396884,-51696.653303200175,293.1067800206339
22865000,45730.00000839892,-51476.43602233636,294.8957242478428
22870000,45740.00000840096,-51914.94285017412,296.72857678433337
22875000,45750.000008402996,-51669.00698989845,295.33965643412307
22880000,45760.00000840503,-51513.55695294848,310.4864399330595
22885000,45770.00000840707,-51680.11435865061,299.6634337423061
22890000,45780.00000840911,-50867.23828856961,295.87111028931065
22895000,45790.000008411145,-51489.935575684096,294.8063647527716
22900000,45800.00000841318,-51431.78037647068,288.9492510708604
22905000,45810.00000841522,-51528.452155744366,298.8901012610259
22910000,45820.00000841726,-51420.35290563485,301.61597264507066
22915000,45830.000008419294,-51618.127411207446,302.02268534180104
22920000,45840.00000842133,-51402.346647000115,300.1843400213754
22925000,45850.00000842337,-51309.99991959371,300.90869787033535
22930000,45860.000008425406,-51332.13702118583,305.348425540894
22935000,45870.00000842744,-51347.520395447704,298.81620116902576
22940000,45880.00000842948,-51567.920123971795,297.8326432770853
22945000,45890.00000843152,-51349.46789950528,294.27531475228807
22950000,45900.000008433555,-51386.94076513959,291.8763799495931
22955000,45910.00000843559,-51349.68535579459,300.50847041925516
22960000,45920.00000843763,-51424.540032612626,302.55317310409174
22965000,45930.00000843967,-51379.37944786783,299.8442025525878
22970000,45940.000008441704,-51605.70750865183,300.4290661538783
22975000,45950.00000844374,-51159.56675760541,295.87772585339707
22980000,45960.00000844578,-51445.838638395915,309.7886076871396
22985000,45970.000008447816,-51927.657780042384,295.2242185977513
22990000,45980.00000844985,-51287.48297752833,306.0233635433828
22995000,45990.00000845189,-51684.2616961101,302.0700242475838
23000000,46000.00000845393,-50910.85718727426,302.9464967427532
23005000,46010.000008455965,-51615.35158827287,295.4638680950097
23010000,46020.000008458,-51324.75262113713,296.5474383855521
23015000,46030.00000846004,-51223.03848998525,302.6448981281977
23020000,46040.00000846208,-51323.13918552527,296.91772557191746
23025000,46050.000008464114,-51034.791332148365,301.52449615550364
23030000,46060.00000846615,-51829.747064192925,294.9513817767376
23035000,46070.00000846819,-51446.16053652327,303.27571608444606
23040000,46080.000008470226,-51490.44235224655,307.22160354487846
23045000,46090.00000847226,-51699.56400447438,291.22088355648896
23050000,46100.0000084743,-51891.95826547494,298.40052314816467
23055000,46110.00000847634,-51669.01535134856,297.8747524513354
23060000,46120.000008478375,-51484.46916183576,307.4945890722901
23065000,46130.00000848041,-51233.44043871632,302.04183202382717
23070000,46140.00000848245,-51808.80202666813,297.1282702443574
23075000,46150.00000848449,-51612.461046551645,296.04976769560994
23080000,46160.000008486524,-51663.766601079464,303.8245825873834
23085000,46170.00000848856,-51314.42431673582,295.80705624133384
23090000,46180.0000084906,-51546.46550472907,301.3966513489318
23095000,46190.000008492636,-51770.615313314076,295.72768553928034
23100000,46200.00000849467,-51241.67553450272,297.6259471293801
23105000,46210.00000849671,-51293.99347672486,288.34711656073705
23110000,46220.00000849875,-51306.29042664834,301.85002241305716
23115000,46230.000008500785,-51182.03602011368,301.8557214581233
23120000,46240.00000850282,-51448.59607577755,297.1198413034857
23125000,46250.00000850486,-51632.41045282915,299.9867866481791
23130000,46260.0000085069,-51450.93342554878,301.4834409725796
23135000,46270.000008508934,-51443.963373409235,296.4114919590476
23140000,46280.00000851097,-51486.22527799924,295.68087173363676
23145000,46290.00000851301,-51767.460864454275,300.4380306636343
23150000,46300.000008515046,-51399.44797678775,301.0370978960428
23155000,46310.00000851708,-51392.942615969805,290.7341018943893
23160000,46320.00000851912,-51381.91824800591,303.29270503404604
23165000,46330.00000852116,-51619.256744192826,302.730876332293
23170000,46340.000008523195,-51296.61222795487,301.8770322921205
23175000,46350.00000852523,-51267.25970530257,297.2645169277852
23180000,46360.00000852727,-51251.22468139563,304.7760098455092
23185000,46370.00000852931,-51500.9973880621,295.469653125158
23190000,46380.000008531344,-51518.61008113719,288.97339079723287
23195000,46390.00000853338,-51736.912764790555,295.9598326602145
23200000,46400.00000853542,-51728.739285313524,295.03151590895897
23205000,46410.000008537456,-51573.377748439205,292.12046405350924
23210000,46420.00000853949,-51625.836930542835,301.167501411637
23215000,46430.00000854153,-51420.02160200535,295.9707777894222
23220000,46440.00000854357,-51242.89345151093,292.8087889598562
23225000,46450.000008545605,-51126.856146643084,300.60034547679186
23230000,46460.00000854764,-51536.911281565815,292.76634388453795
23235000,46470.00000854968,-51553.7730921997,303.2162711629431
23240000,46480.00000855172,-51252.78151389491,295.7932593466138
23245000,46490.000008553754,-51356.17421271239,297.3576137570864
23250000,46500.00000855579,-51641.94481562966,303.3960964048987
23255000,46510.00000855783,-51879.368406098685,300.2728748017701
23260000,46520.000008559866,-51561.8103359114,305.0075581081357
23265000,46530.0000085619,-51425.79697589605,292.70944227387696
23270000,46540.00000856394,-51645.4900324973,300.39800112214897
23275000,46550.00000856598,-51605.32898768716,292.9110068029519
23280000,46560.000008568015,-51785.2182117537,303.7111143827629
23285000,46570.00000857005,-51366.9520072173,304.8344391423626
23290000,46580.00000857209,-51446.583466027805,302.72410346430064
23295000,46590.00000857413,-51545.69767022011,306.1130034159189
23300000,46600.000008576164,-51256.39866842225,300.9792607135095
23305000,46610.0000085782,-51352.263254632184,293.1066207394602
23310000,46620.00000858024,-51565.52654115384,297.8847836841785
23315000,46630.000008582276,-51446.11600762993,300.00900068524794
23320000,46640.00000858431,-51279.14182836187,298.15990379720756
23325000,46650.00000858635,-51697.634615816,290.7879510697505
23330000,46660.00000858839,-51482.75963748223,293.5788050136464
23335000,46670.000008590425,-51384.90946187271,305.40317113479796
23340000,46680.00000859246,-51191.82565972346,310.64457536123405
23345000,46690.0000085945,-50930.15602847439,302.17221935410913
23350000,46700.00000859654,-51692.70897957549,305.04244827692384
23355000,46710.000008598574,-51929.33946790034,301.22165782897366
23360000,46720.00000860061,-51187.494172454,300.5928379051172
23365000,46730.00000860265,-51335.547933500435,300.9112496619661
23370000,46740.000008604686,-51382.35249418,294.95198546112607
23375000,46750.00000860672,-51010.79291742921,290.5911455882344
23380000,46760.00000860876,-51600.81626259198,301.86955065193337
23385000,46770.0000086108,-51416.44195550363,289.3819939265501
23390000,46780.000008612835,-51192.64075817939,304.9978504053517
23395000,46790.00000861487,-51763.32386700483,298.78266128002497
23400000,46800.00000861691,-51634.54108860192,300.59505364059675
23405000,46810.00000861895,-51623.12158054576,297.1799062757072
23410000,46820.000008620984,-51856.93205320477,304.94126815376745
23415000,46830.00000862302,-51417.60758172069,294.24563319075537
23420000,46840.00000862506,-51786.651362209785,303.51105748749194
23425000,46850.000008627096,-51665.26827857812,289.23779456507395
23430000,46860.00000862913,-51244.98655769354,292.3238596250126
23435000,46870.00000863117,-51566.05086701657,302.0685933773637
23440000,46880.00000863321,-51620.99244599225,296.18203745315793
23445000,46890.000008635245,-51448.1062502166,298.88468650603596
23450000,46900.00000863728,-51419.78652810876,301.11611771293155
23455000,46910.00000863932,-51468.065092373756,301.5834024797379
23460000,46920.00000864136,-51500.727750136924,303.51708154743454
23465000,46930.000008643394,-51638.26963057229,294.32538826092275
23470000,46940.00000864543,-51520.570052888565,291.60621861813195
23475000,46950.00000864747,-51301.21387663108,300.89026249998733
23480000,46960.000008649506,-51455.294941932894,302.2628986331552
23485000,46970.00000865154,-51083.33561586068,294.07274164616297
23490000,46980.00000865358,-51852.8846468378,295.50781856550293
23495000,46990.00000865562,-51572.46086432118,301.1638594753455
23500000,47000.000008657655,-51417.65652972332,292.43413165507354
23505000,47010.00000865969,-51045.2318805634,300.46073726365245
23510000,47020.00000866173,-51046.808351029584,296.80564957281445
23515000,47030.00000866377,-51319.982321581454,290.74758351090395
23520000,47040.000008665804,-51340.96165399501,292.3268073450343
23525000,47050.00000866784,-51711.53761511363,302.2987516635854
23530000,47060.00000866988,-51443.2302172709,290.92282003132925
23535000,47070.000008671916,-51438.028584621614,309.3364998767865
23540000,47080.00000867395,-51408.57678798915,299.71998029592896
23545000,47090.00000867599,-51236.7924337335,291.8562859918806
23550000,47100.00000867803,-51530.79479277891,302.5139936831705
23555000,47110.000008680065,-51387.925314325694,297.89552139606985
23560000,47120.0000086821,-51411.857652364066,303.19889439515316
23565000,47130.00000868414,-51803.36008026538,296.4159753048418
23570000,47140.00000868618,-51719.24060722187,302.18409362543485
23575000,47150.000008688214,-51741.296732897405,303.7418237879617
23580000,47160.00000869025,-51287.82134428987,294.00922406435365
23585000,47170.00000869229,-51588.9858652837,298.0809369589372
23590000,47180.000008694326,-51495.00778568734,296.5339122614086
23595000,47190.00000869636,-51611.589505840355,298.39520389125613
23600000,47200.0000086984,-51346.65181646656,294.59116525366744
23605000,47210.00000870044,-51502.5215934889,291.1604904139585
23610000,47220.000008702475,-51543.817035192216,302.86294028099996
23615000,47230.00000870451,-50949.70364637469,300.1980158634323
23620000,47240.00000870655,-51350.718116641656,292.32865334425406
23625000,47250.00000870859,-51213.24339198397,302.141075347962
23630000,47260.000008710624,-51320.57104502199,294.20004565500454
23635000,47270.00000871266,-51023.21612795687,303.35729038726464
23640000,47280.0000087147,-51644.38853270895,290.21900500092755
23645000,47290.000008716735,-51662.96302523551,300.19542661804735
23650000,47300.00000871877,-51593.56704147803,298.69096871852093
23655000,47310.00000872081,-51676.04098005738,296.9487526068923
23660000,47320.00000872285,-51644.14345259371,292.3360797633338
23665000,47330.000008724885,-51624.73675125098,292.7523679447558
23670000,47340.00000872692,-51566.07458809292,297.077998839898
23675000,47350.00000872896,-51519.491041103785,302.5872787219544
23680000,47360.000008730996,-51109.17194731106,297.98336186610976
23685000,47370.00000873303,-51974.57648610056,299.42415694672206
23690000,47380.00000873507,-51552.63278488527,305.3519937131785
23695000,47390.00000873711,-51319.107652682316,298.22006982974733
23700000,47400.000008739145,-51415.79414046882,290.81599862607027
23705000,47410.00000874118,-51347.26502492334,296.7590789349778
23710000,47420.00000874322,-51529.469286833424,297.32611946123814
23715000,47430.00000874526,-51586.05449300661,297.88967944406215
23720000,47440.000008747294,-51391.678814716346,301.94888970178386
23725000,47450.00000874933,-51986.09335039137,293.3514401411626
23730000,47460.00000875137,-52264.15012429346,299.58726465413224
23735000,47470.000008753406,-51050.238240465085,300.36147583041424
23740000,47480.00000875544,-51229.78616505058,296.78126971573573
23745000,47490.00000875748,-51762.70688545963,294.5056501184916
23750000,47500.00000875952,-51468.930502398434,296.2303572421489
23755000,47510.000008761555,-51487.234663272975,295.65161683332394
23760000,47520.00000876359,-51837.64067758445,296.6271912966943
23765000,47530.00000876563,-50941.23796816074,299.6683770300879
23770000,47540.00000876767,-51354.92108770198,292.9840052047156
23775000,47550.000008769704,-51472.16995426678,300.3358483387868
23780000,47560.00000877174,-51323.76024095307,293.11495921863894
23785000,47570.00000877378,-51457.9821236337,298.82388191246014
23790000,47580.000008775816,-51517.25633026377,294.4257799360877
23795000,47590.00000877785,-51264.173261375894,299.39961763805604
23800000,47600.00000877989,-51305.77121841896,300.0205230762749
23805000,47610.00000878193,-51100.68518512981,297.2295337205561
23810000,47620.000008783965,-51551.97275901746,299.45618471613056
23815000,47630.000008786,-51757.69919644686,295.76803096675604
23820000,47640.00000878804,-51106.33955167985,294.232497800164
23825000,47650.00000879008,-51269.227828062576,301.5885186310746
23830000,47660.000008792114,-51845.652123860986,297.59407152895204
23835000,47670.00000879415,-51368.03709171392,288.51759829233004
23840000,47680.00000879619,-51016.6522437768,287.22994747226807
23845000,47690.000008798226,-51704.615880455065,307.032780968884
23850000,47700.00000880026,-51549.738692049024,304.6853787832376
23855000,47710.0000088023,-51144.673150169576,303.93263728643973
23860000,47720.00000880434,-51493.74081466126,284.91690674183525
23865000,47730.000008806375,-51315.51623918698,295.99911059338785
23870000,47740.00000880841,-51169.317106968694,297.44135161785437
23875000,47750.00000881045,-51302.94166633629,287.84460890706305
23880000,47760.00000881249,-51879.436953216355,303.8526730551269
23885000,47770.000008814524,-51831.38710652618,299.21170109690064
23890000,47780.00000881656,-51289.61558682076,299.53531347722765
23895000,47790.0000088186,-51298.2781643694,306.13834207210516
23900000,47800.000008820636,-51308.977436472895,299.16926681825356
23905000,47810.00000882267,-51320.813839997136,301.18827282760986
23910000,47820.00000882471,-51535.43345757658,297.47865472483517
23915000,47830.00000882675,-51682.34311503198,304.08326645870744
23920000,47840.000008828785,-51343.49905687274,300.7037829082714
23925000,47850.00000883082,-51186.06330415254,301.71035169455166
23930000,47860.00000883286,-51372.4181994143,297.10788070252437
23935000,47870.0000088349,-51716.597065714246,309.9956580007523
23940000,47880.000008836934,-51212.75179310722,299.8740792582209
23945000,47890.00000883897,-51333.31074270801,293.6324169901394
23950000,47900.00000884101,-51361.015913203795,294.68452187099524
23955000,47910.000008843046,-51514.78541050485,292.7728802839627
23960000,47920.00000884508,-51456.31353979616,305.2623420215257
23965000,47930.00000884712,-51725.45468496444,304.3697786692029
23970000,47940.00000884916,-51524.08132501817,304.28166110190614
23975000,47950.000008851195,-51167.6635184093,296.17170276184476
23980000,47960.00000885323,-51545.764709096286,296.9812703263566
23985000,47970.00000885527,-51696.668434215506,297.32568278345155
23990000,47980.00000885731,-51664.87123906176,293.77745218181
23995000,47990.000008859344,-51328.11109015634,296.3422744384607
24000000,48000.00000886138,-51732.92170780024,302.22859201419783
24005000,48010.00000886342,-51346.625394489034,298.54868422369316
24010000,48020.000008865456,-51644.39333822965,303.522115429483
24015000,48030.00000886749,-51825.33659300339,304.30609352151
24020000,48040.00000886953,-51652.209635511186,294.4304573896467
24025000,48050.00000887157,-51430.03983774831,301.02806792173755
24030000,48060.000008873605,-51631.604691926914,290.15645238585967
24035000,48070.00000887564,-51713.78471412434,303.92762898317505
24040000,48080.00000887768,-51211.77488820744,300.0626844713885
24045000,48090.00000887972,-51855.60726375104,292.2031570156045
24050000,48100.000008881754,-51055.85342783155,302.24649534970865
24055000,48110.00000888379,-51524.32354938425,294.4136371339027
24060000,48120.00000888583,-51438.82831926629,296.86988839656084
24065000,48130.000008887866,-51642.957556997164,294.6575917967431
24070000,48140.0000088899,-51662.06210872668,289.77098917817574
24075000,48150.00000889194,-51566.782251945464,302.1117800584186
24080000,48160.00000889398,-51048.906249220396,310.0439795174801
24085000,48170.000008896015,-51386.61562461412,301.0266642298553
24090000,48180.00000889805,-51576.848047791806,301.4276495385237
24095000,48190.00000890009,-51671.305130836234,291.03234468513756
24100000,48200.00000890213,-51685.82103898504,298.2443731331996
24105000,48210.000008904164,-51760.111165577895,290.9351062390178
24110000,48220.0000089062,-51855.76332951148,297.7203322049515
24115000,48230.00000890824,-51196.148955297394,300.3831456234333
24120000,48240.000008910276,-51187.44888238673,295.7259417758492
24125000,48250.00000891231,-51119.97457168833,306.52344121553205
24130000,48260.00000891435,-51823.50866927329,303.09885661222677
24135000,48270.00000891639,-51494.51389750064,299.50166076737304
24140000,48280.000008918425,-51316.3279108438,298.3612870849459
24145000,48290.00000892046,-51668.60025053483,296.9765536601823
24150000,48300.0000089225,-51673.39854747662,291.0569514638864
24155000,48310.00000892454,-51429.01866450254,292.9508615743611
24160000,48320.000008926574,-51236.15466446476,293.35273771887194
24165000,48330.00000892861,-51421.52800671407,304.1500381729234
24170000,48340.00000893065,-51536.723426935,293.348783133638
24175000,48350.000008932686,-51463.12513761083,294.44926055771805
24180000,48360.00000893472,-51729.63704776508,298.7495954728902
24185000,48370.00000893676,-51554.489606425195,294.27708593439513
24190000,48380.0000089388,-51573.01707112187,293.76750017990366
24195000,48390.000008940835,-51451.93976776846,302.65104075630904
24200000,48400.00000894287,-51331.65735164497,301.0834944855185
24205000,48410.00000894491,-51435.42502846816,303.279934235987
24210000,48420.00000894695,-51818.21791772818,297.6605736966993
24215000,48430.000008948984,-51407.27977598761,297.2298521325825
24220000,48440.00000895102,-51549.064166854194,299.23990707081356
24225000,48450.00000895306,-51621.4547278588,305.1343625079759
24230000,48460.000008955096,-51496.981742362375,301.14075021711375
24235000,48470.00000895713,-51432.31901913177,302.08095112541804
24240000,48480.00000895917,-51136.354958907614,302.188595604636
24245000,48490.00000896121,-51357.76188238955,299.4233956786632
24250000,48500.000008963245,-51420.3395399056,292.210068135341
24255000,48510.00000896528,-51566.673083469155,303.22039490486895
24260000,48520.00000896732,-51725.97544474143,300.1366977342915
24265000,48530.00000896936,-51842.65991789216,299.2110927737662
24270000,48540.000008971394,-51155.13025820206,297.53714576068097
24275000,48550.00000897343,-51908.06683136645,291.44353035730177
24280000,48560.00000897547,-51659.572053882264,306.6760795536772
24285000,48570.000008977506,-51847.62681052572,291.4998682078478
24290000,48580.00000897954,-51302.56017515695,302.1341402632881
24295000,48590.00000898158,-51444.23672430508,295.68142380355647
24300000,48600.00000898362,-51986.240665053076,303.62433262106
24305000,48610.000008985655,-51462.19060103121,303.9854421487894
24310000,48620.00000898769,-51522.2088854287,299.37171217538724
24315000,48630.00000898973,-51766.3621138483,291.81522903913856
24320000,48640.00000899177,-51392.945552093006,297.906896083764
24325000,48650.000008993804,-51285.02003424987,294.9024800531758
24330000,48660.00000899584,-51138.211186198954,286.47578296023715
24335000,48670.00000899788,-51262.87376522721,297.3126384210758
24340000,48680.000008999916,-51363.13509560755,296.00689660356375
24345000,48690.00000900195,-51601.22689193254,295.8326144344041
24350000,48700.00000900399,-51429.32912033895,296.2067607484612
24355000,48710.00000900603,-51230.77089394786,286.23827047237467
24360000,48720.000009008065,-51525.30009113261,304.5132943461074
24365000,48730.0000090101,-51404.467442095774,303.4433552403551
24370000,48740.00000901214,-51561.27229401757,301.5821978343055
24375000,48750.00000901418,-51629.30951704315,301.91777365218655
24380000,48760.000009016214,-51133.242656459624,297.6686701174599
24385000,48770.00000901825,-51387.477564657136,295.794644256999
24390000,48780.00000902029,-51322.12426056818,304.0560853620761
24395000,48790.000009022326,-51325.11090304557,296.5794289143557
24400000,48800.00000902436,-51059.87536356924,292.3020829918717
24405000,48810.0000090264,-51706.51024291775,301.46773249977014
24410000,48820.00000902844,-51197.210480592825,299.0742393591644
24415000,48830.000009030475,-51278.53621047747,300.9936599145794
24420000,48840.00000903251,-51190.039171843324,299.2327807182597
24425000,48850.00000903455,-51654.303721529635,311.06753728013507
24430000,48860.00000903659,-50986.38404643757,298.49756559020375
24435000,48870.000009038624,-51045.89278059112,299.62522437272446
24440000,48880.00000904066,-51607.421841617295,295.96925541846923
24445000,48890.0000090427,-51579.53046423796,290.6067231402924
24450000,48900.000009044736,-51451.80827897717,302.5736766581525
24455000,48910.00000904677,-51584.20678749884,304.75740421856995
24460000,48920.00000904881,-51470.83940911433,297.0397199760123
24465000,48930.00000905085,-51775.29657878552,303.9995685994972
24470000,48940.000009052885,-51511.657697617484,295.91771432930574
24475000,48950.00000905492,-51689.45944415644,301.920270457921
24480000,48960.00000905696,-51430.490805497335,285.3947652260782
24485000,48970.000009059,-51403.47177123779,300.1986486243978
24490000,48980.000009061034,-51340.03319764399,302.23706214194283
24495000,48990.00000906307,-51102.366330957884,294.04793223465634
24500000,49000.00000906511,-51438.748499820824,299.76042469759574
24505000,49010.000009067146,-51282.60987782231,299.07507361066655
24510000,49020.00000906918,-51608.45885004435,302.1424227409507
24515000,49030.00000907122,-51750.10849716421,291.06631012856224
24520000,49040.00000907326,-51469.468821365735,301.3439759863045
24525000,49050.000009075295,-51467.45096360365,296.6683154727354
24530000,49060.00000907733,-51217.352746896504,297.43933020496627
24535000,49070.00000907937,-51559.296073009,292.37493078282574
24540000,49080.00000908141,-51918.53243009793,287.4121601515344
24545000,49090.000009083444,-51611.429182038526,300.3194056159037
24550000,49100.00000908548,-51446.71374710917,301.0418271138498
24555000,49110.00000908752,-51416.914367574675,299.79895830602135
24560000,49120.000009089556,-51059.529403290275,301.41295828607764
24565000,49130.00000909159,-51593.10291543056,299.43013670944896
24570000,49140.00000909363,-52003.350149055215,297.6662366466567
24575000,49150.00000909567,-51460.82079765209,288.11728773238434
24580000,49160.000009097705,-51526.06598730816,298.97200107348345
24585000,49170.00000909974,-51319.230087426666,302.19237238902696
24590000,49180.00000910178,-51743.80923795875,295.3812416101571
24595000,49190.00000910382,-51761.70506181187,293.3553264564022
24600000,49200.000009105854,-51458.161284467584,301.442143897792
24605000,49210.00000910789,-51192.61677259195,297.7253685154362
24610000,49220.00000910993,-51915.53343546446,298.17239893640266
24615000,49230.000009111965,-51678.932667798246,296.97486900425577
24620000,49240.000009114,-51582.79293395663,301.71228194536604
24625000,49250.00000911604,-51645.19769667674,303.0143115937924
24630000,49260.00000911808,-51488.302287374245,307.6012228597335
24635000,49270.000009120115,-51113.81315209367,298.72783223339485
24640000,49280.00000912215,-51589.370768621244,299.34127521935864
24645000,49290.00000912419,-51019.24100744579,299.6130245224947
24650000,49300.000009126226,-51525.3686038593,300.3084155958939
24655000,49310.00000912826,-51410.70629876468,300.86059872072514
24660000,49320.0000091303,-51607.711082847265,295.12530838479245
24665000,49330.00000913234,-51409.11341614157,297.9372451985448
24670000,49340.000009134375,-51507.84958053086,304.04200855579853
24675000,49350.00000913641,-51559.53852717916,300.82865666804895
24680000,49360.00000913845,-51790.7429610065,298.02223026043544
24685000,49370.00000914049,-51313.21812417102,299.00991412104685
24690000,49380.000009142525,-51249.26360874795,312.134272946409
24695000,49390.00000914456,-51444.27459228216,295.46941564366233
24700000,49400.0000091466,-51509.3333107059,300.13333020801906
24705000,49410.000009148636,-51205.280467311764,295.1844813003577
24710000,49420.00000915067,-51083.9300509911,299.84097435408785
24715000,49430.00000915271,-51789.56846128026,299.1527583868196
24720000,49440.00000915475,-51344.1697627026,300.1388022404422
24725000,49450.000009156785,-51782.2782587719,294.53517265313826
24730000,49460.00000915882,-51962.70245363013,294.007538215071
24735000,49470.00000916086,-51170.458345187304,295.8670577108322
24740000,49480.0000091629,-51129.31048551231,294.586477077773
24745000,49490.000009164934,-51755.8558483354,298.69534757472354
24750000,49500.00000916697,-51512.80434411112,296.1341978693815
24755000,49510.00000916901,-51245.164924838085,302.4021165045594
24760000,49520.000009171046,-51312.984925485565,303.525896776279
24765000,49530.00000917308,-51400.24818275191,295.7255622950429
24770000,49540.00000917512,-51525.551838490006,295.16936499943506
24775000,49550.00000917716,-51721.49642280591,305.6823767541719
24780000,49560.000009179195,-51526.86448381108,299.6689079379814
24785000,49570.00000918123,-51663.24323300342,302.48701714424544
24790000,49580.00000918327,-51714.88948740848,296.0176571165078
24795000,49590.00000918531,-51155.75607118069,295.54440265130586
24800000,49600.000009187344,-51315.87321275417,302.20861762613094
24805000,49610.00000918938,-51567.226500979246,297.51184235696627
24810000,49620.00000919142,-51791.80010087436,295.43064068987127
24815000,49630.000009193456,-51605.641983440175,299.92454826611385
24820000,49640.00000919549,-51675.166127410484,304.57124735976817
24825000,49650.00000919753,-51535.58766370686,295.6743809657709
24830000,49660.00000919957,-51404.63231674064,304.4781005296196
24835000,49670.000009201605,-51759.17165339965,302.86823209603784
24840000,49680.00000920364,-51595.74139499571,292.3767423984963
24845000,49690.00000920568,-51905.68766506648,302.7147216575656
24850000,49700.00000920772,-51305.697160280426,302.82049852028655
24855000,49710.000009209754,-51674.53224474529,299.8552043729391
24860000,49720.00000921179,-51493.12863512608,300.1129573650007
24865000,49730.00000921383,-51150.943075786374,302.42010717826236
24870000,49740.000009215866,-51754.305111049325,295.6313418972397
24875000,49750.0000092179,-51370.55297229439,297.1025525018586
24880000,49760.00000921994,-51166.1668357196,310.65505621522624
24885000,49770.00000922198,-52049.82192596595,301.0387848664433
24890000,49780.000009224015,-51474.10213919199,301.09622581284066
24895000,49790.00000922605,-51652.5730794401,304.7588559884241
24900000,49800.00000922809,-51260.940146629815,291.71615527884524
24905000,49810.00000923013,-51581.40507156079,298.55375949837713
24910000,49820.000009232164,-51483.755154615035,300.4391379970804
24915000,49830.0000092342,-51338.10947345226,296.6677894327572
24920000,49840.00000923624,-51555.32940207,294.30697860971463
24925000,49850.000009238276,-51090.43029171636,294.8150617746219
24930000,49860.00000924031,-51215.40800002875,303.0967001984266
24935000,49870.00000924235,-51521.9655369806,299.60419805355224
24940000,49880.00000924439,-51004.01097040568,292.8634706439261
24945000,49890.000009246425,-51260.415340599866,298.20614446944336
24950000,49900.00000924846,-51579.71388933275,298.2152414803884
24955000,49910.0000092505,-51801.56111485881,300.4210846817592
24960000,49920.00000925254,-51729.22261849226,299.2890519012268
24965000,49930.000009254574,-51339.96599454057,295.529613508519
24970000,49940.00000925661,-51734.103182782856,295.48569929173175
24975000,49950.00000925865,-51438.37160858631,297.72780780308705
24980000,49960.000009260686,-51575.469455801416,301.17569722326243
24985000,49970.00000926272,-51382.103084373,303.262577323958
24990000,49980.00000926476,-51213.50311053335,296.68317397441893
24995000,49990.0000092668,-51218.88164282311,297.516942986847
25000000,50000.000009268835,-51606.84446133283,298.50719012061774
