#"Step","Time (ps)","Potential Energy (kJ/mole)","Temperature (K)"
5000,10.000000000000009,-52564.88049214857,299.09031274582503
10000,19.999999999999794,-52809.109921286814,298.4678299111969
15000,29.99999999999425,-53055.66734092499,296.9789978113444
20000,40.00000000000292,-52720.48247948394,305.43901690763073
25000,50.00000000001514,-52994.85267722412,294.8459262017152
30000,60.00000000002736,-52889.59767366323,304.20014061139784
35000,70.00000000001826,-52899.25651215375,301.71263371627447
40000,79.99999999999496,-52999.72563546139,301.2619857858752
45000,89.99999999997165,-53203.959307728335,293.72221303346413
50000,99.99999999994834,-52659.44306610848,304.01594472619405
55000,109.99999999992504,-52796.72783184788,301.3045916007352
60000,119.99999999990173,-53010.891103947855,295.1855878321278
65000,129.99999999989262,-52902.74350532581,297.910436681466
70000,139.99999999994037,-53102.986656662106,296.863182584129
75000,149.99999999998812,-52808.537852899724,307.3100398774981
80000,160.00000000003587,-52952.66524118793,298.6049791299425
85000,170.00000000008362,-52868.347808110004,303.45155279655154
90000,180.00000000013137,-52922.614281120914,300.62559789116557
95000,190.0000000001791,-53275.76130620469,305.88252695042684
100000,200.00000000022686,-52946.40139611426,293.8967382306438
105000,210.0000000002746,-53073.11402424873,286.9503728844716
110000,220.00000000032236,-52714.9838926291,288.09462091732723
115000,230.0000000003701,-53049.80644837962,297.0948888413449
120000,240.00000000041786,-52958.28967666658,295.98098906310713
125000,250.0000000004656,-52955.60661179671,299.66215149908123
130000,260.00000000051335,-52742.58146957474,295.91521393265054
135000,270.0000000005611,-53044.54075372478,287.6333156458412
140000,280.00000000060885,-52963.23042200814,297.8825043704174
145000,290.0000000006566,-52428.26407932717,301.6113845979309
150000,300.00000000070435,-53133.99347319733,298.44874379440023
155000,310.0000000007521,-52632.12577663196,297.53559177080894
160000,320.00000000079984,-52967.027033525635,308.0624916390855
165000,330.0000000008476,-53027.78314562171,296.81712262492385
170000,340.00000000089534,-52757.78088705949,305.7928343489566
175000,350.0000000009431,-52834.73053809506,295.29428093016486
180000,360.00000000099084,-53140.74723945139,304.9355908729557
185000,370.0000000010386,-52918.54634042052,301.15192326164964
190000,380.00000000108633,-53274.27336262056,296.34256137209496
195000,390.0000000011341,-53122.09211228439,301.4234110795904
200000,400.00000000118183,-52631.041006304935,300.4392968013178
205000,410.0000000012296,-52886.74458255572,298.8778316817185
210000,420.00000000127733,-52949.9438813726,296.7429467879785
215000,430.0000000013251,-52990.40886903991,300.99726595704476
220000,440.0000000013728,-52977.5798431423,298.75937771768486
225000,450.0000000014206,-53212.24885300215,305.3819069521602
230000,460.0000000014683,-53017.36883942288,296.8464198299972
235000,470.00000000151607,-52534.98224793738,296.9769114597128
240000,480.0000000015638,-52712.539361084346,304.38221233917506
245000,490.00000000161157,-53069.50879764589,297.7794211331104
250000,500.0000000016593,-53451.68634297955,304.671206402261
255000,510.00000000170706,-53197.71995572187,302.4660550450347
260000,520.0000000015274,-52857.16350615834,300.02236872281975
265000,530.0000000012909,-53217.9533107302,295.23545341083144
270000,540.0000000010544,-52937.89261765126,303.1957144784206
275000,550.000000000818,-53117.67848147475,297.0304338622972
280000,560.0000000005815,-53001.58968884262,296.4026793139884
285000,570.000000000345,-52926.95924342048,292.4194874135394
290000,580.0000000001086,-53007.51810077316,300.92440370172005
295000,589.9999999998721,-52996.5104828091,301.56300354604394
300000,599.9999999996356,-52750.8954621779,298.2227021997907
305000,609.9999999993992,-53243.67494250761,301.00615817517394
310000,619.9999999991627,-53377.85213644421,300.17325265610975
315000,629.9999999989262,-52995.448943273106,293.8932714473119
320000,639.9999999986898,-53298.60842606964,298.7954922530465
325000,649.9999999984533,-53040.29681451846,306.22810993651626
330000,659.9999999982168,-53069.94632811326,298.50843724515744
335000,669.9999999979804,-53050.0340652297,295.13034586104794
340000,679.9999999977439,-53314.03409831316,297.6786405735498
345000,689.9999999975074,-52994.631744137994,293.56404482711184
350000,699.999999997271,-52679.965145405615,300.11700949788394
355000,709.9999999970345,-52832.89894126254,298.9275891256504
360000,719.999999996798,-53142.36640590147,306.19776630754683
365000,729.9999999965615,-53020.150653222285,299.3758807057032
370000,739.9999999963251,-53059.82669884525,301.1342887861491
375000,749.9999999960886,-52905.022647310805,306.1788246765491
380000,759.9999999958521,-52980.409197001776,298.6768569988593
385000,769.9999999956157,-52914.770027968945,294.94049862887687
390000,779.9999999953792,-52908.395038752584,294.6081069626251
395000,789.9999999951427,-52826.32257307606,301.42283293007955
400000,799.9999999949063,-52733.55983317815,299.78446367869265
405000,809.9999999946698,-53027.4974637994,305.33249777750063
410000,819.9999999944333,-53061.62596748138,291.5122578001652
415000,829.9999999941969,-53119.44080633181,298.57678342491437
420000,839.9999999939604,-52717.34978669521,301.0217975323545
425000,849.9999999937239,-52988.29318421928,296.6349612722847
430000,859.9999999934874,-53106.63962891523,296.99333081351693
435000,869.999999993251,-52735.4672569228,288.3106398233529
440000,879.9999999930145,-52696.79879889748,294.19031470010015
445000,889.999999992778,-52909.44864728543,300.0262419659018
450000,899.9999999925416,-52973.86288235805,296.029362270251
455000,909.9999999923051,-53196.537961596245,295.2454925378718
460000,919.9999999920686,-52762.14936446329,299.4820666471663
465000,929.9999999918322,-53200.6255739558,297.8295705877208
470000,939.9999999915957,-53121.59854082574,288.72204745454974
475000,949.9999999913592,-52435.93906581207,299.4347764221073
480000,959.9999999911228,-52592.86524337312,296.5722069911962
485000,969.9999999908863,-52951.44497207267,302.0919041652861
490000,979.9999999906498,-52889.47279046656,303.06054649064384
495000,989.9999999904134,-52750.03040651322,296.2879651636614
500000,999.9999999901769,-52908.41262996814,299.3160374274491
505000,1009.9999999899404,-53008.64809700774,296.69629026744747
510000,1019.999999989704,-52635.366457716504,312.9078268007005
515000,1029.9999999894676,-52515.980096768326,295.070137675666
520000,1039.9999999892311,-52985.42146987439,298.1971258063064
525000,1049.9999999889947,-53046.52890528258,294.18379795165924
530000,1059.9999999887582,-53069.4662404572,299.5818377881706
535000,1069.9999999885217,-52909.6763189788,297.1463463060466
540000,1079.9999999882853,-53209.924180406524,295.6193663001982
545000,1089.9999999880488,-53200.66560623323,296.2977916611771
550000,1099.9999999878123,-52392.872116750106,287.7122669822247
555000,1109.9999999875758,-52914.71636296765,291.7751934120328
560000,1119.9999999873394,-52979.85806672351,302.9603511222032
565000,1129.999999987103,-52523.71162271884,309.6513165447971
570000,1139.9999999868664,-52835.035181772895,292.91982017932025
575000,1149.99999998663,-52805.68146675077,302.6331595700223
580000,1159.9999999863935,-52714.843446583196,287.8710206058415
585000,1169.999999986157,-52479.488796349644,300.0201614594285
590000,1179.9999999859206,-52928.61164199028,303.7992470070986
595000,1189.999999985684,-52703.900345250295,308.382439601996
600000,1199.9999999854476,-52851.36608355882,307.4583587891972
605000,1209.9999999852112,-52900.715579725074,289.3212765010689
610000,1219.9999999849747,-53449.15662708611,300.7250235896705
615000,1229.9999999847382,-53062.820706470666,299.7424499842886
620000,1239.9999999845018,-52854.01865075156,289.2227527745608
625000,1249.9999999842653,-52982.45885405262,290.9660826716953
630000,1259.9999999840288,-52875.79599773849,297.62347487190283
635000,1269.9999999837923,-53075.64194992988,300.1520203770114
640000,1279.9999999835559,-52984.321328092105,297.3559811478901
645000,1289.9999999833194,-53220.449045239424,294.24393073874757
650000,1299.999999983083,-52817.37481128363,295.9150251020977
655000,1309.9999999828465,-53080.923435886914,292.35331265308076
660000,1319.99999998261,-52929.151275901706,291.4235608778614
665000,1329.9999999823735,-52425.604583685985,292.56366324019046
670000,1339.999999982137,-52836.34571835378,304.1236344269961
675000,1349.9999999819006,-52911.69232907143,297.9933915138369
680000,1359.9999999816641,-52996.53126906787,300.322700379073
685000,1369.9999999814277,-53008.757479539956,293.97193576116877
690000,1379.9999999811912,-53102.46901404101,298.92339922899384
695000,1389.9999999809547,-53047.92176389988,297.95974651825577
700000,1399.9999999807183,-52980.20580004025,301.1165090716462
705000,1409.9999999804818,-52857.90276483627,301.62005606466977
710000,1419.9999999802453,-53041.56591682776,289.74275075636405
715000,1429.9999999800089,-52785.741532275715,296.2698400399705
720000,1439.9999999797724,-52751.447994142305,301.9332595712428
725000,1449.999999979536,-52791.095857228094,305.4890534493517
730000,1459.9999999792994,-52387.90748082692,300.01638841001613
735000,1469.999999979063,-53257.85517174337,299.82626242367223
740000,1479.9999999788265,-52888.17845651449,290.5349401306103
745000,1489.99999997859,-53258.59830304532,297.74898567803785
750000,1499.9999999783536,-52920.580554467335,294.92879788568
755000,1509.999999978117,-52825.57011346836,300.53675691746207
760000,1519.9999999778806,-52953.369363954465,299.0032968931402
765000,1529.9999999776442,-52904.70676040155,303.9394636243673
770000,1539.9999999774077,-52924.1233378748,295.703693021928
775000,1549.9999999771712,-52665.7456588214,296.62859422767553
780000,1559.9999999769348,-52850.58499454078,304.9633631809984
785000,1569.9999999766983,-53239.63582831487,303.28431740189336
790000,1579.9999999764618,-52848.75476108657,302.5644358773384
795000,1589.9999999762254,-52872.15922092984,301.54280359818216
800000,1599.9999999759889,-52793.84639874584,297.8891115643231
805000,1609.9999999757524,-52816.90965160457,298.82672319858824
810000,1619.999999975516,-52265.286572104815,296.3051000664999
815000,1629.9999999752795,-52751.04240033217,293.30452983314154
820000,1639.999999975043,-52902.66509398,293.771980817322
825000,1649.9999999748065,-53153.30606347666,303.25749503980137
830000,1659.99999997457,-52713.364896610205,300.67295786991053
835000,1669.9999999743336,-52590.197501952585,294.6640210010146
840000,1679.9999999740971,-52939.851827694394,303.05676154398975
845000,1689.9999999738607,-53044.21685408079,305.3733262635349
850000,1699.9999999736242,-53123.11756262119,298.88359774261477
855000,1709.9999999733877,-53012.85107088974,296.43364682201286
860000,1719.9999999731513,-52931.703263627394,301.26059499998456
865000,1729.9999999729148,-52773.381459238444,290.70318965941055
870000,1739.9999999726783,-52928.641239035904,295.6144214022756
875000,1749.9999999724419,-53008.96220023939,298.5718892855491
880000,1759.9999999722054,-52784.68240620676,296.95669491063376
885000,1769.999999971969,-52686.356849038275,295.95162099570786
890000,1779.9999999717324,-52882.14611653992,301.77833002386444
895000,1789.999999971496,-52942.47648061556,302.6583165610085
900000,1799.9999999712595,-52602.37893555162,297.97828474118484
905000,1809.999999971023,-53240.21940996923,300.0774770663663
910000,1819.9999999707866,-53086.8675889537,299.07773487481575
915000,1829.99999997055,-53074.978900220915,310.00860926438145
920000,1839.9999999703136,-52944.3953270574,290.68236422808957
925000,1849.9999999700772,-53183.326418779005,299.5345261168951
930000,1859.9999999698407,-52774.20452953424,305.44847034892734
935000,1869.9999999696042,-53176.7300507256,298.0741316136263
940000,1879.9999999693678,-52795.314688287675,295.603751432645
945000,1889.9999999691313,-52769.95416932969,303.0195052763437
950000,1899.9999999688948,-53075.32130709046,294.87597646082213
955000,1909.9999999686584,-52749.44281761447,302.10791824103444
960000,1919.999999968422,-52624.35437308828,306.92678556982054
965000,1929.9999999681854,-53279.5610505892,296.19416660959547
970000,1939.999999967949,-52708.71074765062,299.91258137307113
975000,1949.9999999677125,-52775.1162276518,293.5507676524995
980000,1959.999999967476,-52972.67140555219,302.86467659361006
985000,1969.9999999672395,-52937.20035607583,298.52645072127507
990000,1979.999999967003,-53111.47249170652,289.37168506630763
995000,1989.9999999667666,-53279.24970515433,297.5911748011423
1000000,1999.9999999665301,-53028.585760357644,300.7681699866015
1005000,2009.9999999662937,-53018.257174736646,296.8787741802294
1010000,2019.9999999660572,-52678.61452252377,297.95164164150816
1015000,2029.9999999658207,-52700.34160593341,296.7981281392553
1020000,2039.9999999655843,-52941.766853974,304.0369622058993
1025000,2049.999999965348,-52781.09024731757,303.1121708077204
1030000,2059.9999999651113,-53215.84116559071,302.8695223606022
1035000,2069.999999964875,-52992.27320368617,301.15754273095945
1040000,2079.9999999646384,-53062.237613397505,301.2222803675372
1045000,2089.999999964402,-52862.483192293,302.0122268417847
1050000,2099.9999999641655,-52651.429735166195,305.56579400026374
1055000,2109.999999963929,-52685.895908460574,300.9805504088336
1060000,2119.9999999636925,-52734.036668733606,300.68620160307546
1065000,2129.999999963456,-53346.74134730318,300.0866570410133
1070000,2139.9999999632196,-53082.198474073695,308.5533196162727
1075000,2149.999999962983,-52595.99540903192,303.32207033947424
1080000,2159.9999999627466,-52788.886401740136,299.1203848933285
1085000,2169.99999996251,-53122.31891852277,306.4502366079349
1090000,2179.9999999622737,-52566.52687338626,299.12538803535097
1095000,2189.9999999620372,-53116.58137633311,292.3426641433248
1100000,2199.9999999618008,-52295.312800642656,291.7536531649456
1105000,2209.9999999615643,-52931.33285794471,305.1898274250935
1110000,2219.999999961328,-52647.78215301648,299.14935234843654
1115000,2229.9999999610914,-52771.25380367285,301.74262812107094
1120000,2239.999999960855,-52995.28893989962,301.9154277892257
1125000,2249.9999999606184,-52523.12438395785,297.63582453686735
1130000,2259.999999960382,-52701.28620400783,304.78785135476403
1135000,2269.9999999601455,-52626.864530526334,295.9004698488649
1140000,2279.999999959909,-52804.56736389996,293.360456040134
1145000,2289.9999999596726,-53132.80054055955,297.9577845688501
1150000,2299.999999959436,-52650.798953259015,301.31994070089814
1155000,2309.9999999591996,-53195.931034426816,301.08766622599904
1160000,2319.999999958963,-52669.8892749995,294.0156871928451
1165000,2329.9999999587267,-52779.33126595378,305.73841904076977
1170000,2339.99999995849,-52836.108142982004,302.65529774329013
1175000,2349.9999999582537,-52889.553296054306,305.22479560985846
1180000,2359.9999999580173,-53273.41306301049,295.80990905095086
1185000,2369.999999957781,-52798.203888790886,299.5803374193937
1190000,2379.9999999575443,-52960.87134627922,307.7772808507898
1195000,2389.999999957308,-53118.08509688979,295.5490099359691
1200000,2399.9999999570714,-53008.11096315304,294.5616893381247
1205000,2409.999999956835,-52837.40795946168,290.9809850145062
1210000,2419.9999999565985,-53116.136005806475,293.1867634917623
1215000,2429.999999956362,-53070.14069763763,298.5527060148569
1220000,2439.9999999561255,-52898.70958710209,302.7565682293247
1225000,2449.999999955889,-52957.82719579138,294.62648722498824
1230000,2459.9999999556526,-52747.91671438477,297.5041989970773
1235000,2469.999999955416,-52671.7735766565,299.3980459928597
1240000,2479.9999999551796,-52825.53963586359,300.98052795772054
1245000,2489.999999954943,-52755.47290423146,299.8323126578363
1250000,2499.9999999547067,-53216.29081208387,294.8305088040587
1255000,2509.9999999544702,-52569.71144270545,308.9766783651568
1260000,2519.9999999542338,-52937.063115569414,291.9714993840579
1265000,2529.9999999539973,-53078.39777900546,298.9956648777344
1270000,2539.999999953761,-53184.3540771188,295.06081649933384
1275000,2549.9999999535244,-52852.637141966086,292.47539127545974
1280000,2559.999999953288,-52737.04526306418,291.1274745240507
1285000,2569.9999999530514,-52971.16092631567,301.23389401229997
1290000,2579.999999952815,-53222.48895492294,299.41460750636145
1295000,2589.9999999525785,-52953.60437257981,301.6249270949645
1300000,2599.999999952342,-53083.41151530109,310.19490051233015
1305000,2609.9999999521056,-53001.20951603455,298.7167033848931
1310000,2619.999999951869,-52643.790592865145,292.2578549821111
1315000,2629.9999999516326,-53143.49786864902,300.97334654059273
1320000,2639.999999951396,-52855.90174126142,295.19020283087053
1325000,2649.9999999511597,-52604.66410088542,301.46578536856623
1330000,2659.999999950923,-52802.90338280535,299.82310046730544
1335000,2669.9999999506867,-53038.18647531507,301.24899381064563
1340000,2679.9999999504503,-53187.60058882646,302.07561691472324
1345000,2689.999999950214,-52670.706242676126,302.9169167179522
1350000,2699.9999999499773,-52926.33665588897,296.1778782412451
1355000,2709.999999949741,-52810.78161157697,299.8992092392619
1360000,2719.9999999495044,-52817.219860810816,302.0308643385014
1365000,2729.999999949268,-53081.31382604866,296.99718236284133
1370000,2739.9999999490315,-52570.83698164532,300.5679950365241
1375000,2749.999999948795,-52548.82731486007,300.04312294864053
1380000,2759.9999999485585,-52434.291351315536,296.37314710069904
1385000,2769.999999948322,-52934.55608929234,303.29067915107004
1390000,2779.9999999480856,-52710.672068146116,296.68669205973646
1395000,2789.999999947849,-52915.823425616865,304.2280645545886
1400000,2799.9999999476127,-52761.03589920135,294.255027413398
1405000,2809.999999947376,-53219.74775461355,295.93931675603807
1410000,2819.9999999471397,-52921.99842403631,294.93814389521623
1415000,2829.9999999469032,-52951.58571204438,297.912255217377
1420000,2839.999999946667,-53233.839980535064,293.0670720294691
1425000,2849.9999999464303,-52873.27105122039,287.8769984553201
1430000,2859.999999946194,-52755.27259301863,299.0878787908036
1435000,2869.9999999459574,-52968.20066073022,297.08239080637816
1440000,2879.999999945721,-53095.30125375325,299.8509574191596
1445000,2889.9999999454844,-52840.2045636508,300.02394738466694
1450000,2899.999999945248,-53313.95354980981,304.8782240464472
1455000,2909.9999999450115,-53066.39812957868,298.14814854174733
1460000,2919.999999944775,-52921.89720491922,299.481082687553
1465000,2929.9999999445386,-52674.231283094035,303.1931432231856
1470000,2939.999999944302,-53043.262297519395,307.17293534740867
1475000,2949.9999999440656,-53037.117136145185,290.44619442020144
1480000,2959.999999943829,-52912.90764270944,294.6946112171684
1485000,2969.9999999435927,-52585.19373926669,301.96288324943356
1490000,2979.999999943356,-52962.637704251654,302.80577811966305
1495000,2989.9999999431197,-52838.83987864194,299.6585862349425
1500000,2999.9999999428833,-52781.93233207939,301.41775492813224
1505000,3009.999999942647,-52847.41857623297,300.80779815042814
1510000,3019.9999999424103,-52418.562033715745,303.9221148079369
1515000,3029.999999942174,-52759.18334316957,294.4713343157024
1520000,3039.9999999419374,-52712.964136281196,299.4954807349653
1525000,3049.999999941701,-53061.01912861681,300.3446333462201
1530000,3059.9999999414645,-53231.730362354196,303.068158832899
1535000,3069.999999941228,-52893.09574859825,300.1721864958573
1540000,3079.9999999409915,-52924.999561745964,308.47239858964156
1545000,3089.999999940755,-52893.004967463785,296.20321808585254
1550000,3099.9999999405186,-53039.5877182539,300.5246412805556
1555000,3109.999999940282,-52395.16322300237,297.6386353976214
1560000,3119.9999999400457,-52656.39620765217,305.88834017798075
1565000,3129.999999939809,-52755.44808272843,292.8054592325539
1570000,3139.9999999395727,-52423.022423810995,294.7396994578135
1575000,3149.9999999393362,-52964.10244152293,303.2148270039185
1580000,3159.9999999391,-52770.0728829414,294.1070389201533
1585000,3169.9999999388633,-53137.04098116557,294.0308276292161
1590000,3179.999999938627,-53052.94311140067,299.88087121779824
1595000,3189.9999999383904,-52811.527861185226,302.9277615473129
1600000,3199.999999938154,-52964.663000514,295.9648502346425
1605000,3209.9999999379174,-52822.997461381805,293.28159501255277
1610000,3219.999999937681,-52689.17991892347,290.06634727412626
1615000,3229.9999999374445,-52946.55601445009,298.0822976454591
1620000,3239.999999937208,-53188.73945039831,306.2274365551511
1625000,3249.9999999369716,-52873.297384891426,291.08072336067823
1630000,3259.999999936735,-52889.72761958765,299.7650634111192
1635000,3269.9999999364986,-52906.280114587775,295.98537180014944
1640000,3279.999999936262,-53337.285631530656,297.1280591221755
1645000,3289.9999999360257,-52639.441093462054,304.6964463621626
1650000,3299.999999935789,-52918.602905826905,304.356111314538
1655000,3309.9999999355528,-52710.39422878262,300.42459262018593
1660000,3319.9999999353163,-52871.10171157698,297.05525354849203
1665000,3329.99999993508,-52765.403184561554,296.42718507353135
1670000,3339.9999999348433,-53297.425274785026,293.9009011309129
1675000,3349.999999934607,-52872.181784488086,295.13187258432475
1680000,3359.9999999343704,-52777.89203022892,304.77614809054734
1685000,3369.999999934134,-53160.72821432917,300.40708788785355
1690000,3379.9999999338975,-52761.692823916615,289.83058796336184
1695000,3389.999999933661,-52548.0950097545,304.0423393178176
1700000,3399.9999999334245,-52811.13347570985,302.5685750566947
1705000,3409.999999933188,-52666.173306196084,298.05523176252797
1710000,3419.9999999329516,-53018.97557118427,298.71152239886777
1715000,3429.999999932715,-52749.736300273566,300.54792202199224
1720000,3439.9999999324787,-52870.841811763035,299.01161282033996
1725000,3449.999999932242,-53093.93387386197,302.745553649254
1730000,3459.9999999320057,-52682.39109883312,309.9780575294957
1735000,3469.9999999317693,-52775.07725250698,290.89217918532677
1740000,3479.999999931533,-53020.795933959715,294.96988254465276
1745000,3489.9999999312963,-52837.99686119656,305.74699193010576
1750000,3499.99999993106,-52690.72075103142,299.61793132335504
1755000,3509.9999999308234,-53214.3902534277,296.41627555479704
1760000,3519.999999930587,-52750.783572449756,304.39434752445965
1765000,3529.9999999303504,-53176.88631509614,304.60698588183976
1770000,3539.999999930114,-52596.88757712729,308.02121553267756
1775000,3549.9999999298775,-52772.56787798178,294.34480357887253
1780000,3559.999999929641,-53092.005043353536,303.63918109237665
1785000,3569.9999999294046,-53048.646492511005,297.4912399606896
1790000,3579.999999929168,-52912.84222717397,305.0328522207823
1795000,3589.9999999289316,-52370.121427316975,304.2866549510009
1800000,3599.999999928695,-53416.364706058666,296.6448452193572
1805000,3609.9999999284587,-52763.74643466907,293.9792908920707
1810000,3619.999999928222,-52880.68196665723,301.8229571926258
1815000,3629.9999999279858,-52795.97397779027,301.0631697792869
1820000,3639.9999999277493,-52817.339841266075,306.02168171016194
1825000,3649.999999927513,-53171.95884301342,304.102709303828
1830000,3659.9999999272763,-53170.19016173313,295.59830045256956
1835000,3669.99999992704,-52858.334085723094,298.978310091442
1840000,3679.9999999268034,-52674.47963562666,299.48589555931096
1845000,3689.999999926567,-53106.52159729024,293.28917474041856
1850000,3699.9999999263305,-53067.89224757979,292.47160324471105
1855000,3709.999999926094,-52903.689036456286,304.0231289536454
1860000,3719.9999999258575,-53226.9372664853,299.6491306028178
1865000,3729.999999925621,-53024.893777626305,300.4722611485905
1870000,3739.9999999253846,-52609.25602004229,297.779764108371
1875000,3749.999999925148,-53077.2998509396,302.33782210160666
1880000,3759.9999999249117,-53043.06882530637,294.0578059685515
1885000,3769.999999924675,-53030.219558187295,295.0630473672282
1890000,3779.9999999244387,-52878.51052608786,304.2102406608927
1895000,3789.9999999242023,-53134.75069880547,304.7473806695579
1900000,3799.999999923966,-52731.976579226815,297.7800371309558
1905000,3809.9999999237293,-52996.306623221,298.1398185775021
1910000,3819.999999923493,-53464.97891295992,287.6850598187978
1915000,3829.9999999232564,-52947.147262202634,296.1022336723684
1920000,3839.99999992302,-52777.60223623738,288.85611545590115
1925000,3849.9999999227834,-52943.56248142765,296.171648816262
1930000,3859.999999922547,-52943.134533025644,292.7608220043375
1935000,3869.9999999223105,-53009.63453197884,305.0138335329044
1940000,3879.999999922074,-52950.61045416127,294.58699576773677
1945000,3889.9999999218376,-52876.769007776544,292.73104585046997
1950000,3899.999999921601,-53119.03663599031,294.8994026677338
1955000,3909.9999999213646,-52989.76520023547,297.745724314399
1960000,3919.999999921128,-52713.96757988664,296.57112338709004
1965000,3929.9999999208917,-53036.66696905039,297.6087975054999
1970000,3939.9999999206552,-53154.008473808644,297.9531934528675
1975000,3949.9999999204188,-52789.07990438718,301.08162498213545
1980000,3959.9999999201823,-53074.452520212915,305.31840424954396
1985000,3969.999999919946,-52790.389914587024,303.18477515578957
1990000,3979.9999999197094,-52797.80860444109,297.6385404442367
1995000,3989.999999919473,-52996.70991035696,309.60173747389
2000000,3999.9999999192364,-52648.68443302903,305.0271097269758
2005000,4009.999999919,-52623.91613090108,302.9025805942185
2010000,4019.9999999187635,-53020.11204843418,297.8692361222729
2015000,4029.999999918527,-52599.197214886546,303.7709066122194
2020000,4039.9999999182905,-52636.799023539934,297.99322266660454
2025000,4049.999999918054,-52947.2347007083,297.82342771110433
2030000,4059.9999999178176,-52551.03456617598,302.36388114612754
2035000,4069.999999917581,-52900.007465604605,294.1026522989751
2040000,4079.9999999173447,-53129.69535228846,293.54393293178845
2045000,4089.999999917108,-52837.61101639422,293.4970353209237
2050000,4099.999999917781,-53078.28971716584,295.30690563573575
2055000,4109.999999919818,-53412.43961617042,293.9062386334063
2060000,4119.999999921855,-53135.995752088056,297.43706078717946
2065000,4129.999999923893,-52954.74044159934,297.63679064312726
2070000,4139.99999992593,-52866.30586509663,297.2801070682713
2075000,4149.999999927967,-52808.79575166528,300.1322285883308
2080000,4159.999999930004,-52945.6473127098,295.8117342597627
2085000,4169.999999932042,-52964.04802782851,290.0650022505212
2090000,4179.999999934079,-52888.27026596514,291.5000951840264
2095000,4189.999999936116,-52931.072303293215,297.464608066155
2100000,4199.999999938153,-52811.88842140665,300.5539080381008
2105000,4209.999999940191,-52749.584574999,295.6138496586513
2110000,4219.999999942228,-53069.24546312791,293.9383469972969
2115000,4229.999999944265,-53133.40326835128,303.6746165966005
2120000,4239.9999999463025,-53309.946978152846,305.5403501427715
2125000,4249.99999994834,-52809.22657504759,301.04649326187763
2130000,4259.999999950377,-52853.94428015352,296.81218938969647
2135000,4269.999999952414,-52598.840291587665,294.72776546881494
2140000,4279.999999954452,-52812.60828308697,307.17407732724377
2145000,4289.999999956489,-52780.63832981733,301.33295397613597
2150000,4299.999999958526,-52919.66241513856,292.6196029826461
2155000,4309.999999960563,-52846.20975383342,296.84073423682145
2160000,4319.999999962601,-53415.5561504963,300.2884585594482
2165000,4329.999999964638,-53201.57676508004,300.7458631037684
2170000,4339.999999966675,-52592.94212577504,292.92704897961477
2175000,4349.9999999687125,-52736.05927511011,304.13636436876095
2180000,4359.99999997075,-53112.546131316485,295.5265495949548
2185000,4369.999999972787,-52805.95196106142,291.02823683792974
2190000,4379.999999974824,-52600.067613180785,294.69262850174874
2195000,4389.999999976862,-53285.622726391564,298.57089707190624
2200000,4399.999999978899,-52958.634077822935,290.38747945476797
2205000,4409.999999980936,-53090.734576204355,301.7656042833046
2210000,4419.999999982973,-53010.65370106467,299.8693943516587
2215000,4429.999999985011,-52635.38331902641,299.5300086641327
2220000,4439.999999987048,-52821.82235127612,284.87166265388385
2225000,4449.999999989085,-52562.42884194851,299.41621027590236
2230000,4459.999999991122,-52885.44642143726,295.63308426870447
2235000,4469.99999999316,-52944.757712580555,299.8908185063041
2240000,4479.999999995197,-52934.53622166708,299.63084751676143
2245000,4489.999999997234,-52779.41675686932,299.7959752637695
2250000,4499.9999999992715,-53162.26501400367,296.3718714576332
2255000,4510.000000001309,-52858.32035341408,306.55807096514144
2260000,4520.000000003346,-52642.73645897891,294.8813602984978
2265000,4530.000000005383,-52920.79024713789,291.5018826833798
2270000,4540.000000007421,-53170.98598624329,300.4742399025781
2275000,4550.000000009458,-53097.53936132643,302.95933991454376
2280000,4560.000000011495,-52958.33354429636,294.69612015573966
2285000,4570.000000013532,-53036.23532698548,304.3647172742585
2290000,4580.00000001557,-52604.85204286955,298.34838971623196
2295000,4590.000000017607,-52829.41830085823,292.61565898272397
2300000,4600.000000019644,-52774.43421618562,302.8156548680388
2305000,4610.000000021681,-52923.34748531613,291.017573229349
2310000,4620.000000023719,-53222.03972658064,294.7256333579807
2315000,4630.000000025756,-53228.21416483703,297.19566532978075
2320000,4640.000000027793,-52838.64439658457,303.68114111969703
2325000,4650.0000000298305,-52968.79871100446,297.8094508242776
2330000,4660.000000031868,-52963.819745179004,304.87384334252323
2335000,4670.000000033905,-52732.34445664546,297.4705255557254
2340000,4680.000000035942,-53167.737988302455,297.5254680965243
2345000,4690.00000003798,-52915.269324099645,294.4737356345243
2350000,4700.000000040017,-52610.303605997935,308.3378130114753
2355000,4710.000000042054,-53189.64039551429,294.4813313417028
2360000,4720.000000044091,-53079.71291067684,299.12032639788305
2365000,4730.000000046129,-52324.0225881408,301.3546501935216
2370000,4740.000000048166,-53201.81231240637,298.3012845660777
2375000,4750.000000050203,-52608.3891600295,301.1548875285669
2380000,4760.0000000522405,-52936.169876228174,304.0602746661913
2385000,4770.000000054278,-52742.08558028916,298.00842850917417
2390000,4780.000000056315,-53280.869482085895,294.734680602352
2395000,4790.000000058352,-52695.232710827724,301.7340303042831
2400000,4800.0000000603895,-53246.48832541314,302.4714612950967
2405000,4810.000000062427,-52844.12774837951,298.80505330227277
2410000,4820.000000064464,-52921.918215489684,297.0722900481814
2415000,4830.000000066501,-53060.224331753154,300.6714750738345
2420000,4840.000000068539,-53150.806417595246,302.60905239377706
2425000,4850.000000070576,-52956.006092251104,297.5654869525039
2430000,4860.000000072613,-53046.04003988954,296.5562673883628
2435000,4870.00000007465,-52986.91478956776,301.6877312691152
2440000,4880.000000076688,-53074.7388037738,294.88004422005815
2445000,4890.000000078725,-53033.182984490035,295.7370649322929
2450000,4900.000000080762,-52600.09521340218,296.06026987044874
2455000,4910.0000000827995,-52638.74776638276,300.86948830873786
2460000,4920.000000084837,-52627.833345902094,295.13700102696674
2465000,4930.000000086874,-52925.76087549128,300.63235460337165
2470000,4940.000000088911,-52426.01436468228,294.84380045083924
2475000,4950.000000090949,-52753.20173766388,302.19677835681256
2480000,4960.000000092986,-53100.82609025651,301.4233029259318
2485000,4970.000000095023,-52528.41202810538,302.0074406711302
2490000,4980.00000009706,-52446.484937950445,295.52230264939277
2495000,4990.000000099098,-52882.8588790459,296.89932784187437
2500000,5000.000000101135,-52843.780798800435,297.53672159164233
2505000,5010.000000103172,-52926.456025111955,297.0190078468487
2510000,5020.000000105209,-52924.23979504424,301.4522076314109
2515000,5030.000000107247,-53201.45879196818,293.3627821018554
2520000,5040.000000109284,-53476.483858692925,302.6004375591533
2525000,5050.000000111321,-52897.99710677925,293.5946566591243
2530000,5060.0000001133585,-52888.90916293656,304.7406812316717
2535000,5070.000000115396,-53195.52115275862,293.70986355493704
2540000,5080.000000117433,-52885.852376212046,292.2575422926209
2545000,5090.00000011947,-53174.37627601909,304.29413210966
2550000,5100.000000121508,-52695.31592593077,301.31988313976785
2555000,5110.000000123545,-52906.04555223213,292.78531833121394
2560000,5120.000000125582,-53181.38811136785,299.4784160301106
2565000,5130.000000127619,-53258.084140750696,293.48380646047434
2570000,5140.000000129657,-52771.957394045254,297.3154127544379
2575000,5150.000000131694,-52580.449319059495,295.9916603066261
2580000,5160.000000133731,-52937.30836280246,300.9651766378073
2585000,5170.0000001357685,-52930.52020908729,303.0523441038566
2590000,5180.000000137806,-52879.32926800492,299.84495481106694
2595000,5190.000000139843,-53181.419767854735,303.700947051342
2600000,5200.00000014188,-52473.29541551287,295.52994335783393
2605000,5210.0000001439175,-53094.35817284093,299.33401521239944
2610000,5220.000000145955,-53086.730684806884,291.06608737273535
2615000,5230.000000147992,-52829.81552481488,302.2209193648401
2620000,5240.000000150029,-52786.187775467144,298.0144474071477
2625000,5250.000000152067,-53102.05339794274,287.9566866862233
2630000,5260.000000154104,-53042.51457634516,304.52241855758535
2635000,5270.000000156141,-52716.90394884758,298.9401679901721
2640000,5280.000000158178,-52932.893681745074,302.1440397499797
2645000,5290.000000160216,-52788.98029310029,299.218707855748
2650000,5300.000000162253,-52743.888152844826,300.98311159797686
2655000,5310.00000016429,-53264.67749067847,293.7557124070966
2660000,5320.0000001663275,-53027.474191226676,288.00574803370057
2665000,5330.000000168365,-52972.88999552064,286.44428736078544
2670000,5340.000000170402,-52574.258289270714,303.51668078769694
2675000,5350.000000172439,-52738.796693629934,297.8722931090502
2680000,5360.000000174477,-52727.327475594764,308.56429750041764
2685000,5370.000000176514,-52704.32884574254,295.20757577745917
2690000,5380.000000178551,-52998.56109022425,298.87458116354367
2695000,5390.000000180588,-52597.40761043277,297.98213825328804
2700000,5400.000000182626,-53170.25806879936,305.5041932735591
2705000,5410.000000184663,-53029.444841145305,304.18486073115247
2710000,5420.0000001867,-53488.15077171128,302.7825153675005
2715000,5430.000000188737,-52551.39597608926,298.4966093223342
2720000,5440.000000190775,-52716.66211490866,291.69611880467835
2725000,5450.000000192812,-52853.670817751496,295.4907645664184
2730000,5460.000000194849,-52676.22724361098,295.8632897973595
2735000,5470.0000001968865,-52582.52243104973,301.8895200364135
2740000,5480.000000198924,-53437.82866055131,298.307270696833
2745000,5490.000000200961,-53021.58992943613,297.9532756217696
2750000,5500.000000202998,-52759.5706042728,299.7421447772115
2755000,5510.000000205036,-52631.63781776326,295.94521178650103
2760000,5520.000000207073,-52796.44927131949,296.2432930697137
2765000,5530.00000020911,-53011.62502426683,309.64852242150033
2770000,5540.000000211147,-53473.66801726207,295.52252438396306
2775000,5550.000000213185,-52916.66725874072,302.1111103220863
2780000,5560.000000215222,-53420.91420970275,298.90960749892895
2785000,5570.000000217259,-53018.828551404964,302.74045313193784
2790000,5580.000000219296,-52668.351146854926,302.81848026329607
2795000,5590.000000221334,-52883.24727184576,296.7917516289553
2800000,5600.000000223371,-52828.51157959216,296.6701122300955
2805000,5610.000000225408,-53139.69747083759,290.50871163016814
2810000,5620.0000002274455,-52874.03092965725,304.12010226987206
2815000,5630.000000229483,-52817.047536781494,298.8159027966598
2820000,5640.00000023152,-53145.8411040784,302.5320861797183
2825000,5650.000000233557,-53022.44492745423,302.687000706585
2830000,5660.000000235595,-53050.41485991192,293.3892259909993
2835000,5670.000000237632,-52876.48240262596,300.10555495781034
2840000,5680.000000239669,-52537.42755307208,292.44546438327313
2845000,5690.000000241706,-53076.97444385913,296.38737100394775
2850000,5700.000000243744,-52934.24738153082,294.6126543118767
2855000,5710.000000245781,-53022.97608479968,303.3112366834333
2860000,5720.000000247818,-53068.21732911709,303.3008349620462
2865000,5730.0000002498555,-52658.52620324047,293.0454101236449
2870000,5740.000000251893,-52667.25949872771,301.19447842454844
2875000,5750.00000025393,-52630.05253745866,303.2056040755956
2880000,5760.000000255967,-52684.39807900795,307.7294544570023
2885000,5770.000000258005,-52642.92259689403,295.77235673140893
2890000,5780.000000260042,-52429.2683702769,296.2422504090136
2895000,5790.000000262079,-52847.2639828845,298.7635454674767
2900000,5800.000000264116,-52877.147190189804,298.30169464986545
2905000,5810.000000266154,-52788.645875411225,296.4556558550914
2910000,5820.000000268191,-52675.54151146047,298.0402119428358
2915000,5830.000000270228,-52846.374696661835,292.8654452205562
2920000,5840.000000272265,-52982.34340203367,296.6226942017926
2925000,5850.000000274303,-52701.75604176961,295.1186318441841
2930000,5860.00000027634,-52839.448782145395,301.22356916861554
2935000,5870.000000278377,-52798.49506059004,294.6103211469032
2940000,5880.0000002804145,-52724.27227617978,303.54091819947496
2945000,5890.000000282452,-53291.577649722225,302.8970454276012
2950000,5900.000000284489,-53086.47309808596,302.1488709954568
2955000,5910.000000286526,-53059.2088496919,302.4826236910036
2960000,5920.000000288564,-52501.2649663045,292.64157368410497
2965000,5930.000000290601,-53084.06158602523,301.47783892956164
2970000,5940.000000292638,-52941.503783494816,306.4413676196863
2975000,5950.000000294675,-52599.85379755151,297.90247480621355
2980000,5960.000000296713,-52988.439951037726,304.4411123379894
2985000,5970.00000029875,-53104.84181631461,289.10370877401255
2990000,5980.000000300787,-53006.009060978045,304.168057025666
2995000,5990.000000302824,-52877.37698125988,292.0159398980089
3000000,6000.000000304862,-52723.03191963208,303.10153385285344
3005000,6010.000000306899,-52684.655060730904,299.7401812541586
3010000,6020.000000308936,-53231.644615472585,306.3423567126575
3015000,6030.0000003109735,-53080.17076347489,293.1062927127442
3020000,6040.000000313011,-52979.62712920597,302.9532870090345
3025000,6050.000000315048,-53275.53557973675,305.35651859959137
3030000,6060.000000317085,-52835.36944326456,302.75188870049425
3035000,6070.000000319123,-53223.08742541933,303.71535101252994
3040000,6080.00000032116,-52642.55923714384,297.6174335782051
3045000,6090.000000323197,-52882.70978447443,291.9267355079061
3050000,6100.000000325234,-53248.49582321948,298.24741748606175
3055000,6110.000000327272,-53174.82267136598,293.27226056613017
3060000,6120.000000329309,-52991.44936405888,298.0106133550042
3065000,6130.000000331346,-52623.06767555405,297.03121973241264
3070000,6140.0000003333835,-53113.09646086753,299.58593741604153
3075000,6150.000000335421,-52909.68728786666,301.55857489188895
3080000,6160.000000337458,-52922.089974921255,294.88735039879464
3085000,6170.000000339495,-53214.72447613458,295.4929283860797
3090000,6180.0000003415325,-53031.333690696076,293.72286130873033
3095000,6190.00000034357,-52583.476432842435,294.65702951040475
3100000,6200.000000345607,-53058.516656266554,298.9047643395502
3105000,6210.000000347644,-52727.98848191911,297.02756742551793
3110000,6220.000000349682,-53084.606717186456,295.43898831106554
3115000,6230.000000351719,-53016.55529465983,301.07989931928205
3120000,6240.000000353756,-52852.854194223444,293.8405151608093
3125000,6250.000000355793,-52834.16329191782,301.20315629599014
3130000,6260.000000357831,-52862.00843247431,310.1538296075483
3135000,6270.000000359868,-52699.49516356838,296.13612414900905
3140000,6280.000000361905,-52510.061417774734,301.63671741355336
3145000,6290.0000003639425,-52962.079550355906,298.96357073224425
3150000,6300.00000036598,-52694.752318184735,289.35780948061216
3155000,6310.000000368017,-52973.036734715104,298.6542568081139
3160000,6320.000000370054,-52405.167258682515,296.20485156889646
3165000,6330.000000372092,-52787.91304410284,291.2541717400148
3170000,6340.000000374129,-53019.42059730849,294.7723098362033
3175000,6350.000000376166,-53055.90186496801,296.5521048079484
3180000,6360.000000378203,-53402.93704663045,297.76129650720935
3185000,6370.000000380241,-52894.0638754158,299.17855476393896
3190000,6380.000000382278,-52796.57020366276,301.2983337394609
3195000,6390.000000384315,-53033.04675221897,299.07536002022124
3200000,6400.000000386352,-53197.41667101387,301.02462689881236
3205000,6410.00000038839,-52891.08828148854,298.3310964484862
3210000,6420.000000390427,-52818.38463441614,308.1844983672911
3215000,6430.000000392464,-52884.47287368236,296.73844302261756
3220000,6440.0000003945015,-52714.94304078029,300.08893340936413
3225000,6450.000000396539,-52856.7142445381,302.0761879054745
3230000,6460.000000398576,-52455.83499161393,296.5784246134004
3235000,6470.000000400613,-52701.12633855734,295.59318679981834
3240000,6480.000000402651,-52907.696347944,296.3554667671027
3245000,6490.000000404688,-52653.62103475808,306.909399613745
3250000,6500.000000406725,-52967.32892834174,298.4788667497199
3255000,6510.000000408762,-53008.03816459395,299.49277359461587
3260000,6520.0000004108,-52469.20565366902,296.97772656959796
3265000,6530.000000412837,-52931.107904274395,293.02695117430335
3270000,6540.000000414874,-52639.53638327986,303.9262175861631
3275000,6550.0000004169115,-52915.61050551571,293.98658214974773
3280000,6560.000000418949,-52942.86714965035,295.73509501439787
3285000,6570.000000420986,-53139.0032273487,293.2327543500702
3290000,6580.000000423023,-52486.929848127125,302.0331478567911
3295000,6590.0000004250605,-53314.85557346279,298.57630362099707
3300000,6600.000000427098,-52894.94832401979,302.9191053874339
3305000,6610.000000429135,-52831.94925708114,293.0845052928852
3310000,6620.000000431172,-52859.68877182514,289.1747414152827
3315000,6630.00000043321,-53048.07030038355,289.2331038580328
3320000,6640.000000435247,-53060.68078950545,295.8250235770911
3325000,6650.000000437284,-53165.27880703614,294.9545889852086
3330000,6660.000000439321,-52747.80431495921,301.9798418616654
3335000,6670.000000441359,-53032.88437510343,290.8758944984832
3340000,6680.000000443396,-52984.366594426654,290.6633942622131
3345000,6690.000000445433,-53010.88025045101,296.72538387805383
3350000,6700.0000004474705,-52778.980037130736,290.23354085211156
3355000,6710.000000449508,-52973.534721598175,312.4601349027976
3360000,6720.000000451545,-52788.4690829257,304.5398150071279
3365000,6730.000000453582,-52935.79024035644,294.84364151483794
3370000,6740.00000045562,-53310.308909743384,292.81585600431515
3375000,6750.000000457657,-53001.130472567456,296.75127851974946
3380000,6760.000000459694,-52840.71882478264,291.87998500342394
3385000,6770.000000461731,-52965.198661148606,300.74065792133774
3390000,6780.000000463769,-52824.0260821422,297.8239357053481
3395000,6790.000000465806,-53189.17611605232,296.2525672198432
3400000,6800.000000467843,-53167.08580981125,300.71370677209916
3405000,6810.00000046988,-52955.15630086564,303.7999308824995
3410000,6820.000000471918,-52696.10209209271,302.2154677740142
3415000,6830.000000473955,-53176.84540111362,295.3673430998664
3420000,6840.000000475992,-52980.58136033558,291.006559330885
3425000,6850.0000004780295,-52904.17142029447,315.1508305024349
3430000,6860.000000480067,-52853.96523410466,295.8346907464627
3435000,6870.000000482104,-53278.49910923856,304.36037235871316
3440000,6880.000000484141,-52728.190162168175,290.8412735366129
3445000,6890.000000486179,-53197.27988166959,298.70903347869216
3450000,6900.000000488216,-52770.5188997823,309.46949847898065
3455000,6910.000000490253,-52772.80811537951,290.6182479134533
3460000,6920.00000049229,-52848.07689393341,300.59237556088453
3465000,6930.000000494328,-53023.190598708316,302.26123578795153
3470000,6940.000000496365,-52891.70370772571,304.3605473906746
3475000,6950.000000498402,-53031.93887795566,302.23409195185275
3480000,6960.0000005004395,-52721.62577875031,301.68929823471933
3485000,6970.000000502477,-53074.51770239443,293.90119659310466
3490000,6980.000000504514,-52837.73579101497,301.68311184357816
3495000,6990.000000506551,-53153.86938787458,304.62387680021294
3500000,7000.0000005085885,-52929.54729008721,304.06107780681856
3505000,7010.000000510626,-52848.66223312047,302.0237685194169
3510000,7020.000000512663,-53178.70431390786,288.4417771127145
3515000,7030.0000005147,-52884.37345698284,295.52495859939484
3520000,7040.000000516738,-52818.88113397683,306.63125530155236
3525000,7050.000000518775,-53269.01695049764,300.5586456795472
3530000,7060.000000520812,-52686.25691823551,302.00869698494114
3535000,7070.000000522849,-53031.46114405646,303.0887296830545
3540000,7080.000000524887,-52765.78953470828,294.365294564345
3545000,7090.000000526924,-52438.583953113965,291.3779597085693
3550000,7100.000000528961,-52950.32403909872,296.31899513549746
3555000,7110.0000005309985,-52935.53763637523,291.65170823538045
3560000,7120.000000533036,-52748.218612334575,299.39295637911283
3565000,7130.000000535073,-52756.923785561725,301.80533599860104
3570000,7140.00000053711,-53017.32108079491,306.5104025813978
3575000,7150.000000539148,-53400.89676583532,299.2851282016449
3580000,7160.000000541185,-52818.18095822315,300.0569885512579
3585000,7170.000000543222,-53114.92575403716,301.98768681469613
3590000,7180.000000545259,-53453.098614292074,292.48455999753776
3595000,7190.000000547297,-53011.612325256865,300.8365687692472
3600000,7200.000000549334,-53209.72149660811,303.0943485852669
3605000,7210.000000551371,-52496.33837344716,301.34634676164796
3610000,7220.000000553408,-52789.149822743,299.67385548091477
3615000,7230.000000555446,-52586.7616287471,294.2348364253458
3620000,7240.000000557483,-53186.81347521511,300.3159529452517
3625000,7250.00000055952,-53096.89734687001,296.66450982085456
3630000,7260.0000005615575,-53319.40969805137,292.75845218435126
3635000,7270.000000563595,-52998.90677559152,290.41064313803554
3640000,7280.000000565632,-52646.39657221781,291.8741838616076
3645000,7290.000000567669,-52907.143609804974,296.5516387139643
3650000,7300.000000569707,-52929.048799616285,296.9674768675685
3655000,7310.000000571744,-53014.07779253984,298.2894795178398
3660000,7320.000000573781,-52947.0086725688,302.72494500153954
3665000,7330.000000575818,-52685.29054994733,302.22461459164305
3670000,7340.000000577856,-52676.6088324727,295.24011171312856
3675000,7350.000000579893,-52855.485124866886,300.08120409993194
3680000,7360.00000058193,-53179.09622568387,293.55245156893636
3685000,7370.000000583967,-52888.506899053056,297.07220533987186
3690000,7380.000000586005,-53014.43248133996,296.70951336542913
3695000,7390.000000588042,-52626.51742128658,298.88162803846365
3700000,7400.000000590079,-52978.11990906368,302.5484446937096
3705000,7410.0000005921165,-52805.406681992376,302.08637776394806
3710000,7420.000000594154,-52837.84252779986,297.08937902671113
3715000,7430.000000596191,-52820.27211531586,301.03515352021253
3720000,7440.000000598228,-52808.73185353418,301.80628348158325
3725000,7450.000000600266,-52877.94469533081,297.41648328179133
3730000,7460.000000602303,-52964.563950771844,291.4698503266812
3735000,7470.00000060434,-53149.672692984954,298.71907410704756
3740000,7480.000000606377,-53143.84166779174,303.4210541952586
3745000,7490.000000608415,-52883.64501645719,294.8503402394914
3750000,7500.000000610452,-53200.353862518066,297.0046920814746
3755000,7510.000000612489,-53260.589171925385,302.2158479530918
3760000,7520.0000006145265,-53068.92054390104,300.05338099587584
3765000,7530.000000616564,-53173.92287053843,292.5185925679654
3770000,7540.000000618601,-52958.60069169564,298.50173163234643
3775000,7550.000000620638,-52953.16089703899,296.6181804560701
3780000,7560.0000006226755,-52599.29902816776,287.7236293830847
3785000,7570.000000624713,-52996.65985564925,303.0827345184135
3790000,7580.00000062675,-53182.74063250047,309.8428110101882
3795000,7590.000000628787,-52981.989996918506,295.64553198647246
3800000,7600.000000630825,-52479.11518499954,297.94051279236675
3805000,7610.000000632862,-53059.862571213336,298.1688427320109
3810000,7620.000000634899,-52976.50712384752,294.37133374974803
3815000,7630.000000636936,-53103.61031004478,293.5339134475266
3820000,7640.000000638974,-52525.408305057674,295.5431648265832
3825000,7650.000000641011,-53065.4069662237,299.3571025761834
3830000,7660.000000643048,-52979.618352544174,292.8964290978816
3835000,7670.0000006450855,-52995.59163093535,296.38168067982065
3840000,7680.000000647123,-52739.26316058324,299.09429828906747
3845000,7690.00000064916,-53003.90620879951,303.66227521487485
3850000,7700.000000651197,-53184.87990370992,289.7711200526096
3855000,7710.000000653235,-53291.837627849134,301.9663565560159
3860000,7720.000000655272,-53031.4673794526,297.0391887727776
3865000,7730.000000657309,-52911.33942156748,301.9712838917045
3870000,7740.000000659346,-53351.72526499894,300.89157871354695
3875000,7750.000000661384,-53051.12235233557,299.0791286717879
3880000,7760.000000663421,-52795.95598885862,307.0279521491608
3885000,7770.000000665458,-53090.53103624232,305.1156206401775
3890000,7780.000000667495,-53101.83836888251,297.83421387740964
3895000,7790.000000669533,-52759.46024063369,306.5417043369826
3900000,7800.00000067157,-52519.331169296376,303.1748199436529
3905000,7810.000000673607,-53328.58830102149,299.92940451274507
3910000,7820.0000006756445,-53132.07512238214,297.9318407581735
3915000,7830.000000677682,-52691.15556293749,295.8843081689026
3920000,7840.000000679719,-52978.20653402395,301.89459574754073
3925000,7850.000000681756,-52893.86310667652,294.6781215215699
3930000,7860.000000683794,-52865.069427533046,301.5235421775847
3935000,7870.000000685831,-52784.19373349429,296.9867445169404
3940000,7880.000000687868,-52963.73161100241,290.2739800725273
3945000,7890.000000689905,-52838.5041983187,286.71872319692795
3950000,7900.000000691943,-52704.26211190352,298.2455901611822
3955000,7910.00000069398,-53057.14195829432,290.68841647242215
3960000,7920.000000696017,-52700.69647449881,291.5781873541769
3965000,7930.0000006980545,-52859.87483176982,294.36948460940033
3970000,7940.000000700092,-52619.92960852399,297.60420977131713
3975000,7950.000000702129,-53008.27987056199,294.6535163736724
3980000,7960.000000704166,-52874.99094107075,305.7100155032585
3985000,7970.0000007062035,-53342.79739761626,299.4946244141388
3990000,7980.000000708241,-52920.102525741124,306.3053568457473
3995000,7990.000000710278,-52943.62140688172,298.1024282787574
4000000,8000.000000712315,-53444.50908898853,301.79145856857656
4005000,8010.000000714353,-52805.08090306644,294.3179558987363
4010000,8020.00000071639,-52979.423726882174,298.8959125275436
4015000,8030.000000718427,-52687.389674996724,292.4213051277555
4020000,8040.000000720464,-52955.46002971628,296.55263359814614
4025000,8050.000000722502,-52898.0235543015,304.0098333917938
4030000,8060.000000724539,-53028.56603379783,293.38216951740105
4035000,8070.000000726576,-53110.20218621052,297.75382940336146
4040000,8080.0000007286135,-52902.786057169404,299.60201777359055
4045000,8090.000000730651,-52952.7335288717,296.4395951462681
4050000,8100.000000732688,-52990.20066385306,299.23062722350437
4055000,8110.000000734725,-52981.62310391743,294.8727409925379
4060000,8120.000000736763,-53075.93599865283,304.6413688427444
4065000,8130.0000007388,-53067.43453936826,298.7637042675186
4070000,8140.000000740837,-53204.74866240524,291.2625923623403
4075000,8150.000000742874,-52902.540176811715,293.59635559730947
4080000,8160.000000744912,-53122.30399388101,300.5427018198342
4085000,8170.000000746949,-53035.91142596744,295.6005816453541
4090000,8180.000000748986,-52948.94508708545,288.10608629440594
4095000,8190.000000751023,-52969.37197354605,298.3388488853388
4100000,8200.00000075306,-52841.940298216825,303.206138290225
4105000,8210.000000755097,-52796.82427595896,297.75403677840734
4110000,8220.000000757134,-52620.71805084613,304.4950021306059
4115000,8230.000000759172,-52841.28725687144,299.41156177295346
4120000,8240.000000761209,-53015.648590181925,296.69028011515326
4125000,8250.000000763246,-52521.59363417319,301.78633875186176
4130000,8260.000000765283,-53030.41917812603,304.1561428689421
4135000,8270.00000076732,-52747.03063711306,296.9057090932935
4140000,8280.000000769358,-53091.59460249153,302.4412682783451
4145000,8290.000000771395,-52947.21587818605,295.10759229306325
4150000,8300.000000773432,-52623.69967782707,305.40940554888437
4155000,8310.00000077547,-53318.15223666775,301.5190627624654
4160000,8320.000000777507,-52792.55390768341,297.27579520072857
4165000,8330.000000779544,-52891.44466597104,303.9715888905835
4170000,8340.000000781582,-52784.05232504784,296.15968185740877
4175000,8350.000000783619,-52346.39813349815,293.4663994967488
4180000,8360.000000785656,-52706.440753000265,302.1388806737594
4185000,8370.000000787693,-52908.876590771455,294.81734299416064
4190000,8380.00000078973,-52554.308620179596,296.7373032601043
4195000,8390.000000791768,-52642.100835977035,298.52173460494726
4200000,8400.000000793805,-53047.38432214182,291.40343597794333
4205000,8410.000000795842,-52979.562451167614,295.6595494263065
4210000,8420.00000079788,-53067.34904505525,294.11022420268455
4215000,8430.000000799917,-53104.14139578567,299.8503453876129
4220000,8440.000000801954,-52635.47846380196,303.3491802301059
4225000,8450.000000803991,-53003.12190833778,300.78354251366346
4230000,8460.000000806029,-52912.49386135847,297.2156672127821
4235000,8470.000000808066,-52891.958434135886,303.1588899709772
4240000,8480.000000810103,-53559.00645392583,301.2389442206418
4245000,8490.00000081214,-52819.06694382819,296.47635703946406
4250000,8500.000000814178,-52881.48894979694,291.30117035313106
4255000,8510.000000816215,-52791.1866280633,300.6697621464604
4260000,8520.000000818252,-52883.09620179533,301.0569908660256
4265000,8530.00000082029,-52922.81127560281,299.15884578949857
4270000,8540.000000822327,-52894.25884640217,302.6897724717585
4275000,8550.000000824364,-52758.54655656751,304.4067847167934
4280000,8560.000000826401,-52873.44045703189,307.35125746422557
4285000,8570.000000828439,-52624.15408550261,291.25225994464216
4290000,8580.000000830476,-52783.33958851959,296.3542096066397
4295000,8590.000000832513,-52863.79800166236,304.97119248346206
4300000,8600.00000083455,-53020.1265049332,298.9569224853604
4305000,8610.000000836588,-52631.986750962504,296.1942290110155
4310000,8620.000000838625,-53172.082218529365,289.57820133294683
4315000,8630.000000840662,-52933.06838268836,293.32031920102185
4320000,8640.0000008427,-53663.65944310301,293.6864307823618
4325000,8650.000000844737,-52739.09262219185,291.19079784263596
4330000,8660.000000846774,-52915.36997283585,300.13517310662854
4335000,8670.000000848811,-53180.53581473004,295.72820775185335
4340000,8680.000000850849,-53547.39652106262,301.6974807521225
4345000,8690.000000852886,-53130.72389648421,294.7666105297502
4350000,8700.000000854923,-53047.99726472475,303.1014348811834
4355000,8710.00000085696,-52747.406404592446,298.064752296828
4360000,8720.000000858998,-53248.85278645868,297.3561789191403
4365000,8730.000000861035,-52788.42996857391,302.7757472440188
4370000,8740.000000863072,-52989.94196047011,295.708333528164
4375000,8750.00000086511,-52889.96561564563,301.31444135019217
4380000,8760.000000867147,-53125.49336555065,292.8270263220192
4385000,8770.000000869184,-53229.20240543471,298.7630181963184
4390000,8780.000000871221,-52718.32496240051,304.0159120190588
4395000,8790.000000873259,-52620.55298494926,300.0064336195974
4400000,8800.000000875296,-52777.142026318936,305.83848480817244
4405000,8810.000000877333,-52733.09554356188,302.9628776853904
4410000,8820.00000087937,-52531.481299100706,297.62299831299
4415000,8830.000000881408,-53157.14202867684,306.41489813686974
4420000,8840.000000883445,-52951.97256947824,292.7663803795144
4425000,8850.000000885482,-52857.65861148684,292.09374823206025
4430000,8860.00000088752,-52999.6161834606,296.2715994512205
4435000,8870.000000889557,-53266.80100650713,298.50132998322107
4440000,8880.000000891594,-53098.00379265711,302.4233545152055
4445000,8890.000000893631,-52835.62793166892,301.70317782801214
4450000,8900.000000895669,-52590.579463535105,290.33312068808925
4455000,8910.000000897706,-52798.56041393979,292.5616214712197
4460000,8920.000000899743,-53272.30712369614,294.776422933787
4465000,8930.00000090178,-52939.265367569984,297.9480036029045
4470000,8940.000000903818,-52529.36548655882,290.68718256893555
4475000,8950.000000905855,-52354.546836138936,294.0496118492805
4480000,8960.000000907892,-53560.38799658767,298.17448394599626
4485000,8970.00000090993,-52667.22411899781,292.31410352127216
4490000,8980.000000911967,-52917.93919757733,306.54086634851797
4495000,8990.000000914004,-53104.38533519156,292.56578551232394
4500000,9000.000000916041,-52933.52231532952,302.2839496135962
4505000,9010.000000918079,-52924.14503637375,291.86497076089853
4510000,9020.000000920116,-52603.49785638228,297.5051359366148
4515000,9030.000000922153,-52834.17904779539,296.2077326835821
4520000,9040.00000092419,-53079.869536273065,296.3623766616978
4525000,9050.000000926228,-52877.753151270736,299.31387297648655
4530000,9060.000000928265,-52856.48552867709,293.6479934373417
4535000,9070.000000930302,-52855.694412980374,301.32579461176675
4540000,9080.00000093234,-52865.8974887972,296.93754963189497
4545000,9090.000000934377,-52867.728422335465,293.39051066125745
4550000,9100.000000936414,-53163.94951920444,292.3905208570412
4555000,9110.000000938451,-53017.27997787521,297.2908240606753
4560000,9120.000000940488,-52986.32899054271,304.98278024713665
4565000,9130.000000942526,-53062.19930751267,297.91371786005806
4570000,9140.000000944563,-52801.03615609213,288.16636863673455
4575000,9150.0000009466,-52938.33596031257,302.73295396702474
4580000,9160.000000948638,-53031.91148359177,298.32199020232565
4585000,9170.000000950675,-52769.48050306435,300.1163860392358
4590000,9180.000000952712,-53188.88553365122,302.60790569651766
4595000,9190.00000095475,-52957.359361981304,294.69627968613
4600000,9200.000000956787,-52865.66545795766,294.36440225156423
4605000,9210.000000958824,-53130.82172814867,294.89534685473336
4610000,9220.000000960861,-53091.38456463421,301.59577151495284
4615000,9230.000000962898,-53154.99025814957,297.08732917982456
4620000,9240.000000964936,-52951.63344767847,290.5863676613951
4625000,9250.000000966973,-52907.040918087965,286.9584703818849
4630000,9260.00000096901,-53138.57210290391,301.0639309001054
4635000,9270.000000971047,-52866.909082012164,291.40661920190485
4640000,9280.000000973085,-52480.106184740405,304.8157560192297
4645000,9290.000000975122,-53142.999258559255,297.7051051551594
4650000,9300.00000097716,-53110.29667364393,299.3130594852849
4655000,9310.000000979197,-52942.75949773338,297.7720237595236
4660000,9320.000000981234,-52663.91661757149,286.85830106001794
4665000,9330.000000983271,-52609.15125112646,301.21775811546917
4670000,9340.000000985308,-52582.46538683798,300.3888828964986
4675000,9350.000000987346,-52715.13604674066,293.03989024155516
4680000,9360.000000989383,-52477.56148660474,306.7374537937954
4685000,9370.00000099142,-52590.25152299373,296.63573915819126
4690000,9380.000000993457,-52831.30099710476,305.38529518883036
4695000,9390.000000995495,-52928.913209678576,294.66445850296094
4700000,9400.000000997532,-52916.85723197146,293.0307832785748
4705000,9410.00000099957,-52886.401015428855,298.32114735238065
4710000,9420.000001001607,-53100.868837675516,302.9280163034551
4715000,9430.000001003644,-52850.70853669138,294.22411472629153
4720000,9440.000001005681,-52885.753090387414,295.1829381733041
4725000,9450.000001007718,-52776.251621706004,293.7725869334021
4730000,9460.000001009756,-52906.71405102877,301.9124389602604
4735000,9470.000001011793,-52920.70069231346,304.3471992963106
4740000,9480.00000101383,-52653.02378396949,298.6621381128452
4745000,9490.000001015867,-52865.67769554074,292.53563351517164
4750000,9500.000001017905,-52807.59050658715,289.87699300329916
4755000,9510.000001019942,-52985.831899365236,294.02519712214445
4760000,9520.00000102198,-53143.85448446512,294.51191388072976
4765000,9530.000001024016,-52915.310222743545,305.1493127868225
4770000,9540.000001026054,-53050.64158059721,300.62586451491705
4775000,9550.000001028091,-53140.14864838295,295.8462569264388
4780000,9560.000001030128,-53146.37533311141,298.6841780609784
4785000,9570.000001032166,-52982.359098820016,293.3822716725299
4790000,9580.000001034203,-52761.98147081959,297.6322122923931
4795000,9590.00000103624,-53393.89960654202,302.114475484292
4800000,9600.000001038277,-53061.94190515051,290.3491658709739
4805000,9610.000001040315,-53115.81723049321,295.99812428995386
4810000,9620.000001042352,-52878.91842660398,294.88112219622406
4815000,9630.00000104439,-53058.3848722516,296.97048621558235
4820000,9640.000001046426,-53296.81637945681,288.67935643710024
4825000,9650.000001048464,-53017.35524981041,310.295459867128
4830000,9660.000001050501,-53138.74921221213,300.46588538473907
4835000,9670.000001052538,-53061.76744342677,303.4995361168599
4840000,9680.000001054575,-52908.71907209969,292.49430943258966
4845000,9690.000001056613,-53098.787258261524,294.73211888091504
4850000,9700.00000105865,-52713.13314392607,298.73750121807547
4855000,9710.000001060687,-53036.44913708221,305.1057847722352
4860000,9720.000001062725,-53013.405437897396,298.84717955755195
4865000,9730.000001064762,-52912.4457573914,303.6921446589526
4870000,9740.000001066799,-52622.07283001323,305.51399676662965
4875000,9750.000001068836,-53390.543129223166,296.708256153755
4880000,9760.000001070874,-52821.554669260106,293.84593659127603
4885000,9770.00000107291,-52816.42631641653,302.92081462408646
4890000,9780.000001074948,-52940.90580586356,297.5592328077249
4895000,9790.000001076985,-52563.78830641683,302.2361328745644
4900000,9800.000001079023,-52645.75064284954,305.6094684621957
4905000,9810.00000108106,-53037.07838699955,296.9788921437793
4910000,9820.000001083097,-52775.90664443685,299.7155340458217
4915000,9830.000001085134,-53061.981652115006,289.07448043276605
4920000,9840.000001087172,-52835.45875736591,299.2070408021028
4925000,9850.000001089209,-53092.122256864735,296.69622049421673
4930000,9860.000001091246,-52854.50929764757,295.30561611925873
4935000,9870.000001093284,-52801.13520438562,305.77508248499277
4940000,9880.00000109532,-53315.895975791675,299.7269671376021
4945000,9890.000001097358,-52657.365352591005,307.04228466759474
4950000,9900.000001099395,-53192.51196202397,297.97016532527664
4955000,9910.000001101433,-53146.83527811218,309.0694371915429
4960000,9920.00000110347,-52790.4087004161,302.67732134469134
4965000,9930.000001105507,-52969.33606860365,304.62491018857486
4970000,9940.000001107544,-53137.56490442625,302.02269819236517
4975000,9950.000001109582,-52702.73329097789,302.41244629058036
4980000,9960.000001111619,-53291.21775079283,292.87241184681653
4985000,9970.000001113656,-53208.3180502592,294.558668977159
4990000,9980.000001115694,-53171.335749887396,305.50053955654545
4995000,9990.00000111773,-52523.29022348087,290.9459611917433
5000000,10000.000001119768,-52891.25249548699,297.89033130022386
5005000,10010.000001121805,-52490.5911550085,299.62488723910866
5010000,10020.000001123843,-53135.12832864755,296.9345961527111
5015000,10030.00000112588,-53028.14242492069,303.3140613090303
5020000,10040.000001127917,-52933.41575801556,303.75577181394175
5025000,10050.000001129954,-52448.78045517043,299.20909841312715
5030000,10060.000001131992,-52773.24324018293,304.15688236670877
5035000,10070.000001134029,-52591.55104758471,290.55453257305663
5040000,10080.000001136066,-52826.52191744125,293.8031544756934
5045000,10090.000001138103,-52745.93004632689,297.5217434661884
5050000,10100.00000114014,-52815.4380375793,291.40526647072807
5055000,10110.000001142178,-52775.19783843061,302.6193613300236
5060000,10120.000001144215,-52819.02370232291,295.8952844298486
5065000,10130.000001146253,-53236.31235046062,290.0920123003852
5070000,10140.00000114829,-52758.47636477361,295.7532640990025
5075000,10150.000001150327,-52862.45220435434,297.90717863637605
5080000,10160.000001152364,-52546.53648811078,298.658198849158
5085000,10170.000001154402,-52812.56041884178,298.2382714615548
5090000,10180.000001156439,-52979.70566161562,298.41126983110416
5095000,10190.000001158476,-52816.46825971251,300.18832692785094
5100000,10200.000001160513,-52616.31746323386,301.97418346031935
5105000,10210.00000116255,-53162.14007338244,297.5073387288842
5110000,10220.000001164588,-53094.09863720968,298.9961392944932
5115000,10230.000001166625,-53073.351635758416,294.6754412869458
5120000,10240.000001168662,-53116.611554568546,295.70752716323886
5125000,10250.0000011707,-53044.10607167176,300.95362555476675
5130000,10260.000001172737,-52750.72715668217,286.2989051420159
5135000,10270.000001174774,-53098.659089899564,298.3838266771557
5140000,10280.000001176812,-52755.20762222013,303.70408080098406
5145000,10290.000001178849,-52931.90593041046,304.3863171381134
5150000,10300.000001180886,-52640.12557647546,297.4872253732968
5155000,10310.000001182923,-53067.58997919492,303.9358835564269
5160000,10320.00000118496,-53082.38200180768,306.0579213744396
5165000,10330.000001186998,-53019.252900080435,294.1857064911508
5170000,10340.000001189035,-52724.03964060161,295.4965928922514
5175000,10350.000001191072,-53319.035442860215,295.60662698945885
5180000,10360.00000119311,-52633.0035854438,300.06051394465646
5185000,10370.000001195147,-52651.02254634845,298.5859546326311
5190000,10380.000001197184,-52915.18475811143,292.0348888324765
5195000,10390.000001199222,-52722.35482170619,293.50784387194034
5200000,10400.000001201259,-52812.276986664656,302.79580502622287
5205000,10410.000001203296,-53158.91600946445,298.2652858165075
5210000,10420.000001205333,-52233.88597796176,293.28124612368765
5215000,10430.00000120737,-53196.72674781829,297.2913174985512
5220000,10440.000001209408,-52735.022786360845,300.7937755773204
5225000,10450.000001211445,-52911.59709652566,292.8629911879333
5230000,10460.000001213482,-52946.23112792906,300.7794768841983
5235000,10470.00000121552,-53022.28651218052,308.0825869043839
5240000,10480.000001217557,-52806.37529271556,298.5546276684719
5245000,10490.000001219594,-52475.279531152395,305.57958951956704
5250000,10500.000001221631,-53162.14228157367,291.56708546821363
5255000,10510.000001223669,-53597.23093499246,300.9181107622254
5260000,10520.000001225706,-53159.61566077729,309.1170774441721
5265000,10530.000001227743,-53289.0029984439,296.0547291830425
5270000,10540.00000122978,-53054.70985717527,298.49807299507836
5275000,10550.000001231818,-53192.31495658244,301.0621194223487
5280000,10560.000001233855,-52833.7666624666,298.89657641876573
5285000,10570.000001235892,-52820.44680605325,312.17310127806184
5290000,10580.00000123793,-52661.61650087638,297.1376537420828
5295000,10590.000001239967,-52683.61784232198,302.24407032762514
5300000,10600.000001242004,-53255.705827657424,296.3826938621124
5305000,10610.000001244041,-53061.24937389116,308.80461669810734
5310000,10620.000001246079,-52831.23745712679,298.74273414720733
5315000,10630.000001248116,-53039.524207366456,305.94595065279015
5320000,10640.000001250153,-52942.32058839165,300.3736590097213
5325000,10650.00000125219,-53019.36255612061,298.4285954418454
5330000,10660.000001254228,-52912.804804952146,297.1161155975019
5335000,10670.000001256265,-52771.91979969252,299.0761949050301
5340000,10680.000001258302,-52916.609809454705,297.6664633680309
5345000,10690.00000126034,-52838.97273944295,293.3319912003125
5350000,10700.000001262377,-52925.27472611255,296.86838395467487
5355000,10710.000001264414,-53005.890863862354,300.63499542444976
5360000,10720.000001266451,-52946.86816973612,305.66658589427504
5365000,10730.000001268489,-52704.61112118288,294.2909385038554
5370000,10740.000001270526,-52771.894981473015,297.2625385307401
5375000,10750.000001272563,-53124.257388008846,298.4922804395647
5380000,10760.0000012746,-53321.00596446454,291.93745181758595
5385000,10770.000001276638,-52623.48726418748,298.7310484151599
5390000,10780.000001278675,-52693.53098379317,304.8095077470507
5395000,10790.000001280712,-52914.5556549021,294.0401819385927
5400000,10800.00000128275,-52652.35040860018,299.80646881002235
5405000,10810.000001284787,-52968.86203634032,304.6107449839181
5410000,10820.000001286824,-52938.78044225805,291.9292443482698
5415000,10830.000001288861,-52976.451526978286,308.6268121643162
5420000,10840.000001290899,-52758.68076176639,299.2038367854868
5425000,10850.000001292936,-53174.27148606698,305.7157653216753
5430000,10860.000001294973,-52784.15094570184,301.41996019441996
5435000,10870.00000129701,-52843.37083138965,295.44587573128626
5440000,10880.000001299048,-53323.95161863536,296.4938253920959
5445000,10890.000001301085,-52563.924772782426,300.16946818004135
5450000,10900.000001303122,-52894.41525637984,296.73061352766285
5455000,10910.00000130516,-53262.05361401802,295.92783215363954
5460000,10920.000001307197,-52902.58304999731,304.85387500856757
5465000,10930.000001309234,-52471.992671954795,300.4464391899382
5470000,10940.000001311271,-52938.47398512799,308.0059524465604
5475000,10950.000001313309,-52719.12563650601,305.98986262721183
5480000,10960.000001315346,-52749.26619277883,297.41003250379197
5485000,10970.000001317383,-53082.846145476506,302.0285926005981
5490000,10980.00000131942,-53070.044294301275,294.67188715367644
5495000,10990.000001321458,-53180.38255409294,298.830755758259
5500000,11000.000001323495,-53237.4586868952,302.67917787188793
5505000,11010.000001325532,-52729.89352211714,296.58964286063724
5510000,11020.00000132757,-52855.790272499406,289.4073349309888
5515000,11030.000001329607,-52694.49162840098,299.18463668813536
5520000,11040.000001331644,-52874.39669046775,297.80008317365406
5525000,11050.000001333681,-53084.10723968971,296.9506560405285
5530000,11060.000001335718,-53149.58208319495,293.79050709353845
5535000,11070.000001337756,-53291.237998318626,296.78909538785837
5540000,11080.000001339793,-52649.69586688484,300.2094452461712
5545000,11090.00000134183,-53226.025152733346,298.6411439507426
5550000,11100.000001343868,-52945.28681361553,293.1617030353747
5555000,11110.000001345905,-52757.622187333036,294.7617746213873
5560000,11120.000001347942,-53176.700693231425,299.50747681173834
5565000,11130.00000134998,-52893.738918543415,295.57941458613413
5570000,11140.000001352017,-53186.540290788165,301.5609670423461
5575000,11150.000001354054,-52362.45918863255,297.4469708690402
5580000,11160.000001356091,-52768.27981776884,296.94618942579064
5585000,11170.000001358128,-52682.02679012506,307.09666685708146
5590000,11180.000001360166,-53010.57604289337,299.31979769216235
5595000,11190.000001362203,-53547.011902721104,290.4683753618985
5600000,11200.00000136424,-52935.867504490074,295.23661243711405
5605000,11210.000001366278,-52854.57110036889,298.9865879645108
5610000,11220.000001368315,-52844.01746707593,298.4240906253497
5615000,11230.000001370352,-52929.17443099184,292.53441390992117
5620000,11240.00000137239,-52935.86309176282,297.8302916731996
5625000,11250.000001374427,-52790.35706305588,303.9150313963129
5630000,11260.000001376464,-53090.17804522364,297.0872552663042
5635000,11270.000001378501,-53177.18124207185,302.253337010756
5640000,11280.000001380538,-53110.16949166154,309.44246870642223
5645000,11290.000001382576,-53288.19112709403,297.57076946042105
5650000,11300.000001384613,-52891.5201992591,296.70616504828087
5655000,11310.00000138665,-53278.963475613855,303.02191777609164
5660000,11320.000001388687,-53054.95309589821,303.9626814925587
5665000,11330.000001390725,-52673.522466672526,292.23656562999435
5670000,11340.000001392762,-53246.0626141727,299.5765472891741
5675000,11350.0000013948,-53273.15444426244,304.53860622271094
5680000,11360.000001396837,-52752.072473130305,293.9271970326472
5685000,11370.000001398874,-52917.25879123289,300.33454919250687
5690000,11380.000001400911,-52518.371961211786,301.0671222796289
5695000,11390.000001402948,-53087.7201411509,297.8518395413756
5700000,11400.000001404986,-52804.033546387596,297.80737799683124
5705000,11410.000001407023,-53230.77484259312,295.69020932625466
5710000,11420.00000140906,-52904.70105695556,294.14309781118897
5715000,11430.000001411097,-52974.87881556107,307.28375607200763
5720000,11440.000001413135,-52942.829884574254,297.5412602041396
5725000,11450.000001415172,-52509.68896861558,310.94535942928997
5730000,11460.00000141721,-53112.30557563575,301.13716770998724
5735000,11470.000001419246,-52564.92674745768,291.5078216019119
5740000,11480.000001421284,-53021.78279711009,289.0329234869986
5745000,11490.000001423321,-53158.5473789002,302.91256718778925
5750000,11500.000001425358,-52798.99269475072,292.62486844345574
5755000,11510.000001427396,-53420.86300743374,291.6201857288733
5760000,11520.000001429433,-52459.81567194575,296.2489435358679
5765000,11530.00000143147,-52833.19707991491,295.42980399801047
5770000,11540.000001433507,-52479.00894123255,293.64807354067113
5775000,11550.000001435545,-53241.06202101131,297.8250419224996
5780000,11560.000001437582,-52907.92135183007,297.80524668670074
5785000,11570.00000143962,-53204.64585134329,301.0467188974979
5790000,11580.000001441656,-52958.04025897081,296.59091920953665
5795000,11590.000001443694,-52708.870770613896,297.7884045635977
5800000,11600.000001445731,-53416.23550260704,301.39990510457847
5805000,11610.000001447768,-52605.67981648937,291.0297401532897
5810000,11620.000001449805,-53039.069388674805,298.7659333236182
5815000,11630.000001451843,-52813.09667882876,299.7577640927906
5820000,11640.00000145388,-53337.58260943316,296.4402710057888
5825000,11650.000001455917,-53096.03451861857,295.74419723550864
5830000,11660.000001457955,-52732.320065301494,300.2513410820948
5835000,11670.000001459992,-53054.12275278405,290.38285850205614
5840000,11680.00000146203,-52695.440260522184,309.0372949172369
5845000,11690.000001464066,-53430.36105175404,313.9587465998151
5850000,11700.000001466104,-52669.91890421085,294.59343748268674
5855000,11710.00000146814,-52613.25625830429,293.7719582109662
5860000,11720.000001470178,-52891.99919579341,299.7456277803907
5865000,11730.000001472215,-52952.52912236721,293.8550430485874
5870000,11740.000001474253,-53119.939711413695,301.69881471808094
5875000,11750.00000147629,-52783.14867714222,291.163207425843
5880000,11760.000001478327,-53111.456486937765,300.8302639870919
5885000,11770.000001480365,-53005.03118786414,293.0002585704339
5890000,11780.000001482402,-52894.71578299868,288.1012719107402
5895000,11790.000001484439,-52763.46957944622,289.2771337879397
5900000,11800.000001486476,-52819.80480626982,301.59670546988065
5905000,11810.000001488514,-53330.83167110625,298.10021826961054
5910000,11820.00000149055,-52839.30424819369,294.9884814029376
5915000,11830.000001492588,-52939.50783409522,295.8223157750784
5920000,11840.000001494625,-53025.86431897621,296.608560094005
5925000,11850.000001496663,-53010.365979007765,293.9015410491083
5930000,11860.0000014987,-53381.60458482566,301.78684694038066
5935000,11870.000001500737,-53136.687340308534,302.39932544332777
5940000,11880.000001502774,-52213.358521481714,305.0409060805093
5945000,11890.000001504812,-53108.733296083694,300.59899668091987
5950000,11900.000001506849,-53140.742916877265,291.0252042095882
5955000,11910.000001508886,-52862.58336233339,291.67159892318494
5960000,11920.000001510924,-52789.92958981369,288.39247273329005
5965000,11930.00000151296,-53279.37440891407,298.63632589163564
5970000,11940.000001514998,-52901.33424047931,295.26910148706366
5975000,11950.000001517035,-52641.40957180521,302.33715127093603
5980000,11960.000001519073,-52919.32406798791,298.45935154400155
5985000,11970.00000152111,-52828.82154450548,303.4973873085587
5990000,11980.000001523147,-53138.65131186039,304.8475389251917
5995000,11990.000001525184,-52922.07500175305,301.04320554573553
6000000,12000.000001527222,-52646.59386106301,296.7839837796187
6005000,12010.000001529259,-53210.26166513056,299.76106424057906
6010000,12020.000001531296,-52526.56283939388,307.52339166490606
6015000,12030.000001533333,-53125.563398784085,296.34689900775953
6020000,12040.00000153537,-52828.375869870826,297.54197595623407
6025000,12050.000001537408,-52579.014301784046,298.51824844723836
6030000,12060.000001539445,-53079.96406618532,302.44359188778355
6035000,12070.000001541483,-52481.51241944553,294.99298694142703
6040000,12080.00000154352,-52704.644860863016,299.4189022343235
6045000,12090.000001545557,-53187.609972996695,291.1438045558689
6050000,12100.000001547594,-53153.63742277661,296.39988501887035
6055000,12110.000001549632,-52490.07123484803,298.3506693986221
6060000,12120.000001551669,-53127.803895441175,306.7916111725669
6065000,12130.000001553706,-53096.839906481444,295.94831884298037
6070000,12140.000001555743,-52967.68938306073,294.99629820104207
6075000,12150.00000155778,-53062.26970759922,300.59658365457886
6080000,12160.000001559818,-53274.61055691226,293.3708021373096
6085000,12170.000001561855,-52972.755704621115,301.91522650537155
6090000,12180.000001563893,-52578.97778235699,293.7176371384548
6095000,12190.00000156593,-53170.99014158832,299.3191140995443
6100000,12200.000001567967,-52917.86945626646,295.6943445267656
6105000,12210.000001570004,-52661.83988836943,299.8777475537852
6110000,12220.000001572042,-53107.765122965764,293.655809681187
6115000,12230.000001574079,-53164.293820801395,293.35383086993255
6120000,12240.000001576116,-52993.66673525015,299.6307348348829
6125000,12250.000001578153,-52882.901593917195,292.9232665590144
6130000,12260.00000158019,-52852.820295863756,301.1843166841431
6135000,12270.000001582228,-53061.52095450368,294.18304372020225
6140000,12280.000001584265,-52958.68297167006,304.56425713730255
6145000,12290.000001586302,-53299.13285306137,292.56904744972906
6150000,12300.00000158834,-52829.502401363716,297.8251262933223
6155000,12310.000001590377,-52750.27298830275,300.5397289084963
6160000,12320.000001592414,-52843.324582991336,303.6733280248328
6165000,12330.000001594452,-53059.61339825226,299.2460599978746
6170000,12340.000001596489,-52620.938127200585,292.71150492827906
6175000,12350.000001598526,-52475.339888071176,296.4954320478227
6180000,12360.000001600563,-53069.26912933949,301.67118585192003
6185000,12370.0000016026,-52802.50590051216,301.96481128159576
6190000,12380.000001604638,-52517.74335367553,295.8438021738934
6195000,12390.000001606675,-52667.39165368138,300.5995082348495
6200000,12400.000001608712,-52350.210220824054,295.981720479332
6205000,12410.00000161075,-53262.63878185421,293.0103200784442
6210000,12420.000001612787,-52764.41447798567,318.0315149378139
6215000,12430.000001614824,-53291.602728685364,300.11636874406594
6220000,12440.000001616861,-52880.19753991056,306.0128054465243
6225000,12450.000001618899,-52870.21178182709,301.8357370065066
6230000,12460.000001620936,-53039.241025314346,305.90314153524054
6235000,12470.000001622973,-53081.13070028447,302.82017012177016
6240000,12480.00000162501,-52715.59824823434,290.44779191831026
6245000,12490.000001627048,-53307.752166791965,301.6489745884607
6250000,12500.000001629085,-52847.780993787805,299.1962593108191
6255000,12510.000001631122,-53055.8476473421,301.53235745277027
6260000,12520.00000163316,-53037.44955208551,299.7371884384102
6265000,12530.000001635197,-53020.81518792483,294.28954448730235
6270000,12540.000001637234,-52935.89228907027,304.1918401530216
6275000,12550.000001639271,-52882.39627667877,304.3373188838479
6280000,12560.000001641309,-53029.61295205634,297.9407152296679
6285000,12570.000001643346,-52928.02955554944,294.52476120044594
6290000,12580.000001645383,-52636.862447529275,294.417704324549
6295000,12590.00000164742,-52850.18013191121,296.68389704677554
6300000,12600.000001649458,-53107.46493241796,291.95297670557
6305000,12610.000001651495,-53105.69442987171,301.3410116536177
6310000,12620.000001653532,-52572.22726820741,297.6476875126793
6315000,12630.00000165557,-52899.723529272684,294.34970077523786
6320000,12640.000001657607,-53161.61584430022,294.66000230480773
6325000,12650.000001659644,-52969.627262144466,292.7480145644576
6330000,12660.000001661681,-52920.37712729914,298.4897573154491
6335000,12670.000001663719,-53099.036615540535,291.58864081895234
6340000,12680.000001665756,-52814.138548026676,299.7459390830967
6345000,12690.000001667793,-53296.268634014355,307.7966578417722
6350000,12700.00000166983,-52872.6163522079,295.35018450057424
6355000,12710.000001671868,-52618.83076657515,301.32484029623436
6360000,12720.000001673905,-53170.13272833274,298.99102573223195
6365000,12730.000001675942,-52479.909241813235,293.14441589341436
6370000,12740.00000167798,-52763.35158142753,300.56963438790535
6375000,12750.000001680017,-52749.18717253249,306.12242930135574
6380000,12760.000001682054,-53185.7657436796,299.8061413226017
6385000,12770.000001684091,-53261.28352381417,301.4304974340795
6390000,12780.000001686129,-52742.86499820548,297.31479188452636
6395000,12790.000001688166,-52460.738087900216,304.3849428470355
6400000,12800.000001690203,-52760.11872764758,292.1993514963502
6405000,12810.00000169224,-52813.79713689358,296.98517891197724
6410000,12820.000001694278,-52812.96286440996,295.8598125800444
6415000,12830.000001696315,-53239.95257846126,308.1993781836626
6420000,12840.000001698352,-53235.16292526023,301.8240851066213
6425000,12850.00000170039,-52632.106155313435,299.6990067075553
6430000,12860.000001702427,-52981.29236944992,304.97810704157405
6435000,12870.000001704464,-53295.717686192394,300.0101593028965
6440000,12880.000001706501,-52745.36577112693,308.4196181491659
6445000,12890.000001708539,-52632.23202783227,301.24727897156885
6450000,12900.000001710576,-52715.57613973791,305.6918850008142
6455000,12910.000001712613,-53197.32029434928,297.0795566571521
6460000,12920.00000171465,-53223.9277878445,299.2968678369184
6465000,12930.000001716688,-52991.52128928725,302.39534069559113
6470000,12940.000001718725,-53120.00843744428,298.505896034514
6475000,12950.000001720762,-52819.316406252445,305.20386591621235
6480000,12960.0000017228,-52821.144609924,294.08463886531604
6485000,12970.000001724837,-53102.790243957774,296.1060129902229
6490000,12980.000001726874,-52805.44325055313,302.16950416161376
6495000,12990.000001728911,-52853.61355201475,298.3450323405106
6500000,13000.000001730948,-52749.623640393635,299.11991251823883
6505000,13010.000001732986,-52871.20285739354,300.860391333944
6510000,13020.000001735023,-52953.938729250134,298.95717148415383
6515000,13030.00000173706,-52968.77205587999,295.80958216244113
6520000,13040.000001739098,-52676.7150894035,298.3497616673128
6525000,13050.000001741135,-52903.13454032256,298.69734715507224
6530000,13060.000001743172,-53141.15122299906,299.1804147052152
6535000,13070.00000174521,-52891.26500220006,305.2664185042742
6540000,13080.000001747247,-52687.44045267586,296.0414658315092
6545000,13090.000001749284,-52774.01571589339,297.3394437213747
6550000,13100.000001751321,-52857.273063511384,302.9516064842104
6555000,13110.000001753358,-52867.66448938707,306.4421717464878
6560000,13120.000001755396,-53239.584837373666,295.4548398272725
6565000,13130.000001757433,-52812.98512819744,309.3935187493193
6570000,13140.00000175947,-52968.13853305159,298.7170566761818
6575000,13150.000001761508,-53337.12314475799,287.83518507481267
6580000,13160.000001763545,-53259.81885337495,298.69972669123075
6585000,13170.000001765582,-52999.78037046283,296.9725812899055
6590000,13180.00000176762,-53115.67973616239,295.1610000269882
6595000,13190.000001769657,-53097.868916819716,302.92928405751053
6600000,13200.000001771694,-52600.65681359664,303.6887956759034
6605000,13210.000001773731,-52611.34888106643,301.7314723711138
6610000,13220.000001775768,-52708.98042564909,307.97462699584185
6615000,13230.000001777806,-53065.79411947657,301.9704024297
6620000,13240.000001779843,-52864.69680871733,300.89143384690107
6625000,13250.00000178188,-52973.22406800592,292.59811441041245
6630000,13260.000001783917,-53181.34572213312,303.56140694584263
6635000,13270.000001785955,-52941.258738109784,308.189596598561
6640000,13280.000001787992,-52686.34812818703,301.8272701779775
6645000,13290.00000179003,-52687.640940354,300.09218687874636
6650000,13300.000001792067,-52447.41877891743,296.2134073002839
6655000,13310.000001794104,-53102.192682598514,306.81462832825497
6660000,13320.000001796141,-53031.93389107307,297.45066085418574
6665000,13330.000001798178,-53033.9156256197,292.2645667956005
6670000,13340.000001800216,-53107.52997909475,301.359549230535
6675000,13350.000001802253,-52905.07963605982,300.22503897865766
6680000,13360.00000180429,-52811.709651085606,302.5826129178203
6685000,13370.000001806327,-52727.60835295782,309.1240901895758
6690000,13380.000001808365,-52991.89133961091,299.72838766811526
6695000,13390.000001810402,-52848.45595979979,304.48965177370246
6700000,13400.00000181244,-52815.125431298045,291.9027887414115
6705000,13410.000001814476,-53171.55220181047,299.7336029666057
6710000,13420.000001816514,-52719.59825467641,303.19446804849235
6715000,13430.000001818551,-52935.03812321718,297.8729278122934
6720000,13440.000001820588,-52720.30368291261,306.750260443981
6725000,13450.000001822626,-52843.465994354105,301.1700196018199
6730000,13460.000001824663,-52927.18318500105,296.40665729605814
6735000,13470.0000018267,-53104.032980823744,297.1948189805195
6740000,13480.000001828737,-52380.99636683613,294.54401904372236
6745000,13490.000001830775,-53140.878032368346,296.0269735309203
6750000,13500.000001832812,-52930.11672211203,296.3011684850049
6755000,13510.00000183485,-52844.83823572757,291.1094049781718
6760000,13520.000001836886,-52778.136014026386,298.6350775917422
6765000,13530.000001838924,-52808.36967588193,300.5178291059493
6770000,13540.000001840961,-53092.90990814331,299.6838425065299
6775000,13550.000001842998,-52952.230776182085,307.5512800164895
6780000,13560.000001845036,-52914.927192444506,308.134685918084
6785000,13570.000001847073,-52994.55027100124,299.79813971644023
6790000,13580.00000184911,-52703.35661427601,304.69540828486737
6795000,13590.000001851147,-53010.0147088957,297.57232078387807
6800000,13600.000001853185,-53126.59973904898,304.5524899165017
6805000,13610.000001855222,-52898.9463675241,299.131437925195
6810000,13620.00000185726,-52634.69523514653,295.2303100991551
6815000,13630.000001859296,-52896.55130334408,296.54863886538834
6820000,13640.000001861334,-53094.544300850015,297.02433370368476
6825000,13650.000001863371,-53159.32508227628,296.8497052055286
6830000,13660.000001865408,-53039.107603766985,294.22934954570525
6835000,13670.000001867445,-53130.63408498358,304.033928581751
6840000,13680.000001869483,-52600.291687511344,295.2785827575475
6845000,13690.00000187152,-53206.00760787353,291.0057105316962
6850000,13700.000001873557,-52827.285628435086,298.7447541257046
6855000,13710.000001875595,-53147.54800344526,291.5884693962136
6860000,13720.000001877632,-53248.61157862976,303.2844300632132
6865000,13730.000001879669,-52832.16888333045,297.6497094731996
6870000,13740.000001881706,-52807.557290187775,293.6901469240452
6875000,13750.000001883744,-52775.40145114006,305.48603719773183
6880000,13760.00000188578,-52981.4089700779,306.81662369374516
6885000,13770.000001887818,-52631.534857595514,305.21751368389357
6890000,13780.000001889855,-52710.029403759545,296.03443975185445
6895000,13790.000001891893,-52930.66723516342,295.7681559670461
6900000,13800.00000189393,-53235.33471574477,307.6580976763061
6905000,13810.000001895967,-52976.91461537796,300.4834077428074
6910000,13820.000001898004,-53082.19039718062,297.8231540991341
6915000,13830.000001900042,-53041.63722891643,297.0324912998695
6920000,13840.000001902079,-52924.79969044446,289.63255162769184
6925000,13850.000001904116,-52853.215192510834,302.9008193113443
6930000,13860.000001906154,-52773.14281874709,302.28997642782406
6935000,13870.00000190819,-53241.350736979046,303.5406790968888
6940000,13880.000001910228,-52585.080213349516,288.75022298059156
6945000,13890.000001912265,-52625.21463889291,297.552358012584
6950000,13900.000001914303,-52901.212568229035,302.13487869059566
6955000,13910.00000191634,-52963.684209210885,302.2427282381769
6960000,13920.000001918377,-52865.373758605565,294.8017052290623
6965000,13930.000001920414,-53025.69976156243,297.2121224252067
6970000,13940.000001922452,-52975.138497440144,297.06199391054264
6975000,13950.000001924489,-52618.790380052815,304.37306551989246
6980000,13960.000001926526,-52905.51944899114,292.7401277666377
6985000,13970.000001928564,-53058.05471221631,301.91524361588785
6990000,13980.0000019306,-52870.30351925938,298.15266835069184
6995000,13990.000001932638,-52739.000874989695,304.8357554197737
7000000,14000.000001934675,-52637.08296732977,306.8869417866235
7005000,14010.000001936713,-53320.226303605654,297.9195468538543
7010000,14020.00000193875,-52913.94968774074,291.39388272174557
7015000,14030.000001940787,-52549.68926124324,295.4952986181686
7020000,14040.000001942824,-52632.80349173129,302.96387100799177
7025000,14050.000001944862,-52743.37735396126,293.18686509974174
7030000,14060.000001946899,-53025.335228497366,297.19990730290147
7035000,14070.000001948936,-52575.96667598124,300.7834815919705
7040000,14080.000001950973,-52873.61000085698,295.4501040717282
7045000,14090.00000195301,-52585.958765144314,294.1292619215129
7050000,14100.000001955048,-52270.86502606436,297.73821281094075
7055000,14110.000001957085,-52840.228144518915,298.98128382195443
7060000,14120.000001959123,-53036.9328120639,296.7212862036865
7065000,14130.00000196116,-52840.22742275242,294.4215030662812
7070000,14140.000001963197,-53038.581134668086,304.8892095806034
7075000,14150.000001965234,-52769.45078438346,296.48893885037563
7080000,14160.000001967272,-52789.94681598997,302.0400767181694
7085000,14170.000001969309,-52890.66568382256,297.2469336349619
7090000,14180.000001971346,-53126.86591025212,307.6569720920939
7095000,14190.000001973383,-52874.62506183263,295.32445774305717
7100000,14200.00000197542,-53259.94281818479,291.6182915680608
7105000,14210.000001977458,-53231.40455300413,294.3245977984244
7110000,14220.000001979495,-52807.35692937861,299.7571982344547
7115000,14230.000001981532,-53021.25951663472,300.07727269666685
7120000,14240.00000198357,-52814.070031391864,303.6016094451676
7125000,14250.000001985607,-52810.27425267076,305.4606052673127
7130000,14260.000001987644,-52530.40334664451,300.2668239055904
7135000,14270.000001989682,-52689.77974923671,305.80910970486184
7140000,14280.000001991719,-53128.07803825874,298.67941522647135
7145000,14290.000001993756,-52671.29052178055,313.0100885045071
7150000,14300.000001995793,-52930.56037558871,296.49875282603386
7155000,14310.00000199783,-52923.78681229302,303.49271981131534
7160000,14320.000001999868,-53321.40980214666,295.3013349689434
7165000,14330.000002001905,-52369.926620578684,296.8359712325505
7170000,14340.000002003942,-53288.2823230068,299.09888984230565
7175000,14350.00000200598,-52891.18410904921,286.30474774102987
7180000,14360.000002008017,-53278.373209069454,298.141161241065
7185000,14370.000002010054,-52510.23524343333,291.88397663544276
7190000,14380.000002012091,-52904.06461962356,294.2744666733731
7195000,14390.000002014129,-52738.12678978633,305.8217203535189
7200000,14400.000002016166,-52902.170265912835,292.7210735941005
7205000,14410.000002018203,-53234.233968710236,299.2043452590666
7210000,14420.00000202024,-52695.20848123357,296.17148279273044
7215000,14430.000002022278,-52781.96210374535,301.00205598503265
7220000,14440.000002024315,-52664.60141091701,301.2819273416321
7225000,14450.000002026352,-52990.015601897554,298.131383281483
7230000,14460.00000202839,-52959.413785032404,301.32451752597393
7235000,14470.000002030427,-53086.163200882205,302.9156233806582
7240000,14480.000002032464,-53010.608435709495,296.2826398090722
7245000,14490.000002034501,-52897.51914720802,297.7369271129066
7250000,14500.000002036539,-53327.58324938538,299.1576458584367
7255000,14510.000002038576,-52859.05390440114,296.80291850763126
7260000,14520.000002040613,-52979.35588724271,298.78151774498644
7265000,14530.00000204265,-52626.33866797353,295.5968684996586
7270000,14540.000002044688,-52906.89617719094,302.92257174113615
7275000,14550.000002046725,-52645.5500962814,300.8357158264873
7280000,14560.000002048762,-52661.4415065115,298.63728054315027
7285000,14570.0000020508,-52658.74166013347,297.11545688453344
7290000,14580.000002052837,-53029.08368164432,291.90263291088644
7295000,14590.000002054874,-52959.8996941456,292.84659679006023
7300000,14600.000002056911,-52642.59505497172,298.4335635540969
7305000,14610.000002058949,-53099.020700317225,292.7801966570554
7310000,14620.000002060986,-53080.304127911426,300.6291432473069
7315000,14630.000002063023,-53016.25437908311,298.8712176617853
7320000,14640.00000206506,-53352.228342031915,301.5849116755884
7325000,14650.000002067098,-52735.922642666585,297.24920708742803
7330000,14660.000002069135,-53251.22495870726,303.8783800689313
7335000,14670.000002071172,-52362.093671886396,292.15283026015504
7340000,14680.00000207321,-52660.2963460327,301.4123974424507
7345000,14690.000002075247,-52726.75473880189,297.4889868983872
7350000,14700.000002077284,-53203.46497329831,298.26719844171237
7355000,14710.000002079321,-53105.09315530135,294.26547267710214
7360000,14720.000002081359,-53137.36333797051,292.944537163933
7365000,14730.000002083396,-52610.63797730088,300.5323426367083
7370000,14740.000002085433,-53005.59475556383,305.94820444581217
7375000,14750.00000208747,-52787.71436330539,299.4748186008486
7380000,14760.000002089508,-52755.63502455782,306.4984258488472
7385000,14770.000002091545,-52976.68650174831,296.5148945037141
7390000,14780.000002093582,-52818.34079960926,291.51497465123555
7395000,14790.00000209562,-53108.257394113316,298.29471551772565
7400000,14800.000002097657,-52697.01475241201,292.4085907372919
7405000,14810.000002099694,-53106.38155609529,297.5282299036544
7410000,14820.000002101731,-52918.11852030005,302.9162082039332
7415000,14830.000002103769,-52846.26547933533,300.3540030175286
7420000,14840.000002105806,-52538.66744634128,295.33830046850613
7425000,14850.000002107843,-53075.61190027886,294.75539367611265
7430000,14860.00000210988,-53041.39330708922,293.2992780916629
7435000,14870.000002111918,-52717.369377136754,304.2441875961546
7440000,14880.000002113955,-52903.192843266326,298.60815193593146
7445000,14890.000002115992,-53211.97885258813,302.862244904007
7450000,14900.00000211803,-52942.421158934216,307.278323803955
7455000,14910.000002120067,-52617.28830038619,293.47479354146077
7460000,14920.000002122104,-53008.16194805305,303.1833305299844
7465000,14930.000002124141,-53370.3795922304,287.35959128377425
7470000,14940.000002126179,-53179.26098434703,297.88880262737473
7475000,14950.000002128216,-53200.87999125212,285.4077966729243
7480000,14960.000002130253,-53087.322131465015,310.1769991134165
7485000,14970.00000213229,-52691.66862176437,298.9851725426641
7490000,14980.000002134328,-52978.09394730523,300.0212048119653
7495000,14990.000002136365,-53002.55865872948,300.99082826854664
7500000,15000.000002138402,-53044.18656525409,294.2397761430984
7505000,15010.00000214044,-53023.114269427984,299.7851445829276
7510000,15020.000002142477,-52806.16012702577,300.7976336939785
7515000,15030.000002144514,-53007.1246767682,296.5987844764299
7520000,15040.000002146551,-53145.37503166785,298.57320622698273
7525000,15050.000002148588,-52660.42747841595,295.19218731331637
7530000,15060.000002150626,-52853.87142789856,295.61448883876926
7535000,15070.000002152663,-52796.72268925997,298.7574812953962
7540000,15080.0000021547,-53069.654875785374,300.42759254314126
7545000,15090.000002156738,-53014.00251213979,294.4518325789235
7550000,15100.000002158775,-53007.08356689615,298.70827653170755
7555000,15110.000002160812,-53142.450775111065,299.0532481944945
7560000,15120.00000216285,-52701.22200048095,297.5091198454574
7565000,15130.000002164887,-53211.396399765305,301.08548823069214
7570000,15140.000002166924,-53147.330160985526,299.1507045351532
7575000,15150.000002168961,-52668.02833032969,305.6793010185756
7580000,15160.000002170998,-53123.972520490934,300.92613431052104
7585000,15170.000002173036,-53090.0542228416,311.1268858637708
7590000,15180.000002175073,-52916.416045995546,302.5010980433495
7595000,15190.00000217711,-52647.855735162855,294.231448782084
7600000,15200.000002179147,-53084.81361092703,291.95983172062165
7605000,15210.000002181185,-53221.91523568818,300.46753926803274
7610000,15220.000002183222,-53104.805031523545,299.8831783039607
7615000,15230.00000218526,-52849.2711046756,300.1545986131941
7620000,15240.000002187297,-52615.20472573998,299.5147245663847
7625000,15250.000002189334,-52678.88866005317,292.9528177124595
7630000,15260.000002191371,-52869.64491396988,296.511899188337
7635000,15270.000002193408,-52735.165250620135,306.10779029797345
7640000,15280.000002195446,-52910.336311970954,306.25170808616366
7645000,15290.000002197483,-53133.25626833152,294.4780117153649
7650000,15300.00000219952,-52739.283791357826,298.3667578652956
7655000,15310.000002201557,-52952.30460321365,299.8527991839478
7660000,15320.000002203595,-53037.878655346285,299.04906493253736
7665000,15330.000002205632,-52459.029222784884,288.9547073212821
7670000,15340.00000220767,-52804.89519702215,304.3261076303083
7675000,15350.000002209707,-52895.76115948608,301.2295615718218
7680000,15360.000002211744,-52925.8682858737,297.567027455209
7685000,15370.000002213781,-52789.727121176664,299.09556414440743
7690000,15380.000002215818,-52870.94497145369,297.83688446960116
7695000,15390.000002217856,-52633.43561486754,299.96058987084626
7700000,15400.000002219893,-52539.46573665127,303.17197665048354
7705000,15410.00000222193,-53060.041103652475,295.4137798198588
7710000,15420.000002223967,-52694.82552715784,291.37928757546956
7715000,15430.000002226005,-53079.08821727897,291.8371104825729
7720000,15440.000002228042,-53429.387622582464,302.6859809471155
7725000,15450.00000223008,-52849.50461525025,304.72313795260004
7730000,15460.000002232116,-52749.15524744004,296.31529269422373
7735000,15470.000002234154,-53017.857185993955,302.7856575477689
7740000,15480.000002236191,-52990.20034876364,292.5468031680984
7745000,15490.000002238228,-52808.39252689222,300.09716020043743
7750000,15500.000002240266,-52692.13743424011,295.58151293757135
7755000,15510.000002242303,-52667.134107927675,297.33801612600286
7760000,15520.00000224434,-52898.91596524304,301.73581925492397
7765000,15530.000002246377,-52722.501924755634,300.71053426408434
7770000,15540.000002248415,-52933.844275259034,299.5558480975041
7775000,15550.000002250452,-52412.116737259086,311.6695618911524
7780000,15560.00000225249,-53043.67713454171,293.61057477560115
7785000,15570.000002254526,-53254.46817660399,297.0675432541927
7790000,15580.000002256564,-52886.15315066869,294.00210689626374
7795000,15590.000002258601,-52963.36715086328,298.1785818020942
7800000,15600.000002260638,-53086.07456538614,301.11614200412674
7805000,15610.000002262675,-53334.094203778484,299.9434883045568
7810000,15620.000002264713,-52994.43488196732,303.29572174897623
7815000,15630.00000226675,-53275.38767629312,301.32079678764603
7820000,15640.000002268787,-52644.41298009339,298.1427387287413
7825000,15650.000002270825,-52752.46791906963,312.7969557085437
7830000,15660.000002272862,-52905.75181686567,300.3456751647993
7835000,15670.000002274899,-52308.71830560404,297.4387288737094
7840000,15680.000002276936,-53034.93263752974,300.3746684563952
7845000,15690.000002278974,-52583.175802268874,297.53045332724685
7850000,15700.00000228101,-53140.601116355014,295.6491165491486
7855000,15710.000002283048,-53261.63512840212,300.65466027118555
7860000,15720.000002285085,-52750.02373759367,302.7839689762247
7865000,15730.000002287123,-53164.768623211654,299.34134220668057
7870000,15740.00000228916,-52325.84796321925,297.82951716397287
7875000,15750.000002291197,-52714.833096759714,295.7008470622055
7880000,15760.000002293235,-52842.19668660592,303.9049938378024
7885000,15770.000002295272,-52738.15345981342,293.9851109334591
7890000,15780.000002297309,-52746.74746513445,297.36348750108897
7895000,15790.000002299346,-53306.834803535865,305.139178161506
7900000,15800.000002301384,-52865.51610874513,298.6600353657318
7905000,15810.00000230342,-53046.721080274205,295.2290188597408
7910000,15820.000002305458,-52870.880409319856,302.5048293430813
7915000,15830.000002307495,-52669.97606088832,304.21758622132074
7920000,15840.000002309533,-52712.311035452876,298.2926288803102
7925000,15850.00000231157,-52879.210095132905,301.7574598168558
7930000,15860.000002313607,-52867.90414705491,296.6699971956193
7935000,15870.000002315644,-52757.33701376818,298.77189193006154
7940000,15880.000002317682,-52797.81379164156,302.90683406035606
7945000,15890.000002319719,-52867.37189663091,292.9263144264015
7950000,15900.000002321756,-52789.149218971725,291.97592933157273
7955000,15910.000002323794,-52947.59587053172,290.35700516222255
7960000,15920.00000232583,-53084.47007915325,300.7580654867884
7965000,15930.000002327868,-52469.82431295165,299.0950766661037
7970000,15940.000002329905,-53213.67734118839,302.21321483516107
7975000,15950.000002331943,-52971.92485386442,302.9234155854547
7980000,15960.00000233398,-52963.96587660725,294.1289998659415
7985000,15970.000002336017,-52478.24979821622,301.0590543753086
7990000,15980.000002338054,-52805.378612102766,295.2536433546268
7995000,15990.000002340092,-52809.55265649795,301.64597895803644
8000000,16000.000002342129,-52835.87502502391,301.7715352044768
8005000,16010.000002344166,-52988.73325696358,307.2702883458134
8010000,16020.000002346203,-52950.18102077482,299.40704955609647
8015000,16030.00000234824,-52837.884075331036,292.4087804784275
8020000,16040.000002350278,-52870.87595531749,295.38319748795465
8025000,16050.000002352315,-53025.14976161427,294.36300671736103
8030000,16060.000002354353,-52752.06366079982,299.82537410661325
8035000,16070.00000235639,-52612.01659565116,296.90915796292643
8040000,16080.000002358427,-53160.75152925862,300.2668652173837
8045000,16090.000002360464,-52611.95725587613,299.8919945799528
8050000,16100.000002362502,-52953.75395019949,299.7775936602952
8055000,16110.000002364539,-52677.72615412611,297.3427218737647
8060000,16120.000002366576,-53029.06949589669,296.7719298147331
8065000,16130.000002368613,-52800.15737887673,306.053380696036
8070000,16140.00000237065,-53441.37435563098,297.8927255111134
8075000,16150.000002372688,-52861.62342324236,299.7306800231113
8080000,16160.000002374725,-53114.75603788847,303.8890287128867
8085000,16170.000002376762,-53067.26143163082,292.7874797338053
8090000,16180.0000023788,-52990.43262244956,293.23708206544813
8095000,16190.000002380837,-52865.87518789995,303.3749083109327
8100000,16200.000002382874,-52883.14614220025,302.9245366878523
8105000,16210.000002384912,-53146.192444189684,293.27834895854585
8110000,16220.000002386949,-52637.36375632169,296.9879295510695
8115000,16230.000002388986,-53152.2595407397,297.0013444717083
8120000,16240.000002391023,-52633.853634729865,306.791404488756
8125000,16250.00000239306,-52726.44025278691,307.9939028798186
8130000,16260.000002395098,-52846.12656871264,304.9150368831453
8135000,16270.000002397135,-52810.76662001049,298.6504510985289
8140000,16280.000002399172,-53416.2822621364,292.12731976363415
8145000,16290.00000240121,-52864.71944105433,293.6945255123587
8150000,16300.000002403247,-53044.13910607953,297.26706008579356
8155000,16310.000002405284,-53091.737062722124,299.286716102413
8160000,16320.000002407322,-52811.572367426124,293.60991191199975
8165000,16330.000002409359,-52490.46252968596,301.94798184498035
8170000,16340.000002411396,-52716.567732626456,300.2970735912443
8175000,16350.000002413433,-52694.74902792083,296.8780787299472
8180000,16360.00000241547,-52974.89741910633,308.4011289778721
8185000,16370.000002417508,-52808.200168899726,288.78643775296945
8190000,16380.000002419545,-52809.47970077701,305.15782014637733
8195000,16390.00000242158,-52575.40596972569,296.36512974648093
8200000,16400.000002423618,-52929.99034570891,294.82029548834777
8205000,16410.000002425655,-52755.41038045671,301.76569605233396
8210000,16420.000002427692,-53027.786482775235,292.2083635206569
8215000,16430.00000242973,-52811.19306294646,293.66490549816507
8220000,16440.000002431767,-52695.71226758111,294.6547770435193
8225000,16450.000002433804,-52827.61223292048,292.63611338129294
8230000,16460.00000243584,-53070.64167750423,291.9071870302098
8235000,16470.00000243788,-53244.99053044486,298.13212553823087
8240000,16480.000002439916,-53040.720245018485,294.17324048488194
8245000,16490.000002441953,-52899.5530033168,304.1875536885923
8250000,16500.00000244399,-53057.99358088622,299.31629205944444
8255000,16510.000002446028,-53148.90897626121,304.43705855832206
8260000,16520.000002448065,-52945.59032325406,299.65676671687913
8265000,16530.000002450102,-53177.27203440957,304.20789299188124
8270000,16540.00000245214,-53045.66363744781,305.13769444809805
8275000,16550.000002454177,-52803.47707124724,295.3105939698427
8280000,16560.000002456214,-52895.794851919025,304.7362340320004
8285000,16570.00000245825,-52557.648986130574,292.38655583942455
8290000,16580.00000246029,-53154.97662311606,299.2794622722995
8295000,16590.000002462326,-52894.66231728019,306.63441566080905
8300000,16600.000002464363,-52851.378061625,307.89798091968726
8305000,16610.0000024664,-52872.36337863607,291.4811836529833
8310000,16620.000002468438,-52584.85860962543,296.8626195527424
8315000,16630.000002470475,-52782.028088765626,307.42995079065906
8320000,16640.000002472512,-53148.50385833817,300.4490645867696
8325000,16650.00000247455,-53004.73942985947,298.4447210847916
8330000,16660.000002476587,-52973.990685627854,296.31973555439833
8335000,16670.000002478624,-53270.48319869256,294.2722218762307
8340000,16680.00000248066,-52806.66561076528,298.76788865179043
8345000,16690.0000024827,-52878.19237379881,300.9027987264456
8350000,16700.000002484736,-52828.7816653201,298.50508800023925
8355000,16710.000002486773,-52727.34045478245,299.32359855382253
8360000,16720.00000248881,-53084.53750782402,302.0517327177524
8365000,16730.000002490848,-53045.29660163526,302.6323336400384
8370000,16740.000002492885,-52575.03953634636,304.7182107565633
8375000,16750.000002494922,-52870.57734140515,302.5471970323159
8380000,16760.00000249696,-53039.12809001058,289.64746392472347
8385000,16770.000002498997,-53075.735548797325,299.13020873462057
8390000,16780.000002501034,-53100.941876358294,292.704777053671
8395000,16790.00000250307,-52999.234648499405,300.3040331387975
8400000,16800.00000250511,-52659.1217554115,300.1550065816387
8405000,16810.000002507146,-52922.44816060818,295.93623724901846
8410000,16820.000002509183,-52948.6596860484,299.5510886670043
8415000,16830.00000251122,-52410.420579068945,290.43562441485835
8420000,16840.000002513258,-53030.22469407244,296.2813698923306
8425000,16850.000002515295,-52979.059724947525,298.85796346647294
8430000,16860.000002517332,-52891.2183128419,294.22748278696537
8435000,16870.00000251937,-52778.67418579559,299.59711106910316
8440000,16880.000002521407,-52976.227300256665,292.09508648464123
8445000,16890.000002523444,-52719.159391621244,297.9171878685557
8450000,16900.00000252548,-52851.31074690059,296.93008414180684
8455000,16910.00000252752,-53086.532780100184,297.89686555116515
8460000,16920.000002529556,-53356.595853520324,296.7378956250922
8465000,16930.000002531593,-52694.80379938817,309.0508620018556
8470000,16940.00000253363,-52961.39144591536,295.72603486564066
8475000,16950.000002535668,-52823.77962077319,298.88254001968204
8480000,16960.000002537705,-53182.97530399586,298.83764898495093
8485000,16970.000002539742,-52506.46152089906,297.0384336571697
8490000,16980.00000254178,-53280.62439891492,297.0894057053119
8495000,16990.000002543817,-52995.203824033175,294.3071920610558
8500000,17000.000002545854,-52860.954793413985,299.12844378425496
8505000,17010.00000254789,-53423.867726777244,299.2412312787735
8510000,17020.00000254993,-52635.63888711712,308.7472773370046
8515000,17030.000002551966,-53106.508809436724,302.2812966459473
8520000,17040.000002554003,-52602.46520938832,295.60956402797774
8525000,17050.00000255604,-53205.150106051035,295.1933696493318
8530000,17060.000002558078,-52522.04145589069,302.298534710017
8535000,17070.000002560115,-52648.14199274426,300.7959905927952
8540000,17080.000002562152,-52686.27055049519,294.85342260284756
8545000,17090.00000256419,-52939.25040939273,301.1441782676389
8550000,17100.000002566227,-53069.16492554033,295.89497861814704
8555000,17110.000002568264,-52972.57695303054,308.0813635262907
8560000,17120.0000025703,-52923.207269067236,297.1699568751676
8565000,17130.00000257234,-52816.33325068737,297.3663125119388
8570000,17140.000002574376,-52594.31050378439,297.6676308410758
8575000,17150.000002576413,-52984.66602833415,301.82286890433215
8580000,17160.00000257845,-52722.86072710718,293.96647846059125
8585000,17170.000002580487,-53092.70057580489,297.52160507288556
8590000,17180.000002582525,-52451.046920147026,290.6318121923608
8595000,17190.000002584562,-52645.41020675018,300.65255039579165
8600000,17200.0000025866,-52767.86992521165,294.9306911053628
8605000,17210.000002588637,-52585.101725958666,296.81637733689723
8610000,17220.000002590674,-52748.60532185086,294.9325784186797
8615000,17230.00000259271,-53142.9354842935,297.93414243180405
8620000,17240.00000259475,-52662.061668163544,297.9786598963449
8625000,17250.000002596786,-52995.278988590086,306.6465877500191
8630000,17260.000002598823,-52832.680048047914,294.9101216890114
8635000,17270.00000260086,-52745.74401386888,311.6986025486832
8640000,17280.000002602897,-53010.54120611533,296.1710764989505
8645000,17290.000002604935,-52697.66149849657,293.46851769840436
8650000,17300.000002606972,-52899.02096070492,298.3603216169882
8655000,17310.00000260901,-53607.67706202998,298.02418447033995
8660000,17320.000002611047,-52538.205163210805,299.2999442702519
8665000,17330.000002613084,-52712.30157731188,295.21180155469517
8670000,17340.00000261512,-53107.87565979629,291.11733668618604
8675000,17350.00000261716,-52965.54391678193,296.91079965104285
8680000,17360.000002619196,-53020.97921329425,292.7197571256552
8685000,17370.000002621233,-52853.143543202896,305.23932346515886
8690000,17380.00000262327,-52737.02063800418,296.3812732353298
8695000,17390.000002625307,-52671.0829392013,299.2340705637081
8700000,17400.000002627345,-53096.19105501755,300.41260962381347
8705000,17410.000002629382,-52718.23829506358,297.30398930133833
8710000,17420.00000263142,-52996.52092316089,291.3515061591239
8715000,17430.000002633456,-52895.8426807317,294.7607280324725
8720000,17440.000002635494,-53082.023143848346,297.1581725360961
8725000,17450.00000263753,-53159.77407216921,296.4290028428721
8730000,17460.00000263957,-52969.3480077101,300.53141409032025
8735000,17470.000002641606,-53209.22483811728,296.64888516302136
8740000,17480.000002643643,-52700.554856387986,310.072218510069
8745000,17490.00000264568,-52537.66448700472,301.46235605484975
8750000,17500.000002647717,-52944.27016854752,287.01574702457066
8755000,17510.000002649755,-52412.33476918633,303.0386015734519
8760000,17520.000002651792,-52637.978839947784,297.27871906996063
8765000,17530.00000265383,-52969.991896623804,302.12061718406676
8770000,17540.000002655866,-52999.9534120452,293.42845598156936
8775000,17550.000002657904,-52396.82782413493,309.1765887299348
8780000,17560.00000265994,-53377.857637997426,294.76563269601127
8785000,17570.00000266198,-52696.26162620081,300.7657011049272
8790000,17580.000002664015,-52866.755462728615,296.0778670710818
8795000,17590.000002666053,-52882.662681737565,293.0512571405706
8800000,17600.00000266809,-52706.71255341606,300.93114910327
8805000,17610.000002670127,-52957.57974237649,296.9840742576688
8810000,17620.000002672165,-52706.34488457281,295.7183548052806
8815000,17630.000002674202,-53100.598006953835,304.62147359838394
8820000,17640.00000267624,-53473.78666849845,305.4647036888572
8825000,17650.000002678276,-53189.945881575695,297.1632413705755
8830000,17660.000002680314,-53460.31272182637,299.94787884556007
8835000,17670.00000268235,-52938.349111798365,287.2470668291367
8840000,17680.000002684388,-52987.36401493594,289.9713389051157
8845000,17690.000002686425,-52783.90298252003,303.88216715150776
8850000,17700.000002688463,-53135.91266539501,301.78585845101685
8855000,17710.0000026905,-53225.423237928655,301.23529361921334
8860000,17720.000002692537,-52839.82301468146,295.34767098666583
8865000,17730.000002694575,-52837.27979593244,299.35066311749955
8870000,17740.00000269661,-52838.442696511716,295.46276064993253
8875000,17750.00000269865,-53032.92158885015,288.97264011727043
8880000,17760.000002700686,-53243.53291136201,301.85142060572656
8885000,17770.000002702724,-52836.01629585051,296.2034369321655
8890000,17780.00000270476,-53060.91931045096,299.22089430608855
8895000,17790.000002706798,-52415.51861368719,295.0837052913266
8900000,17800.000002708835,-52737.65910782601,299.7092801329869
8905000,17810.000002710873,-52973.354971737805,297.6037137008175
8910000,17820.00000271291,-53229.86301427486,300.05954781833077
8915000,17830.000002714947,-52728.760805431346,294.6978180507415
8920000,17840.000002716984,-52562.02333445664,292.1962640322617
8925000,17850.00000271902,-52988.8849116831,295.5372448308776
8930000,17860.00000272106,-52719.80145131465,289.4792483880198
8935000,17870.000002723096,-52909.95309953985,296.83425395020083
8940000,17880.000002725134,-52976.91099721842,304.00358408246933
8945000,17890.00000272717,-52969.932563213224,302.08869920823713
8950000,17900.000002729208,-52633.60885790351,301.5502242502817
8955000,17910.000002731245,-52927.40700402923,307.5267936598753
8960000,17920.000002733283,-52412.21326131243,297.8476356703777
8965000,17930.00000273532,-53209.283671141515,299.57066025814896
8970000,17940.000002737357,-53011.08248608696,299.01942055813873
8975000,17950.000002739394,-52779.68749623318,302.26014606528787
8980000,17960.00000274143,-52595.327502191416,298.99004396691083
8985000,17970.00000274347,-52891.18043495645,300.13641192899195
8990000,17980.000002745506,-52922.572595775506,302.7052299117093
8995000,17990.000002747543,-53112.886043727805,293.8338948539823
9000000,18000.00000274958,-53427.081036817544,307.72409037522783
9005000,18010.000002751618,-53188.6180736259,293.6813218232641
9010000,18020.000002753655,-53022.910921757226,303.2276642378733
9015000,18030.000002755693,-53041.738362937496,297.77839975802004
9020000,18040.00000275773,-53111.51348569832,291.41909823149354
9025000,18050.000002759767,-53263.97040482197,296.43759275161403
9030000,18060.000002761804,-52948.19661705918,296.500048033199
9035000,18070.00000276384,-52972.22156813915,300.86118481651545
9040000,18080.00000276588,-52717.261305460706,298.5928121218002
9045000,18090.000002767916,-53022.085244146496,299.67211525725884
9050000,18100.000002769953,-52942.40333541369,300.6528603439313
9055000,18110.00000277199,-52763.275649002404,300.8698426220686
9060000,18120.000002774028,-52877.98334579053,295.72456809098253
9065000,18130.000002776065,-53043.99809986926,298.64074049046053
9070000,18140.000002778102,-52968.862866044656,296.94520976309593
9075000,18150.00000278014,-52887.24727847657,297.6933718671806
9080000,18160.000002782177,-52797.25695720324,295.7630965359345
9085000,18170.000002784214,-52511.466595503414,301.36124239926374
9090000,18180.00000278625,-53227.98414779757,293.3983417333163
9095000,18190.00000278829,-52768.84079692364,296.51052899461143
9100000,18200.000002790326,-53537.81988634757,302.90301166831193
9105000,18210.000002792363,-53007.88672799367,307.9234402575809
9110000,18220.0000027944,-52841.71934085881,302.0135996204954
9115000,18230.000002796438,-53006.59558546351,296.9876461183896
9120000,18240.000002798475,-52474.86383264081,299.5681436822595
9125000,18250.000002800512,-53012.157982153236,303.2415992656433
9130000,18260.00000280255,-52492.31649774377,293.6954529411828
9135000,18270.000002804587,-52812.0572783713,300.75951103362104
9140000,18280.000002806624,-53009.22192676569,300.49108027067587
9145000,18290.00000280866,-52971.521052357944,286.71574770485876
9150000,18300.0000028107,-52950.322945718246,297.6077573588537
9155000,18310.000002812736,-53018.231986677245,297.76497884614645
9160000,18320.000002814773,-52594.87891169649,300.70911517031385
9165000,18330.00000281681,-53470.87415015968,300.16645150478166
9170000,18340.000002818848,-53069.37938282991,299.61667630558895
9175000,18350.000002820885,-52793.10119167983,294.25664574649096
9180000,18360.000002822922,-53172.95451484798,300.4586345568637
9185000,18370.00000282496,-52744.23122760156,294.2239518721689
9190000,18380.000002826997,-53061.67250551458,303.68967164621125
9195000,18390.000002829034,-52749.43934465843,296.59962137608284
9200000,18400.00000283107,-52925.7717962953,297.3545601144088
9205000,18410.00000283311,-53053.8610681516,297.69318052235354
9210000,18420.000002835146,-52964.731578295934,294.8444630054714
9215000,18430.000002837183,-52472.60003743842,296.5756510776256
9220000,18440.00000283922,-52968.662588656036,299.80167764808573
9225000,18450.000002841258,-52729.499483826745,297.4920777199654
9230000,18460.000002843295,-52578.87552393935,298.66026872600014
9235000,18470.000002845332,-52622.626694123755,295.6005935969701
9240000,18480.00000284737,-52958.50168142267,288.166142313362
9245000,18490.000002849407,-52742.21991294643,300.77150344902356
9250000,18500.000002851444,-52857.113231443596,295.4675257066644
9255000,18510.00000285348,-53241.1454691838,294.1758106248346
9260000,18520.00000285552,-52780.7628194039,295.81139864177845
9265000,18530.000002857556,-52543.783563321806,296.472444142679
9270000,18540.000002859593,-52726.07335144101,300.3898309488756
9275000,18550.00000286163,-52700.13725517399,297.14409648042863
9280000,18560.000002863668,-52705.03297129652,299.33532469511476
9285000,18570.000002865705,-53200.31806952623,293.2212252357591
9290000,18580.000002867742,-52705.24619913049,302.9105272545332
9295000,18590.00000286978,-53551.984957255685,294.9699428654095
9300000,18600.000002871817,-52842.24911205872,306.01194530774626
9305000,18610.000002873854,-52846.53232205199,299.87432346051895
9310000,18620.00000287589,-52629.30017310375,292.64628641995824
9315000,18630.00000287793,-52820.279404996545,305.9198515725585
9320000,18640.000002879966,-53188.14215118851,299.27621968819324
9325000,18650.000002882003,-53074.214338358055,305.401687095509
9330000,18660.00000288404,-52635.972151233786,302.7703208625967
9335000,18670.000002886078,-53135.4301202108,302.8923640113232
9340000,18680.000002888115,-53169.895692794176,296.00986579591313
9345000,18690.000002890152,-53174.59149810666,292.98466438567965
9350000,18700.00000289219,-52564.82718902899,297.9954199200003
9355000,18710.000002894227,-52847.22147375031,300.4043864900698
9360000,18720.000002896264,-53475.2128636665,301.5970242837304
9365000,18730.0000028983,-53089.442302744166,297.79235909650475
9370000,18740.00000290034,-52938.155034093244,304.5306317170278
9375000,18750.000002902376,-53012.131642133376,296.9467938520116
9380000,18760.000002904413,-53038.397237964295,296.2647710559108
9385000,18770.00000290645,-53005.83100854559,308.7980139375567
9390000,18780.000002908488,-53172.97425012881,293.80070920898265
9395000,18790.000002910525,-52899.99007618704,297.98779570907976
9400000,18800.000002912562,-52635.26918170904,307.5577041982975
9405000,18810.0000029146,-52801.031285120815,295.11761146457013
9410000,18820.000002916637,-53164.8173786031,298.6047011108244
9415000,18830.000002918674,-52770.04549023538,301.71917736321456
9420000,18840.00000292071,-53081.72970127349,296.6939661239624
9425000,18850.00000292275,-52759.28874355304,296.52909408896863
9430000,18860.000002924786,-53078.68452725088,303.428530120169
9435000,18870.000002926823,-53222.542547475634,306.26184567203825
9440000,18880.00000292886,-52719.26693434737,298.45525845052504
9445000,18890.000002930898,-52712.527805172926,292.77502137441655
9450000,18900.000002932935,-53093.458014568634,305.47185279062586
9455000,18910.000002934972,-52841.79384767526,295.4555534473073
9460000,18920.00000293701,-52650.32808502682,298.53458790132873
9465000,18930.000002939047,-52754.04889911294,294.78676629745496
9470000,18940.000002941084,-53328.569405481016,293.70700971646977
9475000,18950.00000294312,-53105.62129612113,288.86419073417125
9480000,18960.00000294516,-52658.37418659369,299.84736307102423
9485000,18970.000002947196,-53129.839174508204,293.8949324566374
9490000,18980.000002949233,-53205.65626471955,299.00915584185185
9495000,18990.00000295127,-53007.6794323801,295.52069701757176
9500000,19000.000002953308,-53265.48451301205,308.0525848917444
9505000,19010.000002955345,-52747.204676341,298.74924808336647
9510000,19020.000002957382,-53028.299196067586,295.8438387262439
9515000,19030.00000295942,-53393.075468540774,296.0989755226315
9520000,19040.000002961457,-52930.3770947904,296.41136364951967
9525000,19050.000002963494,-52958.17688889426,292.04940591300146
9530000,19060.00000296553,-52653.07957150231,295.35678307564245
9535000,19070.00000296757,-52900.776201682864,298.09111743734667
9540000,19080.000002969606,-53244.162267327134,298.0166513240187
9545000,19090.000002971643,-53162.129045277165,298.6427232753211
9550000,19100.00000297368,-52835.63851289425,302.2346989733111
9555000,19110.000002975718,-52760.655094052665,292.61046954218443
9560000,19120.000002977755,-53297.08330393705,292.6344784785035
9565000,19130.000002979792,-52636.57274872469,301.805649271583
9570000,19140.00000298183,-53288.90452261316,288.3651580685805
9575000,19150.000002983867,-52976.17848752334,299.6863539796953
9580000,19160.000002985904,-53280.88462619868,300.7468026127486
9585000,19170.00000298794,-52761.8716051307,295.99777472203596
9590000,19180.00000298998,-53048.67507811857,296.0461560468018
9595000,19190.000002992016,-53031.41441643023,298.2004897629962
9600000,19200.000002994053,-53136.29519655087,291.0607040586042
9605000,19210.00000299609,-52752.48205912573,305.1320854259684
9610000,19220.000002998127,-52973.63432695359,297.6933100543119
9615000,19230.000003000165,-53102.02628667076,306.49465018903135
9620000,19240.000003002202,-53162.610365426546,301.9952755796469
9625000,19250.00000300424,-52987.21378843865,297.3333131173976
9630000,19260.000003006277,-52573.317344455514,294.84899487933643
9635000,19270.000003008314,-52787.090923484415,303.44123955080823
9640000,19280.00000301035,-52872.07263144929,298.6005626023975
9645000,19290.00000301239,-52863.815338665154,296.63257716165094
9650000,19300.000003014426,-52773.43743415631,299.98224564031773
9655000,19310.000003016463,-52945.69421687216,297.2030693743276
9660000,19320.0000030185,-53028.35081921669,296.7828940970279
9665000,19330.000003020537,-53090.60867008945,301.8740287783236
9670000,19340.000003022575,-53250.537348649435,299.5597057150186
9675000,19350.000003024612,-52860.95466733529,302.13403288054775
9680000,19360.00000302665,-53169.66406953643,297.36988946979415
9685000,19370.000003028686,-52835.66824095088,290.83964429734795
9690000,19380.000003030724,-52713.08264673143,295.5913683401672
9695000,19390.00000303276,-53199.4851122777,295.26437680736115
9700000,19400.0000030348,-52742.801762511604,301.4569849242471
9705000,19410.000003036836,-53051.31288641575,296.7427947125105
9710000,19420.000003038873,-52914.420814283774,285.12266174714165
9715000,19430.00000304091,-53049.836571640015,304.58734657956273
9720000,19440.000003042947,-53267.228179774014,298.03733281927356
9725000,19450.000003044985,-53322.64233696475,306.09663022120844
9730000,19460.000003047022,-52735.4879135869,294.49070512766565
9735000,19470.00000304906,-52684.170281748724,293.8364465466144
9740000,19480.000003051096,-53166.907019586535,297.48220592337185
9745000,19490.000003053134,-53032.114728686574,294.3704155129877
9750000,19500.00000305517,-53024.29306535117,298.49568710015814
9755000,19510.00000305721,-52785.79753914173,301.0817554101012
9760000,19520.000003059246,-53063.95863409515,296.92684497324507
9765000,19530.000003061283,-53041.63978829942,291.0888900245334
9770000,19540.00000306332,-53286.18555220915,300.77596869942846
9775000,19550.000003065357,-52642.797238508065,295.07605347540954
9780000,19560.000003067395,-52727.96447385874,299.3348427767204
9785000,19570.000003069432,-52765.87416402929,301.44691103239177
9790000,19580.00000307147,-53102.46652816216,297.38698836343667
9795000,19590.000003073506,-52667.99527017548,298.8221096687842
9800000,19600.000003075544,-52959.95295529859,293.3335594402239
9805000,19610.00000307758,-52480.947673565475,306.96631582441154
9810000,19620.00000307962,-53398.31071616159,295.7559153536221
9815000,19630.000003081655,-52831.274146978074,298.497431245261
9820000,19640.000003083693,-53468.88956387283,297.6598184888187
9825000,19650.00000308573,-53119.114131558425,295.0254791393109
9830000,19660.000003087767,-52881.75783045255,291.5239784701177
9835000,19670.000003089805,-52619.36837293726,300.34011364158323
9840000,19680.00000309184,-53060.12753086325,301.34229669939555
9845000,19690.00000309388,-53091.1924930519,308.05116147402543
9850000,19700.000003095916,-52869.03651669502,300.8499564249897
9855000,19710.000003097954,-52813.9412945573,294.2157950988116
9860000,19720.00000309999,-53074.86859988698,294.6431223187997
9865000,19730.000003102028,-52697.43526623337,296.6397055057421
9870000,19740.000003104065,-53071.355657147506,296.6319821286251
9875000,19750.000003106103,-52787.38531745621,293.7371105871513
9880000,19760.00000310814,-53227.78683830492,299.20274686756505
9885000,19770.000003110177,-53119.75924863812,305.4837049186482
9890000,19780.000003112214,-53210.19118204157,303.0700157329579
9895000,19790.00000311425,-52968.66479805263,293.7335765016245
9900000,19800.00000311629,-52625.55534454173,299.02602555452256
9905000,19810.000003118326,-53004.505446212104,297.94218080390203
9910000,19820.000003120364,-53287.85963617926,304.18849198127754
9915000,19830.0000031224,-52859.11790225643,296.25163046895125
9920000,19840.000003124438,-52963.296853278094,300.3512999617413
9925000,19850.000003126475,-52780.44560810173,302.00809610058565
9930000,19860.000003128513,-52246.55843681362,301.27285057621776
9935000,19870.00000313055,-52989.5161051976,298.5539969660532
9940000,19880.000003132587,-52887.40428474295,289.74619358356915
9945000,19890.000003134624,-52911.21123643467,295.82250232352925
9950000,19900.00000313666,-53024.62015081648,298.1618304677689
9955000,19910.0000031387,-53182.36248750996,299.57765210800727
9960000,19920.000003140736,-53071.537029087194,300.35092539626083
9965000,19930.000003142773,-52798.5069476979,306.4165557734037
9970000,19940.00000314481,-52795.64482540099,292.6334192489522
9975000,19950.000003146848,-52975.80694214377,293.0421536683727
9980000,19960.000003148885,-52902.77640968631,302.25139209628725
9985000,19970.000003150923,-52957.35050444392,291.88964875374336
9990000,19980.00000315296,-52973.21547198639,296.99103627237065
9995000,19990.000003154997,-53110.256338095875,294.44042102411953
10000000,20000.000003157034,-52705.06461445257,297.198241532226
10005000,20010.00000315907,-53079.81621751608,295.5672020643395
10010000,20020.00000316111,-53171.06479335681,300.8331824172302
10015000,20030.000003163146,-52925.59560933884,299.7684779417039
10020000,20040.000003165183,-52962.16188156721,288.53873719451377
10025000,20050.00000316722,-53020.137016908615,296.933240495336
10030000,20060.000003169258,-52951.21211858149,294.66878141101756
10035000,20070.000003171295,-53148.56156504809,301.93442865426636
10040000,20080.000003173333,-53155.35563666007,297.1589497231952
10045000,20090.00000317537,-52836.180889120296,300.09620132080704
10050000,20100.000003177407,-53241.04697871185,293.7290154970031
10055000,20110.000003179444,-52515.99745243744,292.1660238120053
10060000,20120.00000318148,-53002.44174310716,294.9579425319699
10065000,20130.00000318352,-52668.66117120374,303.7535400474828
10070000,20140.000003185556,-52728.90644162439,302.1448909070222
10075000,20150.000003187593,-52718.63160712665,291.3455177416733
10080000,20160.00000318963,-52575.820900220424,295.92272078684385
10085000,20170.000003191668,-53146.29708242128,301.6204392789154
10090000,20180.000003193705,-52994.024470594246,302.03962173600803
10095000,20190.000003195742,-53281.073630885716,301.86205198380486
10100000,20200.00000319778,-52854.99861372993,296.12711632382087
10105000,20210.000003199817,-52649.588224930514,300.0448322847289
10110000,20220.000003201854,-52927.59777193586,296.7677901785233
10115000,20230.00000320389,-53044.36846026045,292.5676917300465
10120000,20240.00000320593,-53403.31169045536,295.3229822339428
10125000,20250.000003207966,-52482.142561378976,291.0282265609997
10130000,20260.000003210003,-52902.94528040179,297.5658029326013
10135000,20270.00000321204,-53055.89833468021,295.73849132888967
10140000,20280.000003214078,-52614.46053445691,285.249497543444
10145000,20290.000003216115,-52873.43518239609,303.334586644482
10150000,20300.000003218152,-53147.38490139364,303.02683584519406
10155000,20310.00000322019,-53373.43007562586,300.2195616832021
10160000,20320.000003222227,-52840.42939449605,299.389502809311
10165000,20330.000003224264,-52926.87918479327,299.22960639883223
10170000,20340.0000032263,-53252.25477870612,301.7421397535839
10175000,20350.00000322834,-53254.926821895904,293.18383235407634
10180000,20360.000003230376,-52797.241757795855,301.19703790893703
10185000,20370.000003232413,-52739.012173924246,300.4972010902576
10190000,20380.00000323445,-52691.570500783855,300.20485000701797
10195000,20390.000003236488,-52651.03586604865,297.21552123762024
10200000,20400.000003238525,-53003.67534666386,298.7621383272151
10205000,20410.000003240562,-52791.70704445391,301.8349048912874
10210000,20420.0000032426,-52829.51127914485,295.05181578435935
10215000,20430.000003244637,-53344.08821791172,299.7343297946742
10220000,20440.000003246674,-53153.895082980685,305.2314927797675
10225000,20450.00000324871,-53155.79425347247,299.55856255870395
10230000,20460.00000325075,-52438.75498563028,309.230517161523
10235000,20470.000003252786,-53088.719210089796,298.8666107088788
10240000,20480.000003254823,-52762.380284689425,294.11665503305926
10245000,20490.00000325686,-52836.80995806269,295.98037290028157
10250000,20500.000003258898,-53006.18195946407,292.77441821328813
10255000,20510.000003260935,-53334.79659595757,291.6430893209035
10260000,20520.000003262972,-52698.141570291074,303.00306251677074
10265000,20530.00000326501,-53027.73516377236,306.75289525824246
10270000,20540.000003267047,-53436.02916093453,296.63612838199083
10275000,20550.000003269084,-53044.32015683636,291.12692810101476
10280000,20560.00000327112,-52899.94448802798,302.58594091574196
10285000,20570.00000327316,-52755.12167403867,297.2621910366796
10290000,20580.000003275196,-52839.38136043909,297.8065705923062
10295000,20590.000003277233,-52944.69318449235,305.3271510122084
10300000,20600.00000327927,-53079.03681451565,299.0678066834021
10305000,20610.000003281308,-53024.154345122195,295.4784479109848
10310000,20620.000003283345,-52896.30462428817,295.8093426034549
10315000,20630.000003285382,-53260.02616135718,289.9317797377162
10320000,20640.00000328742,-52991.21029253327,289.4503504390902
10325000,20650.000003289457,-52971.70602409425,299.0353517409485
10330000,20660.000003291494,-53226.415008795884,298.9820036367783
10335000,20670.00000329353,-52663.784311274474,297.783779612364
10340000,20680.00000329557,-52544.783317511,295.09225594900715
10345000,20690.000003297606,-52870.1610100113,303.4954802616243
10350000,20700.000003299643,-52749.86324211166,297.0052867820367
10355000,20710.00000330168,-53188.13992679762,298.72139482236224
10360000,20720.000003303718,-53098.88635590911,302.4555548288772
10365000,20730.000003305755,-52768.92738120354,292.1869228080526
10370000,20740.000003307792,-52399.0316813426,303.7872303841456
10375000,20750.00000330983,-52898.592413991864,300.4757130667578
10380000,20760.000003311867,-52642.96717954555,300.23816155880735
10385000,20770.000003313904,-52859.089548425865,300.97340902983615
10390000,20780.00000331594,-53034.23905144524,292.84535099084343
10395000,20790.00000331798,-53021.227555655874,298.818145255944
10400000,20800.000003320016,-53117.21389797682,302.6633081452261
10405000,20810.000003322053,-53083.32165833804,294.73562935450013
10410000,20820.00000332409,-52949.63959936361,310.8685570969051
10415000,20830.000003326128,-52756.81353565841,296.4117641460691
10420000,20840.000003328165,-52596.05652772181,298.376472111963
10425000,20850.000003330202,-52471.317295906076,290.70067871357605
10430000,20860.00000333224,-53008.304189504444,293.3736790787809
10435000,20870.000003334277,-53006.888305230124,296.6067126135026
10440000,20880.000003336314,-52959.45755286713,289.812347106329
10445000,20890.00000333835,-52965.14061143593,294.0263841708089
10450000,20900.00000334039,-52819.09716630768,299.4532082831408
10455000,20910.000003342426,-52918.681179529405,292.3932313998622
10460000,20920.000003344463,-52817.76206271225,297.72654194435387
10465000,20930.0000033465,-52971.693812690704,295.45202248041346
10470000,20940.000003348538,-53054.23347972115,300.944188862175
10475000,20950.000003350575,-52531.40813034895,299.47543605249444
10480000,20960.000003352612,-53137.76639357046,295.899297277478
10485000,20970.00000335465,-52891.82035470367,300.74056483941047
10490000,20980.000003356687,-53012.425680693676,295.7811848580613
10495000,20990.000003358724,-53019.31575978501,295.4872276447905
10500000,21000.00000336076,-52873.384544199216,298.6824948409531
10505000,21010.0000033628,-53097.20299272548,296.689625312765
10510000,21020.000003364836,-52797.89041716099,299.0168648773544
10515000,21030.000003366873,-52933.2476305601,306.6435787511923
10520000,21040.00000336891,-52652.530251363845,303.99956863156376
10525000,21050.000003370948,-53007.07836178373,302.96888599736866
10530000,21060.000003372985,-52979.00879325709,297.40708355884595
10535000,21070.000003375022,-53135.74393824121,305.8492132805475
10540000,21080.00000337706,-52899.536089833186,292.67002408593015
10545000,21090.000003379097,-53251.59544016572,300.66943761021207
10550000,21100.000003381134,-52728.10941336956,300.6379477328456
10555000,21110.00000338317,-52412.701779526076,294.1256890558179
10560000,21120.00000338521,-52830.69718009583,297.2366067481262
10565000,21130.000003387246,-52946.8886388698,294.6761207369394
10570000,21140.000003389283,-53256.89991604735,303.90437661312694
10575000,21150.00000339132,-52944.21309115851,294.30017005071176
10580000,21160.000003393357,-53219.47633055452,297.8336309160023
10585000,21170.000003395395,-52695.11848139501,302.35292393621046
10590000,21180.000003397432,-53204.8651730071,292.3749188385986
10595000,21190.00000339947,-53126.92925993187,293.30136144339485
10600000,21200.000003401507,-53118.58918279706,303.51859274604425
10605000,21210.000003403544,-53017.62619610384,291.69055324867657
10610000,21220.00000340558,-52689.20670775912,312.4879074320302
10615000,21230.00000340762,-52583.695397279604,295.45660639221563
10620000,21240.000003409656,-52921.838381985406,300.38742383543735
10625000,21250.000003411693,-53132.425336820656,302.2663665963543
10630000,21260.00000341373,-52566.67262290581,300.95029073584493
10635000,21270.000003415767,-52630.106677524105,301.6191261123945
10640000,21280.000003417805,-52924.04008782504,294.58957936050086
10645000,21290.000003419842,-53022.922856240824,301.852473140903
10650000,21300.00000342188,-52780.260574648186,294.49511894186014
10655000,21310.000003423916,-52788.02029939508,296.81932400408107
10660000,21320.000003425954,-53249.32853627004,300.16809432852347
10665000,21330.00000342799,-53292.76028607064,298.5669809754175
10670000,21340.00000343003,-52768.897045965656,292.5743626722758
10675000,21350.000003432066,-53209.25857343819,290.3978601979393
10680000,21360.000003434103,-52965.217311651475,301.17285765791735
10685000,21370.00000343614,-52602.73728776703,304.00246201951154
10690000,21380.000003438177,-52953.16129065593,297.718615897563
10695000,21390.000003440215,-52970.45215883013,290.65551905416174
10700000,21400.000003442252,-52842.25700100057,294.4410044441912
10705000,21410.00000344429,-52684.773703313986,293.4440543421014
10710000,21420.000003446326,-53238.99698178275,293.6686442361948
10715000,21430.000003448364,-53101.86742221078,302.34166150339615
10720000,21440.0000034504,-52535.517673744354,298.9629260369004
10725000,21450.00000345244,-52752.93597156988,301.4574971358779
10730000,21460.000003454476,-52813.6513645674,293.9260482314238
10735000,21470.000003456513,-52707.37138817104,305.0901058985029
10740000,21480.00000345855,-52971.88322613947,294.91263108136775
10745000,21490.000003460587,-53190.64754029503,297.79684012552485
10750000,21500.000003462625,-52631.414581798366,294.70544593012403
10755000,21510.000003464662,-52699.81160455046,297.08654674863175
10760000,21520.0000034667,-53022.33053601542,292.2796760806596
10765000,21530.000003468736,-52909.05505400116,307.4115264783893
10770000,21540.000003470774,-52969.20833997414,303.9764530108273
10775000,21550.00000347281,-52911.760586033226,296.52108530762393
10780000,21560.00000347485,-53145.747354393156,304.4215481988566
10785000,21570.000003476885,-52979.761905901105,294.96025053655194
10790000,21580.000003478923,-52927.84048233443,300.74270896552287
10795000,21590.00000348096,-52942.12238352667,299.11801159924613
10800000,21600.000003482997,-52671.72834305413,293.8147656891108
10805000,21610.000003485035,-52974.48121694324,303.94802262791774
10810000,21620.00000348707,-52748.07396740705,295.8559610944791
10815000,21630.00000348911,-52925.02989604027,296.4196324885491
10820000,21640.000003491146,-53275.045095799665,300.7321890014492
10825000,21650.000003493184,-52608.62658372786,301.80293743336034
10830000,21660.00000349522,-52691.86981720285,304.5889219513641
10835000,21670.000003497258,-52498.833111877815,301.7526387264157
10840000,21680.000003499295,-52898.231662922975,308.6505735781129
10845000,21690.000003501333,-52881.48054166397,303.2204791219589
10850000,21700.00000350337,-52778.85961717967,296.98318345062046
10855000,21710.000003505407,-52970.63375039285,291.45084607665433
10860000,21720.000003507444,-52996.20521198047,291.65071762144686
10865000,21730.00000350948,-52737.05542185457,303.45892889687485
10870000,21740.00000351152,-53059.240478939464,297.0416356939505
10875000,21750.000003513556,-52993.24715328784,299.2693460825145
10880000,21760.000003515594,-52958.5657082893,306.0456342096452
10885000,21770.00000351763,-53058.708281847474,299.5111685547722
10890000,21780.000003519668,-52899.35476117922,297.43951899815676
10895000,21790.000003521705,-53071.534354348085,303.0648159278951
10900000,21800.000003523743,-52922.42328494188,299.17477769087463
10905000,21810.00000352578,-52791.75525202602,286.05278436791946
10910000,21820.000003527817,-52747.570448398445,294.78261005010665
10915000,21830.000003529854,-52933.65228973553,295.69239226490265
10920000,21840.00000353189,-52844.643400675384,300.3582500601455
10925000,21850.00000353393,-52765.483593685494,302.5931562584788
10930000,21860.000003535966,-52972.304244904255,295.7315951602111
10935000,21870.000003538004,-53340.09391305028,297.9457020995647
10940000,21880.00000354004,-53016.530319177255,299.5361099578134
10945000,21890.000003542078,-52924.27727519459,299.99041395875804
10950000,21900.000003544115,-52922.7307286252,295.7540174757189
10955000,21910.000003546153,-53347.94645174692,306.39864432538275
10960000,21920.00000354819,-52877.90957004335,294.77083485864443
10965000,21930.000003550227,-52839.73444063132,303.0430949008125
10970000,21940.000003552264,-52846.27461542521,297.4629264186188
10975000,21950.0000035543,-52850.57107504073,302.6876029097584
10980000,21960.00000355634,-52855.40422672019,304.6331448161218
10985000,21970.000003558376,-52934.00919447784,293.95327477747304
10990000,21980.000003560413,-52877.68422833318,295.7963999028285
10995000,21990.00000356245,-52669.548984808556,294.5587585342587
11000000,22000.000003564488,-52440.152128712245,300.3558796270645
11005000,22010.000003566525,-52570.615066342376,304.79141819003974
11010000,22020.000003568563,-53365.12203411656,298.47697236156023
11015000,22030.0000035706,-52886.96185608674,297.5933500321176
11020000,22040.000003572637,-52670.718565025134,300.06855142853107
11025000,22050.000003574674,-53064.16688314275,293.423520782305
11030000,22060.00000357671,-52913.687220791966,293.5943210353408
11035000,22070.00000357875,-53238.08643668651,303.7504027954096
11040000,22080.000003580786,-53187.43794639406,300.7220104681848
11045000,22090.000003582823,-52788.40086171261,297.8453568301127
11050000,22100.00000358486,-53118.826390286355,303.0171179415396
11055000,22110.000003586898,-53056.01363916753,289.86196269149286
11060000,22120.000003588935,-53344.4371024734,299.71400423559936
11065000,22130.000003590972,-52432.8302895051,299.59465545843926
11070000,22140.00000359301,-52859.73117544109,297.925391745867
11075000,22150.000003595047,-52789.55261559322,292.2301648880548
11080000,22160.000003597084,-53096.199169644504,299.17800928248647
11085000,22170.00000359912,-52916.25902495964,296.26266972526844
11090000,22180.00000360116,-53049.3945786822,294.1209862458064
11095000,22190.000003603196,-52911.87595345269,301.25275950318456
11100000,22200.000003605233,-53139.99385404607,299.6787096963612
11105000,22210.00000360727,-52647.712709883286,299.212824532582
11110000,22220.000003609308,-53041.87161712849,308.6164648924745
11115000,22230.000003611345,-53394.269741741475,295.8884422377477
11120000,22240.000003613382,-52984.44419625093,297.27522468078956
11125000,22250.00000361542,-52474.80193578504,310.3240246597536
11130000,22260.000003617457,-52925.70128618952,299.08731510549046
11135000,22270.000003619494,-52901.250021060056,299.6994176422995
11140000,22280.00000362153,-52970.21758239207,305.98776320348946
11145000,22290.00000362357,-53261.72451356964,299.74696829800564
11150000,22300.000003625606,-52877.02872492853,293.57732272832914
11155000,22310.000003627643,-52977.87608397563,292.84801413882207
11160000,22320.00000362968,-53143.154572464526,305.39158463380414
11165000,22330.000003631718,-52703.62448057084,303.3355057015685
11170000,22340.000003633755,-53287.06832837468,296.56536075677866
11175000,22350.000003635792,-52662.47105174235,289.0265391808844
11180000,22360.00000363783,-52566.1781492506,292.60371275581167
11185000,22370.000003639867,-52979.69688743827,294.3448380193563
11190000,22380.000003641904,-52646.667000504734,295.75700404120084
11195000,22390.00000364394,-52993.29188286103,292.0248602930601
11200000,22400.00000364598,-52689.20485233594,298.73381402811344
11205000,22410.000003648016,-52294.78527850108,298.08681300435785
11210000,22420.000003650053,-53075.05891436644,291.8745651026038
11215000,22430.00000365209,-52843.91075902147,294.1077329743805
11220000,22440.000003654128,-52843.165699420206,295.2157556861682
11225000,22450.000003656165,-52881.71140806383,305.8220432127427
11230000,22460.000003658202,-52761.15586877658,299.18098018445863
11235000,22470.00000366024,-53257.87363183955,287.07619676594896
11240000,22480.000003662277,-53027.33317444578,303.1028512085884
11245000,22490.000003664314,-53279.786399641016,298.5393599315541
11250000,22500.00000366635,-52566.65479556308,293.56658524508873
11255000,22510.00000366839,-52684.897850886686,295.5693318599223
11260000,22520.000003670426,-53161.76151488902,296.1603040645274
11265000,22530.000003672463,-52946.755331965134,295.82231142789277
11270000,22540.0000036745,-52730.41424432999,288.08477350096314
11275000,22550.000003676538,-52801.227821444714,302.0592386810023
11280000,22560.000003678575,-53614.60469067964,302.3434686934314
11285000,22570.000003680612,-52822.08046026164,300.8955098688032
11290000,22580.00000368265,-53071.617226261355,297.689697776345
11295000,22590.000003684687,-52602.933552294184,291.9038013216746
11300000,22600.000003686724,-52659.04955109357,298.8786865202254
11305000,22610.00000368876,-52940.21657890422,295.60547419988654
11310000,22620.0000036908,-53016.30289403483,303.54050651659253
11315000,22630.000003692836,-52745.90656130272,299.17169535354674
11320000,22640.000003694873,-52814.29442356547,290.3162908832227
11325000,22650.00000369691,-53207.02926403642,299.5591297819779
11330000,22660.000003698948,-53210.49134558649,299.17355943447416
11335000,22670.000003700985,-52635.69450102956,292.32160793217264
11340000,22680.000003703022,-52841.34865780617,299.17315954764956
11345000,22690.00000370506,-52898.20875319032,293.5604743812097
11350000,22700.000003707097,-52614.51093990836,301.223498751927
11355000,22710.000003709134,-52659.91847027853,306.21909155074513
11360000,22720.00000371117,-53037.14036924485,299.48025213004803
11365000,22730.00000371321,-52853.56582621005,308.53388545742695
11370000,22740.000003715246,-53006.737047983625,295.5399690455096
11375000,22750.000003717283,-52920.4695462356,299.41973568228053
11380000,22760.00000371932,-52794.37203566058,303.5747833277326
11385000,22770.000003721358,-52809.561036558036,301.4551199456936
11390000,22780.000003723395,-53022.916218680795,297.3898773476778
11395000,22790.000003725432,-52852.48686961565,292.9751545512435
11400000,22800.00000372747,-52851.76939768251,301.5101419017476
11405000,22810.000003729507,-52954.190426517685,295.11816700429483
11410000,22820.000003731544,-52644.395188971976,299.5585367576796
11415000,22830.00000373358,-52816.18445826942,296.4698496334422
11420000,22840.00000373562,-53026.60519842492,295.5185057977659
11425000,22850.000003737656,-52453.13613040198,303.96152913399044
11430000,22860.000003739693,-52501.609723131056,307.4261738771204
11435000,22870.00000374173,-53192.34905531822,300.3661299229793
11440000,22880.000003743768,-52751.684564758354,305.12593265465875
11445000,22890.000003745805,-52798.946532909584,294.79011526492405
11450000,22900.000003747842,-52927.251881820936,306.1628426327748
11455000,22910.00000374988,-52725.60931230406,298.27513212959764
11460000,22920.000003751917,-53017.493535615184,305.632092301065
11465000,22930.000003753954,-52680.00527955315,290.62154872100353
11470000,22940.00000375599,-53306.7488600552,302.9445109074039
11475000,22950.00000375803,-53170.795749980665,296.0678291525525
11480000,22960.000003760066,-53016.07562476327,287.97716087284994
11485000,22970.000003762103,-52908.13164010362,292.55300066461865
11490000,22980.00000376414,-52757.66348449595,296.13525608223887
11495000,22990.000003766178,-52771.88555950567,300.1045057427229
11500000,23000.000003768215,-52966.51043568819,299.1978285886401
11505000,23010.000003770252,-52901.32849210192,298.6491660980026
11510000,23020.00000377229,-53038.29026595937,304.83359385905544
11515000,23030.000003774327,-52920.07409543221,304.5567264301073
11520000,23040.000003776364,-52836.19337120524,293.83535336567627
11525000,23050.0000037784,-52875.10319606683,292.93231973504504
11530000,23060.00000378044,-53222.1492914359,295.3769517253113
11535000,23070.000003782476,-52732.3096041228,298.84160176398063
11540000,23080.000003784513,-53088.13288237923,286.27025683930856
11545000,23090.00000378655,-52898.22456653655,298.4390325446742
11550000,23100.000003788587,-53247.25386321047,302.12058606835495
11555000,23110.000003790625,-53214.37168143352,296.42932565427964
11560000,23120.000003792662,-52697.77292047528,292.68725929960374
11565000,23130.0000037947,-52911.820927084016,303.29874006525637
11570000,23140.000003796737,-53292.40751480547,303.2143022599312
11575000,23150.000003798774,-52738.9494999047,298.40503627146194
11580000,23160.00000380081,-52814.13105269414,301.054999063897
11585000,23170.00000380285,-52679.00402959756,294.525156319799
11590000,23180.000003804886,-53261.467094050255,300.9601239363953
11595000,23190.000003806923,-53275.55076830223,303.46577644843524
11600000,23200.00000380896,-52763.969693287654,302.0254987558846
11605000,23210.000003810997,-53056.78786869167,303.7904757147814
11610000,23220.000003813035,-52722.742903893115,292.5524957398863
11615000,23230.000003815072,-52971.26589371858,293.53569883395045
11620000,23240.00000381711,-53027.57924028317,302.82071342378947
11625000,23250.000003819147,-52815.354196497094,294.41934939131045
11630000,23260.000003821184,-53056.23123948317,299.63791878226965
11635000,23270.00000382322,-52889.27409809956,299.02507419627716
11640000,23280.00000382526,-53078.61121111768,294.5133977773607
11645000,23290.000003827296,-52961.61194678556,308.3486187689772
11650000,23300.000003829333,-52803.20470927912,293.1800282880438
11655000,23310.00000383137,-53293.83731094474,297.26103029474814
11660000,23320.000003833407,-53119.44798747107,298.252030054412
11665000,23330.000003835445,-52917.62289686798,301.36686887106606
11670000,23340.000003837482,-52474.64111375631,295.4367222214441
11675000,23350.00000383952,-52857.03398780053,297.2290222158871
11680000,23360.000003841556,-52696.40960493169,301.16170969162397
11685000,23370.000003843594,-52547.429145181,301.7383166160208
11690000,23380.00000384563,-52695.12323120152,302.76023921516196
11695000,23390.00000384767,-52973.506999069505,301.3043755399367
11700000,23400.000003849706,-52929.396705136634,290.2359869576428
11705000,23410.000003851743,-52918.41990797504,287.85446578534925
11710000,23420.00000385378,-52846.847763574566,296.8650782397529
11715000,23430.000003855817,-53039.39291271128,301.41229033952
11720000,23440.000003857855,-52705.955062977795,302.0394619357349
11725000,23450.000003859892,-53124.02878197335,306.94211995712925
11730000,23460.00000386193,-53067.03659466677,294.77433204402723
11735000,23470.000003863966,-52612.463170585106,293.50490979728943
11740000,23480.000003866004,-53131.082170514535,296.78586357881926
11745000,23490.00000386804,-52926.94170322723,298.76647754242043
11750000,23500.00000387008,-52835.421897570486,295.0153684863303
11755000,23510.000003872115,-53006.658167086454,296.41385842668296
11760000,23520.000003874153,-53038.702430234756,289.4914330111274
11765000,23530.00000387619,-53202.98526260094,297.26583576931165
11770000,23540.000003878227,-52986.017382825434,295.9942181028923
11775000,23550.000003880265,-53064.728967608185,306.3812280001383
11780000,23560.000003882302,-53091.25167866648,304.49874701314343
11785000,23570.00000388434,-52719.61448587317,287.3988391472374
11790000,23580.000003886376,-53011.040631182346,289.2145435303515
11795000,23590.000003888414,-52523.389898025314,292.3544916918519
11800000,23600.00000389045,-52970.114902231,297.22405201088884
11805000,23610.000003892488,-53558.66810227532,302.34157069000526
11810000,23620.000003894525,-52892.44221074181,305.10204550666344
11815000,23630.000003896563,-53043.79066171002,293.86865765365206
11820000,23640.0000038986,-52958.8250659419,312.6339824072513
11825000,23650.000003900637,-53123.07202705133,304.24818781787496
11830000,23660.000003902675,-53237.27387745542,296.4607593906916
11835000,23670.00000390471,-52740.29867582576,302.9165011005308
11840000,23680.00000390675,-52971.969820476166,296.93517186743037
11845000,23690.000003908786,-52504.19794823832,293.08083198301426
11850000,23700.000003910824,-53309.26474986365,301.454978651992
11855000,23710.00000391286,-52702.9708284683,303.59047532303055
11860000,23720.000003914898,-53275.58595284971,301.42709587458353
11865000,23730.000003916935,-53319.52403205278,297.6352453776868
11870000,23740.000003918973,-53105.93417478714,298.0906549808099
11875000,23750.00000392101,-53565.92305110465,314.2173822301137
11880000,23760.000003923047,-52708.850547727605,299.2136392834095
11885000,23770.000003925084,-53261.09401514908,306.3474049035527
11890000,23780.00000392712,-52893.14748776186,297.1790850638933
11895000,23790.00000392916,-53222.678781465045,300.18659406292164
11900000,23800.000003931196,-53149.1864115402,305.20169741898263
11905000,23810.000003933234,-52979.24251107173,303.06634998130784
11910000,23820.00000393527,-53015.48363133293,298.442733994555
11915000,23830.000003937308,-52630.11265071624,300.0325689851851
11920000,23840.000003939345,-52841.31478047831,293.7580523390611
11925000,23850.000003941383,-53089.692775765,297.2048508784624
11930000,23860.00000394342,-52483.59411736566,308.16848766396436
11935000,23870.000003945457,-52986.2362647049,296.84021315077524
11940000,23880.000003947494,-53053.8430688864,297.76056830361125
11945000,23890.00000394953,-52822.58864055245,298.0425574484199
11950000,23900.00000395157,-53125.076620020525,297.6265478597233
11955000,23910.000003953606,-53122.86257821208,294.97003929659047
11960000,23920.000003955643,-53311.26164354084,302.36602106878286
11965000,23930.00000395768,-53410.81096717558,301.1048035454555
11970000,23940.000003959718,-52825.25447528993,292.7795922557567
11975000,23950.000003961755,-52823.31953575276,298.8612541284182
11980000,23960.000003963793,-53037.243372268334,293.69098987444096
11985000,23970.00000396583,-52666.83007291693,290.699179289822
11990000,23980.000003967867,-53352.528542154265,302.2069234286123
11995000,23990.000003969904,-52919.64396798547,295.08915743219137
12000000,24000.00000397194,-53251.20011611431,294.81908036509867
12005000,24010.00000397398,-53172.65557146736,305.43909663384494
12010000,24020.000003976016,-52655.34364934295,290.5026986339258
12015000,24030.000003978053,-52577.58565349472,300.98451269477476
12020000,24040.00000398009,-53135.97870196152,300.2773023218107
12025000,24050.000003982128,-52743.8006886979,299.76877676841457
12030000,24060.000003984165,-53068.949403087056,292.5357655971901
12035000,24070.000003986203,-52814.46327435918,298.08794262105965
12040000,24080.00000398824,-52863.01940989317,294.66969320340195
12045000,24090.000003990277,-53024.21235004408,297.9608415668214
12050000,24100.000003992314,-53210.82905046109,299.18795153820514
12055000,24110.00000399435,-52949.226100389176,302.6656306406868
12060000,24120.00000399639,-52943.81813019782,294.7197513247584
12065000,24130.000003998426,-52760.44803470792,293.4879100915172
12070000,24140.000004000463,-52918.017718097515,294.662575397322
12075000,24150.0000040025,-52906.110013047524,297.27760894217073
12080000,24160.000004004538,-53124.388145137025,299.85917898392125
12085000,24170.000004006575,-53042.051119605225,293.4678017504897
12090000,24180.000004008612,-53110.23536010107,303.34731128193687
12095000,24190.00000401065,-52896.80254235843,297.65426726299773
12100000,24200.000004012687,-52908.10443458875,296.41027705706995
12105000,24210.000004014724,-52818.36330887745,296.9460587373356
12110000,24220.00000401676,-53304.19283290263,295.6073965981047
12115000,24230.0000040188,-52683.72530574241,294.0144425356326
12120000,24240.000004020836,-52911.74390841019,306.51143500812884
12125000,24250.000004022873,-52665.95931616315,303.6299903326226
12130000,24260.00000402491,-53042.729548778356,294.0719283370924
12135000,24270.000004026948,-52547.85592084142,296.72738884032475
12140000,24280.000004028985,-52780.915444511455,294.9858955887058
12145000,24290.000004031022,-53099.77468532606,305.1354860989321
12150000,24300.00000403306,-52956.48915532362,301.720199200191
12155000,24310.000004035097,-53007.78640738316,301.7204071972885
12160000,24320.000004037134,-52833.71437025198,287.02467843859324
12165000,24330.00000403917,-52908.70365409946,301.17656590874464
12170000,24340.00000404121,-53167.298868904676,295.6871148040161
12175000,24350.000004043246,-52921.9941061647,298.143614854223
12180000,24360.000004045283,-52496.494474508974,294.1722330517832
12185000,24370.00000404732,-52907.78729539426,297.9422451447837
12190000,24380.000004049358,-52939.12578029782,292.97782934248
12195000,24390.000004051395,-53074.093209645565,291.10424306550203
12200000,24400.000004053432,-52869.12897353762,297.5855635905616
12205000,24410.00000405547,-52804.20808335522,304.6882526314243
12210000,24420.000004057507,-52799.4373331503,302.17157026171805
12215000,24430.000004059544,-52563.74321130529,293.51949800447755
12220000,24440.00000406158,-52969.736678350455,291.72603854173195
12225000,24450.00000406362,-52771.13462560577,299.32596475555647
12230000,24460.000004065656,-53222.41241403829,297.6676482068884
12235000,24470.000004067693,-52889.80666943203,294.40511272362556
12240000,24480.00000406973,-52941.25762083323,303.38976358839767
12245000,24490.000004071768,-52838.66206734179,295.0523997308146
12250000,24500.000004073805,-52883.465080698865,295.07423138524683
12255000,24510.000004075842,-52836.09227548979,296.4302411902299
12260000,24520.00000407788,-53225.72667174981,296.18383836844
12265000,24530.000004079917,-53039.08753317778,295.87592800033093
12270000,24540.000004081954,-52816.83266999395,294.9674273334154
12275000,24550.00000408399,-52829.67298754072,295.2554957137117
12280000,24560.00000408603,-52628.23054417499,292.39748707271553
12285000,24570.000004088066,-52945.97831862702,308.40411182492255
12290000,24580.000004090103,-53136.569176437275,294.1892752788761
12295000,24590.00000409214,-52608.384698831185,298.56643259299057
12300000,24600.000004094178,-52236.062923236284,296.1061722252843
12305000,24610.000004096215,-52898.75129490314,294.09870324027406
12310000,24620.000004098252,-53201.984058339265,292.7394103539678
12315000,24630.00000410029,-52768.23748112557,298.62297557646804
12320000,24640.000004102327,-53383.457761917176,298.7366758661042
12325000,24650.000004104364,-52909.07099231338,294.988099844616
12330000,24660.0000041064,-53053.07762112253,296.1769997982026
12335000,24670.00000410844,-52856.84626559145,300.48621349375713
12340000,24680.000004110476,-52660.08621155759,299.62833296085523
12345000,24690.000004112513,-53478.91899693551,298.99337460375693
12350000,24700.00000411455,-52958.3664359283,302.59351337278537
12355000,24710.000004116588,-52680.09771050274,299.33461200020895
12360000,24720.000004118625,-52570.76561669857,298.5478061953136
12365000,24730.000004120662,-52646.1270467515,294.4611402431818
12370000,24740.0000041227,-52996.495354354614,297.59273012022385
12375000,24750.000004124737,-52741.069631575054,303.7334802177121
12380000,24760.000004126774,-52492.6162556163,294.1007267623104
12385000,24770.00000412881,-53083.89068583018,303.8751754369303
12390000,24780.00000413085,-52486.17548690131,303.5420083933151
12395000,24790.000004132886,-52711.81556933111,293.41328458319373
12400000,24800.000004134923,-52602.44625419163,296.8051239730066
12405000,24810.00000413696,-52596.736525770975,297.1976676389461
12410000,24820.000004138998,-52965.49207958992,302.851347886455
12415000,24830.000004141035,-52786.24466437951,298.13731504909265
12420000,24840.000004143072,-53083.454603262915,295.2562550048748
12425000,24850.00000414511,-52781.80778276993,295.90837993738864
12430000,24860.000004147147,-53021.36687381976,298.7687412690695
12435000,24870.000004149184,-53448.224517723866,297.90804095724116
12440000,24880.00000415122,-52600.17322408891,301.13378306559156
12445000,24890.00000415326,-52897.46261157363,298.8861302859664
12450000,24900.000004155296,-52819.047867807676,302.9653254565978
12455000,24910.000004157333,-52872.18183211121,305.3683344824512
12460000,24920.00000415937,-52895.82758381573,298.53354432454813
12465000,24930.000004161408,-52659.348992388695,298.3784121408308
12470000,24940.000004163445,-53117.15393979056,303.8829826760704
12475000,24950.000004165482,-52956.42450633255,295.33193632425815
12480000,24960.00000416752,-52949.097195452894,300.7829060115415
12485000,24970.000004169557,-52639.201997564494,298.2692670959778
12490000,24980.000004171594,-52887.021596506325,304.87176486694153
12495000,24990.00000417363,-53224.54969614389,298.80714432074996
12500000,25000.00000417567,-52981.59705625812,289.93169052000525
12505000,25010.000004177706,-52861.38044954988,301.54679987047945
12510000,25020.000004179743,-52696.44871892364,296.35614827525103
12515000,25030.00000418178,-53215.59314221167,297.1680865022485
12520000,25040.000004183818,-53182.780032071576,293.22831379978834
12525000,25050.000004185855,-53030.87986193565,304.023133051626
12530000,25060.000004187892,-52993.74623819941,294.18342955761
12535000,25070.00000418993,-52710.70407857883,299.000587801546
12540000,25080.000004191967,-53038.7276175665,300.38866428126755
12545000,25090.000004194004,-53070.96532956252,303.68700008973815
12550000,25100.00000419604,-53255.27387713251,296.0983292374968
12555000,25110.00000419808,-52787.06784594286,298.6934778828342
12560000,25120.000004200116,-52746.128066475445,306.02661930946044
12565000,25130.000004202153,-52797.80821135393,308.4608287293595
12570000,25140.00000420419,-53135.399967665726,306.99944209808325
12575000,25150.000004206227,-52954.05226209576,295.41829863547684
12580000,25160.000004208265,-52617.94090773721,305.78241411468383
12585000,25170.000004210302,-52719.37739550098,300.353495029094
12590000,25180.00000421234,-52768.97282507736,303.2695220370028
12595000,25190.000004214377,-52650.73607523006,292.2699763580743
12600000,25200.000004216414,-53450.02923279471,299.10092555675254
12605000,25210.00000421845,-52877.8622140495,297.02474846837214
12610000,25220.00000422049,-52735.880742724636,287.37234245877937
12615000,25230.000004222526,-52976.59707676931,300.1617451238274
12620000,25240.000004224563,-52845.09756602146,296.5083308261739
12625000,25250.0000042266,-52620.4570139272,302.0497047644276
12630000,25260.000004228637,-53136.36530645902,289.58673609365195
12635000,25270.000004230675,-52731.693492837716,301.3693839236119
12640000,25280.000004232712,-53234.559714405914,297.3962593958044
12645000,25290.00000423475,-53151.81486833305,297.4881123611276
12650000,25300.000004236786,-52744.48281493547,304.56958793270263
12655000,25310.000004238824,-53295.77500576922,292.1898118187885
12660000,25320.00000424086,-52668.83378152683,299.0198463889556
12665000,25330.0000042429,-52561.406265339785,300.02705762053046
12670000,25340.000004244936,-53370.19676468297,298.30483729349373
12675000,25350.000004246973,-52654.3956980441,300.1643418701459
12680000,25360.00000424901,-52630.15885137976,294.13203415423794
12685000,25370.000004251047,-53012.75103905596,301.94898827003766
12690000,25380.000004253085,-52891.06127542109,304.41805717838906
12695000,25390.000004255122,-52737.51359092249,304.07509403208206
12700000,25400.00000425716,-53059.24623858428,299.4961246453476
12705000,25410.000004259196,-53295.93237725587,300.4894081545768
12710000,25420.000004261234,-52977.16009036271,295.5431865867573
12715000,25430.00000426327,-52695.495536181086,290.9950211506945
12720000,25440.00000426531,-52789.528132299136,308.81321548326963
12725000,25450.000004267346,-52949.23759811849,300.2551657509773
12730000,25460.000004269383,-53316.142116068775,293.6355664599029
12735000,25470.00000427142,-52976.47282788472,305.23874579144456
12740000,25480.000004273457,-52846.33519228996,303.82314881808196
12745000,25490.000004275495,-52947.53189526469,294.77533878664536
12750000,25500.000004277532,-52331.38939187038,302.84443229452296
12755000,25510.00000427957,-53021.100913544185,293.5379970932228
12760000,25520.000004281606,-52829.70408488452,292.5126929550898
12765000,25530.000004283644,-53180.74288671836,301.49674191444103
12770000,25540.00000428568,-52830.21453434887,298.28977373312705
12775000,25550.00000428772,-53029.12768148884,302.5234534895805
12780000,25560.000004289755,-53011.0742284123,301.78872251621846
12785000,25570.000004291793,-52664.65435499651,305.34968098797196
12790000,25580.00000429383,-52319.10172719852,294.03804810699904
12795000,25590.000004295867,-52953.78667107635,302.9749209214567
12800000,25600.000004297905,-52944.346547239256,296.5667526527168
12805000,25610.00000429994,-53122.237765551225,300.0773978794709
12810000,25620.00000430198,-53281.1678790079,292.76987111364485
12815000,25630.000004304016,-53258.14079796028,296.9220946924064
12820000,25640.000004306054,-52954.49219831565,294.8500388241476
12825000,25650.00000430809,-53083.575388206955,285.90625034454933
12830000,25660.000004310128,-53180.354459332186,302.814104148264
12835000,25670.000004312165,-52973.46875826668,291.69463438231486
12840000,25680.000004314203,-52851.75817505992,299.16943414134005
12845000,25690.00000431624,-53209.810009733395,290.002985831967
12850000,25700.000004318277,-52847.34002192231,304.98430193819445
12855000,25710.000004320314,-52969.69427686944,288.36034376590356
12860000,25720.00000432235,-52902.21864859937,291.94750084382304
12865000,25730.00000432439,-52963.661610244715,298.3936968193579
12870000,25740.000004326426,-52471.98055001383,289.9579807281429
12875000,25750.000004328464,-53012.07479042193,303.1977086191403
12880000,25760.0000043305,-52924.8239427401,298.7293658224258
12885000,25770.000004332538,-52836.70139428624,298.90629759842244
12890000,25780.000004334575,-52504.68659014534,298.7151735376148
12895000,25790.000004336613,-52890.69186213403,291.6041945383983
12900000,25800.00000433865,-52697.15018913464,305.46043360062885
12905000,25810.000004340687,-52197.78482075423,293.8776700992556
12910000,25820.000004342724,-52550.97639476336,292.07273811115107
12915000,25830.00000434476,-52952.99397130328,302.38536186794465
12920000,25840.0000043468,-53061.451752680936,297.7299919845783
12925000,25850.000004348836,-52980.663341484906,294.8052558606017
12930000,25860.000004350873,-53173.61289263508,297.92857003548573
12935000,25870.00000435291,-53228.992835538054,303.19682388582424
12940000,25880.000004354948,-52594.37292715354,295.05655900157205
12945000,25890.000004356985,-53147.476138885046,300.1115411677645
12950000,25900.000004359023,-52535.31207331532,290.80840368077196
12955000,25910.00000436106,-52633.67246225945,289.5217189945874
12960000,25920.000004363097,-52762.367260272615,301.17968715202795
12965000,25930.000004365134,-53290.27816999663,297.2909585685685
12970000,25940.00000436717,-52793.45198347734,300.7674122861367
12975000,25950.00000436921,-52821.548256357695,292.95464472921935
12980000,25960.000004371246,-52991.92380670039,300.4076720447609
12985000,25970.000004373283,-53037.27624448776,302.9710180327727
12990000,25980.00000437532,-52693.84246971359,303.4455071617776
12995000,25990.000004377358,-52972.730567633465,298.79085106039076
13000000,26000.000004379395,-52883.3936958643,300.7110206719317
13005000,26010.000004381433,-52848.54908129253,294.05694799589355
13010000,26020.00000438347,-52807.38889208523,294.55027063216085
13015000,26030.000004385507,-53113.844766385475,305.02110131898826
13020000,26040.000004387544,-53049.435642001336,308.808038629692
13025000,26050.00000438958,-52979.77448321716,299.45403605829523
13030000,26060.00000439162,-52752.100040851365,302.2725130427799
13035000,26070.000004393656,-53333.920312681,298.9550835446252
13040000,26080.000004395693,-52723.571633942105,301.578344144778
13045000,26090.00000439773,-52794.89334548681,297.5602194540343
13050000,26100.000004399768,-52872.91698621266,294.46855728662445
13055000,26110.000004401805,-52577.099397346436,304.48997445570654
13060000,26120.000004403842,-52921.36201128506,305.36711137018176
13065000,26130.00000440588,-52971.75934961188,294.37792591011754
13070000,26140.000004407917,-52883.95743002571,294.2495166711666
13075000,26150.000004409954,-52824.208635588904,295.2537963015794
13080000,26160.00000441199,-53216.77571381067,306.51798916140456
13085000,26170.00000441403,-52976.225911526155,295.21405555301243
13090000,26180.000004416066,-53161.53725067945,303.05017365509445
13095000,26190.000004418103,-52895.30890660052,297.08469967513764
13100000,26200.00000442014,-52841.76404884161,290.95954291732187
13105000,26210.000004422178,-52965.94012942127,301.7120163458327
13110000,26220.000004424215,-53254.22129247981,296.54811097753054
13115000,26230.000004426252,-52682.518226829794,291.4575544508933
13120000,26240.00000442829,-52447.959239864635,303.58371599014777
13125000,26250.000004430327,-52660.971419387555,299.92127135531786
13130000,26260.000004432364,-53496.702765825496,298.74293848014156
13135000,26270.0000044344,-52762.58085028955,299.6626861380445
13140000,26280.00000443644,-53273.67073272666,290.8040808788847
13145000,26290.000004438476,-52674.97829568092,290.0223172487695
13150000,26300.000004440513,-52868.98215832317,292.2658875376786
13155000,26310.00000444255,-52763.31792228238,298.4983798800367
13160000,26320.000004444588,-52903.36169243959,293.6232109857337
13165000,26330.000004446625,-52864.56661163448,295.702288135615
13170000,26340.000004448662,-53036.58434051374,292.50267005850566
13175000,26350.0000044507,-53011.62416109021,299.8503515772946
13180000,26360.000004452737,-53196.20584053494,305.09024313962965
13185000,26370.000004454774,-53022.27198878606,298.3984611054077
13190000,26380.00000445681,-52706.73972806052,299.31728912736435
13195000,26390.00000445885,-52501.302017878596,297.6479358476595
13200000,26400.000004460886,-53335.98876538378,304.8998778970033
13205000,26410.000004462923,-53197.3435533967,301.70191399450897
13210000,26420.00000446496,-53142.34821801327,296.65751611625916
13215000,26430.000004466998,-53163.17608608384,293.3819264030898
13220000,26440.000004469035,-52823.63000610471,302.51166562455643
13225000,26450.000004471072,-53079.290813828906,288.07661343313237
13230000,26460.00000447311,-53343.65613398765,292.55066168226386
13235000,26470.000004475147,-52381.31217138737,293.4193151673799
13240000,26480.000004477184,-53030.09860625357,303.76699479404294
13245000,26490.00000447922,-52929.77171668096,296.39090377330587
13250000,26500.00000448126,-52855.88430302162,303.7577738894448
13255000,26510.000004483296,-52964.99174135359,296.94201047157566
13260000,26520.000004485333,-52637.572210679326,300.88872844457165
13265000,26530.00000448737,-53038.75969766712,307.61575193322875
13270000,26540.000004489408,-52916.22021363789,297.42818248261307
13275000,26550.000004491445,-52834.1123076214,299.3371531614733
13280000,26560.000004493482,-53019.83507300439,300.0273182480114
13285000,26570.00000449552,-52835.5668851356,293.434381786343
13290000,26580.000004497557,-52599.948681026726,297.69776941475124
13295000,26590.000004499594,-52917.7027042589,299.6505607549657
13300000,26600.00000450163,-52828.56231941964,293.4784155258518
13305000,26610.00000450367,-53471.46001713857,298.68837511241674
13310000,26620.000004505706,-52512.77245072703,298.4593911568355
13315000,26630.000004507743,-53272.5347356752,286.58060312097365
13320000,26640.00000450978,-53267.2185573398,304.17202068102745
13325000,26650.000004511818,-53019.07645822078,307.86140001667513
13330000,26660.000004513855,-52813.65938051205,293.31047361636354
13335000,26670.000004515892,-52491.834589672915,292.51785178162913
13340000,26680.00000451793,-53127.12336692121,295.9920290402031
13345000,26690.000004519967,-52943.71718364794,301.03021322978066
13350000,26700.000004522004,-52829.567719797255,299.1116651754861
13355000,26710.00000452404,-52743.73991006258,300.49049545305667
13360000,26720.00000452608,-53139.29037890342,296.3655438384452
13365000,26730.000004528116,-53083.521454661066,311.2559864021238
13370000,26740.000004530153,-53033.78937997564,301.16870110182737
13375000,26750.00000453219,-53013.439601216465,297.2603700538257
13380000,26760.000004534228,-53098.68562631603,291.03625875775003
13385000,26770.000004536265,-53373.05119637598,300.3008794681221
13390000,26780.000004538302,-52749.93331008378,291.8187678037941
13395000,26790.00000454034,-53030.57314756277,300.5270878051521
13400000,26800.000004542377,-52913.04265316375,295.50668545704303
13405000,26810.000004544414,-52906.83677912623,298.70827105879516
13410000,26820.00000454645,-53144.20380406,296.62030839205886
13415000,26830.00000454849,-52777.918881717604,303.7298277159835
13420000,26840.000004550526,-53069.067667515425,304.07288568951236
13425000,26850.000004552563,-52884.565179048484,294.71478482811426
13430000,26860.0000045546,-52965.72517010255,298.44101168716793
13435000,26870.000004556638,-52981.08576622963,310.2419607030735
13440000,26880.000004558675,-52529.40130340881,296.39855157282375
13445000,26890.000004560712,-52525.28337167634,301.9709524074313
13450000,26900.00000456275,-52573.258302432485,296.03122886015586
13455000,26910.000004564787,-52643.04335461641,296.6775205320437
13460000,26920.000004566824,-52716.768778825266,294.3428486794495
13465000,26930.00000456886,-53061.95135587943,302.78780685586196
13470000,26940.0000045709,-52972.87745568919,298.9079424643087
13475000,26950.000004572936,-52431.03260104134,290.62559266276304
13480000,26960.000004574973,-52949.98041579142,300.7360099005102
13485000,26970.00000457701,-53016.57676992568,293.39569498928796
13490000,26980.000004579048,-52689.27480591438,290.2898330773862
13495000,26990.000004581085,-52810.18143699609,296.2528937492355
13500000,27000.000004583122,-52909.702767221344,307.2728756125485
13505000,27010.00000458516,-53151.26902341569,296.34438909773763
13510000,27020.000004587197,-53087.259974596585,303.79477533182796
13515000,27030.000004589234,-52437.85288423399,301.02924442480696
13520000,27040.00000459127,-52896.96219337388,302.7690848662673
13525000,27050.00000459331,-52752.624966758915,292.59688259325475
13530000,27060.000004595346,-53161.314624804334,294.75620517609076
13535000,27070.000004597383,-52810.74175580364,306.54680552019914
13540000,27080.00000459942,-52681.19858827666,295.79130533751606
13545000,27090.000004601457,-52742.323042116564,294.81293133949634
13550000,27100.000004603495,-52751.5349265892,297.44510037238325
13555000,27110.000004605532,-53391.41466911911,306.2244022040563
13560000,27120.00000460757,-52636.31848804606,300.52344166669053
13565000,27130.000004609607,-52749.5440222765,288.483339452475
13570000,27140.000004611644,-53139.15437690454,300.01863679442266
13575000,27150.00000461368,-52916.01828949628,302.99358534589993
13580000,27160.00000461572,-52880.029948508716,297.76112251585766
13585000,27170.000004617756,-53009.06332510515,291.269183997702
13590000,27180.000004619793,-53139.7285474379,291.59796052105673
13595000,27190.00000462183,-52355.729102097976,303.9881664616153
13600000,27200.000004623867,-52769.163365424756,288.01259147344905
13605000,27210.000004625905,-53001.26935260522,296.04513514031845
13610000,27220.000004627942,-53376.68206548711,297.3992645008204
13615000,27230.00000462998,-53038.19291442551,293.3316490042995
13620000,27240.000004632016,-52776.50542337267,297.09096199110866
13625000,27250.000004634054,-53053.796223917656,301.5007983649536
13630000,27260.00000463609,-52676.464025260066,293.5373351923635
13635000,27270.00000463813,-53013.127274069004,292.1216126378826
13640000,27280.000004640166,-52697.277403325395,306.7828067641162
13645000,27290.000004642203,-52869.04932952573,297.53306702134876
13650000,27300.00000464424,-52374.90978726058,302.414199899645
13655000,27310.000004646277,-52870.71440171081,296.08324686592266
13660000,27320.000004648315,-52999.97318532207,298.28969099145115
13665000,27330.000004650352,-52863.435750831675,299.10886405254905
13670000,27340.00000465239,-52850.08867229658,297.3892759941659
13675000,27350.000004654426,-52892.52940039779,298.3481455764175
13680000,27360.000004656464,-52819.70733744037,298.5855379322907
13685000,27370.0000046585,-52704.915407863475,297.3992818734587
13690000,27380.00000466054,-53342.53083429218,291.1202589757657
13695000,27390.000004662576,-52672.55335643128,295.5446979328457
13700000,27400.000004664613,-52819.67389785877,299.3978830249171
13705000,27410.00000466665,-52907.072049307986,294.4445420569396
13710000,27420.000004668687,-53282.503041188465,300.59914353605706
13715000,27430.000004670725,-52697.034697406605,301.16268410831503
13720000,27440.000004672762,-52694.39821211324,302.3006055687521
13725000,27450.0000046748,-52881.39183942537,295.7807741300001
13730000,27460.000004676836,-52994.31485282892,301.19412061092027
13735000,27470.000004678874,-52806.79820420954,296.0257777857607
13740000,27480.00000468091,-52700.834735534154,289.8561989152898
13745000,27490.00000468295,-52887.99972294,306.3939230660441
13750000,27500.000004684985,-53027.38241687749,303.35560394008235
13755000,27510.000004687023,-53119.68977867949,301.4111511122942
13760000,27520.00000468906,-53185.79023713028,306.8766481390103
13765000,27530.000004691097,-53000.67450301617,301.1346723301416
13770000,27540.000004693135,-53105.457575764274,302.1584559690742
13775000,27550.00000469517,-53434.185043058504,297.527752502442
13780000,27560.00000469721,-52674.814496361214,303.8149593851021
13785000,27570.000004699246,-52736.94130258245,296.5345984119674
13790000,27580.000004701284,-52926.08352762472,294.12848059326666
13795000,27590.00000470332,-52801.667854068044,297.4967710586284
13800000,27600.000004705358,-52852.56613062066,311.10304391335256
13805000,27610.000004707395,-53114.11859425687,295.36070615518963
13810000,27620.000004709433,-53169.480273029476,303.8016814525556
13815000,27630.00000471147,-53220.01219177456,304.4433295362814
13820000,27640.000004713507,-53036.624796546064,298.1289501937982
13825000,27650.000004715544,-53258.179351021565,302.5316665155304
13830000,27660.00000471758,-53073.51181889849,292.65191736766843
13835000,27670.00000471962,-52692.46233815135,296.0884423952308
13840000,27680.000004721656,-53059.87080415836,299.460807075559
13845000,27690.000004723694,-53164.060294442635,304.10003958772165
13850000,27700.00000472573,-52520.51305561245,293.64732783080973
13855000,27710.000004727768,-53234.091524099116,293.6377137428714
13860000,27720.000004729805,-52934.4818538056,297.42700654734307
13865000,27730.000004731843,-53071.525986028486,298.7137371484754
13870000,27740.00000473388,-52695.22785927242,295.0339227586644
13875000,27750.000004735917,-53215.88188020015,293.538511996328
13880000,27760.000004737954,-52964.123907302244,296.5314112037346
13885000,27770.00000473999,-52730.46613728578,305.17803779091
13890000,27780.00000474203,-53002.44770356317,304.2029514165723
13895000,27790.000004744066,-52758.31510009963,298.9640621609652
13900000,27800.000004746104,-52882.49628550492,298.7167216674084
13905000,27810.00000474814,-52697.64429416493,291.8409412561214
13910000,27820.000004750178,-52870.221420571586,303.87224654788366
13915000,27830.000004752215,-52508.096277642704,297.3596600336872
13920000,27840.000004754253,-53441.37643562275,304.32507994419404
13925000,27850.00000475629,-53091.052277338866,297.91621631370776
13930000,27860.000004758327,-52438.98785612191,299.0085705199626
13935000,27870.000004760364,-52548.62049622109,308.0673757650199
13940000,27880.0000047624,-52805.58535701639,295.9536755024541
13945000,27890.00000476444,-52862.702909958054,293.5521772300292
13950000,27900.000004766476,-52832.72559875791,294.4585905084229
13955000,27910.000004768513,-53169.81813045213,301.74656006182244
13960000,27920.00000477055,-53359.03478305432,298.7765586280895
13965000,27930.000004772588,-53110.39239267056,293.0351729985447
13970000,27940.000004774625,-53342.81265115339,304.44222814642836
13975000,27950.000004776663,-52702.46098010638,301.49008269563575
13980000,27960.0000047787,-52863.2216251519,297.16677276104554
13985000,27970.000004780737,-52648.617204974114,301.029037499777
13990000,27980.000004782774,-52982.347026739764,290.8093916731334
13995000,27990.00000478481,-52630.317742779676,298.649590651308
14000000,28000.00000478685,-53252.317863235454,300.4899144351502
14005000,28010.000004788886,-53067.64722113311,291.94383954874144
14010000,28020.000004790923,-53149.86026808221,288.3376739972944
14015000,28030.00000479296,-52591.09931533973,295.22028861142167
14020000,28040.000004794998,-52946.24719633575,295.05779638468306
14025000,28050.000004797035,-53283.38670713676,302.8591761418209
14030000,28060.000004799072,-52791.117370736814,296.1127231322593
14035000,28070.00000480111,-52472.919251720305,294.57458438002055
14040000,28080.000004803147,-52857.75789725658,310.38541032572596
14045000,28090.000004805184,-52599.33461611596,295.15847972141967
14050000,28100.00000480722,-52920.04959218306,298.04966894548227
14055000,28110.00000480926,-52959.11163708329,300.0808296721071
14060000,28120.000004811296,-53095.4597213275,290.24105938818843
14065000,28130.000004813333,-52934.19797095505,298.4346802232056
14070000,28140.00000481537,-52998.680321197986,301.1159595024255
14075000,28150.000004817408,-52927.28850563432,301.0110282003336
14080000,28160.000004819445,-52780.14969489048,304.0523212155459
14085000,28170.000004821482,-53037.23726819386,300.19068319506175
14090000,28180.00000482352,-53158.0310898404,291.9287783050264
14095000,28190.000004825557,-53295.07251383149,297.04676660553827
14100000,28200.000004827594,-53126.17604465989,293.8485954424652
14105000,28210.00000482963,-52972.064467588905,297.2933244101204
14110000,28220.00000483167,-53004.78417617531,296.8201661341392
14115000,28230.000004833706,-53392.78913470678,301.26972185104245
14120000,28240.000004835743,-52826.22832057884,305.06576146203946
14125000,28250.00000483778,-53051.89293619181,301.1176971996886
14130000,28260.000004839818,-52931.582797935494,299.7197293418506
14135000,28270.000004841855,-53023.83815614623,295.58646159177584
14140000,28280.000004843892,-52772.50046419495,304.2716984221935
14145000,28290.00000484593,-53049.77997728903,305.85461233727034
14150000,28300.000004847967,-52998.99596791435,298.81029353707453
14155000,28310.000004850004,-52721.55104462174,294.23680995321376
14160000,28320.00000485204,-53186.361902326316,295.70737248278215
14165000,28330.00000485408,-52862.47066853478,292.12919832890645
14170000,28340.000004856116,-53022.160351624014,302.63429755114163
14175000,28350.000004858153,-53108.64381280102,288.74060023397595
14180000,28360.00000486019,-52657.29266381901,307.3141694403748
14185000,28370.000004862228,-52891.98179186322,290.19674536690707
14190000,28380.000004864265,-52721.490036616364,292.4355440224901
14195000,28390.000004866302,-53493.53387820834,294.5635376636725
14200000,28400.00000486834,-52927.18235625321,295.9245552556604
14205000,28410.000004870377,-53124.384486164694,300.3365909680513
14210000,28420.000004872414,-52849.315384319634,292.04165551280647
14215000,28430.00000487445,-53054.12585710129,307.51702169039316
14220000,28440.00000487649,-52865.82044924403,298.39620328724317
14225000,28450.000004878526,-53039.79462373367,302.69780666799187
14230000,28460.000004880563,-52792.783608747704,305.2349740226842
14235000,28470.0000048826,-52859.872389631346,296.1573323167203
14240000,28480.000004884638,-53212.518203145766,305.0784302327332
14245000,28490.000004886675,-53058.35275901167,302.01694038667875
14250000,28500.000004888712,-53271.132725881995,291.5481185058971
14255000,28510.00000489075,-53049.20764493232,295.4457448268549
14260000,28520.000004892787,-53142.11525820434,294.3188798134594
14265000,28530.000004894824,-52972.0812509096,299.7234012397996
14270000,28540.00000489686,-53301.84552761933,299.7023050854675
14275000,28550.0000048989,-53006.13385913905,297.7850951010788
14280000,28560.000004900936,-52754.87963837554,295.2724751649959
14285000,28570.000004902973,-52731.62733720135,300.4753241385702
14290000,28580.00000490501,-52887.09248721218,307.3632704903081
14295000,28590.000004907048,-52849.61246115356,300.0867580053507
14300000,28600.000004909085,-52933.297029566194,295.4931366988536
14305000,28610.000004911122,-52988.54410619137,291.59038101842884
14310000,28620.00000491316,-52483.577579617704,300.4248373168325
14315000,28630.000004915197,-53235.392101155536,300.8822889961214
14320000,28640.000004917234,-53103.23804318704,299.51030200303467
14325000,28650.00000491927,-52739.2251291548,297.8533976837057
14330000,28660.00000492131,-52664.97165179087,301.71128428573843
14335000,28670.000004923346,-52899.38770162087,297.61011076697406
14340000,28680.000004925383,-53084.78977771729,295.5401698116874
14345000,28690.00000492742,-52808.077172599325,295.3152480017376
14350000,28700.000004929458,-52871.67776992114,300.2666236120653
14355000,28710.000004931495,-52699.59797904536,297.2875248722412
14360000,28720.000004933532,-52637.68112388477,294.248902346269
14365000,28730.00000493557,-52716.66171072962,301.7185419876822
14370000,28740.000004937607,-52814.492643031,299.3462441871687
14375000,28750.000004939644,-53020.72152936575,302.95595324619575
14380000,28760.00000494168,-52857.061302302696,302.9825553056243
14385000,28770.00000494372,-52688.78910197687,302.32319070026654
14390000,28780.000004945756,-52902.20235464221,298.74050951924534
14395000,28790.000004947793,-53730.18494040487,293.80281505055126
14400000,28800.00000494983,-52877.80015315255,297.12349256227805
14405000,28810.000004951868,-52749.80624806974,299.33075468023924
14410000,28820.000004953905,-53148.402876710985,302.18051225181785
14415000,28830.000004955942,-52775.648985074105,301.4006079755114
14420000,28840.00000495798,-52383.34168507747,297.2492392009575
14425000,28850.000004960017,-52648.18760979711,304.29789130461785
14430000,28860.000004962054,-52662.05344704489,303.36024538656494
14435000,28870.00000496409,-53223.93164844619,302.1504413799034
14440000,28880.00000496613,-52611.33358041546,295.4260672012571
14445000,28890.000004968166,-53197.333179954585,293.9919897636176
14450000,28900.000004970203,-52707.8893367032,298.1357474163031
14455000,28910.00000497224,-52807.899618386,301.448981506978
14460000,28920.000004974278,-52720.40850774743,295.466298591932
14465000,28930.000004976315,-53022.52714957902,295.9364503616261
14470000,28940.000004978352,-52845.34861568347,290.1966539380337
14475000,28950.00000498039,-52677.36029007888,291.759327403944
14480000,28960.000004982427,-52958.24503543289,296.6486793515847
14485000,28970.000004984464,-52827.00541783072,300.8985002195567
14490000,28980.0000049865,-52927.18753186948,299.2382491267803
14495000,28990.00000498854,-53057.92487787371,301.1839206597458
14500000,29000.000004990576,-53224.5826474551,299.2242776630629
14505000,29010.000004992613,-52487.69976315048,306.74178779336984
14510000,29020.00000499465,-53278.56101449643,305.80576269857636
14515000,29030.000004996687,-52637.51920381395,291.38448732231126
14520000,29040.000004998725,-52804.46080417119,291.31639232621234
14525000,29050.000005000762,-53285.2125089085,297.9941023444326
14530000,29060.0000050028,-53152.433534055745,302.5277663973168
14535000,29070.000005004837,-53007.006524957775,303.30604806400385
14540000,29080.000005006874,-52737.35508020138,299.6636251711055
14545000,29090.00000500891,-52905.137312170526,289.5039232480263
14550000,29100.00000501095,-52855.67338338168,300.74105590121576
14555000,29110.000005012986,-53004.06232190097,303.56112304876706
14560000,29120.000005015023,-53135.80883224742,297.04644034445374
14565000,29130.00000501706,-52685.5050953881,296.7805264077867
14570000,29140.000005019097,-52862.87408775918,293.88893485424853
14575000,29150.000005021135,-52572.933888150175,301.25754807687423
14580000,29160.000005023172,-53081.208574848715,297.7217406438014
14585000,29170.00000502521,-52764.100302159204,301.1331888514503
14590000,29180.000005027247,-52912.88848270441,299.7597830290095
14595000,29190.000005029284,-52896.45423098438,293.18017123828304
14600000,29200.00000503132,-53238.17438621103,297.23939140030575
14605000,29210.00000503336,-52643.125663464976,306.52687089504695
14610000,29220.000005035396,-52780.74787167375,301.96688471591955
14615000,29230.000005037433,-53570.778103154385,300.8938085400333
14620000,29240.00000503947,-52999.47441535618,300.1182464878421
14625000,29250.000005041507,-53093.32527656105,302.57878483213887
14630000,29260.000005043545,-53143.37834819351,302.52941502125265
14635000,29270.000005045582,-52582.69787462553,305.59258285491455
14640000,29280.00000504762,-52950.81366599223,292.8065635258162
14645000,29290.000005049656,-53137.67226427255,296.12277239940533
14650000,29300.000005051694,-52881.96599412078,298.19271208026004
14655000,29310.00000505373,-53160.09326925705,296.29112696655415
14660000,29320.00000505577,-52925.57650014895,291.64117647905243
14665000,29330.000005057806,-53053.638678498624,297.9731298707723
14670000,29340.000005059843,-53245.0098928278,296.04737312586917
14675000,29350.00000506188,-52537.15906784756,301.09870166062984
14680000,29360.000005063917,-52425.299570341915,301.9202609124429
14685000,29370.000005065955,-53275.160575723334,306.68565522897615
14690000,29380.000005067992,-52471.07664512473,300.74757876018197
14695000,29390.00000507003,-53166.98194313643,301.1452302754312
14700000,29400.000005072066,-53120.74191408302,294.8723012584362
14705000,29410.000005074104,-52883.743672889745,299.51139099780346
14710000,29420.00000507614,-53116.357614938315,298.6366547637039
14715000,29430.00000507818,-52599.124494803254,293.0007922661107
14720000,29440.000005080215,-52693.49354522719,306.3569862100384
14725000,29450.000005082253,-52983.53691478263,301.63654932939824
14730000,29460.00000508429,-52970.65922650439,295.6181987256958
14735000,29470.000005086327,-52488.27536633247,302.74163663856837
14740000,29480.000005088365,-53266.19199109363,297.15154931663517
14745000,29490.000005090402,-52839.541519610415,296.230095829649
14750000,29500.00000509244,-52982.93624689907,300.89692247137987
14755000,29510.000005094476,-53181.47251257236,299.5554258609394
14760000,29520.000005096514,-52738.824728733016,297.46936784101183
14765000,29530.00000509855,-53149.52270422477,289.73070027567417
14770000,29540.000005100588,-53055.29887030361,300.3479439310286
14775000,29550.000005102625,-53069.997359331435,289.05299205440195
14780000,29560.000005104663,-53088.25796699338,295.2389469594495
14785000,29570.0000051067,-53105.29562448687,305.02531086876184
14790000,29580.000005108737,-52984.15246053322,295.3055772009656
14795000,29590.000005110775,-52943.68217625504,302.5017158361489
14800000,29600.00000511281,-52994.873731721804,298.4000365895484
14805000,29610.00000511485,-53358.80916757829,302.3488119275944
14810000,29620.000005116886,-52785.661949066765,299.462356270518
14815000,29630.000005118924,-52951.53239170363,290.0137503339775
14820000,29640.00000512096,-52888.93683751149,298.47409039138154
14825000,29650.000005122998,-52608.98688147761,300.70377291245364
14830000,29660.000005125035,-52640.05348047789,292.6760821238294
14835000,29670.000005127073,-52631.65624073995,299.77463914838415
14840000,29680.00000512911,-53362.97106921568,292.0635873683763
14845000,29690.000005131147,-52991.39090066159,302.385144479709
14850000,29700.000005133184,-52728.53994752068,309.6012610639908
14855000,29710.00000513522,-52492.55962542593,298.3122415087456
14860000,29720.00000513726,-52686.773695544776,298.0007287213155
14865000,29730.000005139296,-52795.37319216394,296.82917608696584
14870000,29740.000005141334,-53185.440408470575,287.3309677299035
14875000,29750.00000514337,-53057.32429058978,291.1646387971249
14880000,29760.000005145408,-52900.72658945981,296.878704477701
14885000,29770.000005147445,-53209.29693563323,298.2011093976666
14890000,29780.000005149483,-52813.515674197406,294.80235758527414
14895000,29790.00000515152,-53269.20562390605,304.0081431091073
14900000,29800.000005153557,-52737.15771718259,297.61613485452597
14905000,29810.000005155594,-52704.86963127172,301.15582727087343
14910000,29820.00000515763,-52973.34093522793,298.7593939558697
14915000,29830.00000515967,-52877.36236011534,300.4349174248398
14920000,29840.000005161706,-52395.659442417906,303.2115171912513
14925000,29850.000005163743,-53095.3951690307,299.0475496286908
14930000,29860.00000516578,-53435.991243240715,294.29648523936567
14935000,29870.000005167818,-52545.83830842347,297.5264184194175
14940000,29880.000005169855,-52700.126385422365,302.1983683883988
14945000,29890.000005171893,-52798.79009358579,305.9596560941282
14950000,29900.00000517393,-52810.628741183784,306.1552785697296
14955000,29910.000005175967,-53018.88745661164,293.36237520692083
14960000,29920.000005178004,-53099.33428035432,298.66466744425264
14965000,29930.00000518004,-52965.36819836215,287.6322051121234
14970000,29940.00000518208,-53215.344953667896,295.96770852280446
14975000,29950.000005184116,-53409.64482695257,298.00410518811555
14980000,29960.000005186153,-52217.88980681356,300.46658284001063
14985000,29970.00000518819,-52868.63534254799,294.99348687799096
14990000,29980.000005190228,-52954.29537431404,295.6019726888362
14995000,29990.000005192265,-53258.6020770733,301.5632422648279
15000000,30000.000005194303,-52845.9896945277,294.4100145831913
15005000,30010.00000519634,-53034.946971524216,300.61117518224603
15010000,30020.000005198377,-52846.66130420953,301.24019907193554
15015000,30030.000005200414,-53014.07707858193,294.1588039334105
15020000,30040.00000520245,-52510.30116282462,296.70400985451175
15025000,30050.00000520449,-53166.898747011204,300.23097650873046
15030000,30060.000005206526,-52767.794334612554,299.7899736165621
15035000,30070.000005208563,-53070.745925001014,306.81813009625876
15040000,30080.0000052106,-52727.77871651313,309.6583773141257
15045000,30090.000005212638,-52920.71116216146,294.127547681734
15050000,30100.000005214675,-52961.1586760795,299.81332162706315
15055000,30110.000005216712,-53210.14168500682,306.1974242776922
15060000,30120.00000521875,-52922.63219780149,295.5071614135664
15065000,30130.000005220787,-52838.95679164349,298.69240500278977
15070000,30140.000005222824,-53039.51093386332,297.0178868060971
15075000,30150.00000522486,-53317.89555134074,304.9963779733511
15080000,30160.0000052269,-52990.54366251745,299.3861568314125
15085000,30170.000005228936,-53216.18748042596,300.7018298492957
15090000,30180.000005230973,-52794.31718123701,307.03217492810614
15095000,30190.00000523301,-53092.42477296287,301.6319943636298
15100000,30200.000005235048,-52993.132782624016,294.4736654089713
15105000,30210.000005237085,-52889.2570482819,289.87163907521204
15110000,30220.000005239122,-52911.51820615548,285.87734674516685
15115000,30230.00000524116,-52861.08791736732,296.9520371791538
15120000,30240.000005243197,-52742.83396644285,295.6112251203656
15125000,30250.000005245234,-52551.71775473165,286.5318894573099
15130000,30260.00000524727,-53063.73329118345,299.5499830632254
15135000,30270.00000524931,-52910.980079931556,287.5057716587067
15140000,30280.000005251346,-52807.260594304156,299.7933407054219
15145000,30290.000005253383,-52806.559373948636,305.1178988306124
15150000,30300.00000525542,-52815.50726771398,291.11093146448354
15155000,30310.000005257458,-52866.64547308764,298.88836880677263
15160000,30320.000005259495,-52614.7547204904,303.3546910043172
15165000,30330.000005261532,-52984.51884016735,296.39109144069835
15170000,30340.00000526357,-53039.972222827026,306.2032864930733
15175000,30350.000005265607,-53058.50795032142,301.03017171504416
15180000,30360.000005267644,-53086.284075702046,297.8892861008228
15185000,30370.00000526968,-52904.476008620026,290.39435992727135
15190000,30380.00000527172,-52362.61714792927,298.83502696000596
15195000,30390.000005273756,-53148.39841697898,292.45362759098293
15200000,30400.000005275793,-52927.90345272605,301.50242021839887
15205000,30410.00000527783,-52827.54800114554,294.5299916679033
15210000,30420.000005279868,-52471.26829874734,295.92148387668936
15215000,30430.000005281905,-53138.04195066122,300.1069882495553
15220000,30440.000005283942,-52597.288471955166,294.9893270469123
15225000,30450.00000528598,-52865.53235827529,295.08633125650687
15230000,30460.000005288017,-53136.76081312678,293.3791444749417
15235000,30470.000005290054,-53237.82957106596,300.35284940024223
15240000,30480.00000529209,-52763.80794734141,297.658746113605
15245000,30490.00000529413,-53124.093878855085,300.2117083918816
15250000,30500.000005296166,-52516.90699590149,296.36398517885044
15255000,30510.000005298203,-52917.142453442735,305.1201275040406
15260000,30520.00000530024,-52775.64588136927,300.5454346259245
15265000,30530.000005302278,-52775.115984473494,294.7266383765103
15270000,30540.000005304315,-53059.937646752456,303.89567462476845
15275000,30550.000005306352,-52833.1687213408,290.82417297915833
15280000,30560.00000530839,-52532.51236636311,294.69335490926295
15285000,30570.000005310427,-52792.310873792594,296.39143828267714
15290000,30580.000005312464,-52802.50202987224,300.33614928518085
15295000,30590.0000053145,-53023.90193118862,295.23351369524755
15300000,30600.00000531654,-53015.74010631794,286.5301195234712
15305000,30610.000005318576,-52970.920353176014,290.4202435914753
15310000,30620.000005320613,-52829.57399479367,310.90864364528005
15315000,30630.00000532265,-52623.083406320045,300.0545143824464
15320000,30640.000005324688,-52953.08431569202,303.40439026368097
15325000,30650.000005326725,-53136.616690331575,303.47622540737603
15330000,30660.000005328762,-53195.57015781663,304.88474158429426
15335000,30670.0000053308,-52736.90206803003,301.30244132160965
15340000,30680.000005332837,-53053.07800225567,301.41425600662967
15345000,30690.000005334874,-53271.07324652042,294.9632514541919
15350000,30700.00000533691,-52698.49068591115,302.9250210400102
15355000,30710.00000533895,-52357.894042033004,289.2615867237343
15360000,30720.000005340986,-52923.50378864721,293.8991343924758
15365000,30730.000005343023,-53051.78550153869,299.2922026454192
15370000,30740.00000534506,-52515.537599757954,305.3225886738548
15375000,30750.000005347098,-52589.21122187009,299.1137118993803
15380000,30760.000005349135,-52366.283551897795,300.9251100306001
15385000,30770.000005351172,-52621.477659584314,304.9630930728028
15390000,30780.00000535321,-52604.754995042604,291.20100733399585
15395000,30790.000005355247,-52956.103127168346,298.00141111664925
15400000,30800.000005357284,-52632.173149198876,311.0826379393629
15405000,30810.00000535932,-52866.07688597424,302.7605280366715
15410000,30820.00000536136,-52783.13944939416,300.2895367090923
15415000,30830.000005363396,-52966.69990647619,301.31872310303623
15420000,30840.000005365433,-53005.56343419285,293.09831188950426
15425000,30850.00000536747,-53234.68142740868,293.79740812738794
15430000,30860.000005369508,-52803.25611925172,302.3163155728685
15435000,30870.000005371545,-53235.06348446946,295.9487410749557
15440000,30880.000005373582,-52996.14849107523,294.4073202071071
15445000,30890.00000537562,-53104.450346362806,305.9577964147983
15450000,30900.000005377657,-53210.994342922495,292.0835582683679
15455000,30910.000005379694,-52397.33950857667,290.688697608986
15460000,30920.00000538173,-52880.493677311606,300.5973220431598
15465000,30930.00000538377,-52981.71269977058,297.62152079633603
15470000,30940.000005385806,-52854.84012143538,295.7693305849114
15475000,30950.000005387843,-52961.38587975013,302.1106704162152
15480000,30960.00000538988,-53124.27402376389,293.890941964819
15485000,30970.000005391918,-53025.98114285577,300.45229805929046
15490000,30980.000005393955,-52818.200442935806,299.2953495353967
15495000,30990.000005395992,-52758.920835417084,301.6253272605803
15500000,31000.00000539803,-52628.61264996082,285.9815536131462
15505000,31010.000005400067,-52816.30909493915,296.5122258914621
15510000,31020.000005402104,-53232.47619385921,308.71999477344343
15515000,31030.00000540414,-52895.852178765665,292.9769032166626
15520000,31040.00000540618,-53018.13352885205,299.1586341999311
15525000,31050.000005408216,-53552.33799787742,296.269620129795
15530000,31060.000005410253,-53470.92109903143,300.6087667706891
15535000,31070.00000541229,-52639.09892013503,298.02028039617164
15540000,31080.000005414327,-53011.21245932003,290.7784488195849
15545000,31090.000005416365,-53055.37624318915,293.7077190173548
15550000,31100.000005418402,-52814.77049788585,301.7077165895171
15555000,31110.00000542044,-52733.76030961968,305.91496995171474
15560000,31120.000005422477,-52995.114532636886,295.7202215228467
15565000,31130.000005424514,-52906.35558749011,292.39303917333905
15570000,31140.00000542655,-52872.19048926659,293.89520210096674
15575000,31150.00000542859,-52918.51779349503,294.24317294789176
15580000,31160.000005430626,-52818.79728545071,290.8474486537078
15585000,31170.000005432663,-53010.44991008079,292.2175276012237
15590000,31180.0000054347,-53075.61466973851,291.29496675167695
15595000,31190.000005436737,-52895.16287148063,295.3114933611412
15600000,31200.000005438775,-53129.86233307939,300.2015173089158
15605000,31210.000005440812,-52523.22026253218,300.1562693832313
15610000,31220.00000544285,-52666.649284402345,299.9987079115993
15615000,31230.000005444886,-52882.18937541844,291.4417410743047
15620000,31240.000005446924,-52892.99649461717,300.37863114130016
15625000,31250.00000544896,-52882.254770618165,303.54274726969777
15630000,31260.000005451,-53053.20711362874,293.5305068384985
15635000,31270.000005453036,-53031.639516011375,302.68120716932
15640000,31280.000005455073,-52849.01852666825,296.73838058075705
15645000,31290.00000545711,-52842.56506808233,306.055172859639
15650000,31300.000005459147,-52823.86956210915,295.4486421044397
15655000,31310.000005461185,-53234.96696100573,305.17227132894084
15660000,31320.000005463222,-53021.690947783965,298.4120827039328
15665000,31330.00000546526,-52755.18392641356,295.05862282114083
15670000,31340.000005467296,-52755.32972257049,293.19615698979237
15675000,31350.000005469334,-53322.97652648055,303.17519302730886
15680000,31360.00000547137,-53225.666055234906,298.37421127711804
15685000,31370.00000547341,-53312.766661466565,300.4801278791793
15690000,31380.000005475446,-53026.85796145379,295.88598069834535
15695000,31390.000005477483,-52275.14033157015,304.4047425010877
15700000,31400.00000547952,-52395.88135759902,299.7985493930117
15705000,31410.000005481557,-52715.88766793208,304.618156283348
15710000,31420.000005483595,-52931.03006448,298.04534641200706
15715000,31430.000005485632,-53014.54871702564,295.6448895989667
15720000,31440.00000548767,-53084.881346592156,299.4293699328096
15725000,31450.000005489706,-52898.49289764048,296.7007817672182
15730000,31460.000005491744,-52874.58275096759,295.9398868830174
15735000,31470.00000549378,-52717.719972321385,305.79691151725666
15740000,31480.00000549582,-52887.97415982967,299.57196891188926
15745000,31490.000005497855,-53144.05274259107,294.47396143935055
15750000,31500.000005499893,-52987.10452438306,291.8620277763117
15755000,31510.00000550193,-52510.73967130916,294.8391676209131
15760000,31520.000005503967,-53188.13515762286,294.3409694478586
15765000,31530.000005506005,-53100.9057505776,305.54147015383364
15770000,31540.00000550804,-53309.23185572229,290.44085087710596
15775000,31550.00000551008,-52650.17392928156,298.96914680972225
15780000,31560.000005512116,-53003.3062486804,301.34161706120705
15785000,31570.000005514154,-52957.421733692725,300.19011891515606
15790000,31580.00000551619,-52911.989304070274,298.4316400775755
15795000,31590.000005518228,-53111.0791687172,307.3065928170297
15800000,31600.000005520265,-53079.06629007362,300.4830164103596
15805000,31610.000005522303,-53109.176228119875,299.3749846101971
15810000,31620.00000552434,-52894.6094745087,300.6406975550604
15815000,31630.000005526377,-52481.32872171639,295.4159191213304
15820000,31640.000005528414,-52764.6059237578,296.18624733422894
15825000,31650.00000553045,-52923.30080836979,293.92732995546726
15830000,31660.00000553249,-53061.198277586285,297.14594076620875
15835000,31670.000005534526,-52866.22727430577,290.23191813264293
15840000,31680.000005536564,-52943.42198959162,303.5932914433258
15845000,31690.0000055386,-52857.59153503738,297.9179079709338
15850000,31700.000005540638,-52967.72359872633,295.77625128621565
15855000,31710.000005542675,-52752.29919553478,300.02658884700395
15860000,31720.000005544713,-52534.054991556826,310.4910174320518
15865000,31730.00000554675,-52620.40313076673,302.0986921312065
15870000,31740.000005548787,-53103.30579365333,309.3423658784648
15875000,31750.000005550824,-52722.34343864239,304.8877896168015
15880000,31760.00000555286,-52730.74063863163,302.153070979043
15885000,31770.0000055549,-53118.308955229586,295.91199700916474
15890000,31780.000005556936,-52743.22460449379,301.45270364091255
15895000,31790.000005558973,-52980.07607042475,300.2870186928673
15900000,31800.00000556101,-53025.467612118926,294.08613663154534
15905000,31810.000005563048,-53070.47830081973,305.66979264677485
15910000,31820.000005565085,-52976.034052668576,299.5040758609977
15915000,31830.000005567123,-52714.54510607818,291.8275943406982
15920000,31840.00000556916,-52837.90391649245,302.09488459080677
15925000,31850.000005571197,-52788.18023886255,290.9135355604236
15930000,31860.000005573234,-52823.71327307337,296.9762705085793
15935000,31870.00000557527,-52753.98437385631,307.69121559734145
15940000,31880.00000557731,-52757.744961555756,304.0565136393639
15945000,31890.000005579346,-52457.87708889379,298.59602533021814
15950000,31900.000005581383,-53213.03574621724,296.687100900102
15955000,31910.00000558342,-52853.50016492908,299.4891732057043
15960000,31920.000005585458,-52892.91861989512,296.90961565439284
15965000,31930.000005587495,-52918.95877719452,306.3120839734027
15970000,31940.000005589533,-52693.279899476154,296.05577612355796
15975000,31950.00000559157,-53110.462024587905,301.13747434673286
15980000,31960.000005593607,-53183.23491065658,300.724230295982
15985000,31970.000005595644,-53263.16930603178,300.656603557848
15990000,31980.00000559768,-53198.20415761927,293.34748619913427
15995000,31990.00000559972,-53173.77213207632,305.3621537922442
16000000,32000.000005601756,-53096.13256603846,306.02159603264914
16005000,32010.000005603793,-53044.46094443626,302.66084734770607
16010000,32020.00000560583,-52644.21808181258,305.83905613756923
16015000,32030.000005607868,-52805.02962340487,294.71002735512013
16020000,32040.000005609905,-52938.02924133462,296.72024490821656
16025000,32050.000005611942,-52871.28479635593,295.0006441858946
16030000,32060.00000561398,-53012.69488752651,291.1125956862228
16035000,32070.000005616017,-52846.8465617889,298.8304341798797
16040000,32080.000005618054,-52970.96670956959,292.7768798176997
16045000,32090.00000562009,-53087.44002801686,297.2656250802762
16050000,32100.00000562213,-52998.788533929124,289.0945918503849
16055000,32110.000005624166,-52984.324102728104,292.3658182510557
16060000,32120.000005626203,-52848.632376360794,301.28769126158
16065000,32130.00000562824,-53020.27192946136,294.3564103407255
16070000,32140.000005630278,-52422.93327725047,303.94890412485586
16075000,32150.000005632315,-53431.15109374339,305.5862914263335
16080000,32160.000005634352,-53024.09858793765,296.19625881736766
16085000,32170.00000563639,-53010.092975422536,300.69611109285813
16090000,32180.000005638427,-52954.846234051336,299.69195921904054
16095000,32190.000005640464,-52766.13250852947,292.5085073921958
16100000,32200.0000056425,-53466.02916734028,305.2383277845577
16105000,32210.00000564454,-52865.65241415892,308.1555718920429
16110000,32220.000005646576,-53090.549570129544,301.0388395429901
16115000,32230.000005648613,-52989.380362291005,300.4395768273148
16120000,32240.00000565065,-52887.64276765904,302.7483801564303
16125000,32250.000005652688,-53008.30665124173,294.4422707592236
16130000,32260.000005654725,-53173.6429115847,300.4683579691305
16135000,32270.000005656762,-52386.56714319371,297.46176367976585
16140000,32280.0000056588,-52900.77446815229,302.2196508124341
16145000,32290.000005660837,-52915.92927074534,286.6761933405177
16150000,32300.000005662874,-52917.29122154665,293.26402458103513
16155000,32310.00000566491,-52678.583265274385,304.73064537154386
16160000,32320.00000566695,-52725.15315213881,295.7714049101591
16165000,32330.000005668986,-52696.96420174095,298.221222548049
16170000,32340.000005671023,-52976.501096467255,296.6297091870476
16175000,32350.00000567306,-52545.37108045805,306.6724308552899
16180000,32360.000005675098,-53401.03624181758,298.8687815103309
16185000,32370.000005677135,-52899.038257717766,292.80974074149174
16190000,32380.000005679172,-52762.52724199626,299.6889733558865
16195000,32390.00000568121,-52538.49941659914,292.19180206477336
16200000,32400.000005683247,-53104.35530907617,291.68701368615405
16205000,32410.000005685284,-52837.44552699709,298.06208069995023
16210000,32420.00000568732,-52830.19898535087,299.8317763187053
16215000,32430.00000568936,-52664.957948009425,295.08052969120615
16220000,32440.000005691396,-53082.24580163733,303.4069576557388
16225000,32450.000005693433,-53181.62765874257,297.83361855079403
16230000,32460.00000569547,-53544.294637756946,297.9626332581997
16235000,32470.000005697508,-53044.371036108845,296.2122316615089
16240000,32480.000005699545,-52780.61069905257,291.70016865733464
16245000,32490.000005701582,-52572.202543916064,297.45433924106044
16250000,32500.00000570362,-53322.2791397433,302.5783648682397
16255000,32510.000005705657,-53052.92336434405,295.15963633493834
16260000,32520.000005707694,-52907.74328865536,299.00492149841523
16265000,32530.00000570973,-53211.107902917865,288.14761778847634
16270000,32540.00000571177,-53256.960602964566,293.9255586806249
16275000,32550.000005713806,-52717.130112198676,299.2788180882349
16280000,32560.000005715843,-52946.971739291854,293.17985310539274
16285000,32570.00000571788,-52720.708555735124,296.844460863034
16290000,32580.000005719918,-52790.21470960535,309.1659166231976
16295000,32590.000005721955,-52842.38193225156,298.3927492882758
16300000,32600.000005723992,-52518.2268853065,299.8087791498043
16305000,32610.00000572603,-52952.19811513263,298.6704859616503
16310000,32620.000005728067,-52963.11873508,293.4315067909522
16315000,32630.000005730104,-52796.326471161476,304.2845325345521
16320000,32640.00000573214,-52558.29429799048,301.5732860483436
16325000,32650.00000573418,-53386.318982627214,297.7946778618271
16330000,32660.000005736216,-53347.90299372477,297.9542063962704
16335000,32670.000005738253,-53106.041284463136,290.2903343317652
16340000,32680.00000574029,-52596.58350999653,304.0913588550217
16345000,32690.000005742328,-53099.44709456747,299.2418810734471
16350000,32700.000005744365,-52693.22350591069,297.46137098282594
16355000,32710.000005746402,-52725.47216490566,297.44389146285937
16360000,32720.00000574844,-52748.87192189449,302.33643905267985
16365000,32730.000005750477,-52928.71579386227,301.63620025747804
16370000,32740.000005752514,-52768.28757477953,300.4849893530023
16375000,32750.00000575455,-52873.60037975141,301.7731383449356
16380000,32760.00000575659,-52916.86837491937,306.11814361794194
16385000,32770.00000575862,-52694.874942104536,295.34111797979693
16390000,32780.00000576066,-52513.7240688747,306.28532280471103
16395000,32790.0000057627,-53142.17920103588,298.4135179586037
16400000,32800.000005764734,-52950.945176871784,297.2394125193211
16405000,32810.00000576677,-53043.089515888336,301.47887679262755
16410000,32820.00000576881,-52797.97363621846,304.16933279202345
16415000,32830.000005770846,-52987.32648591057,302.10700055082947
16420000,32840.00000577288,-53165.58208955804,301.12075132095055
16425000,32850.00000577492,-53210.61315594701,293.1488645114987
16430000,32860.00000577696,-52856.78752062097,293.4561575571007
16435000,32870.000005778995,-52497.821470095485,304.15988695290554
16440000,32880.00000578103,-52825.19665083394,286.36528359063885
16445000,32890.00000578307,-53125.1445273906,299.1406444542008
16450000,32900.00000578511,-53082.523876738356,294.48412683980547
16455000,32910.000005787144,-53281.80747330544,286.67840556425136
16460000,32920.00000578918,-53201.72267701797,293.9279644738109
16465000,32930.00000579122,-52854.82668807809,302.48391807169776
16470000,32940.000005793256,-53015.82765969323,300.2439120922688
16475000,32950.00000579529,-53064.95774037589,301.23403977142425
16480000,32960.00000579733,-52643.25278284724,298.4145679182266
16485000,32970.00000579937,-52804.26146286569,292.21107170594433
16490000,32980.000005801405,-53202.756418399134,299.5642912938965
16495000,32990.00000580344,-53031.841822994844,295.6768751713111
16500000,33000.00000580548,-52354.360110678885,300.1115068724822
16505000,33010.00000580752,-52761.2688251957,301.5366915045138
16510000,33020.000005809554,-53210.94750566449,294.9091781909036
16515000,33030.00000581159,-53047.51506660454,297.5624304166242
16520000,33040.00000581363,-52643.945499879715,297.43192272889144
16525000,33050.000005815666,-53575.138109473715,301.50905480564364
16530000,33060.0000058177,-52724.480059665046,296.05636238171377
16535000,33070.00000581974,-53126.030472156155,293.1979079704331
16540000,33080.00000582178,-53002.69282955141,293.3988948896252
16545000,33090.000005823815,-52703.57982603274,298.95110676160334
16550000,33100.00000582585,-52911.84130101104,288.51117062268725
16555000,33110.00000582789,-52863.81189460354,301.0471517124076
16560000,33120.00000582993,-53009.9484753951,303.19103422355437
16565000,33130.000005831964,-52972.241007621924,295.79735705419586
16570000,33140.000005834,-52967.365378301154,297.6711702994563
16575000,33150.00000583604,-53154.75517296963,294.03819694004716
16580000,33160.000005838076,-53057.43456510652,299.5618025819568
16585000,33170.00000584011,-53198.29297807059,296.6461275855687
16590000,33180.00000584215,-52422.54920394393,291.1326981972573
16595000,33190.00000584419,-52956.717528962006,291.70357833231134
16600000,33200.000005846225,-52856.60388147173,294.5050995625585
16605000,33210.00000584826,-52793.641099005676,306.9882364939878
16610000,33220.0000058503,-52625.483036475984,304.1765610247427
16615000,33230.00000585234,-53072.42531182294,297.21122904332094
16620000,33240.000005854374,-52641.095605274575,301.65938129498716
16625000,33250.00000585641,-53003.38985980218,294.3477508563556
16630000,33260.00000585845,-53002.262078262924,296.9451556587719
16635000,33270.000005860486,-52920.662377713335,298.2305863312996
16640000,33280.00000586252,-53126.72366725135,299.7188174994189
16645000,33290.00000586456,-52738.00716216935,297.21271797906354
16650000,33300.0000058666,-52988.11317013725,306.3409064530964
16655000,33310.000005868635,-52754.82139812625,295.11795622785894
16660000,33320.00000587067,-53132.15209669608,297.9036332615111
16665000,33330.00000587271,-52638.66435128145,298.56877317370964
16670000,33340.00000587475,-52906.43399252277,300.25251512030565
16675000,33350.000005876784,-52963.66609673167,289.26320847648026
16680000,33360.00000587882,-53053.136781331006,298.4285776431574
16685000,33370.00000588086,-53436.4894770839,299.0085633021164
16690000,33380.000005882895,-52687.28522467232,297.3659593158773
16695000,33390.00000588493,-53080.05509157691,292.89555621988205
16700000,33400.00000588697,-52751.43879604369,303.20434604563764
16705000,33410.00000588901,-53187.82292317288,304.98411987907053
16710000,33420.000005891045,-52683.91518568646,298.9243073683532
16715000,33430.00000589308,-52472.06152651622,297.9532803920132
16720000,33440.00000589512,-52912.65770474204,306.6186363037379
16725000,33450.00000589716,-53175.2284580211,304.1306617012979
16730000,33460.000005899194,-52811.9520372086,303.08729042410334
16735000,33470.00000590123,-52968.023689622205,297.8302383719852
16740000,33480.00000590327,-52949.95338647059,301.0427913713603
16745000,33490.000005905305,-52898.88724970512,306.66357989159803
16750000,33500.00000590734,-52953.69623204574,294.0406170018915
16755000,33510.00000590938,-53026.2381200674,295.28455798318424
16760000,33520.00000591142,-52914.51974740703,302.9015485379604
16765000,33530.000005913455,-52685.68895484836,292.97809003146267
16770000,33540.00000591549,-52911.99401349641,303.90876326789584
16775000,33550.00000591753,-53186.49998271218,299.15738288988524
16780000,33560.000005919566,-52562.954345875245,306.99388145020106
16785000,33570.0000059216,-52793.357369213016,291.3886378724485
16790000,33580.00000592364,-52524.13825618045,301.87854943562013
16795000,33590.00000592568,-52631.434976713994,295.4728003627443
16800000,33600.000005927715,-53003.78149581238,295.23675858935
16805000,33610.00000592975,-53132.24632492161,304.0469088633515
16810000,33620.00000593179,-53144.70071052,306.42869025698553
16815000,33630.00000593383,-52797.476702373795,298.69238667252847
16820000,33640.000005935864,-52888.24592451341,307.61002180241013
16825000,33650.0000059379,-53245.181549643865,299.78922727762864
16830000,33660.00000593994,-52974.798942070076,295.7741228819745
16835000,33670.000005941976,-53178.169452689035,296.86945208923345
16840000,33680.00000594401,-52789.17925357958,299.42059511590065
16845000,33690.00000594605,-52471.79321296056,295.4674095688501
16850000,33700.00000594809,-52969.67298815088,297.77412896385533
16855000,33710.000005950125,-52932.40661624764,300.9487704801067
16860000,33720.00000595216,-53088.34255266891,297.17853892373955
16865000,33730.0000059542,-53034.2571230187,294.1658165190977
16870000,33740.00000595624,-52780.8571759272,295.99077755937435
16875000,33750.000005958274,-53066.5161882276,308.0274291931553
16880000,33760.00000596031,-52743.47813929088,299.37585569722137
16885000,33770.00000596235,-52784.291264324915,306.30695163565133
16890000,33780.000005964386,-53168.67418691682,294.35950582374664
16895000,33790.00000596642,-53145.680070216826,300.30465472842826
16900000,33800.00000596846,-52831.78639353614,291.4826598613431
16905000,33810.0000059705,-52672.853580624535,297.49462970131924
16910000,33820.000005972535,-52931.92510938295,303.753679385392
16915000,33830.00000597457,-53076.16441206774,297.56239764879496
16920000,33840.00000597661,-52787.42604516569,295.28842570566246
16925000,33850.00000597865,-52739.09291215736,294.36519124070884
16930000,33860.000005980684,-53035.40622748091,300.85915553746435
16935000,33870.00000598272,-52921.039355154906,306.3735399913619
16940000,33880.00000598476,-53173.53258508921,299.10465533036734
16945000,33890.000005986796,-52867.28694295624,301.39690271312423
16950000,33900.00000598883,-52778.6587646401,300.44845792609124
16955000,33910.00000599087,-53065.86148439115,299.3633606183151
16960000,33920.00000599291,-52706.13444110111,297.37802750560957
16965000,33930.000005994945,-53104.89172076146,298.03713272939495
16970000,33940.00000599698,-52862.28641674947,304.14409956208686
16975000,33950.00000599902,-52606.44330423765,303.67234769170364
16980000,33960.00000600106,-52921.95495507785,305.6494917472125
16985000,33970.000006003094,-52745.484603706485,291.7492437393257
16990000,33980.00000600513,-52724.82348766562,299.112017263702
16995000,33990.00000600717,-52802.12391613523,297.10766242785286
17000000,34000.000006009206,-52628.156707338494,297.1187634733514
17005000,34010.00000601124,-53041.226769760775,300.631423512688
17010000,34020.00000601328,-53177.3962372441,300.1678270144777
17015000,34030.00000601532,-52647.464697811956,298.7508782676078
17020000,34040.000006017355,-53077.80717000819,292.2322625658443
17025000,34050.00000601939,-52780.10793070364,296.37958415153815
17030000,34060.00000602143,-53172.73296058335,297.3596909272716
17035000,34070.00000602347,-52948.040286089556,291.88675230309053
17040000,34080.000006025504,-52594.689907947235,293.07469342086335
17045000,34090.00000602754,-53042.70133601152,294.5810395022826
17050000,34100.00000602958,-52781.60474898835,303.6167871666514
17055000,34110.000006031616,-52704.762142458465,305.88814503217566
17060000,34120.00000603365,-52950.31756012223,292.0536116712775
17065000,34130.00000603569,-52719.376712662546,299.8691036859761
17070000,34140.00000603773,-53221.58879945561,295.99714010154526
17075000,34150.000006039765,-52848.63799967672,308.922244822928
17080000,34160.0000060418,-53597.10142778573,295.7228271034234
17085000,34170.00000604384,-52614.11659837197,303.60454775558827
17090000,34180.00000604588,-53168.784024805354,299.1004405899523
17095000,34190.000006047914,-52990.40325562062,297.37746917151
17100000,34200.00000604995,-52658.15042465416,303.1274666580459
17105000,34210.00000605199,-52676.71250565685,294.3486933396488
17110000,34220.000006054026,-52592.507393491134,300.1306421543051
17115000,34230.00000605606,-52907.36856769756,301.23309135916185
17120000,34240.0000060581,-53106.25938019177,291.8658204004655
17125000,34250.00000606014,-52622.815245832986,298.4012220161378
17130000,34260.000006062175,-53177.705809612584,295.75518935331905
17135000,34270.00000606421,-53026.95494817625,294.7809535989602
17140000,34280.00000606625,-53022.36208217329,298.1724272856309
17145000,34290.00000606829,-52592.37517081556,299.33151561450165
17150000,34300.000006070324,-53024.12701669143,299.7066086974795
17155000,34310.00000607236,-53008.59158293935,296.7768872012051
17160000,34320.0000060744,-52883.58359974483,304.0866373238732
17165000,34330.000006076436,-53042.717869402986,298.3259378680769
17170000,34340.00000607847,-52818.57354856646,294.09729939958993
17175000,34350.00000608051,-52884.95634887455,293.5878831528688
17180000,34360.00000608255,-53209.53701469794,298.00824593059764
17185000,34370.000006084585,-52694.90268354252,302.4841922230241
17190000,34380.00000608662,-52586.45728604728,309.2744952248843
17195000,34390.00000608866,-52560.519129016524,299.2470879105519
17200000,34400.0000060907,-52681.33775801168,305.2909982159208
17205000,34410.000006092734,-52728.20502035273,304.18341199341836
17210000,34420.00000609477,-53052.80611715361,295.83303965349745
17215000,34430.00000609681,-52482.58093301856,308.63389992055295
17220000,34440.000006098846,-52644.72515219299,298.2242490677935
17225000,34450.00000610088,-53222.63515653141,294.47188384425266
17230000,34460.00000610292,-53062.71396809249,302.10049922355785
17235000,34470.00000610496,-52678.95804728448,299.22725381775456
17240000,34480.000006106995,-52843.81835976656,307.07251330279024
17245000,34490.00000610903,-52953.50708216804,300.70181366914494
17250000,34500.00000611107,-53049.241926404036,305.8955386048843
17255000,34510.00000611311,-53042.64774182282,300.7870985031574
17260000,34520.000006115144,-52642.31027712053,291.71375058814516
17265000,34530.00000611718,-52960.77923500075,287.2638598767135
17270000,34540.00000611922,-52960.241640800145,296.26864839001024
17275000,34550.000006121256,-52869.05185171141,296.75516712665944
17280000,34560.00000612329,-53039.01681328658,297.0193629501301
17285000,34570.00000612533,-52816.11892514484,303.5487907159231
17290000,34580.00000612737,-52733.61757133121,301.9181595582731
17295000,34590.000006129405,-52711.95110971379,297.04678789797117
17300000,34600.00000613144,-52861.7677439939,299.6328224214178
17305000,34610.00000613348,-53407.29730786037,302.17358341482657
17310000,34620.00000613552,-53039.965883798606,301.7062718251076
17315000,34630.000006137554,-52779.06552585133,301.0005108414622
17320000,34640.00000613959,-53142.165346714784,292.60042217547095
17325000,34650.00000614163,-53256.95488608297,307.0533652422246
17330000,34660.000006143666,-52935.01231951831,296.05928820352796
17335000,34670.0000061457,-52957.31823390111,299.20692631257396
17340000,34680.00000614774,-52820.0402580254,297.9051013058902
17345000,34690.00000614978,-52901.69850765122,298.8001811379337
17350000,34700.000006151815,-53056.95505479304,301.7197045811136
17355000,34710.00000615385,-52706.03213889769,300.4831549747465
17360000,34720.00000615589,-52815.90390109157,298.2131480131676
17365000,34730.00000615793,-53002.74980532599,298.38458557182304
17370000,34740.000006159964,-52796.99853254837,296.6553247428663
17375000,34750.000006162,-52689.54676227423,297.03528515147474
17380000,34760.00000616404,-53174.82345417526,301.21188745300753
17385000,34770.000006166076,-52999.482711741584,300.72531102413467
17390000,34780.00000616811,-53075.00479713475,294.2573330907043
17395000,34790.00000617015,-52913.75076962804,291.3750114372635
17400000,34800.00000617219,-53373.754824876814,304.0318618371328
17405000,34810.000006174225,-53373.976506107574,293.7923271037933
17410000,34820.00000617626,-52661.406192172,299.8822677227141
17415000,34830.0000061783,-53153.7491753122,296.43064230821653
17420000,34840.00000618034,-53163.02260883618,303.1600206484694
17425000,34850.000006182374,-53094.231298355386,299.0132494133136
17430000,34860.00000618441,-52785.06890740566,307.5918500517843
17435000,34870.00000618645,-53255.8594121341,298.59596397487064
17440000,34880.000006188486,-53242.95922318369,303.0483752030839
17445000,34890.00000619052,-53242.548684307665,301.0394308576762
17450000,34900.00000619256,-52814.769787251455,291.50175579335615
17455000,34910.0000061946,-52673.32775867137,298.39764581029846
17460000,34920.000006196635,-52677.93872304732,294.1557528805435
17465000,34930.00000619867,-52886.285963232396,299.7260188105245
17470000,34940.00000620071,-53083.311841662915,298.67921845075386
17475000,34950.00000620275,-52843.22633949321,300.0164973225718
17480000,34960.000006204784,-52942.58736218445,297.9369400086737
17485000,34970.00000620682,-52634.09119834026,297.70214488703465
17490000,34980.00000620886,-52595.45198139711,299.499796555693
17495000,34990.000006210896,-52852.40358878794,299.2651546843061
17500000,35000.00000621293,-52746.98955835885,299.87860921367405
17505000,35010.00000621497,-53127.93306056957,298.6351625337078
17510000,35020.00000621701,-53022.8010091694,300.69977826337157
17515000,35030.000006219045,-53088.15916894254,294.0754667077521
17520000,35040.00000622108,-53029.06710219302,295.76931569626055
17525000,35050.00000622312,-52768.89221667961,294.5586675668064
17530000,35060.00000622516,-52923.397720646084,300.6215656312396
17535000,35070.000006227194,-53153.124290174776,303.6341822457217
17540000,35080.00000622923,-52565.94333822245,294.59785038193047
17545000,35090.00000623127,-52703.00435101602,296.4942314494379
17550000,35100.000006233306,-53264.85275544977,291.5449623805643
17555000,35110.00000623534,-52849.88991478068,295.61695951919626
17560000,35120.00000623738,-52745.865536086145,296.87849519589633
17565000,35130.00000623942,-53084.527896884974,303.68646619681834
17570000,35140.000006241455,-52978.20453084138,291.65844748892994
17575000,35150.00000624349,-53328.057785880635,293.01322243915797
17580000,35160.00000624553,-52789.30336985251,297.46259387577555
17585000,35170.00000624757,-52930.842105491494,300.3854187680821
17590000,35180.000006249604,-52639.407894796546,293.8781792492793
17595000,35190.00000625164,-53097.756088983384,302.79603208310493
17600000,35200.00000625368,-53064.50551792566,298.9264200050029
17605000,35210.000006255716,-52693.09864103256,305.0642572169465
17610000,35220.00000625775,-52662.82525115149,293.56919509237514
17615000,35230.00000625979,-53041.3163473258,303.5695358363986
17620000,35240.00000626183,-52484.04251030419,296.9396806344103
17625000,35250.000006263865,-52787.33205974364,291.7122622101367
17630000,35260.0000062659,-52926.50524695267,299.32440650862435
17635000,35270.00000626794,-52951.12069797603,287.9651213259329
17640000,35280.00000626998,-52990.16733192411,296.1902329349767
17645000,35290.000006272014,-52709.19785261009,299.87807870290857
17650000,35300.00000627405,-52989.07269989702,299.6208182697709
17655000,35310.00000627609,-52608.77243045124,306.81633766911847
17660000,35320.000006278126,-52808.069545030536,293.8239968693453
17665000,35330.00000628016,-53097.29539337102,303.4966621087027
17670000,35340.0000062822,-53099.0842648884,294.0500015090818
17675000,35350.00000628424,-53125.61338261684,301.00385326958303
17680000,35360.000006286275,-53279.17627052707,299.9925532711067
17685000,35370.00000628831,-53351.5271265395,304.3956699039808
17690000,35380.00000629035,-52944.94674976071,302.00031811765723
17695000,35390.00000629239,-52843.41904982543,301.9423835160933
17700000,35400.000006294424,-53062.81389857977,297.59576612606156
17705000,35410.00000629646,-53045.84507771733,303.53337011694396
17710000,35420.0000062985,-52766.805142571044,300.6806924651713
17715000,35430.000006300535,-52638.935541244864,298.5697444610805
17720000,35440.00000630257,-52640.491290426,295.34195543192806
17725000,35450.00000630461,-52857.39849808678,298.50391739506523
17730000,35460.00000630665,-53281.62498969911,302.8027040011319
17735000,35470.000006308685,-52899.8023978557,296.13181719375
17740000,35480.00000631072,-52921.21791522906,299.2671815358317
17745000,35490.00000631276,-52887.51566222115,297.9135156259395
17750000,35500.000006314796,-52924.87013664338,302.19966066788675
17755000,35510.00000631683,-52999.73472028581,298.1581359036428
17760000,35520.00000631887,-53161.22504912145,299.90248768450795
17765000,35530.00000632091,-53084.53237900697,297.74833275114787
17770000,35540.000006322945,-52896.59560286329,297.1248695809938
17775000,35550.00000632498,-53103.14107677576,295.23232319325274
17780000,35560.00000632702,-52882.73914200149,301.27557965684
17785000,35570.00000632906,-53050.375143866346,291.18533291265993
17790000,35580.000006331094,-53015.89450154742,296.60750236784634
17795000,35590.00000633313,-52641.69853592172,302.6067282830592
17800000,35600.00000633517,-52776.98438734579,294.9525963030414
17805000,35610.000006337206,-53058.36534743052,298.5423293417017
17810000,35620.00000633924,-52626.4504594811,296.6555828799912
17815000,35630.00000634128,-52883.93063348782,295.9213240441708
17820000,35640.00000634332,-53344.91962944993,296.1902244008748
17825000,35650.000006345355,-53040.23593857145,297.9769717776863
17830000,35660.00000634739,-52969.632331830595,300.77581225749566
17835000,35670.00000634943,-53243.01184739865,292.2518192691945
17840000,35680.00000635147,-53114.150456053816,303.66708543870703
17845000,35690.000006353504,-52961.10057786206,290.3463246108907
17850000,35700.00000635554,-53085.581509972806,300.5644599355367
17855000,35710.00000635758,-53122.01841345697,298.7208201667948
17860000,35720.000006359616,-53202.741001348826,304.7583658270042
17865000,35730.00000636165,-52749.09502118593,308.3568090869935
17870000,35740.00000636369,-52947.900479783275,294.8892817451343
17875000,35750.00000636573,-53247.031022348034,297.2927262517501
17880000,35760.000006367765,-52962.85431032293,303.2122217963855
17885000,35770.0000063698,-53151.498716535425,290.4695136774686
17890000,35780.00000637184,-53296.99938338547,304.0177335496155
17895000,35790.00000637388,-52921.08802639728,301.311208558572
17900000,35800.000006375914,-53337.43047469971,296.21467608594713
17905000,35810.00000637795,-52673.100173780054,297.24875256493465
17910000,35820.00000637999,-52560.78494661115,296.37622027362505
17915000,35830.000006382026,-53273.209744462016,291.1050569088905
17920000,35840.00000638406,-52918.27330935179,294.349786517731
17925000,35850.0000063861,-52832.847959808714,299.8127978571493
17930000,35860.00000638814,-52505.72436871269,299.14855391926943
17935000,35870.000006390175,-52766.67473899835,303.56913155726926
17940000,35880.00000639221,-52734.98099598664,291.3547903685195
17945000,35890.00000639425,-52715.83256103989,299.64057226837633
17950000,35900.00000639629,-53268.630355126195,297.03498711717083
17955000,35910.000006398324,-52876.72781673772,298.2087367011899
17960000,35920.00000640036,-53275.47170710043,305.9609635211552
17965000,35930.0000064024,-52930.23156583725,296.46548647117555
17970000,35940.000006404436,-52979.22924717094,295.3873969674566
17975000,35950.00000640647,-52738.18450136637,295.36836827804626
17980000,35960.00000640851,-52942.028955583984,301.38519970652885
17985000,35970.00000641055,-52904.72222097911,302.9729953366957
17990000,35980.000006412585,-53027.34961068092,296.8835104384761
17995000,35990.00000641462,-52860.60418293369,299.6567168942667
18000000,36000.00000641666,-52680.71096034051,298.66676870772517
18005000,36010.0000064187,-53012.624882833305,299.90159509755074
18010000,36020.000006420734,-53218.885944255715,296.63564349134435
18015000,36030.00000642277,-52798.40320676312,297.51717618134535
18020000,36040.00000642481,-53201.428219428955,300.25012973016425
18025000,36050.000006426846,-53292.96495174346,299.91647522830607
18030000,36060.00000642888,-52748.55218327377,294.61561624274145
18035000,36070.00000643092,-52954.48556005067,293.9486693160051
18040000,36080.00000643296,-53122.16733032541,302.2453045004751
18045000,36090.000006434995,-52405.52960219758,298.2630680731516
18050000,36100.00000643703,-52916.551867506205,292.5469797646789
18055000,36110.00000643907,-52835.836898077396,293.25442963084765
18060000,36120.00000644111,-52966.47639572853,294.2232798212545
18065000,36130.000006443144,-52811.991684580455,294.6425903753185
18070000,36140.00000644518,-52827.63109717029,294.4943018689563
18075000,36150.00000644722,-53122.48248154146,298.75575331119853
18080000,36160.000006449256,-53017.08886335237,300.3967355000444
18085000,36170.00000645129,-53136.40555013076,296.173451974802
18090000,36180.00000645333,-52548.77310418556,294.45966310742017
18095000,36190.00000645537,-53023.52704182637,300.26002398919735
18100000,36200.000006457405,-52899.28679175174,296.10700034410166
18105000,36210.00000645944,-53166.76280212149,307.560400378803
18110000,36220.00000646148,-53231.97708598609,299.0185990529657
18115000,36230.00000646352,-53047.39871493887,304.60377179499375
18120000,36240.000006465554,-52997.88217325878,305.1833411431823
18125000,36250.00000646759,-52924.99845329131,306.01958305933266
18130000,36260.00000646963,-53236.66364237951,300.5699168256344
18135000,36270.000006471666,-52625.992102152115,306.1286518855943
18140000,36280.0000064737,-52910.09578412835,297.85637136930393
18145000,36290.00000647574,-52847.6339693373,292.066770909909
18150000,36300.00000647778,-52809.83146213085,303.41373391532215
18155000,36310.000006479815,-52702.853644190734,301.3893461460036
18160000,36320.00000648185,-52858.219688519486,297.9787087342127
18165000,36330.00000648389,-53299.50763555133,294.3633731119142
18170000,36340.00000648593,-52618.558246581495,303.8117017947331
18175000,36350.000006487964,-52942.28487969254,305.8862613543115
18180000,36360.00000649,-52447.06293887447,300.4738239235861
18185000,36370.00000649204,-53163.16757714137,303.92265903848613
18190000,36380.000006494076,-52960.615762963134,295.16994070719494
18195000,36390.00000649611,-53127.67753541004,304.4319767282069
18200000,36400.00000649815,-52587.585937536875,292.148722022463
18205000,36410.00000650019,-53143.12319139452,292.98593212692043
18210000,36420.000006502225,-52872.55405184257,298.85104067198404
18215000,36430.00000650426,-52978.10981338579,294.24488632042994
18220000,36440.0000065063,-52687.01064864584,294.9641895213887
18225000,36450.00000650834,-53026.63234600308,294.73563620597724
18230000,36460.000006510374,-52700.57565781617,298.9729874250939
18235000,36470.00000651241,-52852.26605768729,300.2962832502186
18240000,36480.00000651445,-52634.32448494161,299.5126124824242
18245000,36490.000006516486,-52845.00252802571,294.40156827554887
18250000,36500.00000651852,-52673.91942115477,302.37171871032564
18255000,36510.00000652056,-52825.82501898176,296.6232699915361
18260000,36520.0000065226,-52749.62648745539,297.7441571907127
18265000,36530.000006524635,-52813.17796758993,296.59705270639546
18270000,36540.00000652667,-52915.34103216071,300.7570196925494
18275000,36550.00000652871,-52946.10627455151,296.8210606495964
18280000,36560.00000653075,-52984.24035121934,298.499541456324
18285000,36570.000006532784,-52805.79122251092,305.0663606176484
18290000,36580.00000653482,-52884.06081955321,299.41096969622015
18295000,36590.00000653686,-52907.9006476808,297.51846271391804
18300000,36600.000006538896,-52856.686952990975,292.7962433202899
18305000,36610.00000654093,-52846.067140687665,300.53981395735696
18310000,36620.00000654297,-53080.466484523204,297.0288586537348
18315000,36630.00000654501,-52713.90032047476,294.626889650035
18320000,36640.000006547045,-53377.10987812534,301.8714118231591
18325000,36650.00000654908,-53131.01284606173,297.0822338257732
18330000,36660.00000655112,-53147.715505177504,294.18099458647725
18335000,36670.00000655316,-52751.5549432768,304.05425287720277
18340000,36680.000006555194,-53102.662742833025,296.80972755368623
18345000,36690.00000655723,-52999.24769885611,300.21810345706297
18350000,36700.00000655927,-52939.99207368618,291.20786096949865
18355000,36710.000006561306,-53217.86097203268,299.63992231458764
18360000,36720.00000656334,-52680.664462184475,301.1048464058967
18365000,36730.00000656538,-53068.08325763783,297.973097617109
18370000,36740.00000656742,-52995.07886506934,298.48678890264733
18375000,36750.000006569455,-53133.198065190256,296.3854508490691
18380000,36760.00000657149,-53232.20897969976,295.9915765974653
18385000,36770.00000657353,-52835.50826353562,299.4649565397673
18390000,36780.00000657557,-53183.25058420614,295.54797963223655
18395000,36790.000006577604,-52765.59744289573,298.728685526914
18400000,36800.00000657964,-53136.440559847106,296.6084252307966
18405000,36810.00000658168,-53110.632886649866,302.726729089415
18410000,36820.000006583716,-53216.61116067774,295.98117023468063
18415000,36830.00000658575,-53028.47522451528,295.5387384520898
18420000,36840.00000658779,-52906.34444152145,304.5981165494472
18425000,36850.00000658983,-53270.239547391306,296.2629853147124
18430000,36860.000006591865,-52819.50759166776,294.0041579830311
18435000,36870.0000065939,-53098.99446882497,299.1643030971474
18440000,36880.00000659594,-53116.55819909804,304.60364981221346
18445000,36890.00000659798,-53018.63479602535,301.9279343791603
18450000,36900.000006600014,-52610.65322612453,295.8552124224034
18455000,36910.00000660205,-52637.7898455424,301.1544628679392
18460000,36920.00000660409,-53175.767403161706,301.2761137944643
18465000,36930.000006606126,-52687.96670944884,293.26238745389225
18470000,36940.00000660816,-53083.718807381694,298.49211906884926
18475000,36950.0000066102,-52498.48772637153,300.32909521975796
18480000,36960.00000661224,-52795.403611018526,296.42195972264847
18485000,36970.000006614275,-53181.20255511737,303.2079313547966
18490000,36980.00000661631,-53013.070725982834,300.57017736931425
18495000,36990.00000661835,-52740.954163887305,299.2363000993152
18500000,37000.00000662039,-52915.03671082639,296.1255916292669
18505000,37010.000006622424,-52620.20570762802,304.4414950237182
18510000,37020.00000662446,-52691.49565983584,298.4107905372417
18515000,37030.0000066265,-52898.37837567652,295.1834205897754
18520000,37040.000006628536,-52627.87819330525,294.3243596955509
18525000,37050.00000663057,-53017.300108118856,298.8542069274813
18530000,37060.00000663261,-53064.46208056371,306.26536661888747
18535000,37070.00000663465,-52919.074932330084,301.3038687410235
18540000,37080.000006636685,-53155.49403818909,302.96364633601735
18545000,37090.00000663872,-53072.35707288826,295.6696381204912
18550000,37100.00000664076,-53107.74226728562,292.7164258982795
18555000,37110.0000066428,-52639.035678029526,293.3885728345006
18560000,37120.000006644834,-53026.10338287306,300.36638355667515
18565000,37130.00000664687,-52691.16400933152,301.42955414504985
18570000,37140.00000664891,-53417.66633421462,302.36065268704806
18575000,37150.000006650946,-53036.93177585726,298.5669621327193
18580000,37160.00000665298,-53007.3302726151,295.9889448960299
18585000,37170.00000665502,-52740.81529902265,304.74665871052525
18590000,37180.00000665706,-53002.686585531774,302.59559012913854
18595000,37190.000006659095,-53225.757056481496,290.4560479326037
18600000,37200.00000666113,-52715.97747223303,293.0874547131665
18605000,37210.00000666317,-52317.85794042601,293.3682030933068
18610000,37220.00000666521,-53103.995567687176,307.06583839876686
18615000,37230.000006667244,-52893.641758819635,294.9870053053122
18620000,37240.00000666928,-52694.822259927925,295.160021325178
18625000,37250.00000667132,-52689.648881900765,299.8031631245351
18630000,37260.000006673356,-52890.99640460359,299.30806181756424
18635000,37270.00000667539,-52900.14394353746,299.1312302067253
18640000,37280.00000667743,-52829.759300734586,304.77247199756016
18645000,37290.00000667947,-53126.770871347224,296.7758708764815
18650000,37300.000006681505,-53144.842693080194,296.4186820637913
18655000,37310.00000668354,-52929.21856037009,299.3466165816101
18660000,37320.00000668558,-53083.40361699747,301.6806542767716
18665000,37330.00000668762,-52951.42019263463,291.78116375658396
18670000,37340.000006689654,-52748.21713975805,295.6261439390031
18675000,37350.00000669169,-53060.66598965757,297.6409251214248
18680000,37360.00000669373,-52673.22427970308,287.79856299630063
18685000,37370.000006695765,-53210.58477452796,292.4983769393288
18690000,37380.0000066978,-52712.95943631587,296.64640867909776
18695000,37390.00000669984,-53406.60982013616,299.25890353485255
18700000,37400.00000670188,-52864.32473253764,296.57813025344876
18705000,37410.000006703915,-52787.44767754336,303.311687979855
18710000,37420.00000670595,-53175.79093106586,306.5910907403382
18715000,37430.00000670799,-52517.91981687158,300.2351523622111
18720000,37440.000006710026,-52650.905374880705,296.31446171353053
18725000,37450.00000671206,-52686.636287539615,298.0789562307369
18730000,37460.0000067141,-53075.425246908184,301.1882962438749
18735000,37470.00000671614,-52988.34596885537,297.0600263319625
18740000,37480.000006718175,-53014.55319397242,295.6575476772012
18745000,37490.00000672021,-52449.98366008542,293.13080848658643
18750000,37500.00000672225,-52786.565399609884,299.068170221359
18755000,37510.00000672429,-52735.54799666087,299.50815768419864
18760000,37520.000006726325,-52643.96516457794,301.11552742158017
18765000,37530.00000672836,-52731.84954658363,302.8877383500864
18770000,37540.0000067304,-53234.44874150067,304.0022181700491
18775000,37550.000006732436,-52968.51819129559,289.4020971623939
18780000,37560.00000673447,-52740.82426814156,298.7555257947704
18785000,37570.00000673651,-52923.66758762501,294.80287177218065
18790000,37580.00000673855,-52775.156405860966,300.66996983885764
18795000,37590.000006740585,-53070.155382207304,288.2122669188913
18800000,37600.00000674262,-53165.60555168605,306.63352633750526
18805000,37610.00000674466,-52992.930306360475,307.5383223187219
18810000,37620.0000067467,-52846.148277518136,296.67645490117934
18815000,37630.000006748734,-53075.191900733334,297.59543345419087
18820000,37640.00000675077,-52610.39975696686,302.4396576241185
18825000,37650.00000675281,-53064.62090811774,297.3917272814035
18830000,37660.000006754846,-52811.798055475956,299.41350066680997
18835000,37670.00000675688,-53148.11359806056,303.82595932343787
18840000,37680.00000675892,-52624.10762277237,294.4485571863311
18845000,37690.00000676096,-53136.014120707056,296.36023137422967
18850000,37700.000006762995,-52891.4130855634,291.7207481654588
18855000,37710.00000676503,-52724.28500308399,301.85442250428855
18860000,37720.00000676707,-52855.98596597204,297.81111592818417
18865000,37730.00000676911,-53113.04616482288,302.1288718480973
18870000,37740.000006771144,-52762.65073623884,292.70728423582904
18875000,37750.00000677318,-53005.996319620695,307.8235321454298
18880000,37760.00000677522,-52879.3725224424,294.55865103924685
18885000,37770.000006777256,-52802.86949438701,298.626556252731
18890000,37780.00000677929,-52703.71417132154,301.25567748958116
18895000,37790.00000678133,-52715.94938302625,292.03256603027376
18900000,37800.00000678337,-52642.62926223103,290.95818330078066
18905000,37810.000006785405,-53301.616255295405,302.09071624916623
18910000,37820.00000678744,-52953.5763095959,295.9991243009724
18915000,37830.00000678948,-52636.83013438701,299.10961734887707
18920000,37840.00000679152,-53276.757184149435,298.7895637162393
18925000,37850.000006793554,-52801.06820887659,309.20213338547916
18930000,37860.00000679559,-52805.17213847287,297.14274686617955
18935000,37870.00000679763,-52774.88019522501,302.75551154111207
18940000,37880.000006799666,-52693.763840291824,302.4605190964579
18945000,37890.0000068017,-53067.234673345374,292.2432359817677
18950000,37900.00000680374,-52851.01469020528,301.6342834832377
18955000,37910.00000680578,-52713.32972658085,302.6005845025469
18960000,37920.000006807815,-52905.342133422935,300.8596171302653
18965000,37930.00000680985,-52867.31575012015,298.0914994526023
18970000,37940.00000681189,-53067.6376534492,297.4814030373771
18975000,37950.00000681393,-53173.90352364333,296.9388560677237
18980000,37960.000006815964,-53279.29624125309,298.7449738678348
18985000,37970.000006818,-52918.73196218058,300.36328400455574
18990000,37980.00000682004,-52789.211930585676,289.7547458521051
18995000,37990.000006822076,-52928.246483223455,296.2369304896507
19000000,38000.00000682411,-52789.30544505906,300.451829229099
19005000,38010.00000682615,-52852.83398129849,297.9184746681069
19010000,38020.00000682819,-53153.23534083826,300.0135680674412
19015000,38030.000006830225,-53425.72163003619,295.94838220926977
19020000,38040.00000683226,-52926.25161927781,291.8651764810957
19025000,38050.0000068343,-52600.13299272975,311.92064403499063
19030000,38060.00000683634,-52920.74081013817,294.703110414753
19035000,38070.000006838374,-52597.4913957642,301.6879257757408
19040000,38080.00000684041,-52806.65745926148,300.2936474015848
19045000,38090.00000684245,-52797.26118760553,301.7627454506476
19050000,38100.000006844486,-52858.63931062911,304.01392299889903
19055000,38110.00000684652,-52953.40273301047,302.4492341802031
19060000,38120.00000684856,-52879.25208970209,300.0490060803131
19065000,38130.0000068506,-53063.930354472424,308.183949364183
19070000,38140.000006852635,-52723.35545272491,301.7256868090267
19075000,38150.00000685467,-53043.53028272523,292.0705365321573
19080000,38160.00000685671,-53271.01621456741,296.15795318631416
19085000,38170.00000685875,-53070.181269770634,304.79728259281114
19090000,38180.000006860784,-53026.44144917163,301.45315412463646
19095000,38190.00000686282,-53028.896948875714,293.62955693855076
19100000,38200.00000686486,-53122.46997003624,309.2999356101484
19105000,38210.000006866896,-52710.880991746206,292.5729583423278
19110000,38220.00000686893,-52689.26004623019,303.62763317337095
19115000,38230.00000687097,-52971.11526272638,313.5207350793505
19120000,38240.00000687301,-52769.637045034004,301.739430087257
19125000,38250.000006875045,-52633.492080144264,296.1372632849919
19130000,38260.00000687708,-52833.018743213615,309.0355888560457
19135000,38270.00000687912,-52988.90235333887,294.3286580362136
19140000,38280.00000688116,-52782.64986568119,297.55035004704985
19145000,38290.000006883194,-52685.5297598312,297.6999141839771
19150000,38300.00000688523,-52790.32300543523,299.2070669273628
19155000,38310.00000688727,-52970.863591119734,297.3645899337103
19160000,38320.000006889306,-52887.9281913969,297.03519479315463
19165000,38330.00000689134,-52520.20508843998,298.4734062863481
19170000,38340.00000689338,-52977.80239041397,291.5445078541057
19175000,38350.00000689542,-52926.29574975191,298.2299392276555
19180000,38360.000006897455,-52627.12522731125,298.221058506098
19185000,38370.00000689949,-52402.79225624318,296.90241566507734
19190000,38380.00000690153,-52596.52545754396,297.7816003487445
19195000,38390.00000690357,-53179.57213295321,294.5262874162156
19200000,38400.000006905604,-52983.03262354637,305.4985380875236
19205000,38410.00000690764,-52295.430188604456,299.8308331986146
19210000,38420.00000690968,-52864.54812338849,294.1239719586508
19215000,38430.000006911716,-53072.16797655431,304.0978577047241
19220000,38440.00000691375,-53356.50260073383,295.0570112190835
19225000,38450.00000691579,-53145.74688104764,292.3067283586225
19230000,38460.00000691783,-53201.11133448855,305.28487806228185
19235000,38470.000006919865,-52851.05262737771,302.3137794784903
19240000,38480.0000069219,-53502.25092886467,301.7540906957561
19245000,38490.00000692394,-53171.03205021663,295.0276724341333
19250000,38500.00000692598,-53011.137825597805,300.43685312599564
19255000,38510.000006928014,-52819.773654634046,289.53566066330677
19260000,38520.00000693005,-53075.653696327645,301.35056705224974
19265000,38530.00000693209,-53113.61402703196,300.8684533964172
19270000,38540.000006934126,-52755.965712070116,297.85296886214616
19275000,38550.00000693616,-52623.93169261725,293.8971257522435
19280000,38560.0000069382,-52881.13766097149,299.2836016685919
19285000,38570.00000694024,-53140.358123840386,293.2492623178082
19290000,38580.000006942275,-53150.80453962047,299.0102548232715
19295000,38590.00000694431,-52887.42689025006,292.1112743005482
19300000,38600.00000694635,-52850.31827077438,289.9224273225918
19305000,38610.00000694839,-53194.86246361886,303.66631217470666
19310000,38620.000006950424,-53104.82494104811,300.1803410437122
19315000,38630.00000695246,-52616.942031598766,298.6492910833414
19320000,38640.0000069545,-52949.186086148664,302.0581622526405
19325000,38650.000006956536,-53233.76581287643,297.5458413400498
19330000,38660.00000695857,-52848.27985043859,299.7941936256569
19335000,38670.00000696061,-52984.400989226415,294.7505046782279
19340000,38680.00000696265,-52989.2776084627,294.33903924326813
19345000,38690.000006964685,-52734.5934369358,301.87558715345364
19350000,38700.00000696672,-52704.40074695181,298.93263137677195
19355000,38710.00000696876,-53271.44173497491,299.480715072641
19360000,38720.0000069708,-53064.57379708675,288.44291767741987
19365000,38730.000006972834,-52751.12706128025,306.7134755460558
19370000,38740.00000697487,-52922.11455801653,292.95807117802826
19375000,38750.00000697691,-52350.906976604136,306.1339722792272
19380000,38760.000006978946,-52992.36073369408,299.7056895121983
19385000,38770.00000698098,-53328.48348873088,310.72716110637515
19390000,38780.00000698302,-52799.65036379502,299.67794165163895
19395000,38790.00000698506,-53039.83227024754,293.23990614565827
19400000,38800.000006987095,-52800.825622079195,293.9393950131643
19405000,38810.00000698913,-52864.383292935236,294.8786516249329
19410000,38820.00000699117,-53268.83005196828,292.9700326722304
19415000,38830.00000699321,-52915.86520374025,293.6492140664167
19420000,38840.000006995244,-53051.915460142016,291.90415170670565
19425000,38850.00000699728,-52968.758166244545,299.95877387294706
19430000,38860.00000699932,-53188.88955236913,301.15003087262863
19435000,38870.000007001356,-53111.38643871958,294.3487883566394
19440000,38880.00000700339,-53312.67281912459,302.965770983206
19445000,38890.00000700543,-52668.43430360846,296.9907488812966
19450000,38900.00000700747,-52739.47020024757,305.5742640891131
19455000,38910.000007009505,-53157.74657918853,294.819128163548
19460000,38920.00000701154,-52987.59034423242,292.64605898348503
19465000,38930.00000701358,-52849.85334719578,297.72611154363284
19470000,38940.00000701562,-52782.74491361604,300.95891680371574
19475000,38950.000007017654,-52712.40314184895,303.6917491860025
19480000,38960.00000701969,-53082.05830552557,301.4197230313357
19485000,38970.00000702173,-52958.57516070214,300.39128826808377
19490000,38980.000007023766,-52916.21778004372,302.9288852104903
19495000,38990.0000070258,-53249.90906843811,294.9120367600288
19500000,39000.00000702784,-53213.742297781195,288.9132171371724
19505000,39010.00000702988,-52661.81474551762,305.72138325080846
19510000,39020.000007031915,-53050.742843864195,286.5254993202603
19515000,39030.00000703395,-53105.5109480542,300.03049236088526
19520000,39040.00000703599,-53205.37968017795,301.21717767025285
19525000,39050.00000703803,-52826.33243407309,293.5055016987116
19530000,39060.000007040064,-53129.61648794421,298.9122614455401
19535000,39070.0000070421,-52746.56136132812,304.6958531572663
19540000,39080.00000704414,-53075.96641446999,295.9864858371981
19545000,39090.000007046176,-52657.73052200617,301.6906921720226
19550000,39100.00000704821,-52980.983082590654,298.5360488335905
19555000,39110.00000705025,-52728.35833362347,295.683230652091
19560000,39120.00000705229,-52712.051650424575,296.0527530729981
19565000,39130.000007054325,-52616.1325856889,299.9817449825001
19570000,39140.00000705636,-52993.20638156915,293.9232291235919
19575000,39150.0000070584,-52840.32029828167,302.2568972937731
19580000,39160.00000706044,-53416.17932056356,300.5596673609884
19585000,39170.000007062474,-53119.852424602956,300.09595172152774
19590000,39180.00000706451,-52842.93925498487,294.8364886998225
19595000,39190.00000706655,-53142.30774624628,301.38742476342634
19600000,39200.000007068586,-53061.70559848976,292.60121325545975
19605000,39210.00000707062,-53142.08303827117,291.3330965082899
19610000,39220.00000707266,-52862.8161248228,298.781413566657
19615000,39230.0000070747,-53051.58252067442,297.2562439469875
19620000,39240.000007076735,-52970.98950122169,295.63017740272767
19625000,39250.00000707877,-53161.43545802371,300.52321623782115
19630000,39260.00000708081,-53118.3203712166,307.22892712132216
19635000,39270.00000708285,-52793.850559250975,292.64770832228413
19640000,39280.000007084884,-52862.551002513006,307.29829834614725
19645000,39290.00000708692,-53073.38581216085,294.9502161508648
19650000,39300.00000708896,-53006.96763572411,302.13627835739675
19655000,39310.000007090995,-52671.806304195605,301.7431682418252
19660000,39320.00000709303,-52883.19795829919,308.6963753694343
19665000,39330.00000709507,-53281.58129802751,297.16171054884586
19670000,39340.00000709711,-52981.48115276682,298.44139744970715
19675000,39350.000007099145,-52773.918264277454,295.75851796973996
19680000,39360.00000710118,-52858.253734039055,302.83963769682475
19685000,39370.00000710322,-52619.603481155325,297.75234813483513
19690000,39380.00000710526,-52769.01507511904,308.03252045922113
19695000,39390.000007107294,-52906.49479003763,298.1213185113412
19700000,39400.00000710933,-52779.71634339492,300.4303473839872
19705000,39410.00000711137,-52894.23316399401,295.67120405625127
19710000,39420.000007113405,-52992.40106773135,299.49449157853263
19715000,39430.00000711544,-53296.334441698564,300.21815513989986
19720000,39440.00000711748,-52943.127712338115,298.66156813616135
19725000,39450.00000711952,-53020.84018428947,299.5409416102265
19730000,39460.000007121555,-52512.49474856665,299.95048198682116
19735000,39470.00000712359,-52428.227864828776,291.2369473319017
19740000,39480.00000712563,-53021.580486755876,296.19296470113335
19745000,39490.000007127666,-53289.36891876711,294.321698483479
19750000,39500.0000071297,-53061.682867140014,296.9916803236661
19755000,39510.00000713174,-53101.456914201786,302.13394006760814
19760000,39520.00000713378,-52966.31048271517,298.5885916186015
19765000,39530.000007135815,-52858.33852124255,297.81486446910264
19770000,39540.00000713785,-53091.4856847272,299.7885491434348
19775000,39550.00000713989,-53167.69161153535,302.67246161373475
19780000,39560.00000714193,-52911.13268151507,304.8584344369342
19785000,39570.000007143964,-52713.351286981604,299.23619204824314
19790000,39580.000007146,-53118.888470566686,294.62756664183155
19795000,39590.00000714804,-52909.40902238316,306.1052779800261
19800000,39600.000007150076,-53054.12986165521,287.46894665991084
19805000,39610.00000715211,-52998.50734783613,303.89206936861115
19810000,39620.00000715415,-52981.0880255324,291.74589088378985
19815000,39630.00000715619,-52725.62192728178,298.5379901117838
19820000,39640.000007158225,-52352.16439041926,298.87326538886435
19825000,39650.00000716026,-52665.02286443178,296.6523522328727
19830000,39660.0000071623,-52636.45990879461,288.6240652527901
19835000,39670.00000716434,-52930.93405444533,291.2083249275131
19840000,39680.000007166374,-52726.935190064716,304.3416420301933
19845000,39690.00000716841,-52850.94982505165,301.19240034606526
19850000,39700.00000717045,-52888.090622159885,293.44086145904566
19855000,39710.000007172486,-53009.086294598645,295.9232717087636
19860000,39720.00000717452,-52760.46742455894,304.37511379510727
19865000,39730.00000717656,-52898.96853411943,302.0918772084015
19870000,39740.0000071786,-52846.30560280831,298.97444739483353
19875000,39750.000007180635,-53021.56353957439,302.2854194052319
19880000,39760.00000718267,-52735.66295849811,299.2870699582809
19885000,39770.00000718471,-52876.07399792352,299.54126373577213
19890000,39780.00000718675,-53139.92725641857,300.97557334052397
19895000,39790.000007188784,-52804.28026834392,302.01786040000786
19900000,39800.00000719082,-52807.88151702451,298.6437705822542
19905000,39810.00000719286,-52585.439336776326,305.40046201839675
19910000,39820.000007194896,-52793.75538488812,295.2785636116689
19915000,39830.00000719693,-52496.71093949955,301.83926722410365
19920000,39840.00000719897,-53085.68579515963,298.68086231566326
19925000,39850.00000720101,-53458.28288948073,300.68224707913316
19930000,39860.000007203045,-52904.64589836099,298.0771192371637
19935000,39870.00000720508,-53349.235007511306,301.89226291822683
19940000,39880.00000720712,-53227.8393965509,292.0442352741818
19945000,39890.00000720916,-52393.8036167596,298.63904853307724
19950000,39900.000007211194,-52539.0459126854,301.587130125231
19955000,39910.00000721323,-52916.63063356609,295.7596755576056
19960000,39920.00000721527,-52951.023724407685,292.583243229602
19965000,39930.000007217306,-52859.563775823626,298.6971659025656
19970000,39940.00000721934,-53083.59554935293,295.39938182560627
19975000,39950.00000722138,-53049.99118377484,294.9245743449324
19980000,39960.00000722342,-52661.466563148744,302.7174563209947
19985000,39970.000007225455,-52979.944061023416,295.98458489513865
19990000,39980.00000722749,-53027.620327368466,294.6558578790659
19995000,39990.00000722953,-53113.260689302115,300.8550208391991
20000000,40000.00000723157,-52865.905660076416,300.62731283276906
20005000,40010.000007233604,-52862.28025913745,299.99680178655944
20010000,40020.00000723564,-52867.74897642998,297.86805358342775
20015000,40030.00000723768,-53197.95205521467,299.44657507711685
20020000,40040.000007239716,-52960.7762111162,300.53843553161977
20025000,40050.00000724175,-52882.77663891358,293.7253023076737
20030000,40060.00000724379,-52741.61668805833,295.24285355704535
20035000,40070.00000724583,-53086.61881186027,300.1851540456007
20040000,40080.000007247865,-52931.70651859726,309.68190756572756
20045000,40090.0000072499,-52910.59819272789,297.08690020990286
20050000,40100.00000725194,-52922.505885461316,301.2475094500264
20055000,40110.00000725398,-53015.59260583142,292.67912687283507
20060000,40120.000007256014,-53314.13659559304,299.9577385249531
20065000,40130.00000725805,-52689.69304217267,301.3347346629398
20070000,40140.00000726009,-53178.98220117128,302.9870726085221
20075000,40150.000007262126,-52985.68943799066,303.51581328598735
20080000,40160.00000726416,-52937.21330497615,297.4592829529611
20085000,40170.0000072662,-52981.86430992081,298.5965873772846
20090000,40180.00000726824,-53132.481427025195,296.1911498702148
20095000,40190.000007270275,-52804.83002266238,297.915732019059
20100000,40200.00000727231,-52972.813184989296,303.55507505877625
20105000,40210.00000727435,-52935.05192937373,301.8768803812871
20110000,40220.00000727639,-52600.225365331426,306.9301033190448
20115000,40230.000007278424,-52542.24847493853,301.6576374643293
20120000,40240.00000728046,-52835.59169790964,290.54844458601764
20125000,40250.0000072825,-53015.42276469158,296.94585071469925
20130000,40260.000007284536,-52939.194566330756,298.4354273351837
20135000,40270.00000728657,-52904.04583399062,292.2309990757403
20140000,40280.00000728861,-53052.145823945844,292.89859804714365
20145000,40290.00000729065,-53004.52749224275,304.9408379142848
20150000,40300.000007292685,-52889.72179936539,290.00486212916894
20155000,40310.00000729472,-52963.307319074025,297.30642485320107
20160000,40320.00000729676,-52864.87201110949,298.928057017518
20165000,40330.0000072988,-52966.28687538154,299.08460900267886
20170000,40340.000007300834,-52839.98005560425,301.76401042709887
20175000,40350.00000730287,-53122.053725376696,296.1390694525784
20180000,40360.00000730491,-52760.21389157479,297.2853421015906
20185000,40370.000007306946,-53260.19671889735,297.38796202915813
20190000,40380.00000730898,-52605.624027314596,299.6790996318038
20195000,40390.00000731102,-53082.000933132775,293.41684380847795
20200000,40400.00000731306,-53019.84966228166,294.8997028365505
20205000,40410.000007315095,-52876.48926098697,304.0225988407128
20210000,40420.00000731713,-52762.11532601988,291.68992347767994
20215000,40430.00000731917,-53066.87194548751,299.9460247730383
20220000,40440.00000732121,-53078.043730358186,298.4419340202669
20225000,40450.000007323244,-53183.75155697891,303.65915151797554
20230000,40460.00000732528,-53158.07291440718,296.06210869659185
20235000,40470.00000732732,-52968.99930869942,296.8680806760392
20240000,40480.000007329356,-52836.44708002661,299.12847509658087
20245000,40490.00000733139,-52957.54328679055,301.50643900237975
20250000,40500.00000733343,-52691.090521813836,299.59323442283494
20255000,40510.00000733547,-52851.65759334841,294.62238309866325
20260000,40520.000007337505,-53086.50126629893,292.73449698252995
20265000,40530.00000733954,-52652.20193294925,300.30679281126646
20270000,40540.00000734158,-53060.38028036966,308.8308316502886
20275000,40550.00000734362,-52820.81338490985,300.26032090391055
20280000,40560.000007345654,-52719.05760897003,300.32663884199616
20285000,40570.00000734769,-53219.827282870625,299.9931644659527
20290000,40580.00000734973,-52926.14656138007,297.98673504287376
20295000,40590.000007351766,-52865.869594391086,290.37481702677144
20300000,40600.0000073538,-52733.19501921412,302.6018065090869
20305000,40610.00000735584,-52741.25989671479,302.08528854444575
20310000,40620.00000735788,-53056.77411703966,302.26230945258635
20315000,40630.000007359915,-52617.08635950915,301.9810864430894
20320000,40640.00000736195,-52792.91638363575,310.0970216425818
20325000,40650.00000736399,-52635.15179796022,293.92484948754
20330000,40660.00000736603,-53077.8283602735,300.36125511746195
20335000,40670.000007368064,-53122.57057776264,302.9623494798603
20340000,40680.0000073701,-53030.92820598671,288.71939706476667
20345000,40690.00000737214,-53064.04815277376,294.5944922245746
20350000,40700.000007374176,-53317.55897973437,294.68996888957054
20355000,40710.00000737621,-53681.57891611324,291.5927658566985
20360000,40720.00000737825,-52852.634589953406,294.0534281111602
20365000,40730.00000738029,-52857.58814535657,305.7898417975152
20370000,40740.000007382325,-52748.17281489479,301.2894886575939
20375000,40750.00000738436,-53008.94930247337,297.91564272102084
20380000,40760.0000073864,-52818.45680971851,289.4699343033363
20385000,40770.00000738844,-52681.4229366135,294.60491623702717
20390000,40780.000007390474,-52751.46067617947,295.9454580361925
20395000,40790.00000739251,-53296.4923364142,302.47350002183856
20400000,40800.00000739455,-52792.41345890332,300.9212070718431
20405000,40810.000007396586,-52903.364280670095,289.76459212309965
20410000,40820.00000739862,-53265.39674919771,299.39335425444904
20415000,40830.00000740066,-52847.99244980604,307.63366162202647
20420000,40840.0000074027,-52802.01386486372,299.10739475197647
20425000,40850.000007404735,-52732.56860091479,308.8526201454978
20430000,40860.00000740677,-52729.776609662455,285.5382075428124
20435000,40870.00000740881,-53013.76600801834,295.9970748365653
20440000,40880.00000741085,-53294.4291099158,295.9934776375426
20445000,40890.000007412884,-53001.86476955333,292.85398942805665
20450000,40900.00000741492,-52960.46469119488,303.62350833361927
20455000,40910.00000741696,-52668.12583468121,299.1551320316817
20460000,40920.000007418996,-53000.98509260712,293.21186495264385
20465000,40930.00000742103,-52689.47141003169,299.7523374193596
20470000,40940.00000742307,-52904.85109866259,292.03889135794856
20475000,40950.00000742511,-53138.01842696086,296.308787912655
20480000,40960.000007427145,-53005.35967255154,296.4615910159173
20485000,40970.00000742918,-52754.468736165116,309.1016129927944
20490000,40980.00000743122,-52813.52103782256,300.42220983845516
20495000,40990.00000743326,-52981.35952674862,297.61523066565087
20500000,41000.000007435294,-52996.76065995259,300.5926820892808
20505000,41010.00000743733,-52880.72113204628,300.50989515961953
20510000,41020.00000743937,-53204.99809928503,309.2453846020005
20515000,41030.000007441406,-52748.017713553854,295.10784828959476
20520000,41040.00000744344,-52739.34896441884,295.29159720051973
20525000,41050.00000744548,-52666.18631187186,288.0446141433265
20530000,41060.00000744752,-53072.30596376932,305.436001297471
20535000,41070.000007449555,-53251.2206862031,299.17158762152997
20540000,41080.00000745159,-53226.94094472664,298.33234567980406
20545000,41090.00000745363,-53311.89170564496,302.5346523474549
20550000,41100.00000745567,-53070.76982394981,311.32111588317963
20555000,41110.000007457704,-52907.38202757697,297.77900389270275
20560000,41120.00000745974,-52836.954559265636,297.66803152978014
20565000,41130.00000746178,-52953.4359094057,307.12785306533834
20570000,41140.000007463816,-52886.47200824015,299.94142783890015
20575000,41150.00000746585,-53269.68135046598,292.3427791811148
20580000,41160.00000746789,-52760.08620331934,302.8437994230643
20585000,41170.00000746993,-52873.56525925573,297.63318920956954
20590000,41180.000007471965,-52517.613611584384,292.6626473860024
20595000,41190.000007474,-52694.0904823523,289.5328501016634
20600000,41200.00000747604,-53078.90438147489,293.5408822280354
20605000,41210.00000747808,-52900.289952311694,304.808027701703
20610000,41220.000007480114,-52878.45345075341,300.1814271014506
20615000,41230.00000748215,-52954.86194975159,305.87509053395866
20620000,41240.00000748419,-52770.91668598988,301.1401962208827
20625000,41250.000007486226,-52601.876528779976,302.23309222385154
20630000,41260.00000748826,-53077.5387411401,303.34722677029237
20635000,41270.0000074903,-52903.52813054275,297.8024445917698
20640000,41280.00000749234,-53195.87722518534,297.31496250605056
20645000,41290.000007494375,-52905.07256970342,296.96049896911234
20650000,41300.00000749641,-52963.33855757321,296.0545923397967
20655000,41310.00000749845,-52911.85616589576,306.8251245709335
20660000,41320.00000750049,-53124.40300526953,299.74638909368076
20665000,41330.000007502524,-52613.25644135129,302.9135062448279
20670000,41340.00000750456,-53024.6219010489,295.3730871710588
20675000,41350.0000075066,-53058.935232178774,297.71441353412496
20680000,41360.000007508635,-52955.52670377941,310.5078058758573
20685000,41370.00000751067,-52866.49325760323,293.07010058788126
20690000,41380.00000751271,-53221.19267793969,299.21814307296404
20695000,41390.00000751475,-52639.84277178373,298.92903557298547
20700000,41400.000007516785,-52815.51616249795,294.54002473802046
20705000,41410.00000751882,-52889.04875196729,293.2847657597119
20710000,41420.00000752086,-52775.15975563467,297.0975713323419
20715000,41430.000007522896,-52573.523626280046,296.8988079084921
20720000,41440.00000752493,-52757.6612512866,292.01765315150243
20725000,41450.00000752697,-53159.12913457191,297.1181785733194
20730000,41460.00000752901,-52912.53834690916,291.1088164617834
20735000,41470.000007531045,-53314.71207985407,297.37842970474935
20740000,41480.00000753308,-52723.05269385991,297.24000623576273
20745000,41490.00000753512,-53024.69081373699,305.4059216860421
20750000,41500.00000753716,-53398.24987266894,291.16987010208186
20755000,41510.000007539194,-52716.6782296694,296.8384485976981
20760000,41520.00000754123,-52634.852659577446,300.8942612007962
20765000,41530.00000754327,-53025.80000490529,291.14291177855984
20770000,41540.000007545306,-52848.020603840414,303.0687125070477
20775000,41550.00000754734,-52517.81602091127,303.26862052308996
20780000,41560.00000754938,-52686.64762473834,295.38864055311467
20785000,41570.00000755142,-52897.875225235446,301.4238971180794
20790000,41580.000007553455,-52771.032553585945,298.96583094584867
20795000,41590.00000755549,-52977.2465133958,295.8298874238715
20800000,41600.00000755753,-53019.38138896422,308.7511251839879
20805000,41610.00000755957,-52844.558703460294,290.73336390399027
20810000,41620.000007561604,-52774.2784376028,306.6114205026489
20815000,41630.00000756364,-52306.9054575513,290.83815684203284
20820000,41640.00000756568,-52867.87344412113,303.4968191671935
20825000,41650.000007567716,-52622.94417600753,300.0187717668054
20830000,41660.00000756975,-52688.789743228,290.66953552142235
20835000,41670.00000757179,-52719.58359458446,294.1520979834135
20840000,41680.00000757383,-52541.77390523613,298.93062264015117
20845000,41690.000007575865,-52604.8149438604,289.9987804148596
20850000,41700.0000075779,-53032.95396771765,298.39339060602947
20855000,41710.00000757994,-53111.36584197846,295.5703907834739
20860000,41720.00000758198,-52807.36697584079,294.232854173431
20865000,41730.000007584014,-52989.833157866,291.79232572933944
20870000,41740.00000758605,-52713.8703514332,304.646217679044
20875000,41750.00000758809,-52873.214447140024,297.97797115179935
20880000,41760.000007590126,-52910.720102215215,299.5404157686904
20885000,41770.00000759216,-52875.7854318085,304.3047972848554
20890000,41780.0000075942,-52908.83288971023,292.24914188104265
20895000,41790.00000759624,-53235.24549196212,287.1993689690078
20900000,41800.000007598275,-53064.02813073306,296.93299695232656
20905000,41810.00000760031,-53042.64787135305,297.0726149791675
20910000,41820.00000760235,-52828.94544701575,294.628142457214
20915000,41830.00000760439,-52807.33273049188,297.8273674221951
20920000,41840.000007606424,-52901.69202897325,294.5956525297524
20925000,41850.00000760846,-52979.05139689054,304.9061187788181
20930000,41860.0000076105,-52603.11223219166,296.79147669945934
20935000,41870.000007612536,-52889.23868753947,304.1559480256888
20940000,41880.00000761457,-53120.70725467522,299.4744692562707
20945000,41890.00000761661,-52867.626324480225,304.9678457638489
20950000,41900.00000761865,-52741.30749381348,298.3053848774163
20955000,41910.000007620685,-52853.488732192374,295.74863632445084
20960000,41920.00000762272,-52768.8047388226,296.9801575955264
20965000,41930.00000762476,-53088.76564421749,295.20610105002777
20970000,41940.0000076268,-53037.925846130034,299.7883488469831
20975000,41950.000007628834,-53014.31300309216,303.35041271960364
20980000,41960.00000763087,-52924.94742853867,303.4451635082907
20985000,41970.00000763291,-52864.27088486761,306.55661959350215
20990000,41980.000007634946,-53288.60691153901,293.58440634216095
20995000,41990.00000763698,-52830.46787574986,298.24720925659324
21000000,42000.00000763902,-53305.04989780398,299.49368934550284
21005000,42010.00000764106,-52734.42268374737,297.42784715979303
21010000,42020.000007643095,-52933.453297347616,296.89307285452014
21015000,42030.00000764513,-53141.48985930372,303.64160220171465
21020000,42040.00000764717,-52781.31608050037,302.8104458768351
21025000,42050.00000764921,-53167.95850569758,305.96976942731135
21030000,42060.000007651244,-53094.519980024605,305.54758237346937
21035000,42070.00000765328,-53431.83920429356,295.9363671452808
21040000,42080.00000765532,-52815.69019832302,293.8666615376899
21045000,42090.000007657356,-52457.35604649669,291.84445232153564
21050000,42100.00000765939,-53083.57707355698,299.5453371471972
21055000,42110.00000766143,-52685.77771818818,301.1580149959959
21060000,42120.00000766347,-53068.2141358442,296.1145444422632
21065000,42130.000007665505,-52893.772147873766,295.10005404409554
21070000,42140.00000766754,-53297.75672179143,306.03307263637345
21075000,42150.00000766958,-53214.59130290395,299.7270397340684
21080000,42160.00000767162,-52843.14228650273,293.77195523231745
21085000,42170.000007673654,-52988.354290743795,290.5470729836771
21090000,42180.00000767569,-53024.58873679786,305.4157711117994
21095000,42190.00000767773,-53021.93854108435,301.9879863788077
21100000,42200.000007679766,-53210.18730917413,301.7794744422816
21105000,42210.0000076818,-52854.467991692945,302.25488951576807
21110000,42220.00000768384,-52688.16408163082,295.30839110877963
21115000,42230.00000768588,-52806.243240581825,303.50275480363416
21120000,42240.000007687915,-53298.112087139045,303.48484593622203
21125000,42250.00000768995,-53218.31572571397,306.10138301778056
21130000,42260.00000769199,-52651.0325475274,291.6611457760488
21135000,42270.00000769403,-52781.466814955056,301.5787288997032
21140000,42280.000007696064,-52733.506039021566,295.5041577968955
21145000,42290.0000076981,-52766.932990994566,295.86389620910467
21150000,42300.00000770014,-52880.857263866696,305.6998359335197
21155000,42310.000007702176,-53406.54030182437,294.31412460442215
21160000,42320.00000770421,-53166.497154960874,300.75186305826963
21165000,42330.00000770625,-52748.95331504542,293.71510612841956
21170000,42340.00000770829,-53166.62808565106,308.19626774911313
21175000,42350.000007710325,-53163.824030428805,302.0695081586914
21180000,42360.00000771236,-52525.542629891774,289.2738545259311
21185000,42370.0000077144,-52846.37318783099,288.7435075671542
21190000,42380.00000771644,-52906.727022938925,302.79333457885417
21195000,42390.000007718474,-53066.466696958436,297.05118114066875
21200000,42400.00000772051,-52704.94157333518,295.7919225760351
21205000,42410.00000772255,-53139.71688795704,296.99793559037556
21210000,42420.000007724586,-52932.778870761336,299.4042804706479
21215000,42430.00000772662,-53193.458056482865,296.511433300162
21220000,42440.00000772866,-53231.16584411514,300.22957295147876
21225000,42450.0000077307,-53127.07266666772,290.9428123079943
21230000,42460.000007732735,-52938.13448908142,300.40272717007554
21235000,42470.00000773477,-52775.49396183758,296.8957231337788
21240000,42480.00000773681,-53395.24996862584,299.3834235304293
21245000,42490.00000773885,-53066.89475867679,300.8063391512046
21250000,42500.000007740884,-52712.78588155829,296.47742949565577
21255000,42510.00000774292,-52643.085165260854,307.3471820462236
21260000,42520.00000774496,-52414.87402833268,299.4375372673126
21265000,42530.000007746996,-52922.066712335014,305.38732706550576
21270000,42540.00000774903,-52813.455322704394,296.784975940863
21275000,42550.00000775107,-52894.173399938125,295.0071623891589
21280000,42560.00000775311,-52884.19894761496,305.44386443533523
21285000,42570.000007755145,-53262.38732719634,300.0827369987156
21290000,42580.00000775718,-52858.90708242718,297.3178666773963
21295000,42590.00000775922,-52906.42805720994,294.5371436641495
21300000,42600.00000776126,-52629.3222852012,305.5404646624621
21305000,42610.000007763294,-53179.34419808409,302.54688772273073
21310000,42620.00000776533,-52453.29842672858,305.17014766908727
21315000,42630.00000776737,-53031.979104951664,299.27600784197085
21320000,42640.000007769406,-52902.12490672895,295.45414571183585
21325000,42650.00000777144,-52423.85493932024,298.9524074189734
21330000,42660.00000777348,-53080.11431846558,293.4404800290368
21335000,42670.00000777552,-52798.465118101274,297.24371569019
21340000,42680.000007777555,-53365.71541235852,305.5575862779242
21345000,42690.00000777959,-53243.02868062188,296.6637104458641
21350000,42700.00000778163,-52937.899211986485,296.62053551062513
21355000,42710.00000778367,-52605.707717971934,298.7407110998071
21360000,42720.000007785704,-52656.83652416177,293.4864172246052
21365000,42730.00000778774,-52616.29604588932,305.4329066908674
21370000,42740.00000778978,-53207.80148362217,299.0367074280634
21375000,42750.000007791816,-52944.44865071899,302.0840740057629
21380000,42760.00000779385,-53348.936203680554,305.20364275562946
21385000,42770.00000779589,-52387.153960408905,294.27340909975095
21390000,42780.00000779793,-52917.7954597456,298.59438108207866
21395000,42790.000007799965,-52859.12937346747,292.85889015035593
21400000,42800.000007802,-52903.79609788998,296.135573667421
21405000,42810.00000780404,-52823.05807378655,300.67087772281263
21410000,42820.00000780608,-52709.30375185161,302.5706056161573
21415000,42830.000007808114,-52952.157590986666,298.236910696726
21420000,42840.00000781015,-52990.448459544044,297.7476914489332
21425000,42850.00000781219,-52643.90075475653,297.0006382116759
21430000,42860.000007814226,-52992.15493217227,295.1466156957771
21435000,42870.00000781626,-53273.20136836823,303.62116261526023
21440000,42880.0000078183,-52784.645091821876,304.6564747051598
21445000,42890.00000782034,-52749.80198209622,300.71567667400234
21450000,42900.000007822375,-53057.30820199376,294.55080246483385
21455000,42910.00000782441,-52602.35489516752,292.91407277214836
21460000,42920.00000782645,-52870.123038125574,302.8447048565884
21465000,42930.00000782849,-52806.17232805834,296.7032253520183
21470000,42940.000007830524,-52608.70708473638,297.12705325739563
21475000,42950.00000783256,-52997.3796693325,293.7798884828868
21480000,42960.0000078346,-52882.048903508956,295.06269284004907
21485000,42970.000007836636,-53151.68534511063,305.1198657541815
21490000,42980.00000783867,-52932.14269754998,296.22632929635927
21495000,42990.00000784071,-52843.98407560878,307.94108153057243
21500000,43000.00000784275,-53198.20260383689,305.44196515173576
21505000,43010.000007844785,-52934.753085017204,296.38584383137805
21510000,43020.00000784682,-53324.860618996434,296.3997384534685
21515000,43030.00000784886,-53166.87536808901,286.16725319496
21520000,43040.0000078509,-52894.26113134186,298.78756575054575
21525000,43050.000007852934,-52503.43713807638,293.5752211335819
21530000,43060.00000785497,-53136.026319368655,300.7135689450328
21535000,43070.00000785701,-52709.59694615024,301.8036417355343
21540000,43080.000007859046,-52660.44113106746,301.3417366475724
21545000,43090.00000786108,-53064.847416103585,294.69392214176685
21550000,43100.00000786312,-52900.489845563774,297.5262584009282
21555000,43110.00000786516,-52723.24216061295,300.0394910101473
21560000,43120.000007867195,-52828.62727476243,303.8175678830233
21565000,43130.00000786923,-52982.620776780066,300.3321070523684
21570000,43140.00000787127,-52938.86389022946,295.77216253799304
21575000,43150.00000787331,-52671.74403742392,296.44883069584876
21580000,43160.000007875344,-53100.58771879421,302.6525578622888
21585000,43170.00000787738,-53010.398033289704,299.9081628154047
21590000,43180.00000787942,-53225.53864501024,304.30090947921286
21595000,43190.000007881456,-52790.693425767735,298.24242954874
21600000,43200.00000788349,-52842.19481916705,297.81773338507594
21605000,43210.00000788553,-52602.568981147226,293.4974149653263
21610000,43220.00000788757,-52903.09403479067,300.39830100940924
21615000,43230.000007889605,-53093.56246363692,304.66446448859824
21620000,43240.00000789164,-52857.89280283757,298.1263548739299
21625000,43250.00000789368,-53289.611393650295,296.5068964773601
21630000,43260.00000789572,-53002.93522093713,301.02070152613595
21635000,43270.000007897754,-52442.43928560993,298.27265781460915
21640000,43280.00000789979,-52772.17777258178,294.7585647821737
21645000,43290.00000790183,-53136.87016155536,298.8849621129149
21650000,43300.000007903865,-52802.696052873536,304.0679557768401
21655000,43310.0000079059,-52813.57862079254,295.0050666245237
21660000,43320.00000790794,-52896.275937241066,297.9972447826879
21665000,43330.00000790998,-53089.9524236476,301.62196404993006
21670000,43340.000007912015,-52988.55027371086,299.5959930126886
21675000,43350.00000791405,-53191.84221191835,298.63805020725806
21680000,43360.00000791609,-52649.86696354946,301.7970006082931
21685000,43370.000007918126,-53028.91746571296,295.76596398040357
21690000,43380.00000792016,-52756.6394783876,302.52960454053516
21695000,43390.0000079222,-53154.61210979309,308.6598003002047
21700000,43400.00000792424,-52903.055835959065,308.0233253922215
21705000,43410.000007926275,-52762.15554344084,294.0573782211532
21710000,43420.00000792831,-53028.569337215595,300.19768126257037
21715000,43430.00000793035,-52840.362043653004,294.3078469368183
21720000,43440.00000793239,-53095.13824494596,300.8480342950228
21725000,43450.000007934425,-52509.43717106385,306.6680573016497
21730000,43460.00000793646,-53105.906526988285,303.219336519948
21735000,43470.0000079385,-53021.75550829526,302.95494355992474
21740000,43480.000007940536,-53422.88601622946,297.88407810516674
21745000,43490.00000794257,-53179.70409425147,298.3430237923555
21750000,43500.00000794461,-53127.13291086504,303.07835099630853
21755000,43510.00000794665,-52841.88003646949,311.20381165500686
21760000,43520.000007948685,-52799.04428659458,301.4833405401791
21765000,43530.00000795072,-52479.523742446356,298.3921357348096
21770000,43540.00000795276,-53190.55859195543,298.59473225519116
21775000,43550.0000079548,-52963.34945776261,305.4849254902854
21780000,43560.000007956834,-52882.46140327226,299.86311620390404
21785000,43570.00000795887,-52668.43258149829,295.9819484637517
21790000,43580.00000796091,-53180.27383129072,295.4953460604754
21795000,43590.000007962946,-52858.42236107783,302.2986758633848
21800000,43600.00000796498,-53180.95766189511,298.39854727389735
21805000,43610.00000796702,-53007.99388044691,294.1847367619595
21810000,43620.00000796906,-52822.76278148379,305.2623469169376
21815000,43630.000007971095,-53025.6438302935,307.9895878826221
21820000,43640.00000797313,-52851.92343559678,292.07566099546256
21825000,43650.00000797517,-52905.069806823565,293.0321671327685
21830000,43660.00000797721,-52600.29700055253,297.03709402309846
21835000,43670.000007979244,-53039.93216621317,294.35695659826985
21840000,43680.00000798128,-52855.617335310904,300.7720578868281
21845000,43690.00000798332,-52491.94035678741,295.238237404527
21850000,43700.000007985356,-52907.92751454745,299.7770710578502
21855000,43710.00000798739,-53313.48374135123,292.9224846273721
21860000,43720.00000798943,-52579.4418422514,296.57986578639196
21865000,43730.00000799147,-52727.252517817804,304.3961132321408
21870000,43740.000007993505,-52715.89150243753,301.53132317882086
21875000,43750.00000799554,-53112.20475881774,300.31706279903005
21880000,43760.00000799758,-52817.03686726297,298.3197495514247
21885000,43770.00000799962,-52742.60941235241,299.824785449795
21890000,43780.000008001654,-53172.88377757056,297.69269482540886
21895000,43790.00000800369,-53016.65559768304,301.67080401984305
21900000,43800.00000800573,-53098.55784457506,300.52751036720923
21905000,43810.000008007766,-52939.988784392684,295.8736026896986
21910000,43820.0000080098,-53174.93421404506,293.5348973079461
21915000,43830.00000801184,-52597.771895502665,299.74840308492765
21920000,43840.00000801388,-52657.41336184024,298.3524412593113
21925000,43850.000008015915,-52781.11049613377,294.48906775405305
21930000,43860.00000801795,-52595.90699237038,300.0306529336651
21935000,43870.00000801999,-53175.909237636195,298.3764017222402
21940000,43880.00000802203,-52937.02456247347,294.31081496897616
21945000,43890.000008024064,-53607.93344005264,303.2106938745751
21950000,43900.0000080261,-52907.86628255408,295.83883145271625
21955000,43910.00000802814,-52847.11118079914,292.9378344837853
21960000,43920.000008030176,-52879.859040876676,293.93595341030954
21965000,43930.00000803221,-52969.07168954314,302.5833484208661
21970000,43940.00000803425,-53222.88802915806,301.97666327581595
21975000,43950.00000803629,-53320.73260469636,299.4928457259536
21980000,43960.000008038325,-52804.20292776183,304.55043971651514
21985000,43970.00000804036,-53090.10687691541,297.510522119298
21990000,43980.0000080424,-52931.9248688035,291.28283358381833
21995000,43990.00000804444,-52821.23291844333,301.0619038229497
22000000,44000.000008046474,-53094.80860166944,306.9514509218114
22005000,44010.00000804851,-53189.55321833253,295.5519944758109
22010000,44020.00000805055,-53191.24144930093,297.58634216796963
22015000,44030.000008052586,-52837.79868469894,296.1256023141501
22020000,44040.00000805462,-52696.418697766174,302.27571871222244
22025000,44050.00000805666,-53299.187443624745,304.600543285968
22030000,44060.0000080587,-53223.718681097,295.4510353287747
22035000,44070.000008060735,-53164.64119662368,298.2503073219385
22040000,44080.00000806277,-53371.83388241741,308.8478093056723
22045000,44090.00000806481,-52700.871684148675,292.81651641688006
22050000,44100.00000806685,-53355.7474033497,297.45735728195797
22055000,44110.000008068884,-52683.71136307478,293.69906295342304
22060000,44120.00000807092,-52974.071983149624,295.87034309684066
22065000,44130.00000807296,-52974.17519705245,295.72597690759176
22070000,44140.000008074996,-53161.21612295919,304.50019922619293
22075000,44150.00000807703,-52792.893528601155,290.64715067340336
22080000,44160.00000807907,-53053.85956398639,298.87353414454
22085000,44170.00000808111,-52547.35562220277,296.31693490315837
22090000,44180.000008083145,-52850.73864223028,295.24320752289105
22095000,44190.00000808518,-52932.737303192174,297.6508695811811
22100000,44200.00000808722,-52796.189313340205,300.89811581177935
22105000,44210.00000808926,-52852.71816043931,286.4754377477641
22110000,44220.000008091294,-52923.5340378485,298.3217411091642
22115000,44230.00000809333,-53045.027653636906,298.48878454423465
22120000,44240.00000809537,-52926.10554964517,294.45558914436947
22125000,44250.000008097406,-53122.11178140226,301.57137702713914
22130000,44260.00000809944,-52886.471569706744,305.7616389790726
22135000,44270.00000810148,-52535.92531379106,301.2406785255283
22140000,44280.00000810352,-52727.246646679385,298.9730787613482
22145000,44290.000008105555,-52511.50550181919,302.0110586551897
22150000,44300.00000810759,-52873.93818688436,299.9321849193574
22155000,44310.00000810963,-52862.35328192651,300.43039987803905
22160000,44320.00000811167,-53103.780599562335,294.0580911489188
22165000,44330.000008113704,-53107.17598276035,292.6061265048407
22170000,44340.00000811574,-52872.484044400364,294.6576197710476
22175000,44350.00000811778,-52672.76418357293,302.1756163394373
22180000,44360.000008119816,-52670.00776440176,301.9799184912089
22185000,44370.00000812185,-52824.788010119024,305.41239798657176
22190000,44380.00000812389,-53107.62735603802,303.03132486268333
22195000,44390.00000812593,-53133.42641375857,293.689796787422
22200000,44400.000008127965,-53182.60746035501,293.59488531547566
22205000,44410.00000813,-52772.139933111495,300.6620548109622
22210000,44420.00000813204,-52733.16841310091,305.75230341369985
22215000,44430.00000813408,-52826.62850939963,298.82227971184744
22220000,44440.000008136114,-52952.77604026161,296.8145236011937
22225000,44450.00000813815,-52857.82922946749,307.004821715513
22230000,44460.00000814019,-53057.60377623612,299.7677532413445
22235000,44470.000008142226,-52832.09049712654,291.2983419544577
22240000,44480.00000814426,-52709.89983152345,300.8323764011046
22245000,44490.0000081463,-53015.986422544345,298.9533231315266
22250000,44500.00000814834,-53105.26757818315,300.18468201720134
22255000,44510.000008150375,-53007.390760359995,290.0985389623826
22260000,44520.00000815241,-52980.52344236709,307.5989072950091
22265000,44530.00000815445,-52909.3472467752,297.9863195398334
22270000,44540.00000815649,-53021.68161826726,294.8921405465491
22275000,44550.000008158524,-52961.49144227919,302.1545902237012
22280000,44560.00000816056,-52697.42340710547,300.31506090232585
22285000,44570.0000081626,-52923.44776433037,300.33441018243053
22290000,44580.000008164636,-52704.11847449551,290.6899967280381
22295000,44590.00000816667,-53231.0930660493,294.4757119158676
22300000,44600.00000816871,-52748.13899000353,303.8871918385379
22305000,44610.00000817075,-52894.51613773717,301.2538359282292
22310000,44620.000008172785,-53148.241031132085,297.40544338918284
22315000,44630.00000817482,-52960.421460429265,302.33859371518577
22320000,44640.00000817686,-53108.524694451684,307.7173186107809
22325000,44650.0000081789,-53080.23234708555,294.52712397149065
22330000,44660.000008180934,-52950.89802372438,299.30031665854926
22335000,44670.00000818297,-52438.80702563672,299.8007230900679
22340000,44680.00000818501,-52977.534157116315,303.5055842640045
22345000,44690.000008187046,-52918.14395452346,294.20263110129963
22350000,44700.00000818908,-52894.140238597116,298.9895494851965
22355000,44710.00000819112,-52501.80867996186,295.8275127000661
22360000,44720.00000819316,-53381.42109871609,297.79172779594126
22365000,44730.000008195195,-53188.29978604376,288.6382271795355
22370000,44740.00000819723,-53043.198129480385,291.8811098583215
22375000,44750.00000819927,-52534.54991968162,296.99884893889237
22380000,44760.00000820131,-52711.14199721266,298.9909063318797
22385000,44770.000008203344,-53003.483034889505,292.0682939110624
22390000,44780.00000820538,-52790.30930483257,298.15253436823747
22395000,44790.00000820742,-53135.75231250923,302.49923496035706
22400000,44800.000008209456,-52940.96887789029,302.00367080652575
22405000,44810.00000821149,-53122.88310595628,306.93564562996585
22410000,44820.00000821353,-52992.87634839243,301.2014429755226
22415000,44830.00000821557,-52966.24051122769,298.3334784732426
22420000,44840.000008217605,-52282.93126342754,303.63382677870413
22425000,44850.00000821964,-53019.27009515092,304.45774751187656
22430000,44860.00000822168,-52705.74599438795,303.4764865414692
22435000,44870.00000822372,-52914.24727552218,303.367493501838
22440000,44880.000008225754,-53160.78029516709,302.56270133147774
22445000,44890.00000822779,-52946.061049516225,296.3798085368413
22450000,44900.00000822983,-52938.95984224579,300.3837814940559
22455000,44910.000008231866,-52740.0377943136,296.452767044691
22460000,44920.0000082339,-52958.91992059321,294.49979993522555
22465000,44930.00000823594,-53461.246265801805,294.97552426547895
22470000,44940.00000823798,-52620.32365774459,292.3275582589336
22475000,44950.000008240015,-52574.00143882359,294.21194031753424
22480000,44960.00000824205,-52858.05097517703,304.3173066087966
22485000,44970.00000824409,-52939.31555273791,298.3849974696944
22490000,44980.00000824613,-53050.96546196635,300.2347138219167
22495000,44990.000008248164,-53072.29410216166,300.4535794051004
22500000,45000.0000082502,-53232.77347858931,291.9911973976316
22505000,45010.00000825224,-53100.58351218101,305.4054582983152
22510000,45020.000008254276,-52645.54849276465,293.92729070672794
22515000,45030.00000825631,-52732.831609688,299.810902837816
22520000,45040.00000825835,-52912.069866419275,299.763269170076
22525000,45050.00000826039,-52821.0874204172,307.46141600040494
22530000,45060.000008262425,-52932.857495784876,307.9194625373337
22535000,45070.00000826446,-52604.043786274444,301.29846199877534
22540000,45080.0000082665,-52615.09185087145,305.4432195317286
22545000,45090.00000826854,-52842.64629902612,299.07223620850556
22550000,45100.000008270574,-52800.022904967656,302.9096206487727
22555000,45110.00000827261,-52535.29096360592,303.1373781299198
22560000,45120.00000827465,-52887.812612447626,296.6234324740442
22565000,45130.000008276686,-52927.83128543463,290.64046613522373
22570000,45140.00000827872,-52479.77158377349,297.57766817254594
22575000,45150.00000828076,-52733.17887561751,301.57804752185575
22580000,45160.0000082828,-52480.171592823055,292.1420173127916
22585000,45170.000008284835,-52655.854622447485,295.11513885117046
22590000,45180.00000828687,-52874.415237658424,293.27011139469766
22595000,45190.00000828891,-52715.75864064199,304.78399629713624
22600000,45200.00000829095,-52773.45745408151,297.3742406439777
22605000,45210.000008292984,-52786.895933123946,299.6465035124209
22610000,45220.00000829502,-52609.12763385725,292.774398320981
22615000,45230.00000829706,-52766.15415604101,290.6687750993439
22620000,45240.000008299095,-53356.32512418233,305.39256331792615
22625000,45250.00000830113,-52739.59890784629,295.734412763343
22630000,45260.00000830317,-53275.060095284454,293.71328786803997
22635000,45270.00000830521,-52941.15914620971,297.71073938817256
22640000,45280.000008307245,-53004.50483920786,301.05584702654875
22645000,45290.00000830928,-52954.59751655051,298.3920427238914
22650000,45300.00000831132,-53043.38895880594,292.68741753492225
22655000,45310.00000831336,-52820.24726072853,307.04439204083246
22660000,45320.000008315394,-52479.53736381236,299.41631675838534
22665000,45330.00000831743,-52702.46501592643,290.62750011382064
22670000,45340.00000831947,-52951.154036287364,301.1108165877478
22675000,45350.000008321505,-52803.89001014808,297.7088702549934
22680000,45360.00000832354,-53065.54989650496,293.05798133009966
22685000,45370.00000832558,-52568.626353309926,305.37384500562314
22690000,45380.00000832762,-52836.54032009395,294.89462691126715
22695000,45390.000008329655,-53165.43026898272,298.17172916521463
22700000,45400.00000833169,-52987.50115389074,293.27809245367956
22705000,45410.00000833373,-52915.00241629247,301.13905024937526
22710000,45420.000008335766,-52776.79286371317,300.08747236493656
22715000,45430.0000083378,-52989.61927117847,285.9778757332496
22720000,45440.00000833984,-52871.67656857768,297.2567938701657
22725000,45450.00000834188,-52832.44261470623,299.5365268516302
22730000,45460.000008343915,-52817.029944515176,289.40536216772847
22735000,45470.00000834595,-53014.72941569559,298.9140668438333
22740000,45480.00000834799,-52931.22543999215,298.04322571049426
22745000,45490.00000835003,-53158.65603058567,298.451844475348
22750000,45500.000008352064,-52869.37677861596,302.4066773518944
22755000,45510.0000083541,-53034.43359868653,299.7630486200594
22760000,45520.00000835614,-52895.47833245274,303.3804738987497
22765000,45530.000008358176,-52943.260516210314,298.7892684702621
22770000,45540.00000836021,-52926.888718123315,306.18060725430274
22775000,45550.00000836225,-53304.764217028685,302.6342715911685
22780000,45560.00000836429,-53062.5097282216,292.6634496651438
22785000,45570.000008366325,-52785.41560534551,302.4723937506174
22790000,45580.00000836836,-53032.9606671645,301.12700686132587
22795000,45590.0000083704,-53095.85693738356,303.38758029235095
22800000,45600.00000837244,-52946.76689317703,297.4717070313497
22805000,45610.000008374474,-53124.50191042025,301.42632396798336
22810000,45620.00000837651,-52901.65461052494,299.5750411416439
22815000,45630.00000837855,-52710.895876710536,296.8319915172969
22820000,45640.000008380586,-52715.59010456831,297.82014407208067
22825000,45650.00000838262,-52923.97922438884,295.9885170638625
22830000,45660.00000838466,-53019.72352748894,299.660455313827
22835000,45670.0000083867,-53021.07632036519,292.79774105359286
22840000,45680.000008388735,-53003.69434158021,297.6520331599876
22845000,45690.00000839077,-52498.54402348466,298.7814367703082
22850000,45700.00000839281,-52908.048589995684,293.1260432038415
22855000,45710.00000839485,-52978.026352012996,304.63931983412346
22860000,45720.000008396884,-52825.50053920303,292.40505320320716
22865000,45730.00000839892,-52798.77434975671,294.418313846007
22870000,45740.00000840096,-52951.345902008645,297.9946055821506
22875000,45750.000008402996,-53004.41491304836,298.25973690021215
22880000,45760.00000840503,-52647.57260059469,299.44305570584226
22885000,45770.00000840707,-52669.57000521949,307.53688052517595
22890000,45780.00000840911,-52732.07682575661,287.21169613896126
22895000,45790.000008411145,-53025.812967342354,298.71433908956385
22900000,45800.00000841318,-52907.171404939116,293.9674240826693
22905000,45810.00000841522,-53260.630482443434,294.3330133338056
22910000,45820.00000841726,-53190.332233648805,298.05452673363845
22915000,45830.000008419294,-52740.96755465469,297.3264946405825
22920000,45840.00000842133,-53092.02818646218,304.98889423067163
22925000,45850.00000842337,-53047.378768799914,301.3007313202082
22930000,45860.000008425406,-52698.59164943971,302.10830795938955
22935000,45870.00000842744,-52779.1073289637,307.4246071513568
22940000,45880.00000842948,-53120.87725740913,297.2762354146281
22945000,45890.00000843152,-52934.823257186596,303.3352132376546
22950000,45900.000008433555,-53036.44311926275,303.557583795091
22955000,45910.00000843559,-52948.43380091517,291.1660867284838
22960000,45920.00000843763,-52367.57919812808,302.91544217993726
22965000,45930.00000843967,-52744.199300634355,300.1108379892272
22970000,45940.000008441704,-52599.826317465515,302.0042813099178
22975000,45950.00000844374,-52845.54763982794,303.37287511561544
22980000,45960.00000844578,-53132.3295815255,295.43037767542984
22985000,45970.000008447816,-53069.97140175474,292.45036829673387
22990000,45980.00000844985,-52865.24322720032,299.7050259243894
22995000,45990.00000845189,-53050.90854326979,299.8856801504119
23000000,46000.00000845393,-53290.53494181344,292.7494769943747
23005000,46010.000008455965,-53032.48394997578,307.4496275186888
23010000,46020.000008458,-52659.746750426886,301.42370230853976
23015000,46030.00000846004,-52916.07755679445,296.6175218009205
23020000,46040.00000846208,-52890.92428022201,301.2230228760714
23025000,46050.000008464114,-53269.51111364225,292.07933155103694
23030000,46060.00000846615,-52844.843640967156,300.63972735825365
23035000,46070.00000846819,-52999.73596004699,292.57738111603277
23040000,46080.000008470226,-52967.026614680304,297.05252688830063
23045000,46090.00000847226,-52401.507918005664,295.68319382966763
23050000,46100.0000084743,-53053.73519697081,295.6450275598687
23055000,46110.00000847634,-52917.968769725645,297.285596597747
23060000,46120.000008478375,-53114.30806381916,295.1017874748407
23065000,46130.00000848041,-52863.97287518182,305.5447880245093
23070000,46140.00000848245,-52696.91419725143,303.3352339732982
23075000,46150.00000848449,-53106.53667959856,299.72920425879624
23080000,46160.000008486524,-53071.95394017181,304.53105370709585
23085000,46170.00000848856,-52911.23846155219,297.8321443825418
23090000,46180.0000084906,-52586.494023663516,304.9075974727522
23095000,46190.000008492636,-52970.12394246852,301.2201498835042
23100000,46200.00000849467,-52940.486570595705,296.5452820380357
23105000,46210.00000849671,-53114.00375248055,290.81589633523504
23110000,46220.00000849875,-53085.28960655091,297.64937511586675
23115000,46230.000008500785,-52657.50738931305,303.279016231529
23120000,46240.00000850282,-53046.46101566253,299.94831852119216
23125000,46250.00000850486,-52758.940277648595,296.1150369505832
23130000,46260.0000085069,-53067.465975501895,297.98371628617633
23135000,46270.000008508934,-52798.96956090207,297.59423946725224
23140000,46280.00000851097,-52791.563456123986,295.2609806874948
23145000,46290.00000851301,-52812.519082758925,306.09932160710036
23150000,46300.000008515046,-53307.25336139786,306.0443267235024
23155000,46310.00000851708,-53013.44787099917,304.350263411344
23160000,46320.00000851912,-52800.96189064669,302.5779165689145
23165000,46330.00000852116,-52892.19928855554,302.0168751063156
23170000,46340.000008523195,-53013.38072596092,305.5934114667718
23175000,46350.00000852523,-52624.20717609691,286.89593448308216
23180000,46360.00000852727,-52709.88521495188,301.098263311528
23185000,46370.00000852931,-52848.4823836532,293.01883673573906
23190000,46380.000008531344,-53457.470572855644,301.3040650396354
23195000,46390.00000853338,-53062.16215801734,287.9507931241733
23200000,46400.00000853542,-53231.748378822056,300.22911158590153
23205000,46410.000008537456,-53277.4574026787,294.463467039105
23210000,46420.00000853949,-52747.132468807074,302.5372762719925
23215000,46430.00000854153,-53180.752018019906,308.5978162376743
23220000,46440.00000854357,-53063.857896333066,303.30152006207487
23225000,46450.000008545605,-53437.699150353554,301.425827826512
23230000,46460.00000854764,-52871.62955538437,296.7086659942435
23235000,46470.00000854968,-52705.74887200544,293.8852558509175
23240000,46480.00000855172,-53174.34707839324,301.5142197143818
23245000,46490.000008553754,-53177.606186463905,313.6608875780276
23250000,46500.00000855579,-52874.85513666988,298.47921442792705
23255000,46510.00000855783,-52829.504052627395,306.73332265898466
23260000,46520.000008559866,-52821.96125981232,296.803888757658
23265000,46530.0000085619,-53357.984622046846,292.5533743307691
23270000,46540.00000856394,-52897.03054862359,290.92314408935124
23275000,46550.00000856598,-53394.74417415261,298.4665120579172
23280000,46560.000008568015,-52735.19894206821,295.6040266617203
23285000,46570.00000857005,-52875.48524900945,300.9065452826889
23290000,46580.00000857209,-53221.63758355405,300.70506281466817
23295000,46590.00000857413,-52887.64785941463,296.68084439447506
23300000,46600.000008576164,-52954.414446044946,296.8152290850329
23305000,46610.0000085782,-52960.40213338178,295.0197036133057
23310000,46620.00000858024,-53039.438882935676,298.2568400306273
23315000,46630.000008582276,-53035.1224801224,297.2781114577008
23320000,46640.00000858431,-53017.46576096062,306.26628228699644
23325000,46650.00000858635,-53042.28540435649,294.5787573216966
23330000,46660.00000858839,-52858.55774789577,296.8954429851312
23335000,46670.000008590425,-53094.939458430046,293.90608877784314
23340000,46680.00000859246,-53007.66682420953,299.1366005659278
23345000,46690.0000085945,-52905.72775862951,290.8487356845055
23350000,46700.00000859654,-53255.767503371055,301.74710689900206
23355000,46710.000008598574,-52600.12139062991,303.07344899988567
23360000,46720.00000860061,-52994.87995747302,308.23152547955556
23365000,46730.00000860265,-53091.50004860177,285.5422906188811
23370000,46740.000008604686,-52796.63806071473,298.42079323950793
23375000,46750.00000860672,-53215.43656442006,288.273503804654
23380000,46760.00000860876,-52811.7433682564,302.9494856326845
23385000,46770.0000086108,-52929.81986654943,295.03299450771954
23390000,46780.000008612835,-52722.77705121631,298.26141305419264
23395000,46790.00000861487,-52826.4439244137,296.660454588425
23400000,46800.00000861691,-53021.018607288075,293.673926038614
23405000,46810.00000861895,-52594.912126866984,296.8427116816997
23410000,46820.000008620984,-52940.18968168198,297.84205737390795
23415000,46830.00000862302,-52785.704100778676,305.29853316556074
23420000,46840.00000862506,-52698.92843809727,300.3036714747496
23425000,46850.000008627096,-52777.51399725478,306.6230642109353
23430000,46860.00000862913,-52905.24593515182,302.2764045176624
23435000,46870.00000863117,-52769.96740332333,292.3350873535646
23440000,46880.00000863321,-52713.32200002481,301.90057037643595
23445000,46890.000008635245,-53290.31094409374,295.69524435736406
23450000,46900.00000863728,-52215.36730353936,298.4074061359598
23455000,46910.00000863932,-52585.05985134916,300.91507943861455
23460000,46920.00000864136,-53226.901076325245,305.13230161439475
23465000,46930.000008643394,-52453.82344012102,292.24509808783756
23470000,46940.00000864543,-52353.574624745845,301.77597651077804
23475000,46950.00000864747,-53016.06253306236,298.3646498962872
23480000,46960.000008649506,-53391.13924450171,296.83699936968424
23485000,46970.00000865154,-52917.1762101487,299.00967643945245
23490000,46980.00000865358,-53304.63635689087,307.6571856212121
23495000,46990.00000865562,-52921.63135824978,299.88381036598895
23500000,47000.000008657655,-52972.43873479971,294.7407606735043
23505000,47010.00000865969,-52998.10161293397,298.6992760688193
23510000,47020.00000866173,-53003.07980230794,301.1175732704535
23515000,47030.00000866377,-53040.94556308378,304.26608101602113
23520000,47040.000008665804,-52769.62701278707,302.8242868001227
23525000,47050.00000866784,-53070.29572816889,301.56753961489426
23530000,47060.00000866988,-52785.78941015841,296.4764378772197
23535000,47070.000008671916,-53251.00183394516,292.65385474615545
23540000,47080.00000867395,-52542.17419066091,299.9812818999324
23545000,47090.00000867599,-52879.40347269643,300.6606896429104
23550000,47100.00000867803,-53032.01253099961,298.3889113176729
23555000,47110.000008680065,-52909.60333239936,293.2817269988966
23560000,47120.0000086821,-52662.40735565583,295.433086586186
23565000,47130.00000868414,-52853.655966283026,289.71100816221167
23570000,47140.00000868618,-53014.52143234006,296.90384000716494
23575000,47150.000008688214,-52504.13210992335,293.9122437597156
23580000,47160.00000869025,-52834.40713268262,307.2931488140549
23585000,47170.00000869229,-52826.69426590277,297.21693924866264
23590000,47180.000008694326,-52859.32855103962,298.0220266723471
23595000,47190.00000869636,-52648.13088008654,306.62251295623577
23600000,47200.0000086984,-53087.58587828971,298.40799352784467
23605000,47210.00000870044,-53139.54198505837,301.39989636639024
23610000,47220.000008702475,-53078.71604644551,297.3379901424978
23615000,47230.00000870451,-52719.87178227812,299.26779673310267
23620000,47240.00000870655,-52808.27400144542,299.0252677554243
23625000,47250.00000870859,-52639.678150930966,299.99515257924844
23630000,47260.000008710624,-53043.71937849626,298.39191749426294
23635000,47270.00000871266,-53081.60137178993,295.9269482910903
23640000,47280.0000087147,-53178.85101219392,296.7619367365245
23645000,47290.000008716735,-52848.87876099546,306.3871236692211
23650000,47300.00000871877,-52786.51338312877,297.80178326150826
23655000,47310.00000872081,-52876.28772473734,304.5407916936133
23660000,47320.00000872285,-52729.219732295605,300.9893310844325
23665000,47330.000008724885,-53184.043166099465,300.69109126957045
23670000,47340.00000872692,-53036.8235438657,296.49952398565677
23675000,47350.00000872896,-52582.02774185949,308.06471306013
23680000,47360.000008730996,-52995.15201614762,293.2496617714459
23685000,47370.00000873303,-53095.89924624696,295.04289974915685
23690000,47380.00000873507,-52994.99997402608,301.6832048778774
23695000,47390.00000873711,-52975.28810240925,302.8892215042888
23700000,47400.000008739145,-52774.66136095999,288.9936981362052
23705000,47410.00000874118,-53101.731177622394,295.76427061708137
23710000,47420.00000874322,-52721.09806729769,299.4085133190322
23715000,47430.00000874526,-53126.01020051786,288.454571632599
23720000,47440.000008747294,-53043.95505850698,301.87136599024325
23725000,47450.00000874933,-53028.280448817735,294.45352444067277
23730000,47460.00000875137,-52998.14924091211,300.5746440327062
23735000,47470.000008753406,-52829.53334401001,293.1144112292979
23740000,47480.00000875544,-52613.94435717669,300.1254064660927
23745000,47490.00000875748,-52642.001860214456,302.8663255119633
23750000,47500.00000875952,-52928.19181366745,293.2576063749241
23755000,47510.000008761555,-53195.79436617729,298.44449857065064
23760000,47520.00000876359,-53000.26019630386,296.44433040670197
23765000,47530.00000876563,-52974.252176346024,302.5857736682129
23770000,47540.00000876767,-53062.537134631624,309.35210692208176
23775000,47550.000008769704,-53115.62419517638,298.6168941977993
23780000,47560.00000877174,-52680.72864210102,309.82109946275375
23785000,47570.00000877378,-53015.49885582016,297.4357910112289
23790000,47580.000008775816,-53229.14892770685,301.4177509585042
23795000,47590.00000877785,-53157.08382254292,291.0622412612044
23800000,47600.00000877989,-52793.60518697166,301.5091438102117
23805000,47610.00000878193,-52935.479521056026,304.82693992242883
23810000,47620.000008783965,-52715.54880332068,300.4276183983983
23815000,47630.000008786,-52685.301488830504,286.14037954178355
23820000,47640.00000878804,-52990.694318471535,300.7247981149662
23825000,47650.00000879008,-52890.293136647786,307.117538455587
23830000,47660.000008792114,-52286.016517635784,301.64255040223657
23835000,47670.00000879415,-52856.373773991654,296.6932302082848
23840000,47680.00000879619,-53054.96388647726,298.4292653821084
23845000,47690.000008798226,-52560.85902142577,299.79024919727436
23850000,47700.00000880026,-52866.931674527936,299.3216769823088
23855000,47710.0000088023,-53093.400724099454,290.41955400656576
23860000,47720.00000880434,-53132.140742064774,307.9955261485827
23865000,47730.000008806375,-52774.13544528675,298.3927316516197
23870000,47740.00000880841,-53132.592763725,294.15428799714795
23875000,47750.00000881045,-53296.25684888166,296.1842008181346
23880000,47760.00000881249,-52990.9621156122,296.9607219094677
23885000,47770.000008814524,-52603.93191161897,297.04380655660276
23890000,47780.00000881656,-52957.090187047375,294.18398976762404
23895000,47790.0000088186,-53200.17523685051,307.04264372892834
23900000,47800.000008820636,-52908.060308440065,303.7497188961032
23905000,47810.00000882267,-52915.463900598144,299.9830473539259
23910000,47820.00000882471,-53097.78208234772,296.9290745386843
23915000,47830.00000882675,-52961.96745795617,303.1996964432864
23920000,47840.000008828785,-52866.28719797672,294.01194909779235
23925000,47850.00000883082,-52638.964802587,303.3335757236784
23930000,47860.00000883286,-53003.2686137798,296.60625299239325
23935000,47870.0000088349,-53012.26773847008,294.4387679046143
23940000,47880.000008836934,-53224.82811364223,303.9142717350598
23945000,47890.00000883897,-52693.92619960266,290.9042068345284
23950000,47900.00000884101,-53135.79889498741,297.6036830216048
23955000,47910.000008843046,-53154.48291003771,300.81441373711925
23960000,47920.00000884508,-52782.67253162974,294.1174619422763
23965000,47930.00000884712,-52416.71050629119,298.55777704270133
23970000,47940.00000884916,-53349.07541338637,302.2716997037677
23975000,47950.000008851195,-52762.20542778776,298.24070862213927
23980000,47960.00000885323,-53003.34148601789,294.8074288677948
23985000,47970.00000885527,-52925.41574250118,293.6058314274053
23990000,47980.00000885731,-52678.80861346456,305.1310508713599
23995000,47990.000008859344,-52980.96586283026,304.5029962286378
24000000,48000.00000886138,-53407.61995955728,309.4787615908035
24005000,48010.00000886342,-52646.78519333113,296.7876056962869
24010000,48020.000008865456,-53021.13677295612,297.5477077390832
24015000,48030.00000886749,-52627.666472382145,289.6989507333578
24020000,48040.00000886953,-52861.787636703055,296.4517456153005
24025000,48050.00000887157,-52987.19727275541,300.7283875525483
24030000,48060.000008873605,-53062.03036947598,302.46373531371927
24035000,48070.00000887564,-52927.115607508895,297.7639143507936
24040000,48080.00000887768,-52864.955229186424,297.2113848548021
24045000,48090.00000887972,-53179.364879593486,297.38239555446455
24050000,48100.000008881754,-52906.14327017774,304.0948651810255
24055000,48110.00000888379,-52729.22695053229,295.26597344564556
24060000,48120.00000888583,-52991.59851827024,296.8456811533626
24065000,48130.000008887866,-52817.03402484668,298.8942268900441
24070000,48140.0000088899,-53156.75611396608,295.97134854082066
24075000,48150.00000889194,-52909.075722139474,300.77616286083753
24080000,48160.00000889398,-52721.01102496774,299.54579641439034
24085000,48170.000008896015,-52940.384896389034,295.0205746078296
24090000,48180.00000889805,-52733.702539234684,297.0816392847124
24095000,48190.00000890009,-53390.611144911,300.3479777485826
24100000,48200.00000890213,-53052.84051412123,301.32835481280966
24105000,48210.000008904164,-53281.03259461865,302.7609146369374
24110000,48220.0000089062,-52673.547415453824,295.34292960662293
24115000,48230.00000890824,-53021.79922812458,301.16791633415517
24120000,48240.000008910276,-52673.549616223434,302.45271373971576
24125000,48250.00000891231,-53013.388791370904,304.1621073014546
24130000,48260.00000891435,-52726.305903917586,302.71160124573515
24135000,48270.00000891639,-53126.21894827066,302.20907497570397
24140000,48280.000008918425,-52739.642075415264,295.7060111103542
24145000,48290.00000892046,-53094.32469193256,304.67324152477016
24150000,48300.0000089225,-52848.008179456025,301.7312910124225
24155000,48310.00000892454,-52846.429313807515,306.31043876769786
24160000,48320.000008926574,-52845.18371966109,299.2798823136979
24165000,48330.00000892861,-52555.65367269411,291.9305398631781
24170000,48340.00000893065,-52780.23254233276,293.7190269305624
24175000,48350.000008932686,-53080.69204219361,293.95407739115427
24180000,48360.00000893472,-53272.474719923484,294.5604364050088
24185000,48370.00000893676,-53021.997276858805,290.3886166896954
24190000,48380.0000089388,-52772.92840108505,297.5437400533631
24195000,48390.000008940835,-52455.602465807635,301.23226507906253
24200000,48400.00000894287,-52998.87452172424,305.96173292962754
24205000,48410.00000894491,-52815.620702242304,304.1901208387111
24210000,48420.00000894695,-52943.611737850966,296.4817523277303
24215000,48430.000008948984,-53148.99333803551,305.26483604876637
24220000,48440.00000895102,-53071.08228764273,300.93095823973425
24225000,48450.00000895306,-52790.67947313556,291.40700111666627
24230000,48460.000008955096,-53241.206039092445,305.592357947448
24235000,48470.00000895713,-52787.56077285108,304.8090683501258
24240000,48480.00000895917,-52925.14983626967,297.48294482378407
24245000,48490.00000896121,-52882.27436910535,289.7800355025614
24250000,48500.000008963245,-52526.98845571387,300.43785510105494
24255000,48510.00000896528,-52863.03656926975,304.938744709702
24260000,48520.00000896732,-53178.274981049995,301.3315952826706
24265000,48530.00000896936,-52844.72226716761,295.6203194414906
24270000,48540.000008971394,-53233.808145278424,301.0063028880819
24275000,48550.00000897343,-53166.09672013618,309.39146994385476
24280000,48560.00000897547,-52572.1602478296,297.05364716271833
24285000,48570.000008977506,-53190.74974902993,296.9608995045919
24290000,48580.00000897954,-52941.50464611949,297.1652904793513
24295000,48590.00000898158,-52792.25241019641,302.6975356784023
24300000,48600.00000898362,-52972.0802846626,303.5079603393395
24305000,48610.000008985655,-52798.97264740724,292.8122101933028
24310000,48620.00000898769,-53043.237184691854,292.6689486210835
24315000,48630.00000898973,-52942.63305348612,312.4017907023811
24320000,48640.00000899177,-53143.06709706833,303.64941378066186
24325000,48650.000008993804,-52747.924792992446,297.1061000883509
24330000,48660.00000899584,-52899.926413049165,294.4071984818271
24335000,48670.00000899788,-52699.811916645034,295.46448011196406
24340000,48680.000008999916,-52570.26601650164,306.6499085007458
24345000,48690.00000900195,-52729.81928506031,299.0727998745667
24350000,48700.00000900399,-52763.66573150834,299.9962047896042
24355000,48710.00000900603,-52975.17100189981,296.0792395585299
24360000,48720.000009008065,-53148.63736563016,295.01841865875053
24365000,48730.0000090101,-53036.4071706821,293.90876129756487
24370000,48740.00000901214,-53304.9715463288,297.34751946711435
24375000,48750.00000901418,-52664.51378242759,298.3922008125098
24380000,48760.000009016214,-53039.58856484096,304.6627428439277
24385000,48770.00000901825,-52881.4925667739,291.98091441954494
24390000,48780.00000902029,-52650.21714155987,298.26389910988485
24395000,48790.000009022326,-52858.715611519525,294.66398603994224
24400000,48800.00000902436,-52700.43321653345,301.3176028658096
24405000,48810.0000090264,-53150.26387491444,295.0074574719686
24410000,48820.00000902844,-52883.77566969066,303.17871260245425
24415000,48830.000009030475,-52710.26561142874,297.97522771914413
24420000,48840.00000903251,-52813.80777528559,299.2089376217924
24425000,48850.00000903455,-52974.22219316862,296.37490783616937
24430000,48860.00000903659,-52928.80382541663,295.40859370769584
24435000,48870.000009038624,-53035.738185242226,306.01949521789675
24440000,48880.00000904066,-52507.42336880378,302.80484525615014
24445000,48890.0000090427,-53098.808056682436,300.1748139735727
24450000,48900.000009044736,-53136.211306312296,292.5159363266345
24455000,48910.00000904677,-52827.2629633254,294.9557182081775
24460000,48920.00000904881,-53011.37043786657,303.117019875546
24465000,48930.00000905085,-52617.61194764878,305.87554064614983
24470000,48940.000009052885,-52967.3933089037,295.3758827532818
24475000,48950.00000905492,-53059.92496020021,302.2792945312246
24480000,48960.00000905696,-52825.56234507242,306.1289394259778
24485000,48970.000009059,-53138.2279996305,300.4479136158772
24490000,48980.000009061034,-52765.97967338929,297.9321317642945
24495000,48990.00000906307,-52960.21984496148,304.0129538682196
24500000,49000.00000906511,-52953.36490193888,299.46630608378854
24505000,49010.000009067146,-53008.649650547624,302.11765410391547
24510000,49020.00000906918,-52730.357365048636,305.7979657655936
24515000,49030.00000907122,-52551.495621575596,300.27923235200103
24520000,49040.00000907326,-52712.43234270386,306.93563373382597
24525000,49050.000009075295,-52884.50285207192,300.1542085442289
24530000,49060.00000907733,-52585.12907909043,296.55247751614235
24535000,49070.00000907937,-52887.98423211876,305.43721290119765
24540000,49080.00000908141,-53092.93820764305,304.6994021073134
24545000,49090.000009083444,-52600.88601179171,296.13378661407205
24550000,49100.00000908548,-53151.48766715004,295.1607027728834
24555000,49110.00000908752,-53212.16752527599,303.30913453066614
24560000,49120.000009089556,-52837.14135943726,299.54196637655014
24565000,49130.00000909159,-53221.641634376865,304.2839602827457
24570000,49140.00000909363,-52761.18431635309,308.08208839363465
24575000,49150.00000909567,-53015.16894899329,300.41840595818786
24580000,49160.000009097705,-52935.17413224012,301.79303574399916
24585000,49170.00000909974,-52697.94196868871,302.36488947259477
24590000,49180.00000910178,-52865.826914104895,296.9121253903065
24595000,49190.00000910382,-52639.40295231712,288.1693776168913
24600000,49200.000009105854,-53084.84028754753,295.0242209198346
24605000,49210.00000910789,-52721.044731289265,307.46995567743784
24610000,49220.00000910993,-52860.02871486181,296.926212439712
24615000,49230.000009111965,-53144.54141515089,299.9036234435113
24620000,49240.000009114,-52949.08295637253,293.74179534204376
24625000,49250.00000911604,-52944.88708955108,305.4028769411173
24630000,49260.00000911808,-52742.26637013376,291.36544689394395
24635000,49270.000009120115,-52511.34826570933,291.7480987194117
24640000,49280.00000912215,-52844.0433775491,298.9739492160659
24645000,49290.00000912419,-53074.55565895792,298.21196922747936
24650000,49300.000009126226,-52851.90392178568,295.3619819472355
24655000,49310.00000912826,-52940.53213790778,293.36410216825436
24660000,49320.0000091303,-52814.405009249225,300.13082015127503
24665000,49330.00000913234,-53203.31408051905,299.8864465915401
24670000,49340.000009134375,-52843.511848541035,303.23967013188104
24675000,49350.00000913641,-52835.50114552668,304.0036490275686
24680000,49360.00000913845,-53001.418390898965,304.7399620449877
24685000,49370.00000914049,-53040.54918857044,300.7853684867507
24690000,49380.000009142525,-52946.13728184288,304.4943775303834
24695000,49390.00000914456,-53222.57451052853,300.760004526486
24700000,49400.0000091466,-52875.271967240435,297.96656269892856
24705000,49410.000009148636,-52879.61387200991,305.91450710184085
24710000,49420.00000915067,-53039.34298032793,303.6921642711728
24715000,49430.00000915271,-52877.47106386672,297.3677256702312
24720000,49440.00000915475,-52858.231944339874,300.5444685805118
24725000,49450.000009156785,-52645.37204694361,302.40635773541504
24730000,49460.00000915882,-52798.16894635651,286.30590142704773
24735000,49470.00000916086,-53277.185899068136,297.8098672036183
24740000,49480.0000091629,-53016.989897455875,301.8889775766144
24745000,49490.000009164934,-52559.66621277272,292.66361616668115
24750000,49500.00000916697,-52704.31318482009,294.5163332083603
24755000,49510.00000916901,-52872.752885293885,302.20939139853397
24760000,49520.000009171046,-52893.3945426881,301.68806362869526
24765000,49530.00000917308,-52962.60079143557,304.5765803484653
24770000,49540.00000917512,-53032.088505930995,300.4713251405231
24775000,49550.00000917716,-52824.14311409931,288.9996319538416
24780000,49560.000009179195,-53093.178587711416,305.927080553945
24785000,49570.00000918123,-52853.48809721548,297.67732468568954
24790000,49580.00000918327,-53126.8382421759,294.2194359994599
24795000,49590.00000918531,-53067.518712342484,303.0575205864308
24800000,49600.000009187344,-52838.872092358564,295.4558221813956
24805000,49610.00000918938,-52865.35600655724,301.2253128077497
24810000,49620.00000919142,-52939.869603167725,292.22682952172875
24815000,49630.000009193456,-52954.136997908936,303.6805681908223
24820000,49640.00000919549,-52648.13664944627,294.76060876916983
24825000,49650.00000919753,-53335.30831016941,301.42637006479663
24830000,49660.00000919957,-52977.0079580117,299.30094584422335
24835000,49670.000009201605,-53227.57603252953,297.18434058240894
24840000,49680.00000920364,-53082.78728202934,293.9329003968269
24845000,49690.00000920568,-53033.221347331855,307.495901211264
24850000,49700.00000920772,-52966.34277477549,296.3173181024066
24855000,49710.000009209754,-53109.34915304437,300.00396769288415
24860000,49720.00000921179,-53028.82638786192,295.7710850169149
24865000,49730.00000921383,-53050.63091106745,301.8926253399084
24870000,49740.000009215866,-52853.89818164037,294.78454801196995
24875000,49750.0000092179,-52795.040197376715,296.3430797008834
24880000,49760.00000921994,-52894.27336369615,306.2675954011755
24885000,49770.00000922198,-52919.14619266949,297.2118031224751
24890000,49780.000009224015,-52966.828029820084,300.9499792929967
24895000,49790.00000922605,-53044.626337418595,295.6270051039192
24900000,49800.00000922809,-53019.43999763008,310.0168076616924
24905000,49810.00000923013,-52964.73925046125,301.2283048776644
24910000,49820.000009232164,-52892.24995106051,305.78833514356484
24915000,49830.0000092342,-52908.385969075316,305.6241473835659
24920000,49840.00000923624,-52772.70433063709,300.1113235136735
24925000,49850.000009238276,-52764.146526220255,291.16972266736036
24930000,49860.00000924031,-52837.152847019635,296.7211281105551
24935000,49870.00000924235,-52825.1336473804,291.706292205817
24940000,49880.00000924439,-52776.74058312143,301.5389957351828
24945000,49890.000009246425,-53046.995755813026,282.64484148046716
24950000,49900.00000924846,-53117.95145179791,292.414354028626
24955000,49910.0000092505,-53196.73453573181,294.4761862545274
24960000,49920.00000925254,-52882.99161560001,292.7437194462176
24965000,49930.000009254574,-53370.14061395632,296.2382134178874
24970000,49940.00000925661,-53180.78682376802,296.8915111487868
24975000,49950.00000925865,-52966.58402615436,301.10455103560315
24980000,49960.000009260686,-52902.96263486467,301.1048960826698
24985000,49970.00000926272,-52824.00727461235,293.5641028053976
24990000,49980.00000926476,-52857.14821216941,310.4411196783193
24995000,49990.0000092668,-53049.21167380738,304.9482289986853
25000000,50000.000009268835,-52627.77246018662,304.44511642124354
