#"Step","Time (ps)","Potential Energy (kJ/mole)","Temperature (K)"
5000,10.000000000000009,-50563.86691812257,296.3381004662538
10000,19.999999999999794,-50257.09842354874,303.2385828653561
15000,29.99999999999425,-50752.4842433061,295.3458450726161
20000,40.00000000000292,-50850.633891855745,300.012088024039
25000,50.00000000001514,-50402.51946454949,290.62066338613715
30000,60.00000000002736,-50870.12538007082,297.87923352860196
35000,70.00000000001826,-50467.545965368365,295.8934054315698
40000,79.99999999999496,-50611.946931004786,299.43198991888465
45000,89.99999999997165,-50500.05934130025,303.1161875908688
50000,99.99999999994834,-50829.63732772041,294.74458651676946
55000,109.99999999992504,-50563.3711009151,303.2321105854719
60000,119.99999999990173,-50748.58647853372,297.66153140314475
65000,129.99999999989262,-50725.169067182025,307.96716989504904
70000,139.99999999994037,-50594.05244743341,304.05490264997377
75000,149.99999999998812,-50624.19657332153,301.13338755481567
80000,160.00000000003587,-50426.658411268465,302.8885521030566
85000,170.00000000008362,-50738.780321597966,299.0658387835075
90000,180.00000000013137,-50751.57284268172,300.44835060476794
95000,190.0000000001791,-50194.23687006321,298.90525559852904
100000,200.00000000022686,-50928.81987981332,311.0502138633478
105000,210.0000000002746,-50447.438277582056,299.83909391668846
110000,220.00000000032236,-50525.641738641745,297.10297206649454
115000,230.0000000003701,-50853.41230537888,300.01424369469936
120000,240.00000000041786,-50501.25462984553,298.32696213430563
125000,250.0000000004656,-50592.55552457861,300.03244801979724
130000,260.00000000051335,-51103.46931436393,295.8899012143315
135000,270.0000000005611,-50639.967946698715,299.73638110519397
140000,280.00000000060885,-50617.66671628301,295.70998393647426
145000,290.0000000006566,-50591.12460770551,299.18894259224777
150000,300.00000000070435,-50362.44742287745,303.0586082464189
155000,310.0000000007521,-50860.80843196233,299.9802778172562
160000,320.00000000079984,-50392.10260120977,299.48066119728657
165000,330.0000000008476,-50652.252150145825,304.0589999096995
170000,340.00000000089534,-50553.616105175344,303.2689027752577
175000,350.0000000009431,-51013.32247573577,295.36283325874734
180000,360.00000000099084,-50539.62519347621,301.81065176484884
185000,370.0000000010386,-50335.642069615045,301.68614996137404
190000,380.00000000108633,-50631.69324922116,304.5036595265289
195000,390.0000000011341,-50888.33592407836,288.75590361760726
200000,400.00000000118183,-50466.90249045845,296.6009876341656
205000,410.0000000012296,-50549.768556421535,294.3523498765993
210000,420.00000000127733,-50583.00997307588,297.0197083708591
215000,430.0000000013251,-50443.706826319016,288.31081269590095
220000,440.0000000013728,-50728.46380253858,297.41025289441984
225000,450.0000000014206,-50448.37889981529,304.74908841087904
230000,460.0000000014683,-50699.068970183376,296.57707706956376
235000,470.00000000151607,-50784.226472415176,300.2278853358346
240000,480.0000000015638,-51324.24972830279,300.6677545856203
245000,490.00000000161157,-50577.33991005644,292.90716381058746
250000,500.0000000016593,-51140.10250019439,298.06230777805615
255000,510.00000000170706,-50836.418381435244,307.7463511484722
260000,520.0000000015274,-51169.168007147906,300.35864859003226
265000,530.0000000012909,-50822.0741822838,305.7486708231743
270000,540.0000000010544,-50743.53831274531,305.44809042751035
275000,550.000000000818,-50895.575236753095,292.5304296669316
280000,560.0000000005815,-50884.33903657284,291.8789384295021
285000,570.000000000345,-50480.07202196907,292.9019188074345
290000,580.0000000001086,-50393.9010184214,292.7156769759898
295000,589.9999999998721,-50456.967142988025,312.85156068359316
300000,599.9999999996356,-50808.17384158925,304.195433430959
305000,609.9999999993992,-50425.23164760237,309.00486794737986
310000,619.9999999991627,-50448.13635469868,298.6343942876235
315000,629.9999999989262,-50992.350240579806,287.12063600072787
320000,639.9999999986898,-50626.631139152654,297.2858460674917
325000,649.9999999984533,-50507.50590564986,290.13144567825213
330000,659.9999999982168,-50471.39317771295,296.76551953385797
335000,669.9999999979804,-50687.1599984605,292.58159148455263
340000,679.9999999977439,-50601.78047133284,294.9336669451298
345000,689.9999999975074,-50721.48391506419,294.2398351101217
350000,699.999999997271,-50648.0601855086,302.19244850380517
355000,709.9999999970345,-50832.9177513473,295.6327996725842
360000,719.999999996798,-50526.27389060866,294.36724603311876
365000,729.9999999965615,-50891.86023291177,299.850521933272
370000,739.9999999963251,-50732.38749756725,299.84278126703623
375000,749.9999999960886,-50574.904477753385,308.065125914806
380000,759.9999999958521,-50394.49524448582,292.17262622308505
385000,769.9999999956157,-50604.80394786238,293.3117197611987
390000,779.9999999953792,-50388.75404852984,290.6055258348673
395000,789.9999999951427,-51105.17310799312,303.62822988422926
400000,799.9999999949063,-50747.52793468541,293.11880207691206
405000,809.9999999946698,-51160.35431976823,308.5151812577116
410000,819.9999999944333,-50664.51806370859,311.49688093304843
415000,829.9999999941969,-50714.90265043796,301.35940909654585
420000,839.9999999939604,-50843.73779104481,300.45718763070084
425000,849.9999999937239,-50471.78630205014,298.728768299825
430000,859.9999999934874,-50632.01975028409,306.2026708969916
435000,869.999999993251,-50419.54803488322,300.88474012749475
440000,879.9999999930145,-50380.345387592504,303.99990781678105
445000,889.999999992778,-51159.57559580094,301.1280700469697
450000,899.9999999925416,-50901.0784655216,294.76309041044476
455000,909.9999999923051,-50764.07942133397,297.5417275924068
460000,919.9999999920686,-50826.70144377556,291.67328391684504
465000,929.9999999918322,-50823.582244067395,299.39547070725166
470000,939.9999999915957,-50237.29450627521,297.335609283167
475000,949.9999999913592,-50381.100946782564,301.47762003553316
480000,959.9999999911228,-50532.30949652579,287.9446702434499
485000,969.9999999908863,-50652.5944261424,297.456363325767
490000,979.9999999906498,-50866.75013162437,303.20637373515314
495000,989.9999999904134,-50702.20864754869,297.8905739998717
500000,999.9999999901769,-50970.4514653543,295.3853041395414
505000,1009.9999999899404,-50625.28520527846,294.3422894300509
510000,1019.999999989704,-50843.069346485194,294.2467530157956
515000,1029.9999999894676,-50861.50756689577,304.12839736872365
520000,1039.9999999892311,-50367.54622420456,303.38096039661826
525000,1049.9999999889947,-51029.9618932594,297.02852868093777
530000,1059.9999999887582,-50347.92129854747,295.6991504183253
535000,1069.9999999885217,-50645.84935527612,303.80866897550874
540000,1079.9999999882853,-50564.02871002338,297.86089208844436
545000,1089.9999999880488,-50544.40347164744,299.7931635202234
550000,1099.9999999878123,-51219.52688521313,299.23522415759135
555000,1109.9999999875758,-50566.37254268312,295.7409613746171
560000,1119.9999999873394,-50471.383701550105,294.6496545346196
565000,1129.999999987103,-50858.20623949653,296.35082549241145
570000,1139.9999999868664,-50590.0057431256,292.1517219446041
575000,1149.99999998663,-50183.773483644734,297.93668121806985
580000,1159.9999999863935,-50682.598582996085,302.6813726746975
585000,1169.999999986157,-50457.35711498963,295.8563090808732
590000,1179.9999999859206,-50648.17577292991,301.4937036868359
595000,1189.999999985684,-50655.83972458719,308.3600769071504
600000,1199.9999999854476,-50696.23263794542,295.6632965295821
605000,1209.9999999852112,-51096.749806242675,309.66566327730754
610000,1219.9999999849747,-50650.14297913815,302.98423496512225
615000,1229.9999999847382,-50660.288881015964,294.88734809626635
620000,1239.9999999845018,-51082.672262765846,292.95308549215434
625000,1249.9999999842653,-50397.98949829073,300.0205352658033
630000,1259.9999999840288,-50472.81128652411,289.7757597799666
635000,1269.9999999837923,-50829.71939007519,301.0022116370432
640000,1279.9999999835559,-51051.30403848266,296.97787759315776
645000,1289.9999999833194,-50617.167313491926,307.685835676599
650000,1299.999999983083,-50826.22224958264,298.19997591657744
655000,1309.9999999828465,-50746.39576029361,306.72060101694706
660000,1319.99999998261,-50675.72844166559,292.2835512686799
665000,1329.9999999823735,-50571.77728103832,307.3405318756686
670000,1339.999999982137,-50344.05403803225,299.26571322032197
675000,1349.9999999819006,-50473.18508096773,299.4199741902584
680000,1359.9999999816641,-50791.18383160609,298.7000597136927
685000,1369.9999999814277,-50481.15211666812,297.6142301587645
690000,1379.9999999811912,-50845.022920930525,289.46661623284
695000,1389.9999999809547,-50487.40337009475,298.3892799506978
700000,1399.9999999807183,-50678.477829757496,301.89231139480415
705000,1409.9999999804818,-50839.04248460027,300.12433901186296
710000,1419.9999999802453,-50460.90143943319,301.0880460268735
715000,1429.9999999800089,-50581.920721060684,293.44587159647625
720000,1439.9999999797724,-50947.32616023085,300.1591110459391
725000,1449.999999979536,-50747.09146001408,297.08472834216633
730000,1459.9999999792994,-50463.2476720892,297.5631528403313
735000,1469.999999979063,-50995.155452959385,293.96469875558347
740000,1479.9999999788265,-50363.45469364658,302.29130470558255
745000,1489.99999997859,-50728.14631141024,294.5759423369674
750000,1499.9999999783536,-50584.766734621284,296.59922114170416
755000,1509.999999978117,-50867.9777985698,292.9725220621611
760000,1519.9999999778806,-50395.3096862009,296.3996915938186
765000,1529.9999999776442,-50997.64477490488,303.9298994221762
770000,1539.9999999774077,-50383.438697544305,298.6250536118704
775000,1549.9999999771712,-50447.05426355073,297.9792930521975
780000,1559.9999999769348,-50586.35710310942,307.14222592622616
785000,1569.9999999766983,-50978.38245966958,301.4452749237623
790000,1579.9999999764618,-50589.057974085765,299.73909341876293
795000,1589.9999999762254,-50642.815535375936,302.35573813368075
800000,1599.9999999759889,-50666.412085978984,293.194676196853
805000,1609.9999999757524,-50810.35678864631,300.611953558128
810000,1619.999999975516,-50764.180744428595,316.9629773804348
815000,1629.9999999752795,-50673.8669211535,300.6560885997862
820000,1639.999999975043,-50785.51036131868,296.74676081244365
825000,1649.9999999748065,-50540.59231454329,298.43828166174706
830000,1659.99999997457,-50523.9744052919,291.72006695393424
835000,1669.9999999743336,-50638.84543053224,303.6571758363269
840000,1679.9999999740971,-50715.48647516768,292.89582178222486
845000,1689.9999999738607,-50564.107107123884,302.67357646320966
850000,1699.9999999736242,-50780.68546855793,302.83849487566664
855000,1709.9999999733877,-50396.907179886126,297.8149967022641
860000,1719.9999999731513,-50374.11129263599,291.54990825992104
865000,1729.9999999729148,-50979.11644768831,292.33639978155327
870000,1739.9999999726783,-50460.534493766434,308.86700152050526
875000,1749.9999999724419,-50927.42534873396,302.30008392912987
880000,1759.9999999722054,-50423.09773062417,297.79802059898185
885000,1769.999999971969,-50322.081013107614,288.9664489951428
890000,1779.9999999717324,-51067.70840221105,299.2919738196947
895000,1789.999999971496,-51052.994005061395,304.87594348495884
900000,1799.9999999712595,-50837.90415386224,293.6333475625656
905000,1809.999999971023,-50500.75542268582,292.99434393155764
910000,1819.9999999707866,-50552.93096809654,304.5505475357494
915000,1829.99999997055,-50838.887215065886,300.57205986521154
920000,1839.9999999703136,-50980.333424677694,295.5589714800659
925000,1849.9999999700772,-50718.333934599796,301.2980975820732
930000,1859.9999999698407,-50848.18103871483,299.5874158642204
935000,1869.9999999696042,-50570.28854640576,299.9028450524878
940000,1879.9999999693678,-51147.263702488795,300.1017967442581
945000,1889.9999999691313,-50667.46990799063,304.05170338883113
950000,1899.9999999688948,-50454.64928527479,291.8552203996431
955000,1909.9999999686584,-50735.31867831605,304.95716088888287
960000,1919.999999968422,-50667.07874858615,301.73755098052004
965000,1929.9999999681854,-50449.91206710087,297.8208204259021
970000,1939.999999967949,-50273.54007491912,301.73579028312554
975000,1949.9999999677125,-50698.173584204225,294.8683079874814
980000,1959.999999967476,-50705.516429240466,295.045296656457
985000,1969.9999999672395,-50509.65378707572,297.7036722973272
990000,1979.999999967003,-50762.066821955086,300.660802783694
995000,1989.9999999667666,-50429.646395386546,298.4753147275565
1000000,1999.9999999665301,-50807.78418683828,300.1942027647158
1005000,2009.9999999662937,-50364.85241879572,299.7876597485767
1010000,2019.9999999660572,-50984.91113467599,297.0914450283873
1015000,2029.9999999658207,-50930.065184834384,299.82620637966187
1020000,2039.9999999655843,-50894.06585112758,292.49192246001303
1025000,2049.999999965348,-50488.099848161975,293.73055456942285
1030000,2059.9999999651113,-50397.08263708104,300.80428564197985
1035000,2069.999999964875,-50788.723498291336,289.0152753611956
1040000,2079.9999999646384,-50715.44646635355,302.0110361616854
1045000,2089.999999964402,-50498.56105472095,300.71685634760814
1050000,2099.9999999641655,-50719.90679309724,300.29324948627107
1055000,2109.999999963929,-50602.718827412726,297.86130198642144
1060000,2119.9999999636925,-51050.47965705162,296.42503366261974
1065000,2129.999999963456,-50729.95385426874,306.6609673535967
1070000,2139.9999999632196,-50939.1571643606,302.0433928403054
1075000,2149.999999962983,-50392.150486172235,303.44124367640956
1080000,2159.9999999627466,-50076.603522867634,301.36264740736715
1085000,2169.99999996251,-51008.51636329043,299.2450959992695
1090000,2179.9999999622737,-50961.57090656989,300.80381086845284
1095000,2189.9999999620372,-50581.04217214932,300.6548941010511
1100000,2199.9999999618008,-50658.37470172995,291.2028332396876
1105000,2209.9999999615643,-50656.303891669406,298.0757197796186
1110000,2219.999999961328,-50724.50312308123,296.1135365815571
1115000,2229.9999999610914,-50837.558171304,292.05981350573325
1120000,2239.999999960855,-50773.4969639749,296.8416658277463
1125000,2249.9999999606184,-51160.229691127315,301.10276991611704
1130000,2259.999999960382,-50742.38639027762,303.2348294010581
1135000,2269.9999999601455,-50674.47856201508,299.795276492923
1140000,2279.999999959909,-50615.65128236552,292.83183921218233
1145000,2289.9999999596726,-50546.040759143856,309.6498602030836
1150000,2299.999999959436,-50549.11288034258,293.3150080144065
1155000,2309.9999999591996,-50662.71798192858,295.03597608464554
1160000,2319.999999958963,-50644.78633682249,299.95018131876566
1165000,2329.9999999587267,-50790.62541530223,305.3216637733252
1170000,2339.99999995849,-50379.67652688851,297.0949468383051
1175000,2349.9999999582537,-51772.77755252633,303.3178870030209
1180000,2359.9999999580173,-50675.00742578224,294.50729772063175
1185000,2369.999999957781,-50796.335805498675,304.4207131661956
1190000,2379.9999999575443,-50643.5664802503,297.8317202243941
1195000,2389.999999957308,-50538.98404545136,300.6934797292519
1200000,2399.9999999570714,-50548.87711670998,304.5054280256023
1205000,2409.999999956835,-50407.20232495901,295.3809364053216
1210000,2419.9999999565985,-50594.75779222351,293.2767431297363
1215000,2429.999999956362,-50626.40374301784,303.42647185179044
1220000,2439.9999999561255,-50688.82793250616,294.2490896805943
1225000,2449.999999955889,-50882.432849968085,301.07892440618906
1230000,2459.9999999556526,-50844.33006094769,288.15735861310304
1235000,2469.999999955416,-51020.92723020498,295.8124982577048
1240000,2479.9999999551796,-50633.11475167159,292.5730540997423
1245000,2489.999999954943,-50952.30269177101,299.3119966489706
1250000,2499.9999999547067,-50851.812352102774,300.45893040530774
1255000,2509.9999999544702,-50593.57417208378,294.55558194941824
1260000,2519.9999999542338,-50773.37604646236,295.2290305226914
1265000,2529.9999999539973,-50594.17843787305,295.5911907769799
1270000,2539.999999953761,-50573.30344642693,293.9560662529019
1275000,2549.9999999535244,-50913.376374443265,294.0046291079924
1280000,2559.999999953288,-50699.422083478974,297.2065875538184
1285000,2569.9999999530514,-50391.758120935905,312.7178071799594
1290000,2579.999999952815,-50903.6488627918,300.4221772525087
1295000,2589.9999999525785,-50415.48264912338,297.4625409742208
1300000,2599.999999952342,-50465.01903763891,299.20057235607936
1305000,2609.9999999521056,-50845.40648199967,295.1678324540799
1310000,2619.999999951869,-50828.53853038489,290.2244776630958
1315000,2629.9999999516326,-50584.898122362356,301.12401673477996
1320000,2639.999999951396,-50712.470032953395,294.372649849975
1325000,2649.9999999511597,-50803.94854778741,296.8860157005679
1330000,2659.999999950923,-50748.129525608005,297.0785331657399
1335000,2669.9999999506867,-50730.968737795774,297.29091595361456
1340000,2679.9999999504503,-50722.50294005702,300.00982618087517
1345000,2689.999999950214,-50017.544105778856,295.45330316076945
1350000,2699.9999999499773,-50403.48955971867,294.6704786913232
1355000,2709.999999949741,-50881.92108832873,299.92395888078386
1360000,2719.9999999495044,-50851.38772951218,300.3249498409848
1365000,2729.999999949268,-50595.395334263536,294.9546142015556
1370000,2739.9999999490315,-50864.15559811919,295.0212128731414
1375000,2749.999999948795,-50595.58133105538,294.472472415639
1380000,2759.9999999485585,-50616.810369832674,297.61918555817124
1385000,2769.999999948322,-50532.35516227849,296.46149888086507
1390000,2779.9999999480856,-50739.261636175244,312.20497594054586
1395000,2789.999999947849,-50799.34265072146,293.9869621343685
1400000,2799.9999999476127,-50591.72310746912,294.2738607172105
1405000,2809.999999947376,-50705.83052501324,294.81659233399984
1410000,2819.9999999471397,-50603.97847157021,303.6386888008523
1415000,2829.9999999469032,-50220.17029729596,301.1582436724823
1420000,2839.999999946667,-50684.019409865024,309.83278222815903
1425000,2849.9999999464303,-50634.129808344354,296.49543325902835
1430000,2859.999999946194,-50909.24427461083,300.1337202968922
1435000,2869.9999999459574,-50591.177307384874,299.96353361164387
1440000,2879.999999945721,-50570.44915708428,295.8823951292124
1445000,2889.9999999454844,-50685.25959238154,292.598623293853
1450000,2899.999999945248,-51173.90729643786,291.91768857156995
1455000,2909.9999999450115,-51028.75581666938,291.94926961918645
1460000,2919.999999944775,-50580.8459297457,301.21368679975143
1465000,2929.9999999445386,-50718.148897238425,299.4353031137838
1470000,2939.999999944302,-50638.17517892437,295.41540607556686
1475000,2949.9999999440656,-50244.69215953429,303.4246425273124
1480000,2959.999999943829,-50807.84286360783,300.8298892321202
1485000,2969.9999999435927,-50474.00785062465,301.3655823312136
1490000,2979.999999943356,-50499.27839871377,296.8406208363053
1495000,2989.9999999431197,-50495.018331364496,302.65089961539275
1500000,2999.9999999428833,-50480.403851051175,303.05400977610805
1505000,3009.999999942647,-50520.00632400959,299.5711597918921
1510000,3019.9999999424103,-50390.669498374074,295.27549891696685
1515000,3029.999999942174,-50784.91630697466,290.34504950370234
1520000,3039.9999999419374,-50701.41563943651,298.98624331353864
1525000,3049.999999941701,-50602.911194272776,300.3670089798684
1530000,3059.9999999414645,-51172.26339902994,302.2792636194827
1535000,3069.999999941228,-50832.31176640169,300.11041705387595
1540000,3079.9999999409915,-50333.847386580775,304.0873566878793
1545000,3089.999999940755,-50742.20222598518,298.4970849902256
1550000,3099.9999999405186,-51002.84033870796,305.33877313933715
1555000,3109.999999940282,-50632.18223691831,294.1662093018081
1560000,3119.9999999400457,-50696.33037946897,297.62671832195656
1565000,3129.999999939809,-51043.762201552745,299.12903522159957
1570000,3139.9999999395727,-50784.27581251887,302.7594443582356
1575000,3149.9999999393362,-50921.70310734474,295.15368608122986
1580000,3159.9999999391,-50624.28556109799,299.8294933056147
1585000,3169.9999999388633,-50644.6673962177,301.64754341251944
1590000,3179.999999938627,-50751.24787087744,307.2085606727454
1595000,3189.9999999383904,-50343.41808672427,298.4285582544338
1600000,3199.999999938154,-50743.25438629737,299.8080929496055
1605000,3209.9999999379174,-51194.148995359166,294.61131819672386
1610000,3219.999999937681,-50605.48584858127,299.1605742209689
1615000,3229.9999999374445,-50721.25671928463,303.898708606908
1620000,3239.999999937208,-50761.732742640655,291.7789774305248
1625000,3249.9999999369716,-50982.2063055039,296.83924457606
1630000,3259.999999936735,-50436.84347649399,298.208752676038
1635000,3269.9999999364986,-50387.65919937048,296.7714354650763
1640000,3279.999999936262,-50692.05251146178,297.47726294352645
1645000,3289.9999999360257,-50834.17219119673,299.9241795315029
1650000,3299.999999935789,-50250.74190613718,297.35754872821025
1655000,3309.9999999355528,-51105.33348303259,291.08726496593687
1660000,3319.9999999353163,-50957.89252608642,302.65251316284645
1665000,3329.99999993508,-51106.75070520383,300.50155386128574
1670000,3339.9999999348433,-50500.65384024737,294.6902993175287
1675000,3349.999999934607,-50469.666956603935,303.6698390171729
1680000,3359.9999999343704,-50319.46238010889,308.76746670811696
1685000,3369.999999934134,-50582.88399202339,302.05462448037883
1690000,3379.9999999338975,-50634.43759601266,299.3335583165262
1695000,3389.999999933661,-50727.52287366585,299.33226887976014
1700000,3399.9999999334245,-50732.638750429614,295.9266679641954
1705000,3409.999999933188,-50980.576154006296,307.4974416695799
1710000,3419.9999999329516,-51081.18066073707,290.83176451940574
1715000,3429.999999932715,-51228.57482671761,294.61716833508956
1720000,3439.9999999324787,-51047.75889118461,299.7059043033899
1725000,3449.999999932242,-50856.86316509434,302.6876479578776
1730000,3459.9999999320057,-50580.20037895348,293.1538270087383
1735000,3469.9999999317693,-50634.345885282324,300.22659736557097
1740000,3479.999999931533,-50800.23007652894,305.72192176135627
1745000,3489.9999999312963,-50664.99691471574,293.71568711407957
1750000,3499.99999993106,-50799.9929724331,293.39668776964515
1755000,3509.9999999308234,-50519.337492514285,304.59009284150295
1760000,3519.999999930587,-50882.501715491264,302.2146648860233
1765000,3529.9999999303504,-51214.0589206164,309.64502450391035
1770000,3539.999999930114,-50654.39076571862,302.35585155649335
1775000,3549.9999999298775,-50485.498499690264,298.547307826619
1780000,3559.999999929641,-50914.62458191818,301.7543159174169
1785000,3569.9999999294046,-50304.39022536011,302.6784652867412
1790000,3579.999999929168,-50776.27643350369,297.6394785087111
1795000,3589.9999999289316,-51153.57232677072,301.3625768283338
1800000,3599.999999928695,-51268.04872185181,295.0761094221597
1805000,3609.9999999284587,-51065.896149343724,302.10723858425155
1810000,3619.999999928222,-50813.03906190331,294.50809868888007
1815000,3629.9999999279858,-51067.471355766174,298.17500625063013
1820000,3639.9999999277493,-50192.992943594465,301.64128797930186
1825000,3649.999999927513,-50455.77546801069,302.47312926025825
1830000,3659.9999999272763,-50714.10626727977,301.68852803367827
1835000,3669.99999992704,-50764.03616958068,290.3845768151541
1840000,3679.9999999268034,-50668.16140239785,291.28177513968524
1845000,3689.999999926567,-50789.80866017801,296.11256607632754
1850000,3699.9999999263305,-50798.87663197698,301.85161174361366
1855000,3709.999999926094,-50740.86356071537,286.9430911196838
1860000,3719.9999999258575,-50532.57591887002,303.1796719979811
1865000,3729.999999925621,-50339.84289850772,293.6590555090785
1870000,3739.9999999253846,-50761.86901152955,296.05946150867936
1875000,3749.999999925148,-50865.16313444602,295.08905076146317
1880000,3759.9999999249117,-50697.71160580433,298.66926963146517
1885000,3769.999999924675,-50672.839790096914,296.4469543653112
1890000,3779.9999999244387,-50377.29922929892,298.9367832016273
1895000,3789.9999999242023,-50993.91634743585,307.0462408348144
1900000,3799.999999923966,-50557.32267220778,299.37769782884476
1905000,3809.9999999237293,-50900.19749342461,303.3551387534671
1910000,3819.999999923493,-50513.74347270717,303.84919054170064
1915000,3829.9999999232564,-50832.56820581941,298.65926391658894
1920000,3839.99999992302,-50873.58534349574,304.5474989420074
1925000,3849.9999999227834,-50376.99748410974,290.7516062339469
1930000,3859.999999922547,-50502.35957032046,296.14588905806255
1935000,3869.9999999223105,-50549.74976564862,296.7747515840568
1940000,3879.999999922074,-50998.028693007276,303.7156717484901
1945000,3889.9999999218376,-50706.562254022894,297.9330769057832
1950000,3899.999999921601,-50608.80200110481,306.2828746675114
1955000,3909.9999999213646,-50585.2345243938,296.6242878588656
1960000,3919.999999921128,-49809.72824772549,292.0005971903921
1965000,3929.9999999208917,-50535.624249571265,294.13450724275174
1970000,3939.9999999206552,-50694.05758287158,296.16468663727056
1975000,3949.9999999204188,-50858.99719837535,295.08396148957667
1980000,3959.9999999201823,-50625.24806967849,294.39418884190127
1985000,3969.999999919946,-50980.011587823596,290.99386392802234
1990000,3979.9999999197094,-50533.49904371117,301.40684022053205
1995000,3989.999999919473,-50995.95939782041,295.983114432002
2000000,3999.9999999192364,-50990.99134830394,291.54749808729423
2005000,4009.999999919,-50692.40179657613,299.4642564414646
2010000,4019.9999999187635,-50758.085986868886,299.17007261113946
2015000,4029.999999918527,-50602.30301914099,285.7530827700384
2020000,4039.9999999182905,-50663.290135442774,300.832525832831
2025000,4049.999999918054,-50786.24946028329,294.5086470513935
2030000,4059.9999999178176,-50918.35254428373,304.63947650062744
2035000,4069.999999917581,-50810.44468238132,299.84395836159416
2040000,4079.9999999173447,-50576.832702208194,297.4049218157062
2045000,4089.999999917108,-50611.57334981943,297.2307995903524
2050000,4099.999999917781,-50727.33726507216,298.7299000915981
2055000,4109.999999919818,-50760.25780259518,299.01918522368965
2060000,4119.999999921855,-50694.17858284505,297.14162580559577
2065000,4129.999999923893,-50710.85396093532,296.14753082479695
2070000,4139.99999992593,-50609.686021023226,298.13519369871915
2075000,4149.999999927967,-50650.16187874085,292.71151067563136
2080000,4159.999999930004,-50924.17878865334,305.27115104767154
2085000,4169.999999932042,-50590.17652928125,298.46242988402815
2090000,4179.999999934079,-51026.286984954524,300.6656226947841
2095000,4189.999999936116,-50969.88429072211,310.04396945692866
2100000,4199.999999938153,-50589.4608847925,297.70522639844353
2105000,4209.999999940191,-50717.75662769997,293.1634589208567
2110000,4219.999999942228,-50409.86627331888,289.3242810209267
2115000,4229.999999944265,-50826.028681290714,302.120399040685
2120000,4239.9999999463025,-50892.039346448786,300.7208398398853
2125000,4249.99999994834,-50896.64781701536,291.8917576418156
2130000,4259.999999950377,-50577.15714683954,296.7105581509821
2135000,4269.999999952414,-51020.36859485443,296.5794430927179
2140000,4279.999999954452,-50353.32177918826,300.7514326092808
2145000,4289.999999956489,-50607.74700399625,295.1125105743474
2150000,4299.999999958526,-50859.00245793749,293.54813817026763
2155000,4309.999999960563,-50985.593937033525,295.3390401730771
2160000,4319.999999962601,-50687.925877513306,305.8578967946336
2165000,4329.999999964638,-50690.32496990368,305.390970758511
2170000,4339.999999966675,-50822.181532221264,292.08089266670856
2175000,4349.9999999687125,-50461.63297691848,287.7053031696832
2180000,4359.99999997075,-50657.38195666729,298.6814816039003
2185000,4369.999999972787,-50551.13724601461,295.1945937919106
2190000,4379.999999974824,-50683.485661348066,302.44803601417914
2195000,4389.999999976862,-50872.13346454801,304.9088825850221
2200000,4399.999999978899,-50466.38223121234,294.3871504862251
2205000,4409.999999980936,-50668.568321763916,292.8156761848232
2210000,4419.999999982973,-50829.904843222495,299.00644894591244
2215000,4429.999999985011,-50530.53617577287,294.0584651553397
2220000,4439.999999987048,-50869.649656608875,296.75220787997284
2225000,4449.999999989085,-50719.56473901082,302.01468329344505
2230000,4459.999999991122,-50552.25272403905,298.98740241414293
2235000,4469.99999999316,-50788.964915801975,301.84498260265707
2240000,4479.999999995197,-50163.49847531374,304.6180692863676
2245000,4489.999999997234,-50532.4027510483,298.58708301646743
2250000,4499.9999999992715,-50294.480096619984,294.24985410289923
2255000,4510.000000001309,-50718.39554206611,298.7089706469218
2260000,4520.000000003346,-50297.682830674894,296.7103745712491
2265000,4530.000000005383,-51037.55200615205,304.1595383593887
2270000,4540.000000007421,-50806.12373601497,292.85276441898645
2275000,4550.000000009458,-50559.53085776843,304.379671500635
2280000,4560.000000011495,-50289.46909096086,301.7901093343885
2285000,4570.000000013532,-50993.034658771416,304.0575958473101
2290000,4580.00000001557,-50790.970836196124,293.80644198614874
2295000,4590.000000017607,-50524.40319653117,301.76518659034934
2300000,4600.000000019644,-50849.1064033313,284.9231563705197
2305000,4610.000000021681,-50601.67374584815,294.9180801491826
2310000,4620.000000023719,-50486.400810043444,292.8257665155636
2315000,4630.000000025756,-50535.40418010589,291.72674266648465
2320000,4640.000000027793,-50584.02277373985,298.92904454183605
2325000,4650.0000000298305,-50587.42785378834,301.3841957695764
2330000,4660.000000031868,-50871.07516726476,312.3411998768682
2335000,4670.000000033905,-51025.29165281457,313.52653930094465
2340000,4680.000000035942,-50160.02140785623,296.93910398873027
2345000,4690.00000003798,-50539.892598694045,292.95540900546155
2350000,4700.000000040017,-50299.15413725964,294.3787226622668
2355000,4710.000000042054,-50418.782395017595,298.3804321677518
2360000,4720.000000044091,-50807.01668107242,301.368896472397
2365000,4730.000000046129,-50506.706468276796,297.03158849152123
2370000,4740.000000048166,-50674.23167376188,296.4050000000532
2375000,4750.000000050203,-50357.92878299186,303.43363107479627
2380000,4760.0000000522405,-50813.3195352726,294.050190238137
2385000,4770.000000054278,-50471.00619076428,294.65866106515864
2390000,4780.000000056315,-50508.778050526715,294.1473994202637
2395000,4790.000000058352,-50576.82186456327,296.6122194863537
2400000,4800.0000000603895,-50657.22241004577,301.4144411747006
2405000,4810.000000062427,-50463.51969984872,300.5957326128713
2410000,4820.000000064464,-50705.164442615525,296.41463929498343
2415000,4830.000000066501,-50770.15554589563,303.2033369063961
2420000,4840.000000068539,-50755.01005742117,296.5717769703166
2425000,4850.000000070576,-50774.992498072446,302.1068887668806
2430000,4860.000000072613,-51122.87474545115,307.2730027711445
2435000,4870.00000007465,-50435.96924876439,305.9815801755452
2440000,4880.000000076688,-50431.173335624626,293.01511712182526
2445000,4890.000000078725,-50919.5880043919,301.9361244074641
2450000,4900.000000080762,-50724.821277079696,305.508554184933
2455000,4910.0000000827995,-50403.782113349414,297.1606201180547
2460000,4920.000000084837,-50849.86809373868,297.87395709969206
2465000,4930.000000086874,-50799.79913284641,298.60264222190546
2470000,4940.000000088911,-50776.09273098392,296.02811292003094
2475000,4950.000000090949,-50590.10820310324,291.7012622151793
2480000,4960.000000092986,-50906.52539932984,305.60147961568606
2485000,4970.000000095023,-50644.6676516225,296.6362071620867
2490000,4980.00000009706,-50177.314221289125,299.95684086871023
2495000,4990.000000099098,-50822.88862935759,295.7750208829292
2500000,5000.000000101135,-50606.842910641426,291.83019101367864
2505000,5010.000000103172,-50712.590417207975,298.58895094607624
2510000,5020.000000105209,-50603.453703281586,296.8529339136031
2515000,5030.000000107247,-50656.3087674469,302.0521878322031
2520000,5040.000000109284,-51071.56013372261,299.4390843266158
2525000,5050.000000111321,-50818.68482289961,295.6396965931315
2530000,5060.0000001133585,-50426.885457202734,293.3571391242458
2535000,5070.000000115396,-51147.53104124573,308.1321107209897
2540000,5080.000000117433,-50523.71363584322,292.91093225441597
2545000,5090.00000011947,-50572.834649420576,298.432170345854
2550000,5100.000000121508,-50579.13394008734,298.52339853086636
2555000,5110.000000123545,-50905.3088270374,303.10528494210064
2560000,5120.000000125582,-50479.149728703196,299.62153503563405
2565000,5130.000000127619,-50828.81710968507,299.37956468603153
2570000,5140.000000129657,-50792.59356053444,301.3184558476368
2575000,5150.000000131694,-50650.23442775427,300.92186447629905
2580000,5160.000000133731,-50986.45987354615,302.8373885435968
2585000,5170.0000001357685,-50682.98704251647,291.67458917224985
2590000,5180.000000137806,-50742.10251237289,299.52954317569936
2595000,5190.000000139843,-50948.311876638065,289.1787189218508
2600000,5200.00000014188,-50671.505212391174,300.6554227541234
2605000,5210.0000001439175,-50289.891900924034,302.6003308521611
2610000,5220.000000145955,-50943.96524744711,298.04613478991195
2615000,5230.000000147992,-50499.90312584222,299.0832233024743
2620000,5240.000000150029,-50703.23311838793,302.1299992118563
2625000,5250.000000152067,-50782.60311936491,295.9478457780508
2630000,5260.000000154104,-50888.998872336466,297.2728063286319
2635000,5270.000000156141,-51055.036597365455,295.449845020673
2640000,5280.000000158178,-50642.628273427894,294.13573263102955
2645000,5290.000000160216,-50671.91488216052,292.6510035693442
2650000,5300.000000162253,-50972.25551927139,298.624210107338
2655000,5310.00000016429,-50763.212847698596,294.75993904202477
2660000,5320.0000001663275,-50760.32947976189,302.71014220043605
2665000,5330.000000168365,-50291.81171909257,303.8267967341124
2670000,5340.000000170402,-50693.147222929314,296.22989452796475
2675000,5350.000000172439,-50357.24513957428,296.9795192151203
2680000,5360.000000174477,-50725.07238631591,294.32224459372725
2685000,5370.000000176514,-50657.688460358186,297.418611069968
2690000,5380.000000178551,-50671.33760307185,305.4906812190699
2695000,5390.000000180588,-50911.253478911356,294.7349321848204
2700000,5400.000000182626,-51056.965324019664,297.1080601574725
2705000,5410.000000184663,-50791.94354262663,296.9621626426408
2710000,5420.0000001867,-50646.27004421194,297.4957705804505
2715000,5430.000000188737,-50817.847171423724,309.9071248528299
2720000,5440.000000190775,-50769.32281193041,301.63717751029066
2725000,5450.000000192812,-50797.47842902699,304.21946520372757
2730000,5460.000000194849,-50826.64937850778,301.6842184597099
2735000,5470.0000001968865,-50414.83288551384,301.6330002765841
2740000,5480.000000198924,-50676.750002758665,298.37357476080115
2745000,5490.000000200961,-50741.22387793983,304.4841959920451
2750000,5500.000000202998,-50817.26604649238,304.0392408148238
2755000,5510.000000205036,-50822.34265124946,303.1827767826537
2760000,5520.000000207073,-51148.226144322194,294.76561016865367
2765000,5530.00000020911,-50636.79635328811,303.2859701327801
2770000,5540.000000211147,-50445.31591397984,301.89011574881977
2775000,5550.000000213185,-50614.160331667576,299.64721911352825
2780000,5560.000000215222,-50587.646636661375,303.9120836759923
2785000,5570.000000217259,-50629.487252918974,302.8891202423114
2790000,5580.000000219296,-50036.075025171885,306.9517375525045
2795000,5590.000000221334,-50220.11192073763,295.55480889209815
2800000,5600.000000223371,-50678.662925028795,289.7273935397306
2805000,5610.000000225408,-51194.23410763533,298.26021686614416
2810000,5620.0000002274455,-50768.2117461109,292.8431158697992
2815000,5630.000000229483,-50681.432610564865,303.05250881185776
2820000,5640.00000023152,-50339.97080144685,294.8004392830798
2825000,5650.000000233557,-50449.59321600848,307.31559752366667
2830000,5660.000000235595,-50708.03223564831,298.32314400436934
2835000,5670.000000237632,-50521.87910252641,304.1005041047722
2840000,5680.000000239669,-51004.73610806043,292.63784501698376
2845000,5690.000000241706,-50689.98800218431,298.6234390224777
2850000,5700.000000243744,-50662.18164823498,295.090640813417
2855000,5710.000000245781,-50758.522913276276,297.36597212544893
2860000,5720.000000247818,-50868.75974597107,296.51183557312413
2865000,5730.0000002498555,-50867.441798734624,292.2664621864663
2870000,5740.000000251893,-50589.12569626563,307.1315055623186
2875000,5750.00000025393,-50808.69044477033,293.6006848552817
2880000,5760.000000255967,-50491.22388383665,300.3187636680301
2885000,5770.000000258005,-50444.445044430584,296.11807694286847
2890000,5780.000000260042,-50514.03258586221,298.3174098626146
2895000,5790.000000262079,-50841.49072887242,299.9866449827924
2900000,5800.000000264116,-50908.1621751434,296.0347779603121
2905000,5810.000000266154,-50674.25868390725,302.3828857049518
2910000,5820.000000268191,-50525.96314660995,303.06455090349414
2915000,5830.000000270228,-50489.758430633636,299.02752958396974
2920000,5840.000000272265,-50548.2921282654,294.3628269144341
2925000,5850.000000274303,-50610.645042463846,296.1413946655365
2930000,5860.00000027634,-50810.38473291011,294.13164065278676
2935000,5870.000000278377,-50631.78192448491,298.0969926747358
2940000,5880.0000002804145,-50900.69039630913,302.19783631144765
2945000,5890.000000282452,-50333.443399111915,293.33572617067955
2950000,5900.000000284489,-50481.29035722147,292.1743770228486
2955000,5910.000000286526,-50406.11801124111,301.5135292212421
2960000,5920.000000288564,-50242.280630167894,300.4045375289718
2965000,5930.000000290601,-50568.53586643105,298.38600885241806
2970000,5940.000000292638,-50791.2079729111,301.4117460697496
2975000,5950.000000294675,-51010.691574057506,299.6966081086198
2980000,5960.000000296713,-50522.49817006907,293.6259945960253
2985000,5970.00000029875,-50931.86631775426,297.2339264880553
2990000,5980.000000300787,-51115.371033237345,297.2353020337355
2995000,5990.000000302824,-50400.11755125638,299.86111592861823
3000000,6000.000000304862,-50498.01633973647,295.9996992153489
3005000,6010.000000306899,-50962.03717138048,297.6532870312513
3010000,6020.000000308936,-50445.338532999594,298.0642524602119
3015000,6030.0000003109735,-50551.88926509372,296.4033662781118
3020000,6040.000000313011,-50509.361156222934,295.0901289387375
3025000,6050.000000315048,-50680.61401547445,301.73211410074543
3030000,6060.000000317085,-50758.40603404719,299.04899871810466
3035000,6070.000000319123,-50724.632947320526,298.51289823583045
3040000,6080.00000032116,-50777.10724346136,297.76484570220777
3045000,6090.000000323197,-50771.49664229827,311.3462499220809
3050000,6100.000000325234,-50750.455102839915,299.4566900869989
3055000,6110.000000327272,-50361.68161320849,304.29753657224035
3060000,6120.000000329309,-50410.56612593541,300.44267544855546
3065000,6130.000000331346,-50795.156078300264,294.3535614000363
3070000,6140.0000003333835,-50635.49546805749,297.63974495020784
3075000,6150.000000335421,-50770.02411953968,302.5421501332506
3080000,6160.000000337458,-50505.30692494911,302.1094572004929
3085000,6170.000000339495,-50655.47668832858,296.3189325087966
3090000,6180.0000003415325,-50618.01425451966,299.7690726978138
3095000,6190.00000034357,-50935.31760461995,295.42441876923834
3100000,6200.000000345607,-50513.21566098477,302.5535930575106
3105000,6210.000000347644,-50721.85391188355,296.23386411072056
3110000,6220.000000349682,-50867.41572463472,293.7841805117164
3115000,6230.000000351719,-50713.51944013286,301.7727393106517
3120000,6240.000000353756,-50934.66558807806,296.6349712818416
3125000,6250.000000355793,-50947.38707081886,298.16758911962023
3130000,6260.000000357831,-50655.32555734311,311.6401825682271
3135000,6270.000000359868,-50866.995780517726,292.67947813968357
3140000,6280.000000361905,-50708.66376361213,298.9131456914773
3145000,6290.0000003639425,-50180.2106325528,299.48904425100693
3150000,6300.00000036598,-51011.32863285608,300.8525800887542
3155000,6310.000000368017,-50238.08659396623,299.43481056293876
3160000,6320.000000370054,-50897.65628814118,296.83385515651673
3165000,6330.000000372092,-51013.07358543403,295.2794915157295
3170000,6340.000000374129,-50705.766098087624,304.48601920670484
3175000,6350.000000376166,-50352.666636111564,301.3316799242424
3180000,6360.000000378203,-50292.48491310893,295.4158074640474
3185000,6370.000000380241,-50904.78555634135,298.6942608734119
3190000,6380.000000382278,-50678.46243169691,297.4901313709258
3195000,6390.000000384315,-50657.3139462886,302.1721136472774
3200000,6400.000000386352,-50778.92046314076,310.6248370724752
3205000,6410.00000038839,-50504.22928321335,310.09080809854294
3210000,6420.000000390427,-50772.455394263496,296.8346530644885
3215000,6430.000000392464,-51028.88716760825,300.89792038385906
3220000,6440.0000003945015,-51097.55887046346,291.6301842209244
3225000,6450.000000396539,-50623.89914145271,290.24349725355455
3230000,6460.000000398576,-50542.5919977469,295.0276148751111
3235000,6470.000000400613,-50928.19745882333,304.4991421172742
3240000,6480.000000402651,-51053.92445037747,296.4065016046742
3245000,6490.000000404688,-50645.28043719803,303.5316740559839
3250000,6500.000000406725,-50693.645249562454,299.92690549163467
3255000,6510.000000408762,-50650.68933261634,298.728647489216
3260000,6520.0000004108,-50570.73143828829,305.40467820075594
3265000,6530.000000412837,-50582.3756059758,302.48670281248707
3270000,6540.000000414874,-50595.638535086764,299.1086340293522
3275000,6550.0000004169115,-50858.75857975235,304.04035659820045
3280000,6560.000000418949,-50852.1049281334,300.33048196516086
3285000,6570.000000420986,-50975.11859023335,295.02728039670586
3290000,6580.000000423023,-50598.384012439055,286.606284057881
3295000,6590.0000004250605,-50778.63705193842,299.88394944410766
3300000,6600.000000427098,-50563.2551953473,295.85130837787483
3305000,6610.000000429135,-50473.630592488655,295.9648837947213
3310000,6620.000000431172,-50606.333997591544,295.75376775342954
3315000,6630.00000043321,-50400.77094076312,287.4128355397534
3320000,6640.000000435247,-50618.604070395086,302.8781392418559
3325000,6650.000000437284,-50782.7957478771,298.51767088661506
3330000,6660.000000439321,-51034.03613898967,296.66671964018974
3335000,6670.000000441359,-50614.18949509101,298.16431039792195
3340000,6680.000000443396,-50794.31322350883,290.52648029764885
3345000,6690.000000445433,-50440.804154755286,303.29620291497645
3350000,6700.0000004474705,-50680.81721053188,301.27643195740916
3355000,6710.000000449508,-51071.25079591616,296.7518226445742
3360000,6720.000000451545,-50481.24685336367,299.2185266222591
3365000,6730.000000453582,-50353.31174906969,295.22364698167416
3370000,6740.00000045562,-50376.35170779051,293.2248767179101
3375000,6750.000000457657,-50631.81408360091,301.36509411900084
3380000,6760.000000459694,-50637.46053673641,309.8538663168983
3385000,6770.000000461731,-50477.14326797804,297.656566007531
3390000,6780.000000463769,-50657.53692303569,313.3349715314502
3395000,6790.000000465806,-50723.67643824537,296.39798237418586
3400000,6800.000000467843,-50381.12695085173,290.94765382740843
3405000,6810.00000046988,-50444.28430390978,298.3915763300428
3410000,6820.000000471918,-50888.25255868779,303.1410753641872
3415000,6830.000000473955,-50882.70769441579,292.56571616866637
3420000,6840.000000475992,-50733.84846960139,299.03401319727294
3425000,6850.0000004780295,-50505.37153171428,301.6066393357673
3430000,6860.000000480067,-50820.73775946474,292.5662224927111
3435000,6870.000000482104,-50821.791247207555,295.112937971352
3440000,6880.000000484141,-50581.027294949396,294.513216448804
3445000,6890.000000486179,-50417.036289991025,303.5340688574475
3450000,6900.000000488216,-50735.56376823498,293.17652549876954
3455000,6910.000000490253,-50493.13308683061,304.4104211759954
3460000,6920.00000049229,-50556.28816070742,296.3589929210516
3465000,6930.000000494328,-50652.60582600275,297.87829066877794
3470000,6940.000000496365,-50933.75204653561,304.46382079028297
3475000,6950.000000498402,-50703.49645152115,296.1389464940267
3480000,6960.0000005004395,-50543.2658803706,290.52458689461264
3485000,6970.000000502477,-50940.092878386,290.0441748309204
3490000,6980.000000504514,-51236.6324978373,296.7087607675983
3495000,6990.000000506551,-50598.22194859316,293.59391063156676
3500000,7000.0000005085885,-51052.20960068487,299.0012110857613
3505000,7010.000000510626,-50885.18924085979,299.78494070459294
3510000,7020.000000512663,-50506.172167983575,300.23925384183394
3515000,7030.0000005147,-50963.19980526899,290.42866128004334
3520000,7040.000000516738,-50468.25373140216,298.11051167465433
3525000,7050.000000518775,-50565.12956999248,302.6868409581625
3530000,7060.000000520812,-50415.673221876525,296.7915787514139
3535000,7070.000000522849,-50829.976546175545,295.5135871684159
3540000,7080.000000524887,-50381.42748126891,300.5083287677703
3545000,7090.000000526924,-50921.557739084645,296.1146465370948
3550000,7100.000000528961,-50537.81417242653,297.67468516729144
3555000,7110.0000005309985,-50903.093797955924,288.4868377588515
3560000,7120.000000533036,-50779.40906690253,302.5662843983404
3565000,7130.000000535073,-50457.954497367755,298.4852704576775
3570000,7140.00000053711,-50213.271530661004,297.116988710414
3575000,7150.000000539148,-50601.02732271893,294.7104685591495
3580000,7160.000000541185,-50929.94390365781,304.0940382172918
3585000,7170.000000543222,-50716.70060737303,299.13706743609043
3590000,7180.000000545259,-50263.40427260418,297.3361099913808
3595000,7190.000000547297,-50746.77338750157,293.22149281529
3600000,7200.000000549334,-50940.3195406704,306.1710445100459
3605000,7210.000000551371,-50784.3328507558,292.8165156172438
3610000,7220.000000553408,-50620.70687458571,292.77805703665985
3615000,7230.000000555446,-50919.08981626667,295.5786857787159
3620000,7240.000000557483,-50479.51620829772,300.7366795119947
3625000,7250.00000055952,-50743.030980713374,306.3183892080723
3630000,7260.0000005615575,-50520.00732967636,291.79119231428916
3635000,7270.000000563595,-50785.5401518039,297.43385746902027
3640000,7280.000000565632,-50748.22800183672,306.17287424059873
3645000,7290.000000567669,-51104.62692552901,292.8673135037357
3650000,7300.000000569707,-50774.48096467566,298.3209364126142
3655000,7310.000000571744,-50669.83854959963,288.9586499203212
3660000,7320.000000573781,-50569.12175247466,290.23509112926797
3665000,7330.000000575818,-50774.01587160805,291.62785903071136
3670000,7340.000000577856,-50606.358697262825,303.44729438836566
3675000,7350.000000579893,-50171.560029394896,300.65533043783074
3680000,7360.00000058193,-50565.239542466996,307.82426200733664
3685000,7370.000000583967,-50922.31664703798,295.46246269614727
3690000,7380.000000586005,-50852.38233215912,296.13113079805686
3695000,7390.000000588042,-50919.021186556376,300.3969790682929
3700000,7400.000000590079,-50230.7800670978,298.1446168742038
3705000,7410.0000005921165,-50768.68594805754,296.4080904577164
3710000,7420.000000594154,-50649.33781521258,298.61233251389837
3715000,7430.000000596191,-50580.09186699556,295.1959571929635
3720000,7440.000000598228,-50545.84067826788,295.6252259955788
3725000,7450.000000600266,-50221.54203659872,306.5341513746614
3730000,7460.000000602303,-50682.33746416404,293.1990509055737
3735000,7470.00000060434,-51087.64504330192,300.2168975611882
3740000,7480.000000606377,-50458.594596420386,303.40957466137706
3745000,7490.000000608415,-50708.3281294278,302.82092254785397
3750000,7500.000000610452,-50367.72608554151,301.9780539807336
3755000,7510.000000612489,-50442.67211626581,292.2008004226567
3760000,7520.0000006145265,-50893.30529702414,301.9851662179006
3765000,7530.000000616564,-50949.22520731308,298.2932397064307
3770000,7540.000000618601,-50255.4653150652,296.7588083307295
3775000,7550.000000620638,-50322.133326020325,304.5048520915666
3780000,7560.0000006226755,-50883.25696792148,301.0993266859245
3785000,7570.000000624713,-50614.67814734619,296.60898635920836
3790000,7580.00000062675,-50853.8778587073,295.22218961801195
3795000,7590.000000628787,-50505.236854705145,295.88334209532877
3800000,7600.000000630825,-51181.44368612894,298.354263072418
3805000,7610.000000632862,-51136.71164219864,300.38467650948775
3810000,7620.000000634899,-50831.067477784905,300.39301755140747
3815000,7630.000000636936,-50510.661846270086,292.38241153685277
3820000,7640.000000638974,-50537.40457279337,303.49327383466
3825000,7650.000000641011,-50599.331018159515,294.8592191354555
3830000,7660.000000643048,-50537.349851824954,298.1837086490748
3835000,7670.0000006450855,-50248.30040735373,299.79172267827533
3840000,7680.000000647123,-50728.63523236758,288.4439974747509
3845000,7690.00000064916,-51008.17730860322,296.50304057094104
3850000,7700.000000651197,-50449.685086798796,299.9761153321329
3855000,7710.000000653235,-51213.08200040387,295.51995691403414
3860000,7720.000000655272,-50466.41950449275,299.17877859488846
3865000,7730.000000657309,-50475.645307300205,294.32905597426804
3870000,7740.000000659346,-51011.0924665693,294.8927590688851
3875000,7750.000000661384,-50611.10134374825,302.823895464528
3880000,7760.000000663421,-50634.859708299715,300.0335109809918
3885000,7770.000000665458,-50667.3971551664,302.2918243895024
3890000,7780.000000667495,-50751.94844396421,302.9867475984579
3895000,7790.000000669533,-50774.23704319258,302.3035390433409
3900000,7800.00000067157,-50591.54694142216,301.43688554929463
3905000,7810.000000673607,-50622.693451276864,291.64665877116084
3910000,7820.0000006756445,-50534.39057782706,294.21548269286706
3915000,7830.000000677682,-50602.434287612356,303.00074566686857
3920000,7840.000000679719,-50440.124605862686,297.2608886879736
3925000,7850.000000681756,-50381.05938524238,302.41639578805643
3930000,7860.000000683794,-50686.0235833363,296.3226266197355
3935000,7870.000000685831,-50624.78642343564,291.4432685546534
3940000,7880.000000687868,-50449.350402042124,292.2585618062087
3945000,7890.000000689905,-50448.07562234075,304.01976565931875
3950000,7900.000000691943,-50394.78439489956,297.70992801746013
3955000,7910.00000069398,-50788.04244185443,300.13229140999255
3960000,7920.000000696017,-50569.4325188284,296.1127981602983
3965000,7930.0000006980545,-50999.40169803743,294.70531869593464
3970000,7940.000000700092,-50799.69980646955,307.9172254228613
3975000,7950.000000702129,-50133.52943342514,301.9849450401324
3980000,7960.000000704166,-50783.405802120105,293.25098984681216
3985000,7970.0000007062035,-50805.84690614138,294.2599929070548
3990000,7980.000000708241,-50725.81007881186,295.2164588667
3995000,7990.000000710278,-50784.03926497139,300.45741293376824
4000000,8000.000000712315,-50540.496617017605,296.40766887503355
4005000,8010.000000714353,-50415.883321700676,298.77421145710184
4010000,8020.00000071639,-50655.52289407185,305.02909418881467
4015000,8030.000000718427,-50398.17355019506,293.94665825361795
4020000,8040.000000720464,-50771.368665354705,305.10978962374617
4025000,8050.000000722502,-50757.738837467536,299.68124861128257
4030000,8060.000000724539,-50621.801119338605,302.4173451299169
4035000,8070.000000726576,-50741.301775271044,296.21883161587186
4040000,8080.0000007286135,-50384.58408947548,303.0972802330954
4045000,8090.000000730651,-50694.55894013122,296.94706236010836
4050000,8100.000000732688,-50523.89901537413,300.1287740793662
4055000,8110.000000734725,-50749.62695392722,301.70179789813295
4060000,8120.000000736763,-50464.22109176507,292.7023211529032
4065000,8130.0000007388,-50984.43156795768,301.35098605389663
4070000,8140.000000740837,-50733.69135519923,296.63619497971064
4075000,8150.000000742874,-50832.692746297456,298.0706661298265
4080000,8160.000000744912,-50525.63965412218,306.5929935672214
4085000,8170.000000746949,-50713.44958691497,300.39633896901086
4090000,8180.000000748986,-51026.76060189714,291.69446249148206
4095000,8190.000000751023,-50413.58745452625,304.77019409979647
4100000,8200.00000075306,-50583.97758765207,307.8281477631227
4105000,8210.000000755097,-50906.83286162451,291.9977666546506
4110000,8220.000000757134,-50390.90395395114,290.6913678116244
4115000,8230.000000759172,-50652.43312008536,300.2137687328072
4120000,8240.000000761209,-50792.42582286714,294.8636529574859
4125000,8250.000000763246,-50362.43782111036,296.63017526335597
4130000,8260.000000765283,-50717.304013004585,296.79749313986827
4135000,8270.00000076732,-50717.75355363256,304.1628824197188
4140000,8280.000000769358,-50621.16234874845,296.8422924786952
4145000,8290.000000771395,-50449.46386456897,299.025717627176
4150000,8300.000000773432,-50685.72667314287,300.4302826610251
4155000,8310.00000077547,-50573.485882761306,296.81844576487026
4160000,8320.000000777507,-50249.85714270841,300.1255992740805
4165000,8330.000000779544,-50660.23446671499,300.07121944609855
4170000,8340.000000781582,-50765.13463963044,300.03865955965495
4175000,8350.000000783619,-50602.54066512606,295.9323813651247
4180000,8360.000000785656,-50765.447818916844,303.129837590074
4185000,8370.000000787693,-50536.29412839073,297.3874136462489
4190000,8380.00000078973,-50416.43204164819,303.1865312572937
4195000,8390.000000791768,-50668.64695246727,298.1084795947862
4200000,8400.000000793805,-50826.66735533922,303.52866724770774
4205000,8410.000000795842,-50734.59530270574,294.94818457493375
4210000,8420.00000079788,-50553.69870696223,297.9589204793533
4215000,8430.000000799917,-50727.50974339567,298.73171622774163
4220000,8440.000000801954,-50776.87617183704,297.1232984437925
4225000,8450.000000803991,-50525.68899359595,291.85385635901974
4230000,8460.000000806029,-50162.5909465687,296.70490621856766
4235000,8470.000000808066,-50799.21216245537,300.9048127702635
4240000,8480.000000810103,-50943.34657615691,297.8049554638456
4245000,8490.00000081214,-50901.28019650781,290.4181267185051
4250000,8500.000000814178,-50612.38392256427,301.2346506514962
4255000,8510.000000816215,-50603.177543380734,302.78457083543515
4260000,8520.000000818252,-50724.23128766252,306.8069644321623
4265000,8530.00000082029,-50595.653909806686,306.6393904357691
4270000,8540.000000822327,-51008.0865279038,299.77246875399516
4275000,8550.000000824364,-50668.92382819878,302.2622646930842
4280000,8560.000000826401,-50235.47515522773,309.39644291231195
4285000,8570.000000828439,-50639.839728239516,297.2972890699118
4290000,8580.000000830476,-50754.63216201795,295.9758264723844
4295000,8590.000000832513,-50478.11410234356,302.78559787788225
4300000,8600.00000083455,-50641.65825578067,299.0828705177099
4305000,8610.000000836588,-50887.71602361952,292.76787807717005
4310000,8620.000000838625,-50856.37332682463,300.37643760555744
4315000,8630.000000840662,-50747.36235580736,307.35326647775406
4320000,8640.0000008427,-50574.207417821395,300.30104794324546
4325000,8650.000000844737,-50476.6283789766,299.85177461105644
4330000,8660.000000846774,-50607.613121431525,298.62252997512877
4335000,8670.000000848811,-50751.34029401967,298.91531437246505
4340000,8680.000000850849,-50495.825776989455,306.132737107857
4345000,8690.000000852886,-50196.61935634288,302.14514890933765
4350000,8700.000000854923,-50785.95187143923,297.1853903801043
4355000,8710.00000085696,-50608.7513175605,302.0195242673925
4360000,8720.000000858998,-51162.258660776424,299.9183402885586
4365000,8730.000000861035,-50842.49227087875,294.8154053231259
4370000,8740.000000863072,-50781.726239703305,303.6174038294712
4375000,8750.00000086511,-50541.71968851655,303.66045821462666
4380000,8760.000000867147,-50703.873288820585,301.4750423256486
4385000,8770.000000869184,-50719.91414753723,294.79881106467315
4390000,8780.000000871221,-50535.698476573016,297.77556025936445
4395000,8790.000000873259,-50827.57884138977,298.94695590349517
4400000,8800.000000875296,-50557.78721398016,294.30597901786155
4405000,8810.000000877333,-50709.703727956396,299.58437669034487
4410000,8820.00000087937,-50848.32152442832,301.31373082423613
4415000,8830.000000881408,-50688.91159843709,302.04725528461523
4420000,8840.000000883445,-50877.87532169433,301.0083242699854
4425000,8850.000000885482,-50671.39486686024,285.1363980835212
4430000,8860.00000088752,-50518.233732208,302.27841236803823
4435000,8870.000000889557,-50806.6452519648,298.05255099113714
4440000,8880.000000891594,-50640.590484899876,297.87939123580526
4445000,8890.000000893631,-50655.0302530184,299.676946404126
4450000,8900.000000895669,-51149.36807662589,289.7984334312181
4455000,8910.000000897706,-50357.33659758378,305.54799472293075
4460000,8920.000000899743,-50821.78229923913,297.83357643034117
4465000,8930.00000090178,-50539.636488429765,295.3388092006561
4470000,8940.000000903818,-50544.087739623414,302.1855210044638
4475000,8950.000000905855,-50794.33718726243,289.36041372484743
4480000,8960.000000907892,-50648.18246163087,307.59496403144345
4485000,8970.00000090993,-50701.25893864469,299.54696603889755
4490000,8980.000000911967,-50434.94403892249,291.5215035104003
4495000,8990.000000914004,-50277.48122824286,284.1804987561724
4500000,9000.000000916041,-50860.532517154,302.6734042548648
4505000,9010.000000918079,-50848.72083823278,298.3341052029853
4510000,9020.000000920116,-50424.90681528437,304.9067629935756
4515000,9030.000000922153,-50624.95901170184,292.7345324871465
4520000,9040.00000092419,-50347.25190590747,289.1987193963411
4525000,9050.000000926228,-50249.79956461603,298.4420735824441
4530000,9060.000000928265,-50323.80034131714,300.97023483574856
4535000,9070.000000930302,-50661.93576020762,301.54808695553004
4540000,9080.00000093234,-50557.62930950243,304.10605401099957
4545000,9090.000000934377,-50857.503335821064,302.8438135232046
4550000,9100.000000936414,-50570.0004662656,290.66142431883907
4555000,9110.000000938451,-51104.770868724125,296.33106658349396
4560000,9120.000000940488,-50845.286192818254,304.36455564339064
4565000,9130.000000942526,-50573.91859583906,305.58991223462834
4570000,9140.000000944563,-50249.992199670116,297.4447476142803
4575000,9150.0000009466,-50323.859364611504,300.9348843038114
4580000,9160.000000948638,-50755.051391986606,290.89612884763017
4585000,9170.000000950675,-50605.14796313667,307.2241739608913
4590000,9180.000000952712,-50934.44407737331,288.79720616811824
4595000,9190.00000095475,-50661.566465640644,297.5406311745935
4600000,9200.000000956787,-50853.260386850714,303.10417355809864
4605000,9210.000000958824,-50589.551372448186,303.014240687409
4610000,9220.000000960861,-51012.27659667216,305.058437399979
4615000,9230.000000962898,-50489.17279728764,298.86666011118047
4620000,9240.000000964936,-50996.55894816958,299.9647669883714
4625000,9250.000000966973,-50894.806589045154,293.98481623705715
4630000,9260.00000096901,-50484.18440608814,297.51977665928024
4635000,9270.000000971047,-50916.6582737398,296.8709532124322
4640000,9280.000000973085,-50761.408832389454,288.19452120341083
4645000,9290.000000975122,-50539.89238080918,300.13404761701423
4650000,9300.00000097716,-50757.43997334098,309.07982580290434
4655000,9310.000000979197,-50590.04344414035,294.69874628706725
4660000,9320.000000981234,-50663.12960669404,290.17179769822104
4665000,9330.000000983271,-50502.77438416256,307.864038153771
4670000,9340.000000985308,-50335.706402875716,294.9058960742201
4675000,9350.000000987346,-50594.02434392061,295.77423443798233
4680000,9360.000000989383,-50409.83894813826,303.1935008327926
4685000,9370.00000099142,-50718.06495802684,302.9495431970891
4690000,9380.000000993457,-50717.306171900535,299.75596003548765
4695000,9390.000000995495,-50972.92091509051,291.01813876542735
4700000,9400.000000997532,-50568.89971876569,300.0571221813466
4705000,9410.00000099957,-50666.01737019644,295.3310988922312
4710000,9420.000001001607,-50716.30007915973,294.4264638761437
4715000,9430.000001003644,-50578.26977011352,295.73190772122274
4720000,9440.000001005681,-50767.84590147203,295.4277065585788
4725000,9450.000001007718,-50737.812397322035,300.50760651948633
4730000,9460.000001009756,-50715.220295286446,302.8274501103046
4735000,9470.000001011793,-50637.646499352326,294.2436034669857
4740000,9480.00000101383,-50762.05280457527,294.6895955776673
4745000,9490.000001015867,-50810.932412467955,295.0340433732386
4750000,9500.000001017905,-50566.62717493871,301.95493157142346
4755000,9510.000001019942,-51132.82630922634,294.7370923926919
4760000,9520.00000102198,-50000.018397074076,297.46816818892347
4765000,9530.000001024016,-51004.097559110465,299.16958212526504
4770000,9540.000001026054,-50732.14255164281,301.811983828779
4775000,9550.000001028091,-50574.6109367671,302.94336757605066
4780000,9560.000001030128,-50450.411325469,305.53562695060606
4785000,9570.000001032166,-50524.65678033684,296.4735049365308
4790000,9580.000001034203,-50347.01626319933,302.11182087855536
4795000,9590.00000103624,-50435.57431135053,298.8930406324274
4800000,9600.000001038277,-50219.13158691666,297.70711726009375
4805000,9610.000001040315,-50470.648960731516,296.6118635401909
4810000,9620.000001042352,-50646.58080670767,300.037358475121
4815000,9630.00000104439,-50549.97256450131,296.36862248617734
4820000,9640.000001046426,-50769.017279835505,298.47258981394975
4825000,9650.000001048464,-50391.948719748325,300.6052073550196
4830000,9660.000001050501,-50708.199211707164,293.9219634731216
4835000,9670.000001052538,-50621.9407689416,306.2674072090006
4840000,9680.000001054575,-50899.63071069098,299.24238067852525
4845000,9690.000001056613,-50370.295197282714,306.18114208151013
4850000,9700.00000105865,-50685.329759355925,296.85659529726775
4855000,9710.000001060687,-50854.33987752424,289.145812688842
4860000,9720.000001062725,-50811.6207477329,302.6296382347721
4865000,9730.000001064762,-50730.739362164255,296.08183560938886
4870000,9740.000001066799,-50508.65685174131,302.35539608265447
4875000,9750.000001068836,-50752.546647677314,295.7236216501967
4880000,9760.000001070874,-50562.01435157156,302.9490046398144
4885000,9770.00000107291,-50523.024780261825,303.9723114701564
4890000,9780.000001074948,-50978.023161404155,291.5337477853212
4895000,9790.000001076985,-50373.68021819147,293.7798715159686
4900000,9800.000001079023,-50639.59129019687,299.24365191946623
4905000,9810.00000108106,-50713.807628117676,300.3453890239796
4910000,9820.000001083097,-51002.96325025594,301.80732993772364
4915000,9830.000001085134,-51017.55497723131,290.148845724257
4920000,9840.000001087172,-50524.35505333112,294.71214449289374
4925000,9850.000001089209,-50393.89442591535,298.8547027757515
4930000,9860.000001091246,-50816.31823554379,297.2507678803219
4935000,9870.000001093284,-50561.33767088456,294.6241687256164
4940000,9880.00000109532,-51139.05060555774,296.3396268647386
4945000,9890.000001097358,-50539.3737123991,289.39175434226956
4950000,9900.000001099395,-51242.44109837245,301.2922189195827
4955000,9910.000001101433,-50832.7958876155,296.0368680016703
4960000,9920.00000110347,-50706.7798320007,289.09915878063566
4965000,9930.000001105507,-51013.58311048793,295.49215671387583
4970000,9940.000001107544,-50619.224941691704,300.153420662049
4975000,9950.000001109582,-51005.75877163833,301.71812735626366
4980000,9960.000001111619,-50502.59338557883,297.66829454723853
4985000,9970.000001113656,-50952.25622531574,303.494414944705
4990000,9980.000001115694,-50389.2130120979,293.0823159072208
4995000,9990.00000111773,-50585.16616277874,292.0239384180643
5000000,10000.000001119768,-50799.24388701143,295.1916494867307
5005000,10010.000001121805,-50258.45303068517,300.9853484134176
5010000,10020.000001123843,-50472.4732653737,298.717094881049
5015000,10030.00000112588,-50507.57686039392,296.9049450085461
5020000,10040.000001127917,-50569.09122303131,291.0595877535194
5025000,10050.000001129954,-50825.22920292968,304.7639574940142
5030000,10060.000001131992,-50958.30847119354,294.21397598048196
5035000,10070.000001134029,-50531.34127278678,294.38384433893003
5040000,10080.000001136066,-50301.02234049709,295.73851432004267
5045000,10090.000001138103,-50942.94430927007,300.2948305892845
5050000,10100.00000114014,-50796.89466827366,295.9463460964274
5055000,10110.000001142178,-50984.061094727746,299.5720505208792
5060000,10120.000001144215,-50866.90071107788,298.1424839575909
5065000,10130.000001146253,-50403.86168198055,297.1269742834172
5070000,10140.00000114829,-50728.26815838838,296.681359224401
5075000,10150.000001150327,-50749.03180647991,293.968583108074
5080000,10160.000001152364,-50603.711035248474,296.8983702243711
5085000,10170.000001154402,-50784.4454487435,300.6158662122809
5090000,10180.000001156439,-50396.8344612036,299.179511241442
5095000,10190.000001158476,-50419.92542384539,296.62358450427996
5100000,10200.000001160513,-50270.21325248864,299.4538767502645
5105000,10210.00000116255,-50600.26637128464,289.91674232408144
5110000,10220.000001164588,-50489.292814942426,291.4523079020301
5115000,10230.000001166625,-50358.25229681839,300.08509720188215
5120000,10240.000001168662,-50839.981994662085,294.65821272002916
5125000,10250.0000011707,-51121.1651949244,305.52147758493714
5130000,10260.000001172737,-50567.46166540132,296.7690231123723
5135000,10270.000001174774,-50876.42158476429,303.2617542748701
5140000,10280.000001176812,-50678.23471230667,294.53694857196257
5145000,10290.000001178849,-50645.013813470636,296.5574686445339
5150000,10300.000001180886,-50642.14726264894,299.3544163524267
5155000,10310.000001182923,-50765.36556758339,292.1664000165525
5160000,10320.00000118496,-50314.886348739965,298.6775335576996
5165000,10330.000001186998,-50484.25135745629,306.0175142491691
5170000,10340.000001189035,-50091.806774539495,304.1045376300144
5175000,10350.000001191072,-50391.20109637384,303.1444214146477
5180000,10360.00000119311,-51205.86782899636,299.84905569955964
5185000,10370.000001195147,-50492.62008217175,307.8062393525682
5190000,10380.000001197184,-50224.0210272675,296.974600168576
5195000,10390.000001199222,-50688.35170102268,297.0726793078973
5200000,10400.000001201259,-50359.69763404681,303.68353664057247
5205000,10410.000001203296,-50674.27593530374,305.35975548642506
5210000,10420.000001205333,-50711.38697803789,299.62768826776494
5215000,10430.00000120737,-50567.53977005687,298.9339294302225
5220000,10440.000001209408,-50592.26625811175,287.3034701521389
5225000,10450.000001211445,-50911.02345798432,292.88202419988073
5230000,10460.000001213482,-50858.15893557749,294.9619966108205
5235000,10470.00000121552,-50991.47094129122,292.95344602348234
5240000,10480.000001217557,-51014.058947442856,298.5752073391051
5245000,10490.000001219594,-50919.548395245394,303.5072974110907
5250000,10500.000001221631,-50835.171624857205,297.9991769309989
5255000,10510.000001223669,-50606.79353057538,290.14910456398286
5260000,10520.000001225706,-51080.79372645027,305.4319395196394
5265000,10530.000001227743,-50923.71159395811,295.64914053479146
5270000,10540.00000122978,-51012.14966761964,300.4702865252093
5275000,10550.000001231818,-50541.09672451709,299.71700985537825
5280000,10560.000001233855,-50774.89193824769,296.48840733520956
5285000,10570.000001235892,-50806.70427623618,298.404716905327
5290000,10580.00000123793,-50665.937412254454,292.8656729773087
5295000,10590.000001239967,-50415.16135920721,306.38145320321155
5300000,10600.000001242004,-50467.39950480216,301.8060771777795
5305000,10610.000001244041,-50710.519687148684,296.7214317375635
5310000,10620.000001246079,-50921.41765518481,292.1075051748143
5315000,10630.000001248116,-50658.13815620507,297.84400232989736
5320000,10640.000001250153,-50545.98077673389,302.9278507228187
5325000,10650.00000125219,-50611.58489040338,292.63577598641757
5330000,10660.000001254228,-50620.118797485775,306.52352033693836
5335000,10670.000001256265,-50770.476882565126,292.9957204826264
5340000,10680.000001258302,-51105.42329857728,299.53296471087884
5345000,10690.00000126034,-50431.37633915123,302.83024773933397
5350000,10700.000001262377,-50677.21702111291,298.50265417429284
5355000,10710.000001264414,-51125.4241684328,294.8906500599464
5360000,10720.000001266451,-50575.032210851525,305.0126526489611
5365000,10730.000001268489,-50598.96356453729,294.68390470170294
5370000,10740.000001270526,-50973.5405746942,296.97050164988576
5375000,10750.000001272563,-50637.04650520411,312.2419070285631
5380000,10760.0000012746,-50978.12129662189,300.50027618647977
5385000,10770.000001276638,-50420.902228175255,296.26276327773877
5390000,10780.000001278675,-50403.30791989772,296.7115327552089
5395000,10790.000001280712,-50625.45340157699,303.47804555335813
5400000,10800.00000128275,-50480.03736693307,300.2290864906634
5405000,10810.000001284787,-50228.50917915188,290.8876835652623
5410000,10820.000001286824,-50545.72233492596,305.3542762903306
5415000,10830.000001288861,-50349.93882848945,305.75975458646207
5420000,10840.000001290899,-50678.420825293724,296.09377539112194
5425000,10850.000001292936,-50348.87258964381,308.11279189392627
5430000,10860.000001294973,-50604.44725927021,300.93230680018553
5435000,10870.00000129701,-50918.854483839474,298.0996439706346
5440000,10880.000001299048,-50881.73616999053,298.54315498504
5445000,10890.000001301085,-50850.98094001069,293.2781430927034
5450000,10900.000001303122,-50841.23788144451,293.3559085285876
5455000,10910.00000130516,-50656.900229249906,300.83836599429816
5460000,10920.000001307197,-50698.995681767,298.96768782977955
5465000,10930.000001309234,-51075.80842821981,298.64522520999714
5470000,10940.000001311271,-50878.10753560765,295.7386799775442
5475000,10950.000001313309,-50623.08485086341,300.94910435689167
5480000,10960.000001315346,-50622.46700217709,297.9216478095822
5485000,10970.000001317383,-50774.749628452555,295.06221904298235
5490000,10980.00000131942,-50956.28996275479,295.3592796365731
5495000,10990.000001321458,-50919.44876892786,294.2404125246144
5500000,11000.000001323495,-50646.972712107876,295.5946694467385
5505000,11010.000001325532,-50742.07835017299,294.820939338179
5510000,11020.00000132757,-50398.21730387371,294.8662268699245
5515000,11030.000001329607,-50430.470942905464,295.8166662759819
5520000,11040.000001331644,-51066.59353314739,293.5667290102081
5525000,11050.000001333681,-50879.72373386414,296.5543624080148
5530000,11060.000001335718,-50659.31429418508,298.8445424689652
5535000,11070.000001337756,-50170.11801535907,310.4917560564375
5540000,11080.000001339793,-50603.35787983987,297.03077687406574
5545000,11090.00000134183,-50741.75010410906,296.56680677692594
5550000,11100.000001343868,-50396.03019643994,295.08688452298816
5555000,11110.000001345905,-51056.40407416102,299.79078445972965
5560000,11120.000001347942,-50956.42981887405,296.587185163849
5565000,11130.00000134998,-50476.55354597792,304.47940455860316
5570000,11140.000001352017,-50525.10810188169,296.1879866697489
5575000,11150.000001354054,-50505.41514526904,296.62458482196644
5580000,11160.000001356091,-50505.29652188136,298.2344415333839
5585000,11170.000001358128,-50367.591738704505,301.4576219892141
5590000,11180.000001360166,-50845.71220297352,296.5312386212431
5595000,11190.000001362203,-50927.62622943221,292.7549296689287
5600000,11200.00000136424,-50359.194329225924,300.6534866698158
5605000,11210.000001366278,-50748.724617172265,292.1069271445675
5610000,11220.000001368315,-50443.03078728917,299.3758295912992
5615000,11230.000001370352,-50535.006293739425,299.24402318933033
5620000,11240.00000137239,-50323.29487565381,297.7698505528523
5625000,11250.000001374427,-50693.139535656665,302.53470605241876
5630000,11260.000001376464,-50702.72404558965,304.5297746760749
5635000,11270.000001378501,-51020.535336340254,300.9396504031502
5640000,11280.000001380538,-50663.05302051909,301.79569799550524
5645000,11290.000001382576,-50790.40453552513,297.64968277035786
5650000,11300.000001384613,-50799.62814582643,286.23419737776555
5655000,11310.00000138665,-50435.94503777413,298.3737382290461
5660000,11320.000001388687,-50879.40053681651,304.22307456085053
5665000,11330.000001390725,-50663.35609233889,291.2213272767387
5670000,11340.000001392762,-51004.89779117328,301.12213170367903
5675000,11350.0000013948,-50580.801545421506,297.1026738682356
5680000,11360.000001396837,-50909.78497576667,290.6148345620311
5685000,11370.000001398874,-50592.43275163422,286.29417076706903
5690000,11380.000001400911,-50773.602600611164,294.02709436181823
5695000,11390.000001402948,-50613.03326094337,295.51374893101877
5700000,11400.000001404986,-50587.79697559963,298.55739604694645
5705000,11410.000001407023,-50466.18340121073,303.5251014264367
5710000,11420.00000140906,-50716.51271062062,298.71299555771395
5715000,11430.000001411097,-50560.71873599157,299.7272833247766
5720000,11440.000001413135,-50486.56443219932,300.11290028120413
5725000,11450.000001415172,-50984.21276677432,292.85783889530614
5730000,11460.00000141721,-50707.19882301838,297.86107868773854
5735000,11470.000001419246,-50970.168192440935,299.92875706096845
5740000,11480.000001421284,-50701.09664279508,294.5786105396392
5745000,11490.000001423321,-50550.17822459614,293.6188990930053
5750000,11500.000001425358,-50537.07420002093,299.2792281377548
5755000,11510.000001427396,-50840.72784778202,303.6021029908172
5760000,11520.000001429433,-50794.271881963214,297.84163217960116
5765000,11530.00000143147,-50930.575965763244,293.2334835179892
5770000,11540.000001433507,-50397.941468262696,292.13740263352355
5775000,11550.000001435545,-50573.44970300884,314.7346652384999
5780000,11560.000001437582,-50700.707957621285,297.4740269599547
5785000,11570.00000143962,-50534.07655960004,289.27203485037364
5790000,11580.000001441656,-50524.16581997357,308.073068409974
5795000,11590.000001443694,-50681.63361193641,307.88106508379553
5800000,11600.000001445731,-50724.483596501,295.22688830292697
5805000,11610.000001447768,-50807.142971060064,292.76893954045084
5810000,11620.000001449805,-50543.5047359163,300.8810177655841
5815000,11630.000001451843,-50610.95395471886,294.33554502195494
5820000,11640.00000145388,-50845.48018337242,294.4441113756191
5825000,11650.000001455917,-50789.05842891737,295.0414297530076
5830000,11660.000001457955,-50437.6162202009,296.89867670859087
5835000,11670.000001459992,-50388.524591432506,300.6570424781775
5840000,11680.00000146203,-50542.08118797559,306.8491120178968
5845000,11690.000001464066,-50773.22171644651,295.74691988962775
5850000,11700.000001466104,-50368.55961810818,294.5732190282248
5855000,11710.00000146814,-50789.77676274543,293.6305677690745
5860000,11720.000001470178,-50814.38668023015,299.4715995567676
5865000,11730.000001472215,-50544.98367731631,296.29069874345265
5870000,11740.000001474253,-50522.31227059633,301.69142793311164
5875000,11750.00000147629,-50780.38525755756,300.630388927754
5880000,11760.000001478327,-50758.83359480824,291.88986976775794
5885000,11770.000001480365,-50520.04381114739,295.73307931495265
5890000,11780.000001482402,-50581.95838776659,304.70933300000326
5895000,11790.000001484439,-50868.34915014313,298.9191691027257
5900000,11800.000001486476,-50783.60380978961,299.2712792586036
5905000,11810.000001488514,-50792.90051089035,283.1927382835184
5910000,11820.00000149055,-50843.48719460561,299.8960478078763
5915000,11830.000001492588,-50722.02298359317,301.68583803862464
5920000,11840.000001494625,-50885.15134582954,295.98558020333274
5925000,11850.000001496663,-50678.40581374508,300.8588638994493
5930000,11860.0000014987,-50507.04612870142,298.8104774419403
5935000,11870.000001500737,-51171.87522861379,295.9401090905603
5940000,11880.000001502774,-50582.191853725526,289.4447991391088
5945000,11890.000001504812,-50213.43328643052,295.14338907851953
5950000,11900.000001506849,-50786.66226989933,293.76418885763184
5955000,11910.000001508886,-50661.51965206713,299.22407065542586
5960000,11920.000001510924,-50451.130900931836,305.3668263706922
5965000,11930.00000151296,-50661.73447021394,306.8970075246354
5970000,11940.000001514998,-50681.44837572402,300.1073797420259
5975000,11950.000001517035,-50819.73396989668,302.7286458122983
5980000,11960.000001519073,-50685.444324061944,304.9708008592643
5985000,11970.00000152111,-50817.08391868824,305.1472401396041
5990000,11980.000001523147,-50661.76932085634,302.7299445326965
5995000,11990.000001525184,-50786.1182958383,302.21165425476653
6000000,12000.000001527222,-50953.023674377444,300.75667569788607
6005000,12010.000001529259,-50646.60391374407,302.93504402197016
6010000,12020.000001531296,-50296.934280562855,298.6894977241895
6015000,12030.000001533333,-50963.36777514458,294.69861474169346
6020000,12040.00000153537,-50616.51359296386,296.9068359277689
6025000,12050.000001537408,-50467.45540074835,308.66849442218665
6030000,12060.000001539445,-50920.333328692184,303.1104988441013
6035000,12070.000001541483,-50419.952096891066,301.03715397071124
6040000,12080.00000154352,-50463.32712690739,292.0304119149423
6045000,12090.000001545557,-50898.61296946221,304.98174685590277
6050000,12100.000001547594,-50775.42845225579,298.0654568996217
6055000,12110.000001549632,-50947.7373994822,298.8419209769842
6060000,12120.000001551669,-50536.49207332774,299.32969375900586
6065000,12130.000001553706,-50213.165641090105,294.38117963559677
6070000,12140.000001555743,-50528.07945986782,299.024396155823
6075000,12150.00000155778,-50538.602120542724,301.45266163405824
6080000,12160.000001559818,-50518.89545222215,297.02683238053163
6085000,12170.000001561855,-50944.034068563924,298.90394957339686
6090000,12180.000001563893,-50359.27231367197,310.79809724214954
6095000,12190.00000156593,-50408.5429937155,295.79553183906586
6100000,12200.000001567967,-50634.6982948221,297.67029559978425
6105000,12210.000001570004,-50757.77683941167,303.70073860440294
6110000,12220.000001572042,-50809.64536389083,298.82400584286876
6115000,12230.000001574079,-50643.68198543042,303.4799069961388
6120000,12240.000001576116,-50614.27069128066,294.54244171713077
6125000,12250.000001578153,-50902.78809616945,306.7661684510377
6130000,12260.00000158019,-50804.64650479503,301.1642145594369
6135000,12270.000001582228,-50568.88461018063,298.229520146448
6140000,12280.000001584265,-50345.94642701658,299.2470901423697
6145000,12290.000001586302,-50975.23436198995,298.93157535008044
6150000,12300.00000158834,-50472.032367737585,298.33179503647074
6155000,12310.000001590377,-50752.4930756402,297.00476101069427
6160000,12320.000001592414,-50784.77659441467,286.4186528720101
6165000,12330.000001594452,-51073.13824739988,298.0873025976773
6170000,12340.000001596489,-50657.41609967814,300.58968159114124
6175000,12350.000001598526,-50529.87553788343,304.465747254128
6180000,12360.000001600563,-50872.411598640465,300.756134659065
6185000,12370.0000016026,-50514.40441508472,294.4537317331438
6190000,12380.000001604638,-50462.43090366296,300.12634885220814
6195000,12390.000001606675,-50557.65238602311,305.2675740289517
6200000,12400.000001608712,-50408.31377575986,296.9815141654992
6205000,12410.00000161075,-50637.06563413801,304.83570360098474
6210000,12420.000001612787,-50432.38393873154,298.9475870357451
6215000,12430.000001614824,-50721.82456409809,299.01761814583506
6220000,12440.000001616861,-50588.83622410201,294.9783385620457
6225000,12450.000001618899,-50870.31958632055,306.95984147184646
6230000,12460.000001620936,-50764.52968628338,309.4690794354219
6235000,12470.000001622973,-51020.94126723203,303.98134367730415
6240000,12480.00000162501,-50309.96051640986,301.18744131483993
6245000,12490.000001627048,-50521.43328098094,294.1759132039417
6250000,12500.000001629085,-50700.913009657845,302.093454753497
6255000,12510.000001631122,-51012.7914248436,300.05229450879546
6260000,12520.00000163316,-50539.12427537379,295.9833993654272
6265000,12530.000001635197,-50470.218688695895,299.8355832904955
6270000,12540.000001637234,-50792.15258880367,299.1121029083999
6275000,12550.000001639271,-51210.121562174725,296.2730289874231
6280000,12560.000001641309,-50495.59045773483,298.2702712976846
6285000,12570.000001643346,-50325.7592943348,295.49384488803304
6290000,12580.000001645383,-50913.24905970579,300.9666362943029
6295000,12590.00000164742,-50669.776718060864,295.07651515396867
6300000,12600.000001649458,-50652.49970760837,302.5520951782918
6305000,12610.000001651495,-50782.50466883357,292.6301316097335
6310000,12620.000001653532,-50933.309036516,301.8521784292745
6315000,12630.00000165557,-50643.551855239464,297.9589816116215
6320000,12640.000001657607,-50991.61532799949,301.99823497437757
6325000,12650.000001659644,-50697.310886389896,303.87909158008756
6330000,12660.000001661681,-50558.294989282906,294.9877812535924
6335000,12670.000001663719,-50328.29181647001,300.7646008252184
6340000,12680.000001665756,-50941.456888112065,295.45281734782697
6345000,12690.000001667793,-50731.244221753965,299.2798182682023
6350000,12700.00000166983,-50576.44123463356,300.37318366411614
6355000,12710.000001671868,-50640.91800758449,298.75585268936163
6360000,12720.000001673905,-50594.40634398698,291.58817102010113
6365000,12730.000001675942,-50841.99147003205,294.43163033331143
6370000,12740.00000167798,-50651.79680196615,295.56362185363935
6375000,12750.000001680017,-50628.78586450088,305.92309150087254
6380000,12760.000001682054,-50475.89683808529,291.8982891588822
6385000,12770.000001684091,-50567.48793400818,299.446509864283
6390000,12780.000001686129,-51023.63052689901,305.88836114910094
6395000,12790.000001688166,-50743.27339982966,301.8485345583246
6400000,12800.000001690203,-50799.0318538759,297.31541053367783
6405000,12810.00000169224,-50509.13636955613,298.2456334315576
6410000,12820.000001694278,-50656.665788434475,302.16644435022994
6415000,12830.000001696315,-50681.698954900494,300.3724625342696
6420000,12840.000001698352,-50729.195464918914,289.54126746486764
6425000,12850.00000170039,-50660.45426847448,290.57991966286954
6430000,12860.000001702427,-50651.607549912995,306.2002077115892
6435000,12870.000001704464,-50602.514531306195,300.69966013083376
6440000,12880.000001706501,-50465.80297051632,294.7985656133501
6445000,12890.000001708539,-50886.868715938675,299.4731185437568
6450000,12900.000001710576,-50916.37705366869,301.20340992846917
6455000,12910.000001712613,-50504.194972979574,293.68118117449836
6460000,12920.00000171465,-50606.824100254686,299.59885722706497
6465000,12930.000001716688,-50610.76769165139,302.3144750865202
6470000,12940.000001718725,-50399.15329133882,305.1312035967759
6475000,12950.000001720762,-50463.12635978544,300.9027546625662
6480000,12960.0000017228,-50937.05882909041,296.0541233284727
6485000,12970.000001724837,-50772.57059644372,303.3582923633372
6490000,12980.000001726874,-50823.70209883369,294.75868494207225
6495000,12990.000001728911,-50793.508224418096,294.5730735994034
6500000,13000.000001730948,-50517.790357906284,299.76907904726886
6505000,13010.000001732986,-50824.53666402603,303.7139611858498
6510000,13020.000001735023,-50707.487107557565,296.7727814014394
6515000,13030.00000173706,-50590.84257733001,302.22553455769855
6520000,13040.000001739098,-50748.43332042958,295.85853945200284
6525000,13050.000001741135,-50216.5084080286,294.68206892955067
6530000,13060.000001743172,-50989.18763609801,295.22115897065567
6535000,13070.00000174521,-51224.03817749949,304.9963076963267
6540000,13080.000001747247,-50525.46182404738,299.822326149053
6545000,13090.000001749284,-50713.255674839485,299.1029079762078
6550000,13100.000001751321,-50917.22951692229,302.82996586130776
6555000,13110.000001753358,-50880.95986617304,294.91340837634687
6560000,13120.000001755396,-50503.25131889671,298.9419269570656
6565000,13130.000001757433,-50562.76201823188,302.6851306893846
6570000,13140.00000175947,-50641.63373416441,293.7421044200124
6575000,13150.000001761508,-50755.42053706103,304.22268994047846
6580000,13160.000001763545,-51092.81255439011,306.7707717368544
6585000,13170.000001765582,-50894.86107147095,291.98590266910094
6590000,13180.00000176762,-50310.342862035846,294.4978949469314
6595000,13190.000001769657,-50501.75206456825,292.57512941946663
6600000,13200.000001771694,-50703.487178355164,302.61629283264534
6605000,13210.000001773731,-50990.04930730103,303.5203452731129
6610000,13220.000001775768,-50767.18020548124,301.04789264299865
6615000,13230.000001777806,-50808.73652063744,300.652891140882
6620000,13240.000001779843,-50785.15704316771,294.6518803766488
6625000,13250.00000178188,-50479.44165148036,293.90198351475834
6630000,13260.000001783917,-51148.67437623482,294.68158170372664
6635000,13270.000001785955,-50722.7784276967,303.3387463006526
6640000,13280.000001787992,-50699.29460047168,294.48204250049764
6645000,13290.00000179003,-50766.83264747122,295.3934215012771
6650000,13300.000001792067,-50910.68771374528,294.3832373661865
6655000,13310.000001794104,-50650.08761303307,286.8732765877206
6660000,13320.000001796141,-50619.83944552741,296.72853774361016
6665000,13330.000001798178,-50565.842007494386,301.68466621542814
6670000,13340.000001800216,-50718.52414248994,305.9791132839217
6675000,13350.000001802253,-50497.55538942167,304.16212197765543
6680000,13360.00000180429,-50737.36359243409,297.66489403433064
6685000,13370.000001806327,-50516.25554052586,295.89673804118934
6690000,13380.000001808365,-50681.1240516596,295.842343787898
6695000,13390.000001810402,-50710.96825677919,296.56402580765183
6700000,13400.00000181244,-50680.82323928486,299.9097647427318
6705000,13410.000001814476,-50603.1080008586,293.9973316784368
6710000,13420.000001816514,-50539.30766459243,296.1924788368991
6715000,13430.000001818551,-50333.4376538666,301.1969635060685
6720000,13440.000001820588,-50767.393615736306,299.1370525789437
6725000,13450.000001822626,-50436.61286619288,298.5785634092938
6730000,13460.000001824663,-50862.63764225799,299.51956085728256
6735000,13470.0000018267,-50895.65201756809,287.31841648695286
6740000,13480.000001828737,-50782.86320287298,294.43483918649287
6745000,13490.000001830775,-50796.99710760382,297.55583360074206
6750000,13500.000001832812,-50851.69400256936,299.89016007356724
6755000,13510.00000183485,-50609.055970745016,296.6390897937833
6760000,13520.000001836886,-50755.76526785444,297.0267360954446
6765000,13530.000001838924,-50665.374423978035,299.92412563586055
6770000,13540.000001840961,-50605.56292858053,301.13894301269386
6775000,13550.000001842998,-51050.683859007724,300.05649905435297
6780000,13560.000001845036,-50494.35107249324,295.45661056700357
6785000,13570.000001847073,-50515.27001544545,292.37784812882575
6790000,13580.00000184911,-50580.59694789644,308.07744464272224
6795000,13590.000001851147,-50425.525591996964,300.0503979800022
6800000,13600.000001853185,-50858.764303557546,301.6565851635348
6805000,13610.000001855222,-50839.76539662984,299.3966181205337
6810000,13620.00000185726,-51161.21910668528,296.17438407856395
6815000,13630.000001859296,-50516.146045950125,302.2515814057449
6820000,13640.000001861334,-50463.97189047001,293.27545981242565
6825000,13650.000001863371,-50697.50958046818,294.80134754328424
6830000,13660.000001865408,-50731.09205993754,301.2076488251706
6835000,13670.000001867445,-50945.069717691455,298.84719344811924
6840000,13680.000001869483,-50882.95698336439,298.2327697000374
6845000,13690.00000187152,-50768.28120667883,298.03573475196964
6850000,13700.000001873557,-50591.12745401863,295.8153716032249
6855000,13710.000001875595,-50921.51233884221,295.56261163883175
6860000,13720.000001877632,-50946.15619989316,297.87409367272954
6865000,13730.000001879669,-51019.81465822132,298.2683547652781
6870000,13740.000001881706,-50595.44890978723,295.8620954359193
6875000,13750.000001883744,-51031.13230824092,308.1268728250778
6880000,13760.00000188578,-50860.57011058062,300.0507040520554
6885000,13770.000001887818,-50201.67990204241,295.89594657181203
6890000,13780.000001889855,-50676.484643477714,298.3274912271615
6895000,13790.000001891893,-50585.27025682619,301.1257332358986
6900000,13800.00000189393,-50685.60345905641,300.2607779664951
6905000,13810.000001895967,-50732.43691857884,298.80321940246904
6910000,13820.000001898004,-50628.635414420976,301.2175668814169
6915000,13830.000001900042,-50582.85927797784,300.4088658355763
6920000,13840.000001902079,-50534.41854826923,296.2046245394516
6925000,13850.000001904116,-50640.02673376072,303.0762272058273
6930000,13860.000001906154,-50925.99898025574,298.60289459194166
6935000,13870.00000190819,-50368.04909052665,293.57905580496333
6940000,13880.000001910228,-50762.79290211023,302.3610270592866
6945000,13890.000001912265,-50650.70817917274,293.9304504716371
6950000,13900.000001914303,-50439.28516529928,295.9633024483855
6955000,13910.00000191634,-50844.347272638435,301.49909932050383
6960000,13920.000001918377,-50648.567982159264,311.34883811223233
6965000,13930.000001920414,-50733.71337634293,297.37935522054465
6970000,13940.000001922452,-50918.46820732317,291.6913822224332
6975000,13950.000001924489,-50683.73792006791,291.8604260903737
6980000,13960.000001926526,-50814.35992010185,303.4092475035515
6985000,13970.000001928564,-50737.999253895745,299.9808609456573
6990000,13980.0000019306,-50788.30065785759,298.2413451993994
6995000,13990.000001932638,-50592.34992789861,300.9436369406076
7000000,14000.000001934675,-50677.093260999274,300.6909533085245
7005000,14010.000001936713,-50555.72655900626,291.4663502564426
7010000,14020.00000193875,-50444.58653443257,300.5371361112703
7015000,14030.000001940787,-50717.10480408979,291.5372011275154
7020000,14040.000001942824,-50703.16448520648,303.3778818493834
7025000,14050.000001944862,-50402.415036098275,302.4463794251141
7030000,14060.000001946899,-50125.842968335404,292.43550266965536
7035000,14070.000001948936,-50695.428984382015,300.39659861910434
7040000,14080.000001950973,-50419.652171897265,286.9442886750308
7045000,14090.00000195301,-50745.14220859861,297.68046342417614
7050000,14100.000001955048,-50305.66319050669,291.9758019351999
7055000,14110.000001957085,-50821.23182629244,297.5242027144327
7060000,14120.000001959123,-50865.45625129712,296.5350178609318
7065000,14130.00000196116,-50417.311229561485,291.61597756722483
7070000,14140.000001963197,-51008.34760108823,303.58395816817347
7075000,14150.000001965234,-50426.58934750315,300.78791919882974
7080000,14160.000001967272,-50498.691998878756,305.14822232945215
7085000,14170.000001969309,-50987.874093675055,298.5356443557353
7090000,14180.000001971346,-50512.974257810274,292.01438590597377
7095000,14190.000001973383,-50730.03688779881,297.93650664543287
7100000,14200.00000197542,-50558.178667827684,296.82318831516915
7105000,14210.000001977458,-50638.328835961,290.5500357901307
7110000,14220.000001979495,-50454.620743336185,287.19966188562125
7115000,14230.000001981532,-50942.60962516317,296.6464635976451
7120000,14240.00000198357,-50473.74968967517,295.66841347272106
7125000,14250.000001985607,-50224.84738925152,299.27773991981593
7130000,14260.000001987644,-50461.53082372574,293.34565358220755
7135000,14270.000001989682,-50657.01575782112,296.41208271506406
7140000,14280.000001991719,-50481.79365166355,293.74114006333326
7145000,14290.000001993756,-51074.31526774206,305.0857099653001
7150000,14300.000001995793,-50614.946131048986,301.4012742042084
7155000,14310.00000199783,-50393.94060144521,304.2802434227436
7160000,14320.000001999868,-50883.23960165665,297.96947202560733
7165000,14330.000002001905,-50797.76822059159,297.24616382117347
7170000,14340.000002003942,-50752.322423483914,298.8679661574287
7175000,14350.00000200598,-50688.99545454141,299.39191348120187
7180000,14360.000002008017,-50774.35106247052,304.72851171038013
7185000,14370.000002010054,-50270.21646676716,295.15123868395756
7190000,14380.000002012091,-50216.46153363501,300.5760406872968
7195000,14390.000002014129,-50606.94317531944,295.96058727515737
7200000,14400.000002016166,-51047.86880433778,305.9922940282611
7205000,14410.000002018203,-50387.74605599922,292.97737395679627
7210000,14420.00000202024,-50815.55176533028,299.5329565235481
7215000,14430.000002022278,-50596.383368041046,301.5555017338705
7220000,14440.000002024315,-50543.583159451606,303.1293917056657
7225000,14450.000002026352,-50703.17022527705,297.7360978343327
7230000,14460.00000202839,-50729.00457520387,303.1050244570529
7235000,14470.000002030427,-50715.80311505898,299.8459870009118
7240000,14480.000002032464,-50673.89068701019,296.4132260981702
7245000,14490.000002034501,-50779.06735026903,292.64892488110576
7250000,14500.000002036539,-50623.71610053221,296.162847792866
7255000,14510.000002038576,-50672.345636064885,298.61881850734216
7260000,14520.000002040613,-50852.47765692603,303.91838320343425
7265000,14530.00000204265,-51089.17601117253,298.56238472840823
7270000,14540.000002044688,-50522.14580897291,300.560394995442
7275000,14550.000002046725,-50553.21654743585,284.4179621359989
7280000,14560.000002048762,-50664.27162698968,292.0264466821371
7285000,14570.0000020508,-50580.89999725344,295.71696410349983
7290000,14580.000002052837,-50642.98026644153,297.47796344709354
7295000,14590.000002054874,-50250.843797313835,294.91160590233545
7300000,14600.000002056911,-50663.62013723055,302.570453081321
7305000,14610.000002058949,-50637.46433962675,295.9672346356443
7310000,14620.000002060986,-50742.547329807334,296.2610165946769
7315000,14630.000002063023,-50501.0936469149,301.877615978625
7320000,14640.00000206506,-50532.59953155252,299.1105532480253
7325000,14650.000002067098,-51038.85392731006,305.05779875306087
7330000,14660.000002069135,-50569.00398120156,303.91688916896624
7335000,14670.000002071172,-50789.002855891275,296.54264653300066
7340000,14680.00000207321,-50661.91515352245,296.24859623709244
7345000,14690.000002075247,-50831.65496475174,299.1915210774441
7350000,14700.000002077284,-50494.39845393805,297.3634132569798
7355000,14710.000002079321,-51115.17130039717,304.73214118159984
7360000,14720.000002081359,-51118.57284549071,295.76384926088446
7365000,14730.000002083396,-50863.696197603625,301.65767788758586
7370000,14740.000002085433,-50624.76750440913,299.1448536177685
7375000,14750.00000208747,-50453.321514116076,295.1691502766645
7380000,14760.000002089508,-50650.47414616158,296.5939461699856
7385000,14770.000002091545,-50395.73493221274,288.90860095440235
7390000,14780.000002093582,-50668.64155284298,291.9733997321884
7395000,14790.00000209562,-50542.779990717594,295.3987167987711
7400000,14800.000002097657,-50822.019037621445,293.7571212213023
7405000,14810.000002099694,-50919.58878840291,295.17287130761656
7410000,14820.000002101731,-50812.69360098583,297.83880320091896
7415000,14830.000002103769,-50671.2202482383,298.3953420877216
7420000,14840.000002105806,-50610.23194632534,297.71289771875917
7425000,14850.000002107843,-50943.48046451167,292.04367442763316
7430000,14860.00000210988,-50444.970273282815,298.1297127806548
7435000,14870.000002111918,-50783.23514782652,303.45201741563454
7440000,14880.000002113955,-50878.53237529349,292.9438861397528
7445000,14890.000002115992,-50858.98638704972,297.0629635041758
7450000,14900.00000211803,-50405.8047627605,307.0852722827911
7455000,14910.000002120067,-51023.866543958546,298.9559891683408
7460000,14920.000002122104,-50803.86475648463,300.52571019420003
7465000,14930.000002124141,-50642.73941729314,298.30825991282694
7470000,14940.000002126179,-50888.54555546696,300.81984076453233
7475000,14950.000002128216,-50834.824683176616,295.37094512593774
7480000,14960.000002130253,-50704.01075635251,293.5441144200738
7485000,14970.00000213229,-50923.9527683577,293.1808995537209
7490000,14980.000002134328,-50538.21141841219,299.7015705662905
7495000,14990.000002136365,-50449.20681699304,292.78322626016205
7500000,15000.000002138402,-50202.31778246141,299.6766669784783
7505000,15010.00000214044,-50711.34097086926,300.80659627518594
7510000,15020.000002142477,-50782.1899620668,298.40593158890005
7515000,15030.000002144514,-50382.45139673882,288.89383786723386
7520000,15040.000002146551,-50589.574320452986,301.07234970774675
7525000,15050.000002148588,-50604.008247013146,300.3536593983547
7530000,15060.000002150626,-50762.55710839038,291.8816420687743
7535000,15070.000002152663,-51175.89314708806,289.61779172615206
7540000,15080.0000021547,-50649.48495103046,298.27152035244256
7545000,15090.000002156738,-50893.910252786096,299.01509995872664
7550000,15100.000002158775,-50529.628841618076,298.2478535400662
7555000,15110.000002160812,-50693.786157433235,300.6636392737806
7560000,15120.00000216285,-50669.387799437274,299.79262850826535
7565000,15130.000002164887,-50452.81316710345,303.0927082427746
7570000,15140.000002166924,-50778.48524337134,294.9690703289342
7575000,15150.000002168961,-50709.259865798056,299.86375669062204
7580000,15160.000002170998,-50480.787999104854,294.89778065547586
7585000,15170.000002173036,-51005.494662935846,299.11272470789675
7590000,15180.000002175073,-50722.114836210676,298.15522852672564
7595000,15190.00000217711,-50363.46609616492,302.7456768474015
7600000,15200.000002179147,-50934.124922054616,298.5588405800583
7605000,15210.000002181185,-50463.586808655935,305.8079789486857
7610000,15220.000002183222,-50554.58487268776,302.59275505833506
7615000,15230.00000218526,-50480.78456674339,300.0072945703804
7620000,15240.000002187297,-50459.48319703515,295.5230092063685
7625000,15250.000002189334,-50984.631933944125,312.6074610435788
7630000,15260.000002191371,-50592.470082555345,292.32983990168805
7635000,15270.000002193408,-50242.11686292585,306.6468976374919
7640000,15280.000002195446,-50433.302719937434,301.66097561190054
7645000,15290.000002197483,-50971.886957989074,302.6293254273795
7650000,15300.00000219952,-50511.879711243266,293.5394387594718
7655000,15310.000002201557,-50216.88273748907,297.21900058589216
7660000,15320.000002203595,-50637.65565666836,296.0988762070121
7665000,15330.000002205632,-50595.34523096372,296.3996839831683
7670000,15340.00000220767,-50885.328073719575,294.67177202191175
7675000,15350.000002209707,-50599.047098694224,303.04285485115776
7680000,15360.000002211744,-50669.27987430329,297.42157006835936
7685000,15370.000002213781,-50835.07312500986,302.4249291927056
7690000,15380.000002215818,-50918.47122207994,300.9472738705984
7695000,15390.000002217856,-50540.764992814715,300.4188191872273
7700000,15400.000002219893,-50408.42078771349,305.55335840342264
7705000,15410.00000222193,-50205.98875226747,313.0115032576619
7710000,15420.000002223967,-50840.22905171887,296.2755393093333
7715000,15430.000002226005,-50706.272273143695,301.0234531052945
7720000,15440.000002228042,-50651.16674574817,298.0590265667254
7725000,15450.00000223008,-50741.31721096835,300.98719968472733
7730000,15460.000002232116,-50764.195901934756,301.0355179160707
7735000,15470.000002234154,-50772.90052394691,300.77131885019475
7740000,15480.000002236191,-50692.73669688674,292.11396422134595
7745000,15490.000002238228,-50793.86754409445,299.60405664122175
7750000,15500.000002240266,-50990.177972055564,298.916152232021
7755000,15510.000002242303,-50795.73019994795,300.6500890862799
7760000,15520.00000224434,-50707.5266055176,296.49836164791054
7765000,15530.000002246377,-50595.710209011886,307.7232319767933
7770000,15540.000002248415,-50655.71254106448,294.6520213793618
7775000,15550.000002250452,-50647.93473730827,298.0691243088808
7780000,15560.00000225249,-50758.9623417251,295.58096042780704
7785000,15570.000002254526,-50501.555042438325,302.8761461709754
7790000,15580.000002256564,-51070.27289132288,289.21822520307165
7795000,15590.000002258601,-50732.60869556619,302.6392884386577
7800000,15600.000002260638,-50868.23218256331,290.54259985194176
7805000,15610.000002262675,-50931.33080906118,297.9413757481109
7810000,15620.000002264713,-50337.97666238551,298.71122462774804
7815000,15630.00000226675,-50598.22044013263,291.9513453190582
7820000,15640.000002268787,-50536.547116834845,307.92910767804807
7825000,15650.000002270825,-50782.74325182449,300.80212695962155
7830000,15660.000002272862,-51029.13903980571,300.56081632317716
7835000,15670.000002274899,-50169.17072171817,299.845466122172
7840000,15680.000002276936,-50240.566193459264,301.3474077980314
7845000,15690.000002278974,-50811.49421844061,290.9660250872348
7850000,15700.00000228101,-50300.95006155883,301.3389704476969
7855000,15710.000002283048,-50738.93919878514,300.65831738239905
7860000,15720.000002285085,-50660.12672629289,295.40885333839094
7865000,15730.000002287123,-50827.63655730788,298.60200821068116
7870000,15740.00000228916,-50710.69865963477,299.68117777355826
7875000,15750.000002291197,-50562.930656521086,299.7866248626935
7880000,15760.000002293235,-50670.58722000779,302.15379599987375
7885000,15770.000002295272,-50846.133514302055,301.1104990356509
7890000,15780.000002297309,-51119.05375561354,290.5218482381278
7895000,15790.000002299346,-50678.2653476618,300.4635950100933
7900000,15800.000002301384,-50495.411041317304,299.84099842804653
7905000,15810.00000230342,-50608.548349694815,298.0764112944322
7910000,15820.000002305458,-50800.54383623216,301.73603469928224
7915000,15830.000002307495,-50909.81857472024,298.12940579660966
7920000,15840.000002309533,-50418.95768901057,291.22480630147174
7925000,15850.00000231157,-50533.24817487429,301.25108911114484
7930000,15860.000002313607,-50984.14015183493,297.686529774781
7935000,15870.000002315644,-50595.83596209338,291.3213290576315
7940000,15880.000002317682,-50755.617774916056,299.9196673113068
7945000,15890.000002319719,-51124.25312952825,296.5540117733515
7950000,15900.000002321756,-50275.83760797055,294.22910515485296
7955000,15910.000002323794,-50442.9523685131,303.40677059665967
7960000,15920.00000232583,-50833.94972945619,299.7187377593729
7965000,15930.000002327868,-50620.77439214036,296.36490785973945
7970000,15940.000002329905,-50384.02749674785,303.0580159223715
7975000,15950.000002331943,-50596.80279786981,286.48450382947755
7980000,15960.00000233398,-50677.53498887119,305.80660932271627
7985000,15970.000002336017,-50428.76060636094,294.5014876388436
7990000,15980.000002338054,-50734.64573630283,297.7820421247829
7995000,15990.000002340092,-50754.54347863348,300.83605647852585
8000000,16000.000002342129,-51061.051437822636,299.7750787058465
8005000,16010.000002344166,-50908.41037851659,302.75070981182563
8010000,16020.000002346203,-50789.30984077716,297.5142261843659
8015000,16030.00000234824,-50698.59458735757,292.94408318439145
8020000,16040.000002350278,-50826.351091344666,296.4105125171297
8025000,16050.000002352315,-50549.95591579916,293.2705578377352
8030000,16060.000002354353,-50740.92052487284,302.3709248088976
8035000,16070.00000235639,-50795.42031162258,304.5643092303786
8040000,16080.000002358427,-50701.753781401116,297.16641652841554
8045000,16090.000002360464,-50884.86908597185,299.0319369554383
8050000,16100.000002362502,-50593.807084635104,298.65713354820195
8055000,16110.000002364539,-50963.411116640666,297.6173482596702
8060000,16120.000002366576,-50719.01526510049,297.44990515209133
8065000,16130.000002368613,-50620.88097645063,298.32518504618946
8070000,16140.00000237065,-50658.98190639753,297.3941326303527
8075000,16150.000002372688,-50931.96579141382,291.9201985937143
8080000,16160.000002374725,-50783.6153519279,306.0772306708634
8085000,16170.000002376762,-50326.1985079539,304.9830832981489
8090000,16180.0000023788,-50852.735000380606,286.10844640305555
8095000,16190.000002380837,-50367.76918775585,292.70658489475215
8100000,16200.000002382874,-50535.49849233442,296.56142194063557
8105000,16210.000002384912,-51022.925753033574,300.96052369023596
8110000,16220.000002386949,-50569.006020725996,297.65653721301646
8115000,16230.000002388986,-50538.409584230685,292.1974420581081
8120000,16240.000002391023,-50648.59607642176,302.17137490581723
8125000,16250.00000239306,-50908.472520572104,300.2718127841781
8130000,16260.000002395098,-50282.14560319646,293.49592339554823
8135000,16270.000002397135,-50550.47509779135,303.2289213769896
8140000,16280.000002399172,-50495.08475184417,293.53852962945086
8145000,16290.00000240121,-50760.2316670462,297.1283811520182
8150000,16300.000002403247,-50288.00842828915,299.79911008244227
8155000,16310.000002405284,-50706.34113332309,300.2577866142503
8160000,16320.000002407322,-50672.12303253432,294.0354876614984
8165000,16330.000002409359,-50569.67523282615,303.05400699339293
8170000,16340.000002411396,-50632.11490666686,296.65427008778767
8175000,16350.000002413433,-50439.042008912074,293.3753749081761
8180000,16360.00000241547,-51006.238850817375,308.9312239096056
8185000,16370.000002417508,-50654.02711508432,299.9041322454822
8190000,16380.000002419545,-50843.4796603352,308.49223904843416
8195000,16390.00000242158,-50615.67817015943,296.10988868733205
8200000,16400.000002423618,-50965.14510526889,307.33169456585983
8205000,16410.000002425655,-50163.349170238565,300.06942985051097
8210000,16420.000002427692,-50996.74015832311,291.8504575380458
8215000,16430.00000242973,-50534.17206453273,303.8299145715246
8220000,16440.000002431767,-50884.156638526416,304.1571515152044
8225000,16450.000002433804,-50473.84101250407,295.19112888438605
8230000,16460.00000243584,-50585.073268083914,288.51203591559175
8235000,16470.00000243788,-50918.690128555056,290.38777690261185
8240000,16480.000002439916,-50927.886254811194,292.1183770322409
8245000,16490.000002441953,-50811.63324983348,304.91021715603483
8250000,16500.00000244399,-50990.276116298104,296.05049836966987
8255000,16510.000002446028,-50754.335858969745,298.78193027968285
8260000,16520.000002448065,-50653.65194286383,293.48456756555856
8265000,16530.000002450102,-50495.552323382406,299.4083283317153
8270000,16540.00000245214,-50677.61243189496,290.33793527525734
8275000,16550.000002454177,-50716.448027037724,294.30003427927045
8280000,16560.000002456214,-50543.03103076399,289.36646208540884
8285000,16570.00000245825,-50297.599711469695,303.52434319245555
8290000,16580.00000246029,-50435.031020620954,299.5731737557858
8295000,16590.000002462326,-50919.617891500035,294.8815578558541
8300000,16600.000002464363,-50682.777053775644,305.3417439246808
8305000,16610.0000024664,-50507.8458610159,306.6390851990128
8310000,16620.000002468438,-50629.20257847459,298.96977837625235
8315000,16630.000002470475,-50841.04863800251,303.6861077177926
8320000,16640.000002472512,-50900.3959506696,293.94570532221655
8325000,16650.00000247455,-50711.992192522186,302.30927490131984
8330000,16660.000002476587,-50969.268870857515,291.20745420114156
8335000,16670.000002478624,-51097.804782458436,308.7993489231741
8340000,16680.00000248066,-50828.87523269985,298.234666926622
8345000,16690.0000024827,-50926.20582975325,305.1585768273251
8350000,16700.000002484736,-50948.38419389096,302.44263281924117
8355000,16710.000002486773,-50651.36843308041,296.8404615196807
8360000,16720.00000248881,-50934.18393628643,307.9838934784773
8365000,16730.000002490848,-51048.95317831333,301.2692507474185
8370000,16740.000002492885,-50600.01335889046,294.7408807831336
8375000,16750.000002494922,-50960.87176213405,302.09480163679666
8380000,16760.00000249696,-50806.34047118644,300.09557191005564
8385000,16770.000002498997,-50719.91618809922,296.80564585290233
8390000,16780.000002501034,-50367.17169358229,303.02622203225525
8395000,16790.00000250307,-50231.91109002885,308.2022163590455
8400000,16800.00000250511,-51175.55363131632,299.772591846322
8405000,16810.000002507146,-50930.12163361098,290.5799856690956
8410000,16820.000002509183,-50267.94971192142,301.44715328622055
8415000,16830.00000251122,-50833.28514466877,298.472542756861
8420000,16840.000002513258,-50724.38354211228,293.21708913717225
8425000,16850.000002515295,-50763.72784265611,293.3742920849707
8430000,16860.000002517332,-50687.78171015438,301.18434453449174
8435000,16870.00000251937,-50598.17098592894,293.16717415935216
8440000,16880.000002521407,-50368.86067563438,302.2742069395698
8445000,16890.000002523444,-51142.122929824865,297.08595231819464
8450000,16900.00000252548,-50712.11923082429,300.2861756654947
8455000,16910.00000252752,-50899.93596630063,297.0957316049613
8460000,16920.000002529556,-50896.012113409786,309.5678152525285
8465000,16930.000002531593,-50323.6501145364,301.883740678459
8470000,16940.00000253363,-51158.022383223695,298.2873210385612
8475000,16950.000002535668,-50574.095555685664,308.628564830851
8480000,16960.000002537705,-50434.34688763053,303.26022613140293
8485000,16970.000002539742,-50400.700623204495,300.6195233449877
8490000,16980.00000254178,-50717.29374602728,294.2408785070721
8495000,16990.000002543817,-50319.05675481219,293.9040106617268
8500000,17000.000002545854,-50640.00161066273,296.19512756601864
8505000,17010.00000254789,-50511.6500267114,299.11101087219384
8510000,17020.00000254993,-50579.8327075672,300.55794409663054
8515000,17030.000002551966,-50891.34344323029,297.5999555417628
8520000,17040.000002554003,-50072.597535924055,291.2861925589028
8525000,17050.00000255604,-50794.61420491195,297.56497237555925
8530000,17060.000002558078,-50515.497701577406,300.11717211026536
8535000,17070.000002560115,-50959.26520099584,301.65896011630105
8540000,17080.000002562152,-50672.12877060546,291.77781283826
8545000,17090.00000256419,-50876.07530123176,299.1924198483016
8550000,17100.000002566227,-50791.217364272015,300.9672011409394
8555000,17110.000002568264,-50655.77169260479,296.59543279402146
8560000,17120.0000025703,-50737.38859776885,304.3198224493112
8565000,17130.00000257234,-50693.92346238723,299.04581992344777
8570000,17140.000002574376,-50565.573310393374,295.6575258104539
8575000,17150.000002576413,-50146.47923322144,302.93511952660793
8580000,17160.00000257845,-50541.01739772569,296.78513764652195
8585000,17170.000002580487,-50442.91159640654,304.6749484455768
8590000,17180.000002582525,-50516.890364472,304.4645541625884
8595000,17190.000002584562,-50721.69985465912,289.8153806084885
8600000,17200.0000025866,-50617.03958413171,303.96318815107486
8605000,17210.000002588637,-50677.51007594273,291.6729853770636
8610000,17220.000002590674,-50727.72826352596,296.3245911380548
8615000,17230.00000259271,-51010.478265900194,296.9255566657263
8620000,17240.00000259475,-50790.331251814234,291.9660398400786
8625000,17250.000002596786,-51030.03016411018,296.25233067356265
8630000,17260.000002598823,-50715.56890537916,302.75517414359
8635000,17270.00000260086,-50600.731170867046,300.1911919949284
8640000,17280.000002602897,-51047.784967100975,301.10305883521266
8645000,17290.000002604935,-50427.31176147342,300.2301532018199
8650000,17300.000002606972,-50951.50728502471,301.0159728228351
8655000,17310.00000260901,-50534.350699634,294.1184512508051
8660000,17320.000002611047,-50741.81868119832,296.62009467958603
8665000,17330.000002613084,-50701.62720155323,299.3522201051184
8670000,17340.00000261512,-50715.8807808437,290.8112361295816
8675000,17350.00000261716,-50768.72277129124,297.23471373391635
8680000,17360.000002619196,-50954.33322240453,296.293128288751
8685000,17370.000002621233,-50851.0951512052,295.44353314593417
8690000,17380.00000262327,-50374.89143020092,303.26781201416367
8695000,17390.000002625307,-50608.059243114374,302.8768113813834
8700000,17400.000002627345,-50446.37211348151,307.34920988123577
8705000,17410.000002629382,-50529.06212942419,296.00023203120355
8710000,17420.00000263142,-50780.39021513611,307.7742518657541
8715000,17430.000002633456,-50473.17457154507,298.60636395390753
8720000,17440.000002635494,-50467.2283877217,303.94797725416726
8725000,17450.00000263753,-50446.548434825,303.02441520925294
8730000,17460.00000263957,-50744.8160885284,293.90307647119084
8735000,17470.000002641606,-50632.25540023486,297.2451438133102
8740000,17480.000002643643,-50711.282150829764,295.5682560761603
8745000,17490.00000264568,-50608.52672451324,293.44185766933003
8750000,17500.000002647717,-50664.35039314345,307.3909404475164
8755000,17510.000002649755,-50536.47734821131,301.91575333140975
8760000,17520.000002651792,-50514.70331963111,303.59466167514654
8765000,17530.00000265383,-50571.28413065203,299.0085842047243
8770000,17540.000002655866,-50497.931901827746,294.4946902895352
8775000,17550.000002657904,-50641.99343948206,296.48466297966826
8780000,17560.00000265994,-50611.63591125535,291.7232154756135
8785000,17570.00000266198,-50403.12062599248,297.97830190862624
8790000,17580.000002664015,-50580.61476841592,296.39860025521017
8795000,17590.000002666053,-50282.47249114263,296.4197973245471
8800000,17600.00000266809,-50638.386440828326,306.1035558020917
8805000,17610.000002670127,-50510.43025958154,300.39077543588706
8810000,17620.000002672165,-50542.460869324044,295.44833875707457
8815000,17630.000002674202,-50977.793269771355,297.1062263488977
8820000,17640.00000267624,-50610.72839212429,303.5932433424354
8825000,17650.000002678276,-50581.67907239494,288.5017863188453
8830000,17660.000002680314,-50713.12933082119,292.3830993914517
8835000,17670.00000268235,-50528.79415242953,309.4284325537905
8840000,17680.000002684388,-50891.17214550357,296.1287043434937
8845000,17690.000002686425,-50518.83222772827,305.8745117963758
8850000,17700.000002688463,-50812.14406459467,299.9175148677849
8855000,17710.0000026905,-50636.15798640033,300.90042249968053
8860000,17720.000002692537,-50602.462575318175,300.3737330797478
8865000,17730.000002694575,-50962.07575504074,302.43691504325807
8870000,17740.00000269661,-50586.172803067486,293.71400183217827
8875000,17750.00000269865,-50656.30756752723,301.98480200933597
8880000,17760.000002700686,-50973.08224097226,296.32322345807773
8885000,17770.000002702724,-51056.405276514415,299.72983645952706
8890000,17780.00000270476,-50608.598221777065,304.34464775104817
8895000,17790.000002706798,-50709.74834553132,296.1307160012034
8900000,17800.000002708835,-50658.36816601548,298.5505855830921
8905000,17810.000002710873,-50758.98913701516,293.04885358369256
8910000,17820.00000271291,-50719.363207407296,296.6691826279105
8915000,17830.000002714947,-50530.052703247056,299.34569537391206
8920000,17840.000002716984,-50953.04043475218,292.4463835346805
8925000,17850.00000271902,-50553.24789132888,295.2847170719642
8930000,17860.00000272106,-50671.96332648079,293.6899247336965
8935000,17870.000002723096,-50612.123568305076,299.23891835549307
8940000,17880.000002725134,-50646.0525787769,296.3815948020607
8945000,17890.00000272717,-50780.31490108848,299.24088346487866
8950000,17900.000002729208,-50572.721592475194,301.47735302177796
8955000,17910.000002731245,-50816.21846844765,294.7312377146823
8960000,17920.000002733283,-50916.014654423954,303.064027761997
8965000,17930.00000273532,-50824.505883908976,306.80899501046514
8970000,17940.000002737357,-50899.04711571828,302.74720881060904
8975000,17950.000002739394,-50507.73617346905,299.41902883899854
8980000,17960.00000274143,-50154.41296213318,293.4727923479766
8985000,17970.00000274347,-50481.71045347987,300.76502743153605
8990000,17980.000002745506,-50327.50381819857,296.6640379707135
8995000,17990.000002747543,-50423.729808240314,295.2708548466075
9000000,18000.00000274958,-50631.78592639958,293.28880544668493
9005000,18010.000002751618,-50975.44412675241,301.20241965553373
9010000,18020.000002753655,-50659.49680120169,295.01799103488753
9015000,18030.000002755693,-50629.08572849113,297.45619037818125
9020000,18040.00000275773,-50556.08965050915,301.27263151348467
9025000,18050.000002759767,-50688.89080628852,293.77745937473713
9030000,18060.000002761804,-50663.825511742616,299.9517061610603
9035000,18070.00000276384,-50877.54445110017,293.4844915629483
9040000,18080.00000276588,-50841.404932010046,298.54471931214573
9045000,18090.000002767916,-50286.119321462495,308.6181535160196
9050000,18100.000002769953,-50661.63738000239,303.75229154802685
9055000,18110.00000277199,-50982.56261338317,299.8815604654246
9060000,18120.000002774028,-51043.5756688035,301.25007890756746
9065000,18130.000002776065,-51141.909527659474,298.4794176322295
9070000,18140.000002778102,-50872.413856856496,289.77269551125227
9075000,18150.00000278014,-50971.468493140856,302.39182289159646
9080000,18160.000002782177,-50872.15926030275,297.854459928078
9085000,18170.000002784214,-50657.96574722635,307.49354606201075
9090000,18180.00000278625,-50489.13507818917,297.1425004478265
9095000,18190.00000278829,-50466.47653280801,290.0037116974008
9100000,18200.000002790326,-50629.53544097912,295.0655820432828
9105000,18210.000002792363,-50524.83914552117,308.3471655753334
9110000,18220.0000027944,-50647.715434230864,290.0019390719863
9115000,18230.000002796438,-50646.293580294034,305.70029208072526
9120000,18240.000002798475,-50785.47393766293,312.8817795242916
9125000,18250.000002800512,-50698.1020219301,295.5488471783696
9130000,18260.00000280255,-50470.3652378167,300.60701911023
9135000,18270.000002804587,-50858.949861671164,296.9629723704508
9140000,18280.000002806624,-50473.46468821037,290.8749826745226
9145000,18290.00000280866,-50896.90713609994,291.96959368527087
9150000,18300.0000028107,-50404.09465533408,296.9315619547867
9155000,18310.000002812736,-50519.735881950066,290.2189103413033
9160000,18320.000002814773,-50765.74635934297,296.89431369078295
9165000,18330.00000281681,-50650.89927329149,289.96141340969245
9170000,18340.000002818848,-50588.12078681501,301.4544387729259
9175000,18350.000002820885,-50616.27314777346,302.6598548448834
9180000,18360.000002822922,-50745.58574376488,303.23133602681844
9185000,18370.00000282496,-50987.8504943029,296.31767788998087
9190000,18380.000002826997,-50528.89684416528,305.8993834035179
9195000,18390.000002829034,-50631.586668691016,304.92124521241647
9200000,18400.00000283107,-50652.47684948461,292.294819857418
9205000,18410.00000283311,-50354.59519855713,295.60920854160105
9210000,18420.000002835146,-50523.22634498967,298.0249122983174
9215000,18430.000002837183,-50482.00014690962,298.0338371194095
9220000,18440.00000283922,-50506.80458911916,297.85794857043624
9225000,18450.000002841258,-50658.104970512475,292.11462449286716
9230000,18460.000002843295,-50268.21004997863,295.6025381404898
9235000,18470.000002845332,-50669.7096943646,304.2922517808588
9240000,18480.00000284737,-51190.21446512922,297.9729980759192
9245000,18490.000002849407,-50585.45148371844,307.19720582742724
9250000,18500.000002851444,-50748.96961785725,295.2619647354157
9255000,18510.00000285348,-51035.69045039342,294.0390941212292
9260000,18520.00000285552,-50472.69145110404,292.9773802716638
9265000,18530.000002857556,-50717.14204189993,300.8244331466868
9270000,18540.000002859593,-50589.49862872454,297.53611853060823
9275000,18550.00000286163,-50509.08001621644,298.6839072848135
9280000,18560.000002863668,-50511.731636500655,292.95514002172223
9285000,18570.000002865705,-50724.53811112352,296.44731654248056
9290000,18580.000002867742,-50623.472109068214,298.8774510882051
9295000,18590.00000286978,-50993.41027284163,300.5746783068547
9300000,18600.000002871817,-50876.07846923906,302.7017056745079
9305000,18610.000002873854,-50900.9833507931,299.12928373523465
9310000,18620.00000287589,-50731.07957052614,286.70617499436975
9315000,18630.00000287793,-50339.43296745731,305.33213708347284
9320000,18640.000002879966,-50676.446970617195,297.1306264672092
9325000,18650.000002882003,-50605.76765192722,301.31870976265543
9330000,18660.00000288404,-50571.69173231235,298.4614203092844
9335000,18670.000002886078,-50598.196304886165,300.1956679031797
9340000,18680.000002888115,-50626.82969798142,296.41770720209905
9345000,18690.000002890152,-50716.37356838345,297.2681189570252
9350000,18700.00000289219,-50677.67696139499,291.3304504499434
9355000,18710.000002894227,-50596.065550272266,303.08795472782356
9360000,18720.000002896264,-50695.42817606212,295.57666609846837
9365000,18730.0000028983,-50559.46304863543,305.8569870020214
9370000,18740.00000290034,-50816.613696446526,302.6891474877469
9375000,18750.000002902376,-50784.63697008992,297.73605252920305
9380000,18760.000002904413,-51126.121302793035,300.0648746678482
9385000,18770.00000290645,-50766.05220421232,303.8659058953754
9390000,18780.000002908488,-51015.08960498453,297.749524231445
9395000,18790.000002910525,-50373.41813940095,304.95882579349325
9400000,18800.000002912562,-50507.92500114668,296.8634700919405
9405000,18810.0000029146,-50844.14492922815,294.51184125603896
9410000,18820.000002916637,-50378.29744379182,292.87335806368424
9415000,18830.000002918674,-50580.25781014789,304.43740940993143
9420000,18840.00000292071,-50719.635650983604,304.0381904966145
9425000,18850.00000292275,-50641.126731002034,301.45417823254985
9430000,18860.000002924786,-50559.336795858864,299.53114294235877
9435000,18870.000002926823,-50443.216722157405,299.429549401608
9440000,18880.00000292886,-50478.97572801041,298.11616846286853
9445000,18890.000002930898,-50569.571386171796,298.60230192542616
9450000,18900.000002932935,-51235.77300415086,293.3317878953724
9455000,18910.000002934972,-50962.52256052854,299.7010196625432
9460000,18920.00000293701,-50345.776076780894,299.67539844570007
9465000,18930.000002939047,-50484.33751907904,305.25655209390067
9470000,18940.000002941084,-50956.97180490583,306.35141239824463
9475000,18950.00000294312,-50525.35261502888,304.86192303107333
9480000,18960.00000294516,-51129.690695175,310.3144242528828
9485000,18970.000002947196,-50649.61906668055,310.5770165333725
9490000,18980.000002949233,-50562.674645207124,300.5851714640991
9495000,18990.00000295127,-50535.42298253073,295.2156288704362
9500000,19000.000002953308,-50544.466953500145,304.04133392391145
9505000,19010.000002955345,-50655.16528698648,300.0698898307033
9510000,19020.000002957382,-50745.1748590545,290.85010155852484
9515000,19030.00000295942,-50727.62762104973,300.4875605829046
9520000,19040.000002961457,-50743.17077494634,296.26135603864265
9525000,19050.000002963494,-50689.36685055497,292.90323372505696
9530000,19060.00000296553,-50513.58315993531,300.3633392613329
9535000,19070.00000296757,-51061.1830004832,291.4633430758894
9540000,19080.000002969606,-50289.95735392865,300.47777259358196
9545000,19090.000002971643,-50769.155540044594,295.3135293072253
9550000,19100.00000297368,-50294.87162637798,301.66256865650223
9555000,19110.000002975718,-50672.147285651474,301.01617479457946
9560000,19120.000002977755,-50729.44151184344,298.6874308749227
9565000,19130.000002979792,-50715.54242358575,303.44243176828553
9570000,19140.00000298183,-50784.175047661294,302.1389678759155
9575000,19150.000002983867,-50638.71750807075,294.99076656285837
9580000,19160.000002985904,-50728.05998699041,291.0622964874927
9585000,19170.00000298794,-50898.29966877951,304.43553422619374
9590000,19180.00000298998,-50167.25776306397,296.62146338036126
9595000,19190.000002992016,-50536.928102570615,298.5090788087156
9600000,19200.000002994053,-50789.38546457494,300.04535022557116
9605000,19210.00000299609,-50546.35174381867,294.63247996115064
9610000,19220.000002998127,-51115.11173907161,302.5184581642186
9615000,19230.000003000165,-50723.03215678749,290.5063284714485
9620000,19240.000003002202,-50944.51738845158,297.4011566606446
9625000,19250.00000300424,-50565.73250318004,302.8537039733825
9630000,19260.000003006277,-50761.61026028448,295.4207063858181
9635000,19270.000003008314,-50820.96150833709,293.99889962071074
9640000,19280.00000301035,-50576.08090292441,303.63480809117743
9645000,19290.00000301239,-50814.801381382276,300.0181127969646
9650000,19300.000003014426,-50461.61326570384,289.0305261810708
9655000,19310.000003016463,-50586.393490334915,293.7973172798132
9660000,19320.0000030185,-50685.26585211523,308.99515724968063
9665000,19330.000003020537,-50336.34071830136,300.4862875858185
9670000,19340.000003022575,-50753.442820440105,302.8434757196569
9675000,19350.000003024612,-50616.34390808095,291.8402004409091
9680000,19360.00000302665,-50732.13670310026,290.3528060286515
9685000,19370.000003028686,-50510.73496765405,287.0682820604098
9690000,19380.000003030724,-50966.35809555068,298.01658846079505
9695000,19390.00000303276,-50691.13472328056,305.115726464089
9700000,19400.0000030348,-50523.07218473463,303.3534925291261
9705000,19410.000003036836,-50663.50953498224,292.2476650101992
9710000,19420.000003038873,-50583.8680524159,289.6666372297751
9715000,19430.00000304091,-50578.051566166745,295.09484417190134
9720000,19440.000003042947,-50561.870395346574,295.25753566911004
9725000,19450.000003044985,-51064.964418941236,302.8697030693308
9730000,19460.000003047022,-50882.30630474712,307.8878687019396
9735000,19470.00000304906,-51058.936672660406,300.1862453647256
9740000,19480.000003051096,-50612.88976769609,309.2454251491065
9745000,19490.000003053134,-50792.776642201934,296.10443201184546
9750000,19500.00000305517,-50702.523648288654,297.42662300451565
9755000,19510.00000305721,-50264.59885773482,301.5506851292313
9760000,19520.000003059246,-50497.667360202206,293.03505008521677
9765000,19530.000003061283,-50565.171070307784,301.9237213412239
9770000,19540.00000306332,-50944.121180124115,297.611053997124
9775000,19550.000003065357,-50454.00354321231,296.5032331850762
9780000,19560.000003067395,-50693.384036030766,302.6795226711644
9785000,19570.000003069432,-50804.675338676316,289.74567308493096
9790000,19580.00000307147,-50770.63628587581,291.6160966724404
9795000,19590.000003073506,-50622.63213181251,300.9087638403259
9800000,19600.000003075544,-50654.50911570346,308.58894335027367
9805000,19610.00000307758,-50669.01077912227,294.51270898341335
9810000,19620.00000307962,-50804.27958201154,293.3530043712782
9815000,19630.000003081655,-50506.750428442174,300.8016524763222
9820000,19640.000003083693,-50822.30922565167,292.5554094176343
9825000,19650.00000308573,-50791.39471463661,295.47742432010205
9830000,19660.000003087767,-50742.56603672821,301.46549410124646
9835000,19670.000003089805,-50628.65427874439,298.02867464056516
9840000,19680.00000309184,-50875.31224561317,292.7375735024485
9845000,19690.00000309388,-50500.02748444688,293.5705910400816
9850000,19700.000003095916,-50927.786061377876,296.5535369723481
9855000,19710.000003097954,-50917.70777047798,299.7187132876743
9860000,19720.00000309999,-50306.62711866351,299.0762285635917
9865000,19730.000003102028,-50891.5436579762,291.2638530492906
9870000,19740.000003104065,-50594.07156198064,299.6964489629876
9875000,19750.000003106103,-50461.65436492275,303.5453780769452
9880000,19760.00000310814,-50506.12340252861,292.56149812272815
9885000,19770.000003110177,-50310.55235474752,293.09710809423945
9890000,19780.000003112214,-51256.2933695743,298.17182774792894
9895000,19790.00000311425,-50798.7145030961,297.78039078955214
9900000,19800.00000311629,-50999.2584440645,297.90113841774075
9905000,19810.000003118326,-50440.40541575471,298.19752996852054
9910000,19820.000003120364,-50713.79836749699,301.83102118853134
9915000,19830.0000031224,-50543.0960640776,304.4136528392449
9920000,19840.000003124438,-50927.45886285984,301.664853579687
9925000,19850.000003126475,-50480.77258747441,298.70735913261456
9930000,19860.000003128513,-50768.550369885255,298.5173587037455
9935000,19870.00000313055,-50572.33179482067,301.29877641710806
9940000,19880.000003132587,-50501.59964970811,296.81728091195833
9945000,19890.000003134624,-50245.77736852481,297.699706959099
9950000,19900.00000313666,-50697.738030806155,302.5557520871525
9955000,19910.0000031387,-50822.64723652124,291.9879728539935
9960000,19920.000003140736,-50994.96173811023,303.2384958108575
9965000,19930.000003142773,-50094.029992380965,299.98363912063803
9970000,19940.00000314481,-50409.883528600505,296.0793442192089
9975000,19950.000003146848,-50597.00775884066,295.1969712243181
9980000,19960.000003148885,-50982.26843691882,294.53619075637
9985000,19970.000003150923,-50782.957438061974,294.9276577902241
9990000,19980.00000315296,-50720.5869594969,302.65229867026187
9995000,19990.000003154997,-50588.55765942426,296.28229784620385
10000000,20000.000003157034,-50454.779025956814,301.5874893072914
10005000,20010.00000315907,-50606.08733344864,297.0517611423202
10010000,20020.00000316111,-51061.15711666172,287.0773331724879
10015000,20030.000003163146,-50972.48240892179,302.8806923890694
10020000,20040.000003165183,-50764.199108262255,300.9957662728184
10025000,20050.00000316722,-50390.49094307714,299.68105320445926
10030000,20060.000003169258,-50520.974500177836,300.37162061726417
10035000,20070.000003171295,-50521.93081536409,299.6034237629705
10040000,20080.000003173333,-50530.52824854999,298.173690484778
10045000,20090.00000317537,-50757.86447379779,293.30548667179045
10050000,20100.000003177407,-50616.6487964667,297.1145833051494
10055000,20110.000003179444,-50607.52021978912,298.85843881475995
10060000,20120.00000318148,-50635.18198961369,293.389895751992
10065000,20130.00000318352,-50604.877457340976,301.95296592126334
10070000,20140.000003185556,-50810.94987597354,292.9839998545146
10075000,20150.000003187593,-50946.38714331886,300.5895029385136
10080000,20160.00000318963,-50608.329492481775,299.81982290905904
10085000,20170.000003191668,-50408.92255456606,294.6651339835271
10090000,20180.000003193705,-50557.37497044064,301.152496411044
10095000,20190.000003195742,-50418.23797062301,303.1634150968343
10100000,20200.00000319778,-50768.070733523375,298.2062966760849
10105000,20210.000003199817,-50354.437495340244,309.15661153740524
10110000,20220.000003201854,-50546.71908333601,295.8856317221061
10115000,20230.00000320389,-50848.800026390294,305.61225077160657
10120000,20240.00000320593,-50921.00217349219,303.7430297249533
10125000,20250.000003207966,-50881.87575013269,303.7518286253816
10130000,20260.000003210003,-50811.285215226,296.67100698017026
10135000,20270.00000321204,-50173.277257918904,311.0874366477045
10140000,20280.000003214078,-50971.505528939306,297.1812562396604
10145000,20290.000003216115,-50868.68637954749,297.3058627443654
10150000,20300.000003218152,-50473.44647686611,302.14999791308406
10155000,20310.00000322019,-50783.02677304836,299.3882669247889
10160000,20320.000003222227,-50689.03403721933,298.57006087001
10165000,20330.000003224264,-50443.901123700256,290.4614971690738
10170000,20340.0000032263,-50771.132866201166,296.2212650658672
10175000,20350.00000322834,-50804.009595443495,297.06365039212045
10180000,20360.000003230376,-50494.26692790844,290.9639169522396
10185000,20370.000003232413,-50612.98240394602,298.0984182474567
10190000,20380.00000323445,-50601.79941664895,303.73784451418646
10195000,20390.000003236488,-50802.181676201144,294.0827076747295
10200000,20400.000003238525,-50376.579398970935,306.38831287263406
10205000,20410.000003240562,-50622.428852650046,301.69372935802585
10210000,20420.0000032426,-50468.77406482663,300.06167665400176
10215000,20430.000003244637,-50425.20739120431,295.8694913875228
10220000,20440.000003246674,-50655.978110515774,303.240962144068
10225000,20450.00000324871,-50534.06413907217,303.03020937609506
10230000,20460.00000325075,-50768.21364164946,297.92997453080835
10235000,20470.000003252786,-50509.37120203837,297.6346564732965
10240000,20480.000003254823,-50829.118060029636,299.4260660384569
10245000,20490.00000325686,-50750.284181319934,292.15485202654617
10250000,20500.000003258898,-50800.94730069244,307.93300991901356
10255000,20510.000003260935,-50823.707763254264,293.3133185766119
10260000,20520.000003262972,-50562.560857513105,302.30923163496993
10265000,20530.00000326501,-50909.113757907704,302.75992430168094
10270000,20540.000003267047,-50706.4390714365,296.4827541594292
10275000,20550.000003269084,-50985.40078801205,294.01751922741005
10280000,20560.00000327112,-50676.41426058562,307.166778342825
10285000,20570.00000327316,-50628.36356875481,298.7905017678116
10290000,20580.000003275196,-50618.548278469505,296.9685163771281
10295000,20590.000003277233,-50400.504031605175,293.0275647340649
10300000,20600.00000327927,-50602.838821744226,303.02189594497617
10305000,20610.000003281308,-51093.2450665019,298.01043346800236
10310000,20620.000003283345,-50539.127331716765,293.9128499686859
10315000,20630.000003285382,-50699.87766518188,299.78295420768256
10320000,20640.00000328742,-50826.38660905487,297.66414606311565
10325000,20650.000003289457,-50712.73368245561,301.28087759175907
10330000,20660.000003291494,-51147.62687936047,292.2191966961718
10335000,20670.00000329353,-50805.327745692455,297.91248864919237
10340000,20680.00000329557,-50784.91283402001,293.24418429197317
10345000,20690.000003297606,-50575.403316845855,300.72559933822845
10350000,20700.000003299643,-50679.61657808168,291.7450674384751
10355000,20710.00000330168,-50600.92998180073,297.0533830540312
10360000,20720.000003303718,-50650.01891171455,291.99020266519307
10365000,20730.000003305755,-50395.67879239007,302.8037247736824
10370000,20740.000003307792,-50657.360114822746,295.201675593339
10375000,20750.00000330983,-50488.73299977358,302.65976275517295
10380000,20760.000003311867,-50561.85027186066,294.5513712744487
10385000,20770.000003313904,-50861.98243952426,293.87546383075903
10390000,20780.00000331594,-50613.04645293759,297.13496131962887
10395000,20790.00000331798,-50657.56425118839,301.0397442800776
10400000,20800.000003320016,-50234.61908838077,303.33769815221876
10405000,20810.000003322053,-50786.28662555176,303.3584740546508
10410000,20820.00000332409,-50522.20451059603,301.1195526370059
10415000,20830.000003326128,-50582.25764954544,303.7179875485665
10420000,20840.000003328165,-50195.96908041352,293.74912316395034
10425000,20850.000003330202,-50739.580157508026,301.2676141089546
10430000,20860.00000333224,-50649.590250749316,297.4610783370362
10435000,20870.000003334277,-50832.41158465308,296.80524154282455
10440000,20880.000003336314,-50674.80811544988,290.5205351936589
10445000,20890.00000333835,-50678.59484584577,298.6850399461213
10450000,20900.00000334039,-50681.310694126994,303.34862147376197
10455000,20910.000003342426,-50735.616128009395,299.20976215340073
10460000,20920.000003344463,-51028.33245422086,301.29636284147784
10465000,20930.0000033465,-51141.10810604959,298.6486522824507
10470000,20940.000003348538,-50709.07445155771,298.7715687881024
10475000,20950.000003350575,-50644.37954991084,306.2586941874383
10480000,20960.000003352612,-50584.641879452276,294.8838627832385
10485000,20970.00000335465,-50803.602689164254,300.17517232491383
10490000,20980.000003356687,-50251.93783797516,301.34115527265027
10495000,20990.000003358724,-50732.424572031014,292.1561045045805
10500000,21000.00000336076,-50799.77167144249,302.8789939036464
10505000,21010.0000033628,-50909.836605838325,300.7200361539388
10510000,21020.000003364836,-50878.14974868219,296.44611560896874
10515000,21030.000003366873,-50839.0099743655,300.20035563216277
10520000,21040.00000336891,-50651.333051199064,295.2345775735363
10525000,21050.000003370948,-50728.20707835184,301.88980530629186
10530000,21060.000003372985,-50703.057119373,293.8030720128219
10535000,21070.000003375022,-50606.02289907489,300.5056309044395
10540000,21080.00000337706,-50765.208013711526,294.8196328744957
10545000,21090.000003379097,-50545.278624495695,298.9351260487923
10550000,21100.000003381134,-50596.77915395747,306.3879126589353
10555000,21110.00000338317,-50322.68941328421,298.6315035660079
10560000,21120.00000338521,-50367.541883681784,293.8794618749636
10565000,21130.000003387246,-50569.6433774106,298.42096581585986
10570000,21140.000003389283,-50820.90518636521,296.15744271807375
10575000,21150.00000339132,-50557.69078372535,302.88297150959306
10580000,21160.000003393357,-50609.6415608243,301.0847989407373
10585000,21170.000003395395,-50790.56069317524,303.15731092347886
10590000,21180.000003397432,-50677.610835513886,294.9100620572575
10595000,21190.00000339947,-50490.708547535934,299.46933672561926
10600000,21200.000003401507,-50494.4210314198,290.3343465947469
10605000,21210.000003403544,-50612.02028703407,292.4380740998498
10610000,21220.00000340558,-50825.0589348943,300.32532876150213
10615000,21230.00000340762,-50662.60611546179,294.6646314685365
10620000,21240.000003409656,-50609.519772278116,303.4472556788443
10625000,21250.000003411693,-50149.065764295025,299.24765476136344
10630000,21260.00000341373,-50436.06559168256,301.3928407780778
10635000,21270.000003415767,-50465.442710165895,301.62824046614
10640000,21280.000003417805,-50704.34837167355,295.3772388184561
10645000,21290.000003419842,-50773.24524124336,288.52399372163904
10650000,21300.00000342188,-50382.8285550797,301.64635809593665
10655000,21310.000003423916,-50616.080954534205,299.16376050003186
10660000,21320.000003425954,-50739.72332089723,294.9016176748306
10665000,21330.00000342799,-50575.08094306494,305.2740865320317
10670000,21340.00000343003,-50687.288296210696,295.56981963120353
10675000,21350.000003432066,-50918.1962986429,293.0339683174912
10680000,21360.000003434103,-50572.99245928932,298.28717195821156
10685000,21370.00000343614,-50659.2524331169,298.2889751460761
10690000,21380.000003438177,-50495.651015306416,299.5551205399613
10695000,21390.000003440215,-50771.61832536294,296.3949450809889
10700000,21400.000003442252,-50896.75146196445,299.77166193434505
10705000,21410.00000344429,-50191.45446488165,305.48240750253905
10710000,21420.000003446326,-50832.5498559649,304.38697295435895
10715000,21430.000003448364,-50881.627489836246,294.88579631016887
10720000,21440.0000034504,-50607.157891146664,301.04765167840696
10725000,21450.00000345244,-50377.08826374804,296.1893685320634
10730000,21460.000003454476,-50655.07462328524,304.050067541521
10735000,21470.000003456513,-50791.20579041811,296.91572008609927
10740000,21480.00000345855,-50808.9415816688,294.3608299280134
10745000,21490.000003460587,-50639.09902212513,297.09503877610047
10750000,21500.000003462625,-50811.364073649485,298.03401273099786
10755000,21510.000003464662,-50442.73500548839,302.8508014920923
10760000,21520.0000034667,-50736.710611012124,293.464015423092
10765000,21530.000003468736,-50999.096836730896,290.7031102280903
10770000,21540.000003470774,-50934.99583814561,304.9760842357608
10775000,21550.00000347281,-50650.26687560574,304.808900204055
10780000,21560.00000347485,-50689.985071518575,293.83728936206086
10785000,21570.000003476885,-50780.783719924744,290.87100156981563
10790000,21580.000003478923,-50957.97166635716,293.91132512773373
10795000,21590.00000348096,-50811.85343476618,299.5825150351788
10800000,21600.000003482997,-50920.32525792203,293.6532540833993
10805000,21610.000003485035,-50409.70864265313,296.4849265671911
10810000,21620.00000348707,-50685.745847884566,298.3634414151613
10815000,21630.00000348911,-50602.55129773967,305.53124987492043
10820000,21640.000003491146,-50937.81816556101,299.72206553676443
10825000,21650.000003493184,-50809.35899174676,302.23143213632943
10830000,21660.00000349522,-50696.985372745636,293.29494472272086
10835000,21670.000003497258,-50588.0566048068,288.46443414237086
10840000,21680.000003499295,-50692.19369127523,294.6359875021815
10845000,21690.000003501333,-50738.64036304134,299.76013733715564
10850000,21700.00000350337,-50225.8239949946,296.87284118819036
10855000,21710.000003505407,-50823.232089491416,303.43979545236914
10860000,21720.000003507444,-50965.27432138764,298.06107473936373
10865000,21730.00000350948,-50642.7095368343,296.9010022576227
10870000,21740.00000351152,-50688.65823304345,293.31268896217443
10875000,21750.000003513556,-50719.298323710565,295.1700874903906
10880000,21760.000003515594,-50883.37226980709,305.97116918343306
10885000,21770.00000351763,-50670.352346194995,295.3325762247151
10890000,21780.000003519668,-50673.42101551275,301.1085881738467
10895000,21790.000003521705,-50593.65201467546,289.24589141133526
10900000,21800.000003523743,-50546.01319797538,293.5429958739227
10905000,21810.00000352578,-50678.393561461126,297.7213683074148
10910000,21820.000003527817,-50839.039391496946,300.91669965118683
10915000,21830.000003529854,-50677.41711903736,301.7034608295097
10920000,21840.00000353189,-50690.634395343746,305.6105203663462
10925000,21850.00000353393,-50639.073078790825,299.05262833248764
10930000,21860.000003535966,-50573.79089203989,302.02775365826193
10935000,21870.000003538004,-50162.82592477524,301.9866896336257
10940000,21880.00000354004,-50810.55691302492,302.89342257170665
10945000,21890.000003542078,-50511.332049484976,293.5744611841843
10950000,21900.000003544115,-51062.16097203319,293.00815367776784
10955000,21910.000003546153,-50492.11986837388,299.7285349854668
10960000,21920.00000354819,-50639.28378045268,297.58091817771964
10965000,21930.000003550227,-50603.87826986806,296.0872745376308
10970000,21940.000003552264,-50685.34258676923,305.6079051057687
10975000,21950.0000035543,-50681.89531893653,292.262080099515
10980000,21960.00000355634,-50514.44906950547,302.5535748512534
10985000,21970.000003558376,-50831.69521154475,293.88824113799194
10990000,21980.000003560413,-50946.76774947281,307.6557250221647
10995000,21990.00000356245,-50619.79309858542,298.69517696039
11000000,22000.000003564488,-50548.823608304025,298.41550209875953
11005000,22010.000003566525,-50546.02079443252,287.26555371269194
11010000,22020.000003568563,-50862.26177529342,304.9407045449669
11015000,22030.0000035706,-50846.886083321326,301.4424554707765
11020000,22040.000003572637,-50771.668235424906,298.3271194827808
11025000,22050.000003574674,-50772.84579335418,291.21068244670863
11030000,22060.00000357671,-50708.51870186807,295.3858796686628
11035000,22070.00000357875,-50671.14051321577,306.6692941482307
11040000,22080.000003580786,-50840.312490478565,300.69958854129527
11045000,22090.000003582823,-50417.11227527156,301.45369564974993
11050000,22100.00000358486,-50824.83275317267,294.10579190034105
11055000,22110.000003586898,-50424.16203992686,297.9468043236852
11060000,22120.000003588935,-50538.95534214465,304.09964427688897
11065000,22130.000003590972,-50484.91020563408,300.0230571567599
11070000,22140.00000359301,-50666.79310124894,301.0502725174216
11075000,22150.000003595047,-50586.79821988597,298.18271561598306
11080000,22160.000003597084,-50468.5646984248,295.9186629843551
11085000,22170.00000359912,-50728.05216436909,297.7643617701848
11090000,22180.00000360116,-50910.65670573979,302.13996266197705
11095000,22190.000003603196,-50806.71218776988,297.52646865193117
11100000,22200.000003605233,-50782.19858253517,299.5215058770475
11105000,22210.00000360727,-50959.35372835657,297.32367429095297
11110000,22220.000003609308,-50761.1252444429,296.3075250796865
11115000,22230.000003611345,-51039.11301447192,303.4858244181613
11120000,22240.000003613382,-50620.87216570246,289.05217991822406
11125000,22250.00000361542,-50527.620149908966,300.7725559973273
11130000,22260.000003617457,-50579.08227789242,294.56606474261275
11135000,22270.000003619494,-50933.53708189464,289.20956659964804
11140000,22280.00000362153,-50563.48359637128,305.12805878060124
11145000,22290.00000362357,-50427.021033942816,295.59010535929946
11150000,22300.000003625606,-50464.77900797431,307.47220985113813
11155000,22310.000003627643,-50799.617961041455,290.93503681512846
11160000,22320.00000362968,-50781.432905698515,295.70542235329003
11165000,22330.000003631718,-50574.85790916841,302.4970956333291
11170000,22340.000003633755,-50507.825263587525,293.59639981277957
11175000,22350.000003635792,-51040.92234462453,300.1712298467561
11180000,22360.00000363783,-50631.79316441371,294.49020568190747
11185000,22370.000003639867,-50908.14208528388,295.52349874790224
11190000,22380.000003641904,-50872.45464704587,302.78086223762
11195000,22390.00000364394,-50345.90558087011,298.647546228365
11200000,22400.00000364598,-50730.650515041896,303.41701002921496
11205000,22410.000003648016,-50689.33992512469,304.6690613241622
11210000,22420.000003650053,-50826.95035999059,296.4693927197063
11215000,22430.00000365209,-50571.50308257894,291.92949724226975
11220000,22440.000003654128,-50645.62997041724,301.83382891532966
11225000,22450.000003656165,-50452.481538657856,300.4299669711969
11230000,22460.000003658202,-50848.6597644696,306.1285480429465
11235000,22470.00000366024,-50788.89641455302,297.47031437688184
11240000,22480.000003662277,-50616.53172590688,301.4253382514562
11245000,22490.000003664314,-50555.95046035055,300.92077731059237
11250000,22500.00000366635,-50655.28662417983,303.98371725836887
11255000,22510.00000366839,-50450.15456409237,303.3135566973052
11260000,22520.000003670426,-50632.42438654366,297.36956086270294
11265000,22530.000003672463,-51001.61369578508,298.39419555064006
11270000,22540.0000036745,-50907.81052661341,295.96800095858
11275000,22550.000003676538,-50549.44775707129,300.9487993952733
11280000,22560.000003678575,-50467.38648542948,294.9132425774472
11285000,22570.000003680612,-50922.23284890628,296.92983328366654
11290000,22580.00000368265,-50797.268964513496,297.70319141274655
11295000,22590.000003684687,-50619.79021442804,292.89471613973717
11300000,22600.000003686724,-50377.15847537739,292.80779097573986
11305000,22610.00000368876,-50720.67935275906,301.2195939040914
11310000,22620.0000036908,-50764.93313540259,305.055496395438
11315000,22630.000003692836,-50893.73642437332,291.71809731527884
11320000,22640.000003694873,-50357.98377796149,293.9418886478831
11325000,22650.00000369691,-50464.022197357815,297.26332512015557
11330000,22660.000003698948,-50299.59483494618,295.5267685750106
11335000,22670.000003700985,-50981.70563775493,305.7706164807943
11340000,22680.000003703022,-50533.07760808358,297.4245763919503
11345000,22690.00000370506,-50591.44923918648,301.6210034686993
11350000,22700.000003707097,-50587.76530077521,293.9258597928373
11355000,22710.000003709134,-50846.78115155586,291.786827675954
11360000,22720.00000371117,-50563.687315335614,304.3145939853087
11365000,22730.00000371321,-50842.191726154124,289.20042417918484
11370000,22740.000003715246,-50300.62259878288,298.84677434851665
11375000,22750.000003717283,-50438.49274395581,298.443469978287
11380000,22760.00000371932,-50891.33758917832,301.02387199489084
11385000,22770.000003721358,-50701.28207739466,299.9808648653515
11390000,22780.000003723395,-50476.079403721815,286.9122926298573
11395000,22790.000003725432,-50760.55845637378,291.44668675348794
11400000,22800.00000372747,-50842.30964070937,289.8780386772316
11405000,22810.000003729507,-50826.204234662466,293.89177174396167
11410000,22820.000003731544,-50841.933475965925,291.8569954939881
11415000,22830.00000373358,-50800.88521917304,299.74709668074115
11420000,22840.00000373562,-50691.72472319947,298.5339851797322
11425000,22850.000003737656,-50465.66803007139,299.4722936960806
11430000,22860.000003739693,-50397.8587907257,295.89360807660194
11435000,22870.00000374173,-50849.72727914312,303.2736358787429
11440000,22880.000003743768,-50491.94827865079,300.8100626541467
11445000,22890.000003745805,-50770.84009351782,293.1289973101982
11450000,22900.000003747842,-50908.51776615766,302.0085115215671
11455000,22910.00000374988,-50836.12078554329,292.4324201162762
11460000,22920.000003751917,-50559.01896096015,294.6501253672437
11465000,22930.000003753954,-50842.13729575978,297.39605292939996
11470000,22940.00000375599,-50852.114086874266,299.6861751805815
11475000,22950.00000375803,-50834.27530527525,303.10616213455256
11480000,22960.000003760066,-50984.82721642766,296.12377058981207
11485000,22970.000003762103,-50507.839749343635,298.39662226894654
11490000,22980.00000376414,-50920.06806167049,296.5002977804974
11495000,22990.000003766178,-50713.58857846615,309.7496324066569
11500000,23000.000003768215,-51065.381751439825,308.00771359616164
11505000,23010.000003770252,-51224.80866131367,294.85772385494255
11510000,23020.00000377229,-50640.18073506359,297.5767206305357
11515000,23030.000003774327,-50470.69169241545,296.45471517711906
11520000,23040.000003776364,-50835.73608991981,299.3479337785388
11525000,23050.0000037784,-50743.25837785567,299.79544869370073
11530000,23060.00000378044,-50549.79792130919,295.4939681130856
11535000,23070.000003782476,-50986.928427743405,301.6081229460858
11540000,23080.000003784513,-50645.091543935065,295.0932547413127
11545000,23090.00000378655,-51158.10664580896,295.3987936873953
11550000,23100.000003788587,-50994.598317207594,301.58254686361994
11555000,23110.000003790625,-50744.25119828447,303.31078047792874
11560000,23120.000003792662,-50766.15983107296,295.631383455886
11565000,23130.0000037947,-51088.1108306144,306.49644140624235
11570000,23140.000003796737,-50918.539543218794,299.16501692101525
11575000,23150.000003798774,-50414.4640361412,292.3031278828788
11580000,23160.00000380081,-50671.38616533537,296.1452188106793
11585000,23170.00000380285,-50945.686234802706,298.5490593302283
11590000,23180.000003804886,-50707.89075138935,296.88906326671616
11595000,23190.000003806923,-50923.258700164355,291.3765691910872
11600000,23200.00000380896,-50594.88495580162,302.45970405226086
11605000,23210.000003810997,-50864.4401808519,297.65920815389654
11610000,23220.000003813035,-50584.579566253815,302.80198412551493
11615000,23230.000003815072,-50913.15298772155,298.1010632237679
11620000,23240.00000381711,-50311.07643255114,304.247326920027
11625000,23250.000003819147,-50882.93943692776,301.3933288953582
11630000,23260.000003821184,-50254.462126487226,293.274011466914
11635000,23270.00000382322,-50779.453870210506,296.4102677417914
11640000,23280.00000382526,-50634.70181559288,298.9258021754436
11645000,23290.000003827296,-50462.2970754765,293.0371593555135
11650000,23300.000003829333,-50452.161905796005,298.1758605441685
11655000,23310.00000383137,-50158.973407577054,304.39427439166883
11660000,23320.000003833407,-51043.684142703394,290.4840570987395
11665000,23330.000003835445,-50860.206473756494,299.9325712647211
11670000,23340.000003837482,-50828.64440774001,296.0541230992645
11675000,23350.00000383952,-50929.3449733092,298.779457968346
11680000,23360.000003841556,-50501.96928341471,298.9462678361091
11685000,23370.000003843594,-50798.0586239649,303.82638842610754
11690000,23380.00000384563,-50398.562327758525,291.65621382625505
11695000,23390.00000384767,-50326.999611753534,291.3721549759488
11700000,23400.000003849706,-50507.875972754846,301.28275764156314
11705000,23410.000003851743,-50824.51377317836,296.1850577245117
11710000,23420.00000385378,-50487.02756173271,300.2387211805138
11715000,23430.000003855817,-50732.83436419122,299.68863081952475
11720000,23440.000003857855,-50612.363368334976,294.52650261986486
11725000,23450.000003859892,-50583.694591989944,298.11805749410956
11730000,23460.00000386193,-50709.94039712066,292.5658917191348
11735000,23470.000003863966,-50799.32116281139,298.0418399357124
11740000,23480.000003866004,-50579.22777525129,302.0487805668885
11745000,23490.00000386804,-50705.52910482962,294.71100402000167
11750000,23500.00000387008,-50251.51424449196,291.9282352664283
11755000,23510.000003872115,-50587.817536468094,292.242226581537
11760000,23520.000003874153,-50740.11134300564,305.3022070844424
11765000,23530.00000387619,-50904.32755801472,297.60004667686576
11770000,23540.000003878227,-50997.225845443725,298.2780372632148
11775000,23550.000003880265,-50584.62509673345,301.0662897957091
11780000,23560.000003882302,-50763.61854937463,299.13826094893653
11785000,23570.00000388434,-50739.09410119685,300.7348585079793
11790000,23580.000003886376,-50662.842940618924,297.0052471741034
11795000,23590.000003888414,-50747.870156512945,301.3149654049703
11800000,23600.00000389045,-50682.87608442345,299.83167719741004
11805000,23610.000003892488,-50776.90351814186,302.4286144960238
11810000,23620.000003894525,-50793.04954716377,301.4433228157965
11815000,23630.000003896563,-50545.06377566603,294.0014904521957
11820000,23640.0000038986,-50610.400051995646,288.0915046251411
11825000,23650.000003900637,-50804.010494297545,291.19443739859656
11830000,23660.000003902675,-50663.494680273056,302.2484035178218
11835000,23670.00000390471,-50923.430567170435,297.71031590286543
11840000,23680.00000390675,-50495.48024127266,296.37796199610517
11845000,23690.000003908786,-50833.51653281291,300.321885164212
11850000,23700.000003910824,-50658.073325883306,300.8070018576834
11855000,23710.00000391286,-50746.81917082265,298.95641255367644
11860000,23720.000003914898,-50611.788725961,296.3520161073857
11865000,23730.000003916935,-50857.89764985244,293.17398411058497
11870000,23740.000003918973,-50665.59264017444,303.3163996616962
11875000,23750.00000392101,-50619.16441673247,292.71855671120926
11880000,23760.000003923047,-50239.837037065736,303.99156011270196
11885000,23770.000003925084,-50393.40812590107,301.1623013507874
11890000,23780.00000392712,-50788.34309046983,293.7337138770368
11895000,23790.00000392916,-50794.70526361509,299.19250239263306
11900000,23800.000003931196,-50660.12992058191,302.8774011015142
11905000,23810.000003933234,-50782.40126469004,299.6791778986928
11910000,23820.00000393527,-50412.33468218011,294.80960472823085
11915000,23830.000003937308,-50918.15609214478,305.932818477629
11920000,23840.000003939345,-50361.87473937895,296.51491309025306
11925000,23850.000003941383,-50948.319711086166,303.2683359517132
11930000,23860.00000394342,-50361.04980890252,293.0616384495481
11935000,23870.000003945457,-50623.70504781019,294.7941677650687
11940000,23880.000003947494,-50966.36545340455,290.0450196672799
11945000,23890.00000394953,-51058.575734875514,295.8476143036736
11950000,23900.00000395157,-50742.10132627707,295.4741742822304
11955000,23910.000003953606,-50802.72637093312,293.58192809916454
11960000,23920.000003955643,-50691.98278697365,294.67689979453957
11965000,23930.00000395768,-50437.30658576902,303.1688021181805
11970000,23940.000003959718,-50512.767128704174,294.22935407821643
11975000,23950.000003961755,-50909.30804351915,300.31050535643146
11980000,23960.000003963793,-50869.30918798101,307.7206100000254
11985000,23970.00000396583,-50609.61301243305,305.56295210242206
11990000,23980.000003967867,-50730.156064258044,299.92444544264214
11995000,23990.000003969904,-50756.706508364936,300.8784820897137
12000000,24000.00000397194,-50613.44988304915,296.7041954070005
12005000,24010.00000397398,-50413.455534307344,302.46927404090314
12010000,24020.000003976016,-50437.62939582529,298.56155867297457
12015000,24030.000003978053,-50708.085929177614,291.9115413005986
12020000,24040.00000398009,-50112.20509238017,296.9903794125456
12025000,24050.000003982128,-50477.851599056274,296.6156552439858
12030000,24060.000003984165,-51021.753515278106,296.3333607977815
12035000,24070.000003986203,-50763.20191547094,299.79053785577497
12040000,24080.00000398824,-50334.68143125909,299.02808541599825
12045000,24090.000003990277,-50864.21235051344,302.5836924941646
12050000,24100.000003992314,-50563.602859363804,293.8785483052447
12055000,24110.00000399435,-50733.97103488067,302.323902016363
12060000,24120.00000399639,-50817.42945622982,299.0121427504539
12065000,24130.000003998426,-51076.94515364387,288.4280516029649
12070000,24140.000004000463,-50513.90690124,300.4883228268355
12075000,24150.0000040025,-50899.63353191005,294.4090938212061
12080000,24160.000004004538,-50816.70471223755,288.84528649233425
12085000,24170.000004006575,-50403.09700351118,302.78934822437634
12090000,24180.000004008612,-50992.637386164686,297.5001614676731
12095000,24190.00000401065,-50592.14789287883,305.6965919817021
12100000,24200.000004012687,-50488.53670380282,301.50602994486036
12105000,24210.000004014724,-50671.40714071278,300.9381012658354
12110000,24220.00000401676,-50736.72176488562,297.74624989703614
12115000,24230.0000040188,-50962.79308872408,296.17041941120254
12120000,24240.000004020836,-50605.7585535869,297.86840473473376
12125000,24250.000004022873,-50999.76493530744,297.82135165625493
12130000,24260.00000402491,-50889.7741722342,306.27214414360526
12135000,24270.000004026948,-50806.66337145603,298.83902008086125
12140000,24280.000004028985,-50380.90877436561,298.4657179162442
12145000,24290.000004031022,-50560.78159405512,294.0212235614352
12150000,24300.00000403306,-50601.8466685981,296.7976924704603
12155000,24310.000004035097,-50492.57880632288,297.28657512869586
12160000,24320.000004037134,-50627.714808277495,301.8493195325674
12165000,24330.00000403917,-50433.01614731486,291.89038469702086
12170000,24340.00000404121,-50824.37473411948,294.65107836197853
12175000,24350.000004043246,-50929.988545577304,292.13900495385445
12180000,24360.000004045283,-50569.83748918417,306.70966864472257
12185000,24370.00000404732,-50593.91575067004,293.38621425995643
12190000,24380.000004049358,-50566.682362569845,301.61130526770944
12195000,24390.000004051395,-50833.532395132264,295.34634384862653
12200000,24400.000004053432,-50701.178872970864,301.15410272444205
12205000,24410.00000405547,-50874.47206988183,301.2086763482484
12210000,24420.000004057507,-50584.53380710614,300.51862319490556
12215000,24430.000004059544,-50709.381127385335,304.11776190508397
12220000,24440.00000406158,-50424.51470619958,298.480179921501
12225000,24450.00000406362,-50800.53786029044,308.14350250414316
12230000,24460.000004065656,-50817.60172021159,290.7548013054499
12235000,24470.000004067693,-50614.349839257484,292.91939931225113
12240000,24480.00000406973,-50924.789757367136,302.4742987273241
12245000,24490.000004071768,-50631.26411389091,296.06884367806566
12250000,24500.000004073805,-50666.14600895802,298.75062318975176
12255000,24510.000004075842,-50592.01592992293,299.11537901460554
12260000,24520.00000407788,-50576.97528479426,305.80467144383795
12265000,24530.000004079917,-50717.36368980407,288.0477546177283
12270000,24540.000004081954,-50892.153260658146,291.2591434238788
12275000,24550.00000408399,-50748.31897973732,301.45022887570576
12280000,24560.00000408603,-50615.14152814227,286.71572249591776
12285000,24570.000004088066,-50738.53674886012,294.1307604472578
12290000,24580.000004090103,-50794.02188495893,301.6579421616936
12295000,24590.00000409214,-50541.33621006468,299.41977570204693
12300000,24600.000004094178,-50920.24365322504,299.6663722269855
12305000,24610.000004096215,-50706.537197916216,296.11248874549915
12310000,24620.000004098252,-50605.05986637005,303.1966783066582
12315000,24630.00000410029,-50471.80322014235,304.48070118182187
12320000,24640.000004102327,-50274.08359164177,297.592863160018
12325000,24650.000004104364,-50725.657811441924,304.12526233124464
12330000,24660.0000041064,-50633.7906701747,303.7803456086862
12335000,24670.00000410844,-50964.770038471615,299.2677295938785
12340000,24680.000004110476,-50787.71048084996,291.3059457862151
12345000,24690.000004112513,-50848.38610979961,297.43125664204183
12350000,24700.00000411455,-50868.34907267464,298.29936516702435
12355000,24710.000004116588,-50442.02053222447,299.9311819556492
12360000,24720.000004118625,-50554.8030745108,294.9660171226177
12365000,24730.000004120662,-50718.75156361901,306.4550236171469
12370000,24740.0000041227,-50675.40529668148,303.3372077983645
12375000,24750.000004124737,-50763.58961715177,305.64892003445414
12380000,24760.000004126774,-50547.58022578311,304.56567379852703
12385000,24770.00000412881,-50660.242812056094,309.24511730975996
12390000,24780.00000413085,-50752.87682604103,301.1945361567321
12395000,24790.000004132886,-50627.5761590208,289.8550180638895
12400000,24800.000004134923,-50610.632092806336,297.09650340985274
12405000,24810.00000413696,-50498.629595376464,305.7597223565816
12410000,24820.000004138998,-50566.44290940813,292.6702486166963
12415000,24830.000004141035,-50485.51669967524,300.6230069215405
12420000,24840.000004143072,-51102.695225005795,293.86522250898116
12425000,24850.00000414511,-50615.91808196728,298.72281808868144
12430000,24860.000004147147,-50079.68622857824,302.6894291904607
12435000,24870.000004149184,-50788.059254399064,310.523700497628
12440000,24880.00000415122,-50629.38535846333,296.5274110076093
12445000,24890.00000415326,-50637.49287812057,302.5035515649729
12450000,24900.000004155296,-50581.48961514229,299.02473844367336
12455000,24910.000004157333,-50612.905372352485,297.18669297303927
12460000,24920.00000415937,-50998.07540382899,309.45896014069405
12465000,24930.000004161408,-50530.75442637451,296.1220479916428
12470000,24940.000004163445,-50845.65840123355,288.62435327947384
12475000,24950.000004165482,-50927.58532365496,295.7859053136601
12480000,24960.00000416752,-50927.97084833073,292.0926137143969
12485000,24970.000004169557,-50623.913087683846,300.2311145028725
12490000,24980.000004171594,-50411.50370818208,298.5508361053191
12495000,24990.00000417363,-50599.69685395819,294.83530509256065
12500000,25000.00000417567,-51156.76449548922,304.6591086753523
12505000,25010.000004177706,-50718.35407517187,301.26301257348854
12510000,25020.000004179743,-50914.12578680762,299.99200734186087
12515000,25030.00000418178,-50482.85145823291,300.3145917727765
12520000,25040.000004183818,-50780.21151132765,297.9495869598723
12525000,25050.000004185855,-50803.38657591323,297.866241136432
12530000,25060.000004187892,-50793.9604713998,302.16256744898635
12535000,25070.00000418993,-50492.947246404015,300.87780471097864
12540000,25080.000004191967,-50914.108630301605,303.1645805733053
12545000,25090.000004194004,-50653.44574131037,306.3253397814879
12550000,25100.00000419604,-50903.14263644413,309.15462473911884
12555000,25110.00000419808,-50509.494873763295,306.1565108149685
12560000,25120.000004200116,-50574.70228979015,297.0394995309902
12565000,25130.000004202153,-50651.67525134998,298.21639447594697
12570000,25140.00000420419,-51139.874034818786,299.6773432403376
12575000,25150.000004206227,-50754.17687989565,298.75007750863494
12580000,25160.000004208265,-50943.7758037071,299.1428118141323
12585000,25170.000004210302,-51023.9318213315,299.8556750542547
12590000,25180.00000421234,-50696.74447267331,295.0168885094092
12595000,25190.000004214377,-50657.85803459247,304.6903983550134
12600000,25200.000004216414,-50590.24640852565,292.38510398334626
12605000,25210.00000421845,-50627.01580059697,301.3667999606788
12610000,25220.00000422049,-50980.50138916378,302.2108299771099
12615000,25230.000004222526,-50369.76018128067,297.03364320560036
12620000,25240.000004224563,-50932.534343996726,290.08865066030046
12625000,25250.0000042266,-50951.304581900535,306.1905213989949
12630000,25260.000004228637,-50589.75453404564,301.9511107020507
12635000,25270.000004230675,-50908.92824312742,298.4438487098349
12640000,25280.000004232712,-51091.691190730664,305.56139885240157
12645000,25290.00000423475,-50705.967906858714,298.9898523182075
12650000,25300.000004236786,-50868.728780800884,301.8267648543439
12655000,25310.000004238824,-50643.845081809704,293.86181539006094
12660000,25320.00000424086,-50216.16586803738,302.22354283282164
12665000,25330.0000042429,-50858.08837714302,299.52747703037244
12670000,25340.000004244936,-50504.55462893931,295.17454450489305
12675000,25350.000004246973,-50525.81649998721,295.05722183603007
12680000,25360.00000424901,-50775.206232259865,294.33042992530835
12685000,25370.000004251047,-50674.64714418116,300.944445901406
12690000,25380.000004253085,-50824.9345486426,283.8527811937251
12695000,25390.000004255122,-50621.248963809834,294.0327854479851
12700000,25400.00000425716,-50704.952615623246,300.24749646487874
12705000,25410.000004259196,-50971.52084569304,306.75500633713904
12710000,25420.000004261234,-50409.645097056724,295.60821709625833
12715000,25430.00000426327,-50394.27316792929,296.1001986968645
12720000,25440.00000426531,-50719.44172839835,296.43868651107783
12725000,25450.000004267346,-51066.560391651816,293.12580822155695
12730000,25460.000004269383,-50914.756526000594,301.06009977040424
12735000,25470.00000427142,-50859.3603380791,291.84244147245505
12740000,25480.000004273457,-50512.89279340266,300.5685270628565
12745000,25490.000004275495,-50610.24767199182,307.9749492957647
12750000,25500.000004277532,-50595.93867407195,301.6762669640116
12755000,25510.00000427957,-50629.09383798821,301.370656152351
12760000,25520.000004281606,-50543.99225100363,295.71644157822067
12765000,25530.000004283644,-50882.06845435072,296.308319108735
12770000,25540.00000428568,-50989.636857090314,303.665487330033
12775000,25550.00000428772,-50657.158671635174,297.0623686919664
12780000,25560.000004289755,-50834.98096529915,297.807841366501
12785000,25570.000004291793,-50633.82160428044,295.632297795509
12790000,25580.00000429383,-50563.057774021785,297.39471806870193
12795000,25590.000004295867,-50780.34901161792,299.5039082264188
12800000,25600.000004297905,-50504.02168374849,295.23467549834
12805000,25610.00000429994,-50599.35333290725,291.0561647534598
12810000,25620.00000430198,-50552.96157210591,296.73466770019223
12815000,25630.000004304016,-51043.02790786713,305.9882831057345
12820000,25640.000004306054,-50747.13578721823,304.846645710077
12825000,25650.00000430809,-50808.96658153142,301.912912273572
12830000,25660.000004310128,-51070.44774937656,294.730777178279
12835000,25670.000004312165,-50592.62535492331,302.0138692580119
12840000,25680.000004314203,-50603.68345701709,295.6845231026616
12845000,25690.00000431624,-50897.26500503931,301.1449660249106
12850000,25700.000004318277,-50639.061209571635,289.7699232292139
12855000,25710.000004320314,-50768.53330061614,296.7985894330038
12860000,25720.00000432235,-50748.34981676628,298.07511660187157
12865000,25730.00000432439,-50339.405257069244,293.9757402365269
12870000,25740.000004326426,-50761.50878201009,290.75840193900245
12875000,25750.000004328464,-50853.85295159716,300.3378043175934
12880000,25760.0000043305,-50662.88787980273,298.3563540721364
12885000,25770.000004332538,-51021.20108560921,288.1804648030763
12890000,25780.000004334575,-50817.99257478537,294.45700156098496
12895000,25790.000004336613,-50521.56700258903,294.70360115914883
12900000,25800.00000433865,-50532.10485494582,298.44811123019826
12905000,25810.000004340687,-51004.40669405367,299.9771439926332
12910000,25820.000004342724,-50645.13484399853,295.13133662363305
12915000,25830.00000434476,-50596.476980180945,299.2637471871514
12920000,25840.0000043468,-50495.392056893674,295.25771731963005
12925000,25850.000004348836,-50304.027454619645,290.96565700949884
12930000,25860.000004350873,-50703.48707662494,289.58390755566774
12935000,25870.00000435291,-50807.61574515229,289.0693214269525
12940000,25880.000004354948,-50226.1041707992,302.0231773878381
12945000,25890.000004356985,-51054.407581850566,306.3792763419207
12950000,25900.000004359023,-50544.684297632484,300.99093101580746
12955000,25910.00000436106,-51103.536478302674,302.151979070123
12960000,25920.000004363097,-50251.04719914554,292.79427786213444
12965000,25930.000004365134,-50837.185820461455,295.969069322007
12970000,25940.00000436717,-50470.77529978304,302.4533665768323
12975000,25950.00000436921,-50441.04653275237,300.9920788176705
12980000,25960.000004371246,-50411.6331536099,303.16145020492996
12985000,25970.000004373283,-50761.73562455087,292.4106128576357
12990000,25980.00000437532,-50419.42471415337,305.9963563918867
12995000,25990.000004377358,-50943.74045245355,300.0583151061996
13000000,26000.000004379395,-50823.788802187046,296.12481211317345
13005000,26010.000004381433,-50820.16301347496,297.30572182978915
13010000,26020.00000438347,-50744.74324055048,290.38101616562045
13015000,26030.000004385507,-50702.53907255444,293.2901039251404
13020000,26040.000004387544,-50737.26931574993,298.57776227752396
13025000,26050.00000438958,-50392.21934003022,298.3906103427041
13030000,26060.00000439162,-50756.93947173195,292.8601863862842
13035000,26070.000004393656,-50406.11020184046,298.47355802232426
13040000,26080.000004395693,-50583.88015122965,291.65167338292645
13045000,26090.00000439773,-50547.034031995165,296.2652335242502
13050000,26100.000004399768,-50808.61308684785,298.400104653114
13055000,26110.000004401805,-50578.334194772324,294.6192481647515
13060000,26120.000004403842,-50690.20660350262,298.9512680757388
13065000,26130.00000440588,-50924.217619087925,299.53082074989726
13070000,26140.000004407917,-50458.00463765592,285.45994541161116
13075000,26150.000004409954,-50274.66284685736,299.8285115870531
13080000,26160.00000441199,-51214.06194733165,301.1867141764799
13085000,26170.00000441403,-50813.039107319986,301.6687616181309
13090000,26180.000004416066,-50562.7635910465,305.96815148534824
13095000,26190.000004418103,-50487.69827893359,300.4088342764984
13100000,26200.00000442014,-50812.0630956628,298.48945832732903
13105000,26210.000004422178,-50645.6917592464,303.76833366307557
13110000,26220.000004424215,-50423.660014681285,306.42341274381613
13115000,26230.000004426252,-50778.030087382096,293.07341311494486
13120000,26240.00000442829,-50655.983476885594,302.81886316695517
13125000,26250.000004430327,-50825.26631589208,298.9569457148926
13130000,26260.000004432364,-51054.18919504853,300.73220250351056
13135000,26270.0000044344,-50780.82779467403,304.81774240160365
13140000,26280.00000443644,-50580.79600162839,301.0015505774655
13145000,26290.000004438476,-50720.66428994981,306.6228869971631
13150000,26300.000004440513,-50421.531577778194,301.4622073698099
13155000,26310.00000444255,-50742.84551477141,302.7641125728046
13160000,26320.000004444588,-51084.31252958113,305.8767515944168
13165000,26330.000004446625,-50786.47456540668,291.41450385819996
13170000,26340.000004448662,-50798.0904794847,300.16136369973316
13175000,26350.0000044507,-50422.82257668016,292.1965477488159
13180000,26360.000004452737,-50776.883232512395,296.9977841637574
13185000,26370.000004454774,-50903.85840152987,294.2752656166589
13190000,26380.00000445681,-50547.622802815575,296.0997803329266
13195000,26390.00000445885,-50815.98343515914,293.05682192523875
13200000,26400.000004460886,-50657.51233293643,298.9636519903236
13205000,26410.000004462923,-50723.10090488833,292.85926088468955
13210000,26420.00000446496,-50517.41838486068,301.73389673666543
13215000,26430.000004466998,-50383.753516308294,296.7167251503692
13220000,26440.000004469035,-50750.712436392496,296.72418472515665
13225000,26450.000004471072,-50491.491711585,307.2621019169894
13230000,26460.00000447311,-51095.91812895343,293.8495363376424
13235000,26470.000004475147,-50841.061647678376,299.28854503485445
13240000,26480.000004477184,-50791.97287124657,302.86153018742124
13245000,26490.00000447922,-50600.43358768424,295.9726346325956
13250000,26500.00000448126,-50977.38660033228,301.1770072450202
13255000,26510.000004483296,-50489.19060648931,300.8851499973647
13260000,26520.000004485333,-50447.08788304005,302.0898001943239
13265000,26530.00000448737,-50984.22025949412,296.71835108403974
13270000,26540.000004489408,-50574.11931474836,305.4922139392109
13275000,26550.000004491445,-50653.728628204844,300.25723195623027
13280000,26560.000004493482,-50756.17125599994,298.92849659919546
13285000,26570.00000449552,-50595.24294885254,300.2299028426049
13290000,26580.000004497557,-50641.64518553289,298.17949377340483
13295000,26590.000004499594,-50512.22942758293,295.7249809053222
13300000,26600.00000450163,-50589.26468917605,301.7718296396156
13305000,26610.00000450367,-50208.459135562676,301.4856669388865
13310000,26620.000004505706,-50530.21340029192,298.5425428915044
13315000,26630.000004507743,-51159.153861998144,301.1032416621413
13320000,26640.00000450978,-50636.53734716537,298.7100784824364
13325000,26650.000004511818,-50597.109626627906,289.28543397194204
13330000,26660.000004513855,-50700.8165114967,294.232693997601
13335000,26670.000004515892,-50482.96338365137,299.90796660105127
13340000,26680.00000451793,-50796.87709081519,300.066754214437
13345000,26690.000004519967,-50509.31105944683,300.61058924558904
13350000,26700.000004522004,-50795.905678837385,293.3250467840105
13355000,26710.00000452404,-50677.80430155032,292.23496316540053
13360000,26720.00000452608,-50586.50437395228,298.86977005893743
13365000,26730.000004528116,-50816.21734126148,294.8437108809045
13370000,26740.000004530153,-50845.78916452595,295.3739407800248
13375000,26750.00000453219,-50917.882033716276,298.0056887214207
13380000,26760.000004534228,-51178.23036611843,295.93058857263026
13385000,26770.000004536265,-50604.205357025465,311.4953535788368
13390000,26780.000004538302,-50706.1957616765,297.47578758625434
13395000,26790.00000454034,-50520.9289812287,300.62727750716175
13400000,26800.000004542377,-50845.017162224016,296.5822190473059
13405000,26810.000004544414,-50788.515291058604,299.7217311414303
13410000,26820.00000454645,-50457.59789736543,304.4709087721768
13415000,26830.00000454849,-50491.05438229945,300.3877378393994
13420000,26840.000004550526,-50510.105109911034,295.7439138231577
13425000,26850.000004552563,-50530.80906368641,300.64704211101804
13430000,26860.0000045546,-50653.327863120096,296.1904290139426
13435000,26870.000004556638,-50722.904530996166,285.34698431635724
13440000,26880.000004558675,-50659.05306418493,295.10403504310807
13445000,26890.000004560712,-50380.56022927142,294.3541641489479
13450000,26900.00000456275,-50863.631993945775,291.70239929908405
13455000,26910.000004564787,-50586.16724247197,295.59174209549127
13460000,26920.000004566824,-50503.35431577021,299.52985710539633
13465000,26930.00000456886,-50289.04956741948,292.63677905613997
13470000,26940.0000045709,-50476.03907886305,298.9453506937606
13475000,26950.000004572936,-50538.2977479164,304.27997236724946
13480000,26960.000004574973,-50435.91291439958,302.56648329987075
13485000,26970.00000457701,-50683.86985090221,303.6143778694285
13490000,26980.000004579048,-50489.756222176424,297.89083471179026
13495000,26990.000004581085,-50760.904886854405,296.7415938891778
13500000,27000.000004583122,-50607.89008999849,293.811658548728
13505000,27010.00000458516,-50304.122142000124,306.44812734754674
13510000,27020.000004587197,-50838.43791177031,287.14075289100566
13515000,27030.000004589234,-50846.053742199205,293.68120595200105
13520000,27040.00000459127,-50309.472420281294,295.76961866579353
13525000,27050.00000459331,-50832.52626446434,300.3180516782122
13530000,27060.000004595346,-50626.714694698196,294.4299514578696
13535000,27070.000004597383,-50812.076468307554,295.49025763998566
13540000,27080.00000459942,-50739.38337180155,298.90701653724074
13545000,27090.000004601457,-50454.173182778875,302.0498506197929
13550000,27100.000004603495,-51200.21574919572,291.3643916851379
13555000,27110.000004605532,-50793.24694589205,303.21362728186307
13560000,27120.00000460757,-50613.799800433306,292.72200816770976
13565000,27130.000004609607,-50247.66009097628,306.0264978241722
13570000,27140.000004611644,-50661.74052357004,298.2570029533639
13575000,27150.00000461368,-51053.46580186291,301.43256614697765
13580000,27160.00000461572,-50806.933859473036,293.958421701365
13585000,27170.000004617756,-50596.042289529636,294.53428718872675
13590000,27180.000004619793,-50679.5788904365,297.4192705558907
13595000,27190.00000462183,-50403.368621383794,294.6732740052124
13600000,27200.000004623867,-50063.141989616444,301.4718203323843
13605000,27210.000004625905,-50783.034456050256,288.68197265034223
13610000,27220.000004627942,-51192.31501714801,306.1955026670215
13615000,27230.00000462998,-50985.075735773135,290.10809727022274
13620000,27240.000004632016,-50495.67983317285,296.05447632947465
13625000,27250.000004634054,-50761.63485340492,303.1845590210849
13630000,27260.00000463609,-50142.50131265988,299.2187738528278
13635000,27270.00000463813,-50655.76783650325,296.6210586608683
13640000,27280.000004640166,-50875.13963417077,302.2553038015557
13645000,27290.000004642203,-50379.77705156454,300.1237172064453
13650000,27300.00000464424,-50776.34825881489,298.5464567121151
13655000,27310.000004646277,-50795.29779138992,291.28581700899895
13660000,27320.000004648315,-50529.312327224965,296.36107913847815
13665000,27330.000004650352,-50856.3297254045,293.31460353623044
13670000,27340.00000465239,-50705.04407698792,296.65934881233153
13675000,27350.000004654426,-50990.98588652699,301.0850832063989
13680000,27360.000004656464,-50634.63530197446,300.92637231603203
13685000,27370.0000046585,-50958.53134029862,301.73739467939265
13690000,27380.00000466054,-50564.773033084464,305.5210152754363
13695000,27390.000004662576,-50619.89152510394,291.1272336040626
13700000,27400.000004664613,-50602.725476514344,299.51815769954015
13705000,27410.00000466665,-50941.949254014326,293.93258637878756
13710000,27420.000004668687,-50796.72103098844,299.6145967785887
13715000,27430.000004670725,-50873.19024867963,300.25320005038634
13720000,27440.000004672762,-50914.58020107343,300.28190861207355
13725000,27450.0000046748,-50889.506926828355,293.7376658305154
13730000,27460.000004676836,-50422.401934614,299.5860547213328
13735000,27470.000004678874,-50557.13037887792,301.53560263723364
13740000,27480.00000468091,-50714.714570545824,294.45696304205336
13745000,27490.00000468295,-50436.438928630756,302.84214026049466
13750000,27500.000004684985,-50740.822734745394,297.87489624612954
13755000,27510.000004687023,-50896.880336235976,301.3279729497366
13760000,27520.00000468906,-50453.8466412515,301.2650977349219
13765000,27530.000004691097,-50850.31075279822,300.4159658772058
13770000,27540.000004693135,-50663.815620360285,295.70018127966466
13775000,27550.00000469517,-50845.15540161831,300.1751872715501
13780000,27560.00000469721,-50433.191280391155,297.53340792615563
13785000,27570.000004699246,-50637.19909556146,300.3593794763669
13790000,27580.000004701284,-51011.50125737293,297.75839864563875
13795000,27590.00000470332,-50398.162159474276,298.562224240893
13800000,27600.000004705358,-50866.91812603918,300.50802928419955
13805000,27610.000004707395,-50439.71409243846,300.177041703728
13810000,27620.000004709433,-50825.3667701213,295.91932682126077
13815000,27630.00000471147,-50353.976044446055,304.1688292967998
13820000,27640.000004713507,-50753.3984700295,296.3759230844178
13825000,27650.000004715544,-50560.33246592281,299.941484798523
13830000,27660.00000471758,-50273.6478520541,300.40639709040596
13835000,27670.00000471962,-50827.25510252983,291.2798714176112
13840000,27680.000004721656,-50717.81461489358,306.48604677184176
13845000,27690.000004723694,-50572.20516326712,299.51403224226533
13850000,27700.00000472573,-51312.26020226738,298.64762073333304
13855000,27710.000004727768,-50866.58207996219,299.10465876070526
13860000,27720.000004729805,-50667.665632195596,295.2145371249349
13865000,27730.000004731843,-50658.53114715745,299.11233059484334
13870000,27740.00000473388,-50563.237480126845,296.53397683506864
13875000,27750.000004735917,-50569.81658755502,297.0945674199201
13880000,27760.000004737954,-51021.62975282993,298.3741130089686
13885000,27770.00000473999,-50764.88615230107,299.85484411194494
13890000,27780.00000474203,-50892.376355677145,303.1466537332969
13895000,27790.000004744066,-51137.12473362085,300.2163983380138
13900000,27800.000004746104,-50702.76075754361,296.17026042004284
13905000,27810.00000474814,-50824.5299329329,289.1151967134955
13910000,27820.000004750178,-50679.82408965728,301.22862705398956
13915000,27830.000004752215,-51001.25264380491,301.7789882869669
13920000,27840.000004754253,-50424.369051343674,299.00790690441596
13925000,27850.00000475629,-50577.30100860528,292.4612049597628
13930000,27860.000004758327,-50620.69663047901,298.8315228417793
13935000,27870.000004760364,-50527.385392031516,301.13435148811203
13940000,27880.0000047624,-50385.07271298062,303.3405044079092
13945000,27890.00000476444,-50575.512873094296,298.7154179242451
13950000,27900.000004766476,-50659.16549176772,300.79668769309575
13955000,27910.000004768513,-50734.050625058706,304.15735792743925
13960000,27920.00000477055,-50813.425440598716,296.7163139231315
13965000,27930.000004772588,-50907.38974549054,299.96281225327766
13970000,27940.000004774625,-50599.18394037316,294.8802903056442
13975000,27950.000004776663,-50779.201968260284,300.6278829328525
13980000,27960.0000047787,-50754.398594832426,292.4698381553693
13985000,27970.000004780737,-50909.55966199646,305.39736939876184
13990000,27980.000004782774,-50884.23896513038,291.9408766621924
13995000,27990.00000478481,-50694.21143002625,302.864129911543
14000000,28000.00000478685,-50683.139722168475,298.35691221600774
14005000,28010.000004788886,-50336.527211218345,300.5228533329234
14010000,28020.000004790923,-50641.61964821271,290.59602315187925
14015000,28030.00000479296,-50551.913760657015,296.068714690273
14020000,28040.000004794998,-50477.66729642058,288.7053678984174
14025000,28050.000004797035,-50851.36044074851,287.83331005732015
14030000,28060.000004799072,-50920.08087504099,294.37879888751706
14035000,28070.00000480111,-50756.95958507701,298.10152530948767
14040000,28080.000004803147,-50952.99183574761,290.86583671867237
14045000,28090.000004805184,-50564.7764891831,303.00401595810695
14050000,28100.00000480722,-50448.58766483146,302.5018076869521
14055000,28110.00000480926,-50579.704028266045,293.5040055351227
14060000,28120.000004811296,-50871.663128020795,300.3680998113753
14065000,28130.000004813333,-51156.225489810866,298.1584894482906
14070000,28140.00000481537,-50551.67553010167,303.47925804534754
14075000,28150.000004817408,-50913.98041754859,295.4719269434268
14080000,28160.000004819445,-50638.456737766945,304.6875967371388
14085000,28170.000004821482,-50546.666645912774,300.9470605650659
14090000,28180.00000482352,-50712.927796307806,297.288907817335
14095000,28190.000004825557,-50799.10366401571,295.50475471488403
14100000,28200.000004827594,-50761.51485989755,297.6644752118264
14105000,28210.00000482963,-50572.466233348096,300.9017095636261
14110000,28220.00000483167,-50763.01566387419,298.22830544817737
14115000,28230.000004833706,-50897.71403924574,295.6770271225695
14120000,28240.000004835743,-50651.5762275671,298.10439941454695
14125000,28250.00000483778,-50602.596477131825,303.2932989649226
14130000,28260.000004839818,-50762.600996542926,300.8905590789437
14135000,28270.000004841855,-50358.047932315036,297.026431405609
14140000,28280.000004843892,-50831.48292693638,297.31077463928773
14145000,28290.00000484593,-50918.814463588584,296.4451336055117
14150000,28300.000004847967,-50596.92053442856,287.8963215515623
14155000,28310.000004850004,-50683.71858367961,301.5160832253056
14160000,28320.00000485204,-51277.625608841015,302.5179671855763
14165000,28330.00000485408,-50471.69841447589,308.79812491804717
14170000,28340.000004856116,-50643.584323271556,293.97952866232777
14175000,28350.000004858153,-50353.602224683214,298.2357167645028
14180000,28360.00000486019,-50643.53151694668,301.68333650732535
14185000,28370.000004862228,-50967.486932649306,296.67592667510564
14190000,28380.000004864265,-50842.16451940639,299.1889198220671
14195000,28390.000004866302,-51023.24543237133,298.6242204192828
14200000,28400.00000486834,-50659.60350626931,298.1180258775441
14205000,28410.000004870377,-50740.676802948845,299.09800437831314
14210000,28420.000004872414,-50740.63520001643,291.65288875737735
14215000,28430.00000487445,-50864.50991541176,301.5747493423925
14220000,28440.00000487649,-50867.185506400594,310.1900518589756
14225000,28450.000004878526,-50308.12270753423,299.6496724812921
14230000,28460.000004880563,-50853.52483575541,297.10922743698995
14235000,28470.0000048826,-50418.16435761121,291.76797082296457
14240000,28480.000004884638,-50553.87188035436,297.66302057348184
14245000,28490.000004886675,-50837.5205323424,292.86687229478946
14250000,28500.000004888712,-50632.126087754354,295.6165056903606
14255000,28510.00000489075,-50827.34498013547,292.73519653520117
14260000,28520.000004892787,-50873.533783072024,301.7895080788553
14265000,28530.000004894824,-50690.24177326806,300.0146576963069
14270000,28540.00000489686,-50949.3320645006,300.85092607109215
14275000,28550.0000048989,-50175.0225976425,297.1086696533699
14280000,28560.000004900936,-50717.10860331793,293.61519602431457
14285000,28570.000004902973,-50713.083176996355,289.2152881510157
14290000,28580.00000490501,-50582.412849521,301.64944918851853
14295000,28590.000004907048,-50742.51743728059,297.1029474810948
14300000,28600.000004909085,-50881.78038784332,296.93276611862785
14305000,28610.000004911122,-50611.543031157984,296.11823412601547
14310000,28620.00000491316,-50703.65478279389,303.92188558492705
14315000,28630.000004915197,-50633.56680523284,297.52283035901064
14320000,28640.000004917234,-50547.36105994365,294.5305551798411
14325000,28650.00000491927,-50323.084222781676,296.08879887650437
14330000,28660.00000492131,-50907.529222414916,295.8633523899549
14335000,28670.000004923346,-50983.24247715509,299.27129036558574
14340000,28680.000004925383,-50883.32852917665,302.78114345218376
14345000,28690.00000492742,-50368.12474661169,295.58777170501014
14350000,28700.000004929458,-50291.168140448426,299.09732727070855
14355000,28710.000004931495,-50875.379586469615,297.63908498617724
14360000,28720.000004933532,-50571.44600195522,295.13324959733944
14365000,28730.00000493557,-50576.30227192369,293.36925518276735
14370000,28740.000004937607,-50888.65126820651,301.9604502186174
14375000,28750.000004939644,-50723.37310839462,298.57235870566956
14380000,28760.00000494168,-50823.02634234651,302.34585220921434
14385000,28770.00000494372,-50831.75609073762,294.5428138970821
14390000,28780.000004945756,-50678.623663698,289.82828915170234
14395000,28790.000004947793,-50716.65415380732,296.1323312801079
14400000,28800.00000494983,-50560.424866301735,307.95207302413866
14405000,28810.000004951868,-50757.93716775987,294.513603138558
14410000,28820.000004953905,-50755.62417453874,300.5092759238128
14415000,28830.000004955942,-50332.46960340245,304.58312514635924
14420000,28840.00000495798,-50745.784158719296,297.97268895471717
14425000,28850.000004960017,-50834.75274225901,310.38999956926665
14430000,28860.000004962054,-50733.648704357765,301.1625062008365
14435000,28870.00000496409,-50566.268992147,295.9909806069444
14440000,28880.00000496613,-50493.71204960867,294.19760659215547
14445000,28890.000004968166,-50817.14438593539,301.4002526551107
14450000,28900.000004970203,-50696.26402025594,301.0286825954112
14455000,28910.00000497224,-50858.40764734856,290.05939576411953
14460000,28920.000004974278,-50510.91188938124,301.7089548098646
14465000,28930.000004976315,-50428.20597613888,295.48434631067045
14470000,28940.000004978352,-50871.056068737584,296.81004729257165
14475000,28950.00000498039,-50747.342223537475,304.49265363500206
14480000,28960.000004982427,-50839.796571219515,296.2214571036215
14485000,28970.000004984464,-50895.18887719116,289.41431477165935
14490000,28980.0000049865,-51033.56579894057,298.56207028138954
14495000,28990.00000498854,-50824.572179198876,290.3803322530692
14500000,29000.000004990576,-50681.24569882176,293.9055119879335
14505000,29010.000004992613,-51002.58834739047,304.12197352446645
14510000,29020.00000499465,-50828.56180992682,296.51806618326816
14515000,29030.000004996687,-50687.550674636994,303.87310716376294
14520000,29040.000004998725,-50822.97718763864,299.53472658801996
14525000,29050.000005000762,-50509.32687605417,300.62231976941223
14530000,29060.0000050028,-50699.76328107726,292.67586009239676
14535000,29070.000005004837,-50639.385611983686,296.15621795553534
14540000,29080.000005006874,-50806.45195133012,303.8764511725467
14545000,29090.00000500891,-50579.10357291173,293.9567806027415
14550000,29100.00000501095,-50671.91735084864,306.54259349921887
14555000,29110.000005012986,-50800.2253060824,297.69536995234904
14560000,29120.000005015023,-50266.20321090496,294.6073808430929
14565000,29130.00000501706,-50869.07065421587,296.02169662039864
14570000,29140.000005019097,-50719.30438930978,298.0264673614941
14575000,29150.000005021135,-50988.05212981731,298.0344614221062
14580000,29160.000005023172,-50808.25300999425,306.11100189259963
14585000,29170.00000502521,-50534.69290735014,292.30886792088995
14590000,29180.000005027247,-50210.378903383564,290.8346993106664
14595000,29190.000005029284,-50799.44500051471,292.9618268575151
14600000,29200.00000503132,-50529.24947088264,299.1343804700508
14605000,29210.00000503336,-50603.39656862541,295.4994489111212
14610000,29220.000005035396,-51023.524187233066,300.54232806779584
14615000,29230.000005037433,-50955.63344731805,294.2087375259614
14620000,29240.00000503947,-50958.361224135646,291.47847797129407
14625000,29250.000005041507,-50550.20132334175,304.1120911899968
14630000,29260.000005043545,-50737.859288343956,294.1476931271798
14635000,29270.000005045582,-50359.34775477435,305.35363578975495
14640000,29280.00000504762,-50645.443409500935,297.41671303316076
14645000,29290.000005049656,-50713.50994574925,287.0642007934267
14650000,29300.000005051694,-50296.01549193403,308.46074992662574
14655000,29310.00000505373,-50953.77956168013,300.63040654935975
14660000,29320.00000505577,-50823.216934676544,291.81132712420543
14665000,29330.000005057806,-50722.457979883824,295.0974178156584
14670000,29340.000005059843,-50635.16207047383,294.5468072167247
14675000,29350.00000506188,-50506.000092438626,297.9225290681931
14680000,29360.000005063917,-50801.77296366039,295.9333262153737
14685000,29370.000005065955,-50474.68501886196,293.433710526384
14690000,29380.000005067992,-50747.85014529375,294.7161622928988
14695000,29390.00000507003,-50737.154006958735,297.3677489596382
14700000,29400.000005072066,-50738.78309983638,296.33873263673587
14705000,29410.000005074104,-50775.61329386529,291.5427738001961
14710000,29420.00000507614,-50398.86676530351,300.8660291086456
14715000,29430.00000507818,-50738.84071848361,299.3002293881258
14720000,29440.000005080215,-50717.16494547823,299.1180254272498
14725000,29450.000005082253,-50498.10264110743,298.92028985426197
14730000,29460.00000508429,-50681.366375726706,301.79355691600455
14735000,29470.000005086327,-50857.47903469138,304.6188307935015
14740000,29480.000005088365,-50473.10932381963,288.9906805672961
14745000,29490.000005090402,-50805.163065491855,297.15156604488595
14750000,29500.00000509244,-51004.15034439642,291.1486886819202
14755000,29510.000005094476,-50688.74893945889,295.65990096812214
14760000,29520.000005096514,-50526.09435725576,304.0077512116323
14765000,29530.00000509855,-50373.646098370635,302.2609045122249
14770000,29540.000005100588,-50464.440776156465,301.083013500523
14775000,29550.000005102625,-50655.77148894084,302.4989436872772
14780000,29560.000005104663,-50683.44679449248,302.53262064469374
14785000,29570.0000051067,-50595.033678408596,304.43455275750864
14790000,29580.000005108737,-50757.69238768375,300.2598794404339
14795000,29590.000005110775,-50776.04850854783,296.2747763235791
14800000,29600.00000511281,-50514.32960525507,299.4437196926191
14805000,29610.00000511485,-50696.79747007883,295.4598308394417
14810000,29620.000005116886,-50830.58598027952,293.3944464836386
14815000,29630.000005118924,-50672.30768661844,297.23725535833455
14820000,29640.00000512096,-50624.07950457273,292.03369239719854
14825000,29650.000005122998,-50684.655180844245,302.9812345578809
14830000,29660.000005125035,-50983.68202919804,301.6979968095959
14835000,29670.000005127073,-50735.99424891817,290.9664006873011
14840000,29680.00000512911,-50685.55976818345,302.82981855535735
14845000,29690.000005131147,-50983.841082050436,291.33091076277015
14850000,29700.000005133184,-50742.06673390366,292.8214870040478
14855000,29710.00000513522,-50537.20001239548,297.38524635811615
14860000,29720.00000513726,-50566.07247438922,290.79823679494217
14865000,29730.000005139296,-51097.02483386145,292.80750191608445
14870000,29740.000005141334,-50484.75637022121,288.5756351440183
14875000,29750.00000514337,-50808.7013595388,300.4055596967083
14880000,29760.000005145408,-50768.8257300212,305.95218208381345
14885000,29770.000005147445,-50681.6421729663,305.33272100660866
14890000,29780.000005149483,-50884.937816792284,300.1636296651706
14895000,29790.00000515152,-50954.68021531374,299.2994256317769
14900000,29800.000005153557,-50783.703963532345,303.116310357512
14905000,29810.000005155594,-51200.85581088628,297.0914389973413
14910000,29820.00000515763,-50711.769005125505,298.2225377883853
14915000,29830.00000515967,-50444.232806005486,299.3012701214129
14920000,29840.000005161706,-50659.73871340827,295.69659881084965
14925000,29850.000005163743,-50539.07522966125,295.19534885610597
14930000,29860.00000516578,-50721.10797232241,301.0899118463811
14935000,29870.000005167818,-50944.15597690351,296.5154852616427
14940000,29880.000005169855,-50664.81337512628,300.86902906926457
14945000,29890.000005171893,-50426.76907334791,302.43031361442695
14950000,29900.00000517393,-50608.70860379364,299.3859557943948
14955000,29910.000005175967,-50544.21288006904,295.02649110528375
14960000,29920.000005178004,-50753.91815738022,298.21104264301283
14965000,29930.00000518004,-50494.528781174886,297.0833435320474
14970000,29940.00000518208,-50802.23829282625,297.95400631992135
14975000,29950.000005184116,-50437.498914261145,304.18949905408124
14980000,29960.000005186153,-51033.87179560121,294.78295487605413
14985000,29970.00000518819,-51286.827424293035,300.72803420185556
14990000,29980.000005190228,-50615.41437216618,295.4276102075299
14995000,29990.000005192265,-50686.30658701391,300.8622329152872
15000000,30000.000005194303,-50530.55165213073,299.4925538743617
15005000,30010.00000519634,-50937.28954892454,295.88991777113716
15010000,30020.000005198377,-50828.0768896853,303.5279048559892
15015000,30030.000005200414,-51088.675237097515,303.9100670478953
15020000,30040.00000520245,-50732.82995663071,291.3948519372005
15025000,30050.00000520449,-50334.837372423965,296.1767372736239
15030000,30060.000005206526,-50789.270796569384,297.47479685609045
15035000,30070.000005208563,-50595.09939099749,297.1421960502197
15040000,30080.0000052106,-50816.88536505602,293.5823980818158
15045000,30090.000005212638,-50472.58874238335,304.0345203045147
15050000,30100.000005214675,-50634.18249464469,304.7369160222244
15055000,30110.000005216712,-50844.9429328269,299.4956353147588
15060000,30120.00000521875,-50030.401169915305,295.750634197381
15065000,30130.000005220787,-50788.83181768976,297.2048982415383
15070000,30140.000005222824,-50610.04263494647,296.53497714528316
15075000,30150.00000522486,-50829.124270839355,298.41281838675155
15080000,30160.0000052269,-50806.59702327289,299.2558406496873
15085000,30170.000005228936,-50688.40365842468,301.63296093905836
15090000,30180.000005230973,-50561.99923643685,306.64220407096576
15095000,30190.00000523301,-50764.0042333015,293.3734762856117
15100000,30200.000005235048,-50700.25144647044,308.7316130795173
15105000,30210.000005237085,-51178.36109747441,293.8267325595455
15110000,30220.000005239122,-50283.787897116534,298.4130287749778
15115000,30230.00000524116,-50500.31222845541,298.1134460796747
15120000,30240.000005243197,-51023.48803484804,305.3979071512093
15125000,30250.000005245234,-50587.35685317317,296.5164041458289
15130000,30260.00000524727,-50831.7738986442,297.0291591722827
15135000,30270.00000524931,-50371.170250785595,298.7438274208845
15140000,30280.000005251346,-50462.49862115685,297.8352337321087
15145000,30290.000005253383,-50551.690818299656,300.5756860178797
15150000,30300.00000525542,-50551.059834262356,298.10418319385184
15155000,30310.000005257458,-50526.0209463489,304.3709192025038
15160000,30320.000005259495,-50519.45694514102,309.13949133180273
15165000,30330.000005261532,-50510.960130897205,305.3851330041961
15170000,30340.00000526357,-50608.5702530533,300.07662170341996
15175000,30350.000005265607,-50944.12266069351,297.9988867099094
15180000,30360.000005267644,-50697.72084241954,296.72688165366554
15185000,30370.00000526968,-50892.61766159072,304.8028112654927
15190000,30380.00000527172,-51094.15969074846,301.83083332019083
15195000,30390.000005273756,-50584.71272775775,300.39623717317517
15200000,30400.000005275793,-50994.31640087321,302.51932352739374
15205000,30410.00000527783,-50720.72562732949,296.6905851386749
15210000,30420.000005279868,-50835.5147838493,288.712994683689
15215000,30430.000005281905,-50598.8602453208,298.720112111604
15220000,30440.000005283942,-50098.022267716355,296.7037867483972
15225000,30450.00000528598,-50764.747269300686,305.9398196148285
15230000,30460.000005288017,-50397.605566105165,296.4701438979089
15235000,30470.000005290054,-50749.14886129141,296.11685473477837
15240000,30480.00000529209,-50599.38077392851,292.0428392124432
15245000,30490.00000529413,-50629.94596783852,304.6282728222916
15250000,30500.000005296166,-50469.781584163575,299.60875459461136
15255000,30510.000005298203,-50869.0525801623,298.5715856729399
15260000,30520.00000530024,-50350.89181807218,297.0222063157494
15265000,30530.000005302278,-50907.03799095779,296.4865460880953
15270000,30540.000005304315,-50528.298600295355,288.25362924320035
15275000,30550.000005306352,-50797.89592551024,292.9128710936092
15280000,30560.00000530839,-50461.982782225445,296.23532701872216
15285000,30570.000005310427,-50667.88962525441,301.0231948109669
15290000,30580.000005312464,-50738.61055474126,298.8687125592264
15295000,30590.0000053145,-50678.687016213866,285.4155106046524
15300000,30600.00000531654,-50720.9085000529,300.7232182773837
15305000,30610.000005318576,-50111.83373773043,290.99664744533874
15310000,30620.000005320613,-50719.54128384663,309.54370795840026
15315000,30630.00000532265,-51075.64239780541,303.13700387233956
15320000,30640.000005324688,-50589.78628464462,297.9464042833506
15325000,30650.000005326725,-50602.073891570355,309.5349046779379
15330000,30660.000005328762,-50662.46165832516,296.93144354326915
15335000,30670.0000053308,-50863.0937611695,294.1529956659938
15340000,30680.000005332837,-50658.926084309496,297.50202639786005
15345000,30690.000005334874,-50777.76169734527,302.6392648250307
15350000,30700.00000533691,-50828.8160192043,296.30449067714653
15355000,30710.00000533895,-50466.96809567019,295.1181504431516
15360000,30720.000005340986,-50510.84675244463,300.078120391343
15365000,30730.000005343023,-50125.936069029645,298.0483216650886
15370000,30740.00000534506,-50481.83252543304,297.6063568856106
15375000,30750.000005347098,-50417.63430261388,293.21355317764863
15380000,30760.000005349135,-50879.75679622387,297.71471292848224
15385000,30770.000005351172,-50736.386211596284,297.7553082999936
15390000,30780.00000535321,-50777.82364498562,291.49605012519754
15395000,30790.000005355247,-50860.03908612579,302.4532167151221
15400000,30800.000005357284,-50254.79420641673,299.7827202553726
15405000,30810.00000535932,-50666.19670430123,300.009080630366
15410000,30820.00000536136,-51095.49783815115,297.57390362703575
15415000,30830.000005363396,-50781.22496805893,303.60633732053475
15420000,30840.000005365433,-50577.77744191163,303.70618091730597
15425000,30850.00000536747,-50669.55861934376,302.26909760721156
15430000,30860.000005369508,-50774.559023794485,301.04170784234077
15435000,30870.000005371545,-50964.95001234516,294.84772069870525
15440000,30880.000005373582,-50439.21407781812,297.4859024731207
15445000,30890.00000537562,-50629.04696539193,295.9188954440525
15450000,30900.000005377657,-50965.11341872407,294.3923789683819
15455000,30910.000005379694,-50572.31390764564,290.6251179018893
15460000,30920.00000538173,-50907.276376294845,300.04550923957476
15465000,30930.00000538377,-50536.70679377299,294.13383107454285
15470000,30940.000005385806,-50451.936846755125,300.7879231730019
15475000,30950.000005387843,-50531.04110606294,289.06282104864925
15480000,30960.00000538988,-50508.25841669028,302.617163270723
15485000,30970.000005391918,-50775.40039470594,294.1595469491488
15490000,30980.000005393955,-50458.89635920295,298.23168197199834
15495000,30990.000005395992,-50664.60465663142,294.1660796238142
15500000,31000.00000539803,-50757.99341432922,300.91982922604853
15505000,31010.000005400067,-50767.41734633903,290.8609770883255
15510000,31020.000005402104,-50450.86356166031,293.64819730703204
15515000,31030.00000540414,-50785.84692814658,299.6786462366116
15520000,31040.00000540618,-50205.19995174158,295.85158920007046
15525000,31050.000005408216,-50512.98334243483,294.9772070812695
15530000,31060.000005410253,-50915.602392669156,306.1497997332968
15535000,31070.00000541229,-50709.577714984625,298.2005632293785
15540000,31080.000005414327,-50583.26408251023,297.224751927665
15545000,31090.000005416365,-50828.75737676569,300.7713992449545
15550000,31100.000005418402,-50264.97888689407,293.87808672203107
15555000,31110.00000542044,-50619.96707421253,288.4592155345982
15560000,31120.000005422477,-50430.00485596561,292.2042814261027
15565000,31130.000005424514,-50840.401284953725,293.5834124535279
15570000,31140.00000542655,-50309.9970298878,295.49404379179396
15575000,31150.00000542859,-50781.82707959946,296.83375861595
15580000,31160.000005430626,-50690.781063136616,300.53210231421133
15585000,31170.000005432663,-50330.94925142068,304.61563469303974
15590000,31180.0000054347,-50888.3472272013,302.89550464165256
15595000,31190.000005436737,-50403.56124693915,297.96523129320593
15600000,31200.000005438775,-50317.04257250129,298.0443650725131
15605000,31210.000005440812,-51014.8876276348,300.68399656350283
15610000,31220.00000544285,-50373.19725915804,299.82998787285436
15615000,31230.000005444886,-50588.211142644286,294.4187381232377
15620000,31240.000005446924,-50947.23346279573,306.18175688968904
15625000,31250.00000544896,-50453.547558525956,302.3224041008208
15630000,31260.000005451,-50943.60745082586,297.27899490612197
15635000,31270.000005453036,-50569.073491845105,301.25176657675445
15640000,31280.000005455073,-50642.90490127177,293.595944671587
15645000,31290.00000545711,-50663.831718517846,299.93844833598865
15650000,31300.000005459147,-50653.60133060123,294.6381579243171
15655000,31310.000005461185,-50561.604602661566,296.2180048328125
15660000,31320.000005463222,-50348.49119536791,300.6447104884379
15665000,31330.00000546526,-50515.31115562006,295.15437403567057
15670000,31340.000005467296,-50976.67488667386,293.88773194420025
15675000,31350.000005469334,-50698.98065777175,294.99139180436947
15680000,31360.00000547137,-50276.31105265065,300.5464208855761
15685000,31370.00000547341,-50759.33363373627,294.0730870781182
15690000,31380.000005475446,-50518.27954910719,300.6571624146054
15695000,31390.000005477483,-50856.200893685804,300.7950017305563
15700000,31400.00000547952,-50840.45283675287,291.52248626694904
15705000,31410.000005481557,-50857.6776868905,296.7996883046913
15710000,31420.000005483595,-50764.60432834568,292.4152128528267
15715000,31430.000005485632,-50761.2854864953,288.9685493654206
15720000,31440.00000548767,-50949.89177889546,295.6242116497395
15725000,31450.000005489706,-50710.69579463964,296.24346270499984
15730000,31460.000005491744,-50658.92775987266,295.86032213201895
15735000,31470.00000549378,-50968.82857872371,295.5523699111295
15740000,31480.00000549582,-50750.88894485505,296.8352305712697
15745000,31490.000005497855,-50609.55752856823,297.5247326847168
15750000,31500.000005499893,-50730.89066618768,286.1227588010998
15755000,31510.00000550193,-50883.68081001117,298.3338165807435
15760000,31520.000005503967,-50766.16037634396,297.3543373897851
15765000,31530.000005506005,-50808.32723869773,294.2579415507203
15770000,31540.00000550804,-50722.45152775539,285.03396177532505
15775000,31550.00000551008,-50466.42527261871,296.608906302991
15780000,31560.000005512116,-50527.174815362,294.416703871775
15785000,31570.000005514154,-50510.87460204962,299.9365310675756
15790000,31580.00000551619,-50504.2513023676,307.1200187651323
15795000,31590.000005518228,-50764.70461251002,301.2482469861363
15800000,31600.000005520265,-50230.64887755213,308.112766859737
15805000,31610.000005522303,-50773.21688212856,294.9551473798451
15810000,31620.00000552434,-50676.20543033315,295.335298710858
15815000,31630.000005526377,-50691.56206727182,302.47030705127685
15820000,31640.000005528414,-50306.516056321765,300.44860351601443
15825000,31650.00000553045,-50572.45126262892,293.68058638654264
15830000,31660.00000553249,-50782.54576485182,291.1586200429203
15835000,31670.000005534526,-50631.77969436662,303.18306517250556
15840000,31680.000005536564,-50869.185351257125,296.1518028288627
15845000,31690.0000055386,-50890.56401716577,297.736908775062
15850000,31700.000005540638,-51078.82776194671,302.4266318773978
15855000,31710.000005542675,-50182.1024889728,304.99008740289906
15860000,31720.000005544713,-50686.68506374245,304.4452380177763
15865000,31730.00000554675,-50783.73458392068,299.14596122020623
15870000,31740.000005548787,-50464.83909437634,304.50461418505347
15875000,31750.000005550824,-51022.57589919705,296.2948500319406
15880000,31760.00000555286,-50511.22304126024,307.3686361953537
15885000,31770.0000055549,-50521.802203750995,297.53899955912027
15890000,31780.000005556936,-50503.58835434317,295.29619647304213
15895000,31790.000005558973,-50508.34268991009,304.0668576559065
15900000,31800.00000556101,-50954.2493655743,298.37472747042284
15905000,31810.000005563048,-50710.035041946045,303.81305239940224
15910000,31820.000005565085,-50482.93084895698,295.87816246051057
15915000,31830.000005567123,-50616.96821368445,298.16433887044747
15920000,31840.00000556916,-50903.31937753942,302.2169675868951
15925000,31850.000005571197,-50588.195161111944,302.961722972558
15930000,31860.000005573234,-50316.83283746551,298.8881476407893
15935000,31870.00000557527,-50836.738572049566,298.05898162736696
15940000,31880.00000557731,-50746.86293807821,298.41217541537304
15945000,31890.000005579346,-51154.754192228196,293.9129979400075
15950000,31900.000005581383,-50846.438739872625,301.85964014951776
15955000,31910.00000558342,-50818.79613968005,292.9789721183916
15960000,31920.000005585458,-51172.6120704941,296.02093497259085
15965000,31930.000005587495,-50698.36801202473,300.48761309601696
15970000,31940.000005589533,-51083.972741678735,299.5141434762493
15975000,31950.00000559157,-50838.974478914606,297.91090663320847
15980000,31960.000005593607,-50659.46596037943,294.7481966432891
15985000,31970.000005595644,-50577.44193847632,296.58677296965465
15990000,31980.00000559768,-50732.20345314406,291.3700817198924
15995000,31990.00000559972,-50583.904275017616,299.8611298136934
16000000,32000.000005601756,-51001.67407207322,300.1809134040087
16005000,32010.000005603793,-50901.026374464476,301.0023473679419
16010000,32020.00000560583,-50826.58132255002,287.5598212268457
16015000,32030.000005607868,-50614.15242463612,295.3747303589332
16020000,32040.000005609905,-50532.816199415334,290.2907780280949
16025000,32050.000005611942,-50391.512912126374,301.90704234142174
16030000,32060.00000561398,-50704.16528212349,301.393403939551
16035000,32070.000005616017,-50616.53593838637,295.04541669789364
16040000,32080.000005618054,-50776.40547190877,298.92310912950774
16045000,32090.00000562009,-50674.948623548844,298.1495882011889
16050000,32100.00000562213,-50586.88395825779,298.7332951366438
16055000,32110.000005624166,-50811.25061235731,291.88007616096013
16060000,32120.000005626203,-50842.182263683266,299.6871916010184
16065000,32130.00000562824,-50886.40633514707,301.8462934190369
16070000,32140.000005630278,-50585.15936124473,294.3972526860532
16075000,32150.000005632315,-50952.08485766535,305.08451216200655
16080000,32160.000005634352,-50743.18339016524,297.15481092892173
16085000,32170.00000563639,-51107.91083226545,292.8078073537704
16090000,32180.000005638427,-50929.0628257246,305.91813732726547
16095000,32190.000005640464,-50658.31922466724,295.1136688718995
16100000,32200.0000056425,-50930.44152254728,296.4698050978482
16105000,32210.00000564454,-50519.2106228366,295.3220395451747
16110000,32220.000005646576,-50380.97359930177,298.87751265365023
16115000,32230.000005648613,-50349.69592532952,286.8982267841642
16120000,32240.00000565065,-50381.235633759265,305.1930956077846
16125000,32250.000005652688,-50520.04493252153,296.6117205601876
16130000,32260.000005654725,-50653.78522494616,296.55168723974276
16135000,32270.000005656762,-50658.93771824188,294.9262624776749
16140000,32280.0000056588,-50966.3055029079,300.2200652647003
16145000,32290.000005660837,-50399.44516282054,305.24685265730534
16150000,32300.000005662874,-50504.42560266127,296.1185943367101
16155000,32310.00000566491,-50837.89439644758,303.0168773853054
16160000,32320.00000566695,-50573.67723821863,296.4673038202447
16165000,32330.000005668986,-50834.852776753745,303.98442202465355
16170000,32340.000005671023,-50876.57745890657,296.51563768698117
16175000,32350.00000567306,-50245.89720853328,299.4066919099374
16180000,32360.000005675098,-50678.332461148326,295.23610772167905
16185000,32370.000005677135,-50456.76323210739,298.7732468848527
16190000,32380.000005679172,-50722.07590026595,299.3133201263878
16195000,32390.00000568121,-50824.96170672093,300.54117419237514
16200000,32400.000005683247,-50982.6102063639,300.36841126591037
16205000,32410.000005685284,-50758.737001236615,296.23108837219854
16210000,32420.00000568732,-50805.9053904968,294.1391728561397
16215000,32430.00000568936,-50932.73218452578,295.68115696835065
16220000,32440.000005691396,-51006.28804530567,306.64132846006515
16225000,32450.000005693433,-50745.213862518605,298.6256787776245
16230000,32460.00000569547,-50427.43396062148,298.19398038598536
16235000,32470.000005697508,-50740.654061108566,292.25384535048687
16240000,32480.000005699545,-50651.12543510867,298.77697249914746
16245000,32490.000005701582,-50756.09022908198,299.98684051649656
16250000,32500.00000570362,-50425.70155346353,288.62305104856614
16255000,32510.000005705657,-50872.35173181788,306.79466309338153
16260000,32520.000005707694,-50695.43810006531,291.5436002386076
16265000,32530.00000570973,-50376.55007947964,293.3834815900818
16270000,32540.00000571177,-50614.67237647943,299.4590612441402
16275000,32550.000005713806,-50687.78207292297,304.25169485469144
16280000,32560.000005715843,-50989.87423257911,296.0530947057603
16285000,32570.00000571788,-50651.79691375545,305.3540309965175
16290000,32580.000005719918,-50412.930090197944,294.60590620766726
16295000,32590.000005721955,-50553.97350206954,295.2333105792364
16300000,32600.000005723992,-50526.8517447249,286.2219246391509
16305000,32610.00000572603,-50563.88615056037,299.11056635557105
16310000,32620.000005728067,-51011.66279203931,295.3195187740011
16315000,32630.000005730104,-50953.87723136056,292.08121330915424
16320000,32640.00000573214,-50536.18178325964,295.5298931601116
16325000,32650.00000573418,-50707.44818324459,297.7688418501489
16330000,32660.000005736216,-50625.76693148317,301.1442133242324
16335000,32670.000005738253,-50967.62462209561,303.29856703636807
16340000,32680.00000574029,-50773.21980697382,297.3950338077518
16345000,32690.000005742328,-50474.4821623989,299.6015623271758
16350000,32700.000005744365,-50615.15087269468,300.4764953862246
16355000,32710.000005746402,-50492.37779726449,295.0281894038051
16360000,32720.00000574844,-50427.658209595334,293.8138098893592
16365000,32730.000005750477,-50543.03726126472,302.11663884160316
16370000,32740.000005752514,-50473.57758970617,293.9291889426336
16375000,32750.00000575455,-50600.40560268526,294.6825836093581
16380000,32760.00000575659,-50606.65224715255,301.15122995191433
16385000,32770.00000575862,-50580.130349705956,296.5107047497399
16390000,32780.00000576066,-50565.92490179723,298.8573582357338
16395000,32790.0000057627,-50083.27676507132,303.79851411292174
16400000,32800.000005764734,-50754.1329990869,297.4919349229108
16405000,32810.00000576677,-50917.73495026454,290.62901166834155
16410000,32820.00000576881,-50705.52496043994,301.6800922143988
16415000,32830.000005770846,-50586.92610377539,293.0286624478672
16420000,32840.00000577288,-50872.77146546167,297.15091397673234
16425000,32850.00000577492,-50537.186246867524,302.58244570526404
16430000,32860.00000577696,-50681.0776422036,302.08906783148575
16435000,32870.000005778995,-50909.20483585191,298.3241436341588
16440000,32880.00000578103,-50583.28007946731,291.51832832180173
16445000,32890.00000578307,-50572.793475641694,305.84959424135235
16450000,32900.00000578511,-50433.3899481211,291.49118023559083
16455000,32910.000005787144,-50468.12638693006,290.0340885732144
16460000,32920.00000578918,-50593.2196197756,298.793916485263
16465000,32930.00000579122,-50503.991611935606,304.1397055497166
16470000,32940.000005793256,-50674.62326372863,302.27045016114454
16475000,32950.00000579529,-51061.26985661377,297.988277419656
16480000,32960.00000579733,-50793.684999394,297.75601115092695
16485000,32970.00000579937,-50477.968727204774,306.18820945621906
16490000,32980.000005801405,-50670.76883857581,297.1831535069302
16495000,32990.00000580344,-50242.16835540213,296.7799731936778
16500000,33000.00000580548,-50860.41014967539,299.590771261891
16505000,33010.00000580752,-50648.45930384594,298.5664574312208
16510000,33020.000005809554,-50538.78281918331,293.6228928255911
16515000,33030.00000581159,-50675.79099925584,298.1403258614414
16520000,33040.00000581363,-50680.10780437221,291.89448391791046
16525000,33050.000005815666,-50889.38634708777,302.25818456419137
16530000,33060.0000058177,-50783.08924725052,294.06843024586686
16535000,33070.00000581974,-50526.579533686716,298.67506074635014
16540000,33080.00000582178,-51032.81244733007,299.88371652256245
16545000,33090.000005823815,-50642.71025920837,298.6538025086898
16550000,33100.00000582585,-50724.63388156798,304.90518034602434
16555000,33110.00000582789,-50710.51641238778,295.60803348314613
16560000,33120.00000582993,-50600.03470815183,292.1869230921924
16565000,33130.000005831964,-50539.73466687725,299.0943297135171
16570000,33140.000005834,-50416.05706862992,295.69110332387214
16575000,33150.00000583604,-50398.95271908381,298.62886796280293
16580000,33160.000005838076,-50723.27091264288,291.1910920083452
16585000,33170.00000584011,-50695.284920701,295.646301694641
16590000,33180.00000584215,-50935.005902854726,296.35857850163825
16595000,33190.00000584419,-50649.1224016239,299.1214791945644
16600000,33200.000005846225,-50372.40435650025,292.90162665020733
16605000,33210.00000584826,-50859.02919058685,297.519212755252
16610000,33220.0000058503,-50678.076808716316,296.7381114456604
16615000,33230.00000585234,-50476.53890477275,295.1463992670353
16620000,33240.000005854374,-50645.57532436302,296.0974689459845
16625000,33250.00000585641,-50834.91427470549,293.4993920231976
16630000,33260.00000585845,-50525.46082545415,292.80307817720063
16635000,33270.000005860486,-50977.18295512436,292.2163983015915
16640000,33280.00000586252,-50625.70268959791,295.1717406440363
16645000,33290.00000586456,-50500.65718894842,294.1227145332682
16650000,33300.0000058666,-50989.44226958172,302.5447855450795
16655000,33310.000005868635,-50716.40308564715,298.95310507865435
16660000,33320.00000587067,-50608.23558051264,292.9830896877686
16665000,33330.00000587271,-50862.78840324213,300.10862081759893
16670000,33340.00000587475,-50672.08028119989,297.4490780884004
16675000,33350.000005876784,-50424.02305973065,298.5942162698073
16680000,33360.00000587882,-50584.98542811256,296.45167347447045
16685000,33370.00000588086,-50818.03717074107,296.4873543595475
16690000,33380.000005882895,-50455.01078396168,295.07272950300444
16695000,33390.00000588493,-50791.87787982944,299.5305605395342
16700000,33400.00000588697,-50907.23571171891,292.42636392330985
16705000,33410.00000588901,-50955.04058378475,297.42970643619066
16710000,33420.000005891045,-50319.10294901792,288.46709869030644
16715000,33430.00000589308,-50689.83110010135,293.5723494354422
16720000,33440.00000589512,-50604.970823327865,306.27691194829447
16725000,33450.00000589716,-50497.96774401082,289.86660270488073
16730000,33460.000005899194,-50802.74751527293,297.29266615360353
16735000,33470.00000590123,-50811.35004262449,298.1503168841029
16740000,33480.00000590327,-50881.52159834164,303.0707072956551
16745000,33490.000005905305,-51147.904090191296,301.7631039894161
16750000,33500.00000590734,-50898.189305053704,300.06639804917046
16755000,33510.00000590938,-50799.26183577985,297.9116558302623
16760000,33520.00000591142,-51019.30589292629,305.53103861439604
16765000,33530.000005913455,-50265.40850742473,299.8681622120387
16770000,33540.00000591549,-51001.0158363223,305.5203748310959
16775000,33550.00000591753,-50769.67412396759,295.0270898126356
16780000,33560.000005919566,-50462.380331354565,292.89839571989626
16785000,33570.0000059216,-50944.7875147748,304.33816713415786
16790000,33580.00000592364,-50254.129566480144,303.20230242278103
16795000,33590.00000592568,-50909.130920503056,301.07601745188686
16800000,33600.000005927715,-50072.15897638991,300.58318757092945
16805000,33610.00000592975,-50488.88249472456,298.18089629882843
16810000,33620.00000593179,-50476.35861224274,300.01493507616397
16815000,33630.00000593383,-50458.02087451948,294.94492238774694
16820000,33640.000005935864,-50679.98886232363,290.97370463558593
16825000,33650.0000059379,-50715.60288927349,302.5833427098712
16830000,33660.00000593994,-50392.18538501742,292.17922952783033
16835000,33670.000005941976,-50322.10769017166,301.6680767707846
16840000,33680.00000594401,-50296.850775588595,305.1424313846934
16845000,33690.00000594605,-50676.042713976465,294.5275373270989
16850000,33700.00000594809,-50519.69191444182,295.2690865573904
16855000,33710.000005950125,-50575.602218191954,295.49817755081057
16860000,33720.00000595216,-50528.613242467574,300.97563532397373
16865000,33730.0000059542,-50562.98167916655,302.51172837582953
16870000,33740.00000595624,-50978.56229427224,293.60084353851704
16875000,33750.000005958274,-50393.56240398201,304.0605477443425
16880000,33760.00000596031,-50775.744364522514,295.7199811537423
16885000,33770.00000596235,-50614.63205937823,308.1277693631726
16890000,33780.000005964386,-50579.67599888658,293.7394077350641
16895000,33790.00000596642,-50925.61515331347,305.6301836958597
16900000,33800.00000596846,-51032.4566132804,299.113797635402
16905000,33810.0000059705,-50764.82560684098,303.76336880050223
16910000,33820.000005972535,-50390.990593283,303.23935670689787
16915000,33830.00000597457,-50273.42493414937,303.7616513463199
16920000,33840.00000597661,-50516.479843263194,297.15720052812213
16925000,33850.00000597865,-50994.31814215958,300.956146700176
16930000,33860.000005980684,-50474.50339373201,295.03914167820966
16935000,33870.00000598272,-50861.41456255369,301.59384601916076
16940000,33880.00000598476,-50869.333993181004,295.502558125326
16945000,33890.000005986796,-50522.26910824995,301.0927496867631
16950000,33900.00000598883,-50130.67667963324,303.0722705410228
16955000,33910.00000599087,-50582.97551279279,299.44654427226106
16960000,33920.00000599291,-50590.23186364546,296.07086260407385
16965000,33930.000005994945,-50765.9066523622,299.56509397503027
16970000,33940.00000599698,-50854.32143358659,301.17476515782266
16975000,33950.00000599902,-50665.677888214006,295.38885137037255
16980000,33960.00000600106,-50206.874846792896,299.0914787755731
16985000,33970.000006003094,-50327.6495130744,288.8304674820722
16990000,33980.00000600513,-50626.863577053125,295.72596360705546
16995000,33990.00000600717,-50838.67003504955,299.50505347102285
17000000,34000.000006009206,-50695.573412725964,294.56503152381566
17005000,34010.00000601124,-50443.70054399062,298.60441302794027
17010000,34020.00000601328,-51001.415129437344,295.0177430979402
17015000,34030.00000601532,-50637.37857876046,295.64120064894473
17020000,34040.000006017355,-50794.53150058471,298.92335606832603
17025000,34050.00000601939,-50563.3552611777,300.9091807296502
17030000,34060.00000602143,-50475.67427272021,291.26619815684376
17035000,34070.00000602347,-49884.09656220148,298.20075859126786
17040000,34080.000006025504,-51048.80780167342,302.376164096413
17045000,34090.00000602754,-50525.42784176482,301.8911077602227
17050000,34100.00000602958,-50743.77967178443,299.8579309752081
17055000,34110.000006031616,-50815.09093717628,300.36154144349734
17060000,34120.00000603365,-50473.14679000521,294.83102516677803
17065000,34130.00000603569,-50362.704896238225,300.26692266077373
17070000,34140.00000603773,-51031.01819246673,294.49585346016454
17075000,34150.000006039765,-50948.643377337925,292.9913315962819
17080000,34160.0000060418,-51076.141676072846,294.4471616960488
17085000,34170.00000604384,-50448.208700690884,298.6595618510296
17090000,34180.00000604588,-50719.65846650596,301.29573759620996
17095000,34190.000006047914,-50410.90541502132,294.18952955863796
17100000,34200.00000604995,-50894.40459464482,296.91065456111977
17105000,34210.00000605199,-50656.21253798032,296.74277820337477
17110000,34220.000006054026,-50590.774972421525,293.7907530098352
17115000,34230.00000605606,-50879.82615468744,295.93067013837174
17120000,34240.0000060581,-50645.140356149845,292.6834523389406
17125000,34250.00000606014,-50526.66469867338,308.5935605517345
17130000,34260.000006062175,-50562.242324881256,299.2522029225898
17135000,34270.00000606421,-50366.89168870181,290.33649110015915
17140000,34280.00000606625,-50318.023862824164,309.08495626856444
17145000,34290.00000606829,-50190.20539762988,305.8044095895744
17150000,34300.000006070324,-50951.117427151505,292.2765603594145
17155000,34310.00000607236,-50725.61628692888,297.2290273384587
17160000,34320.0000060744,-50679.61938801702,304.657309050615
17165000,34330.000006076436,-50634.625026629044,302.6657081168413
17170000,34340.00000607847,-50778.390362841776,295.8546870803469
17175000,34350.00000608051,-51059.371218449465,299.19863998506054
17180000,34360.00000608255,-50618.7923092985,297.0819762409524
17185000,34370.000006084585,-51143.89870446251,300.6782107507784
17190000,34380.00000608662,-51028.986321536795,292.86482180307127
17195000,34390.00000608866,-50351.10669677617,301.31396056435693
17200000,34400.0000060907,-50663.39732141743,291.4224154168975
17205000,34410.000006092734,-50281.96846481657,294.61325659660173
17210000,34420.00000609477,-50420.95201279508,292.9269087945685
17215000,34430.00000609681,-50425.074709847075,299.49325519234344
17220000,34440.000006098846,-50267.36152646947,298.68952895547767
17225000,34450.00000610088,-50636.658776862256,296.0693784170701
17230000,34460.00000610292,-51154.47674193821,299.8312863586932
17235000,34470.00000610496,-50307.69839714747,297.2006854288326
17240000,34480.000006106995,-50318.53196890818,298.65897778155784
17245000,34490.00000610903,-51044.07087167079,296.76007284918904
17250000,34500.00000611107,-51144.66950104531,307.6984960620347
17255000,34510.00000611311,-50885.24806453788,302.78359586651726
17260000,34520.000006115144,-50769.672522704495,305.3692990940611
17265000,34530.00000611718,-50719.25718294302,296.9387058164496
17270000,34540.00000611922,-50942.82767526421,296.72912895456807
17275000,34550.000006121256,-51135.70287555494,292.4762503548562
17280000,34560.00000612329,-50898.58687334554,301.03924639454374
17285000,34570.00000612533,-50729.65609468671,301.24027898604413
17290000,34580.00000612737,-50715.48390055413,295.9784794478993
17295000,34590.000006129405,-51058.9596887822,297.20118805758216
17300000,34600.00000613144,-50251.67053913337,296.7937331515252
17305000,34610.00000613348,-50114.54988658475,291.04257567994836
17310000,34620.00000613552,-50434.77147929583,301.5392516030539
17315000,34630.000006137554,-50733.686766668136,311.19581273922984
17320000,34640.00000613959,-50618.5318221997,294.6568464341214
17325000,34650.00000614163,-50755.526662416465,290.5493925139941
17330000,34660.000006143666,-50846.592898136936,306.2520721447012
17335000,34670.0000061457,-50681.87159060224,300.36257698982746
17340000,34680.00000614774,-50573.29164494056,294.11833361650764
17345000,34690.00000614978,-50794.973054687376,291.62382171364953
17350000,34700.000006151815,-51021.500333050906,301.44944967917553
17355000,34710.00000615385,-50437.64683961688,298.4448153678095
17360000,34720.00000615589,-50698.872146520735,295.3242930049979
17365000,34730.00000615793,-50788.02669763222,302.60848641799623
17370000,34740.000006159964,-50699.276302425336,297.3917773600961
17375000,34750.000006162,-50671.991537951835,288.879432614682
17380000,34760.00000616404,-50916.41554974386,296.8707323686476
17385000,34770.000006166076,-50675.19887314929,302.25166606758313
17390000,34780.00000616811,-50977.94448005024,292.26446283620743
17395000,34790.00000617015,-50529.29800156865,303.99078013206713
17400000,34800.00000617219,-50858.404303144955,299.7845487283088
17405000,34810.000006174225,-50731.600051996415,298.59924404611104
17410000,34820.00000617626,-50650.69700896187,296.8674889335365
17415000,34830.0000061783,-50827.83801292669,293.0448441357796
17420000,34840.00000618034,-50403.387784292834,299.6891143425445
17425000,34850.000006182374,-50686.6168012548,298.4735814942836
17430000,34860.00000618441,-50344.6222932869,298.8314274152249
17435000,34870.00000618645,-51048.1751758575,303.0716437517411
17440000,34880.000006188486,-50525.40667551794,304.21155766530933
17445000,34890.00000619052,-50652.06296467909,294.31105813687674
17450000,34900.00000619256,-50761.15061019847,298.70527007949437
17455000,34910.0000061946,-50553.1598404994,293.2921783653095
17460000,34920.000006196635,-50961.46559174117,298.87015498564654
17465000,34930.00000619867,-50290.80895309604,300.63498637000936
17470000,34940.00000620071,-50552.143775975856,297.428234327863
17475000,34950.00000620275,-50783.72329035387,299.1603939933562
17480000,34960.000006204784,-50600.23761909967,292.45728303158614
17485000,34970.00000620682,-50349.12517404964,301.9918632692531
17490000,34980.00000620886,-51162.7193376029,292.45307915735555
17495000,34990.000006210896,-50837.998138725496,298.15484344309937
17500000,35000.00000621293,-50758.70517854631,296.354422807587
17505000,35010.00000621497,-50776.1331513481,305.830598279763
17510000,35020.00000621701,-50055.349544611585,294.37949416329326
17515000,35030.000006219045,-50820.8539755478,298.66001598836624
17520000,35040.00000622108,-50478.09553598374,292.2444659857278
17525000,35050.00000622312,-50917.47162542696,302.17077343923154
17530000,35060.00000622516,-50652.30339276462,305.480895969856
17535000,35070.000006227194,-50768.42828957821,296.33769840850795
17540000,35080.00000622923,-50706.605527388514,302.12842017389295
17545000,35090.00000623127,-50791.804387676355,300.9279646841504
17550000,35100.000006233306,-50852.12433019493,297.20450511299805
17555000,35110.00000623534,-50537.37798937829,301.0180923877464
17560000,35120.00000623738,-50601.06718245044,292.2017963921801
17565000,35130.00000623942,-50829.15961402474,305.60566561787806
17570000,35140.000006241455,-50873.62064190974,304.0864801582684
17575000,35150.00000624349,-51000.66833572544,295.890977472587
17580000,35160.00000624553,-50842.9134548633,296.9083619716769
17585000,35170.00000624757,-50434.12892955501,300.4881920201272
17590000,35180.000006249604,-50638.319549787295,307.6228184976087
17595000,35190.00000625164,-50188.14024841183,293.1495780341723
17600000,35200.00000625368,-50452.42501600314,301.1091366147063
17605000,35210.000006255716,-50454.624550028035,299.3639484251977
17610000,35220.00000625775,-50504.612931992684,303.29353694320537
17615000,35230.00000625979,-51024.77054757948,305.97974014758836
17620000,35240.00000626183,-51086.4342891197,295.4441470493586
17625000,35250.000006263865,-50300.56685562359,304.941953130736
17630000,35260.0000062659,-50744.930938249105,292.2327697537217
17635000,35270.00000626794,-50794.87525738176,297.7980475173041
17640000,35280.00000626998,-51121.18151273733,296.4437735859929
17645000,35290.000006272014,-50880.74909188153,294.48595797669105
17650000,35300.00000627405,-50908.18253848821,295.3494222153461
17655000,35310.00000627609,-50691.41846733031,311.1983800866667
17660000,35320.000006278126,-50680.98235907609,296.48884214085314
17665000,35330.00000628016,-50685.0539528564,305.49638819241574
17670000,35340.0000062822,-50691.47183276576,292.8201473853235
17675000,35350.00000628424,-50136.51619606331,298.1711400709939
17680000,35360.000006286275,-50218.402901715424,298.8450318844673
17685000,35370.00000628831,-50585.45973429721,306.88420776424834
17690000,35380.00000629035,-50443.70105114009,292.4828934942242
17695000,35390.00000629239,-50855.837932722934,303.12123872346507
17700000,35400.000006294424,-50941.241221373726,296.9664893719001
17705000,35410.00000629646,-50970.963460914994,296.7676276929588
17710000,35420.0000062985,-50502.627249020734,290.718932545571
17715000,35430.000006300535,-50912.339029452356,297.16336247147933
17720000,35440.00000630257,-50742.50469791255,296.9401440982394
17725000,35450.00000630461,-50558.611085276556,292.2583575000771
17730000,35460.00000630665,-50337.72129296235,298.00692094190924
17735000,35470.000006308685,-50415.11577694409,296.9900192097985
17740000,35480.00000631072,-50250.44808587353,301.05653084557576
17745000,35490.00000631276,-50530.86118242302,296.992778851881
17750000,35500.000006314796,-50385.07516993876,301.4276476632347
17755000,35510.00000631683,-51016.23726317368,307.0954452978887
17760000,35520.00000631887,-50796.398262018076,305.1558881405769
17765000,35530.00000632091,-50732.10695911152,296.5581182465345
17770000,35540.000006322945,-50855.0325675639,307.5837148099614
17775000,35550.00000632498,-50858.361318018695,301.77229300586015
17780000,35560.00000632702,-50584.7550917622,298.9417483109583
17785000,35570.00000632906,-50974.36674320442,305.9947210309163
17790000,35580.000006331094,-50887.00908981971,297.7500486109658
17795000,35590.00000633313,-50572.923165577056,305.2628212750705
17800000,35600.00000633517,-50379.460547986586,297.1487445735565
17805000,35610.000006337206,-50258.17793206673,293.6307926693371
17810000,35620.00000633924,-50828.96810878179,297.6121513190877
17815000,35630.00000634128,-51057.5623729896,291.8765208563932
17820000,35640.00000634332,-50890.47755018479,309.31601306616494
17825000,35650.000006345355,-50817.488846424094,297.18160638326844
17830000,35660.00000634739,-50472.91305053752,294.18063739262897
17835000,35670.00000634943,-50605.35445420307,302.8007364688004
17840000,35680.00000635147,-50796.90532185769,302.80487023574096
17845000,35690.000006353504,-50479.87674682139,296.3030536658145
17850000,35700.00000635554,-50835.18266734289,297.10155831415534
17855000,35710.00000635758,-51045.98709592043,301.1692826782147
17860000,35720.000006359616,-50270.093311228935,300.99818110579986
17865000,35730.00000636165,-50562.55797417514,301.49243217487043
17870000,35740.00000636369,-50603.07507302548,296.251732094215
17875000,35750.00000636573,-50876.550663210306,302.1676077211363
17880000,35760.000006367765,-50620.26531047223,293.6809918399469
17885000,35770.0000063698,-50751.6061272778,304.3509025132568
17890000,35780.00000637184,-50629.89143498667,291.35174970682135
17895000,35790.00000637388,-50640.47166478771,292.74751494300045
17900000,35800.000006375914,-50694.05540748348,300.0077755724261
17905000,35810.00000637795,-50619.82057540849,309.5123170682611
17910000,35820.00000637999,-50722.763256778126,297.21490968305955
17915000,35830.000006382026,-50617.09784189623,294.24592853959643
17920000,35840.00000638406,-50787.84641332395,294.978066592677
17925000,35850.0000063861,-50615.832162078674,289.5862197068705
17930000,35860.00000638814,-50722.603547502804,301.67913526347957
17935000,35870.000006390175,-50399.89558439725,293.66493712547214
17940000,35880.00000639221,-50742.97973692752,309.2227688298143
17945000,35890.00000639425,-50879.901022831735,297.3104019489308
17950000,35900.00000639629,-50539.26430709002,297.6571355789931
17955000,35910.000006398324,-50648.39886732664,297.71366781185816
17960000,35920.00000640036,-50443.73718106063,291.77742269242316
17965000,35930.0000064024,-50499.379556250526,296.38259999336077
17970000,35940.000006404436,-50560.005852465954,299.1043972759909
17975000,35950.00000640647,-51035.404258242925,297.59361918420626
17980000,35960.00000640851,-50768.91800741531,292.5062686212599
17985000,35970.00000641055,-50673.003041804186,296.3645556598839
17990000,35980.000006412585,-50621.93104752182,302.4780038047626
17995000,35990.00000641462,-50712.14332748606,303.3061347158333
18000000,36000.00000641666,-50443.787136522966,299.5636277065103
18005000,36010.0000064187,-50526.979253011144,295.0141748100705
18010000,36020.000006420734,-50553.85200975876,296.9105673626807
18015000,36030.00000642277,-51137.56127489169,293.7874901972508
18020000,36040.00000642481,-50554.212248466094,297.4498475939349
18025000,36050.000006426846,-50322.18043231248,300.35882244380025
18030000,36060.00000642888,-50538.31015063991,297.188515315522
18035000,36070.00000643092,-50452.03509747828,296.1168893907156
18040000,36080.00000643296,-50883.179314970475,306.227507178459
18045000,36090.000006434995,-50586.29770030314,299.27436889457226
18050000,36100.00000643703,-50612.85554030267,292.2170563604785
18055000,36110.00000643907,-50589.28480247289,298.87659320816493
18060000,36120.00000644111,-50579.22217803239,294.2330550869049
18065000,36130.000006443144,-50779.71319148,298.27215259361105
18070000,36140.00000644518,-50616.16581611277,307.91702187362637
18075000,36150.00000644722,-50808.16149545778,291.41514883953045
18080000,36160.000006449256,-50835.07976230397,304.0113546834339
18085000,36170.00000645129,-50538.303470403975,304.1752845039152
18090000,36180.00000645333,-51022.12135638867,297.86203330156167
18095000,36190.00000645537,-50649.45247560847,296.8742731660348
18100000,36200.000006457405,-50613.982234639116,295.22615451530004
18105000,36210.00000645944,-50890.981548256445,294.4709470807021
18110000,36220.00000646148,-50370.041351118474,299.12098133789425
18115000,36230.00000646352,-50943.363522582484,302.75388444954746
18120000,36240.000006465554,-50592.27575624257,301.5509859863536
18125000,36250.00000646759,-50637.40461738847,290.4368023647639
18130000,36260.00000646963,-50510.62777511659,302.84227208668455
18135000,36270.000006471666,-50984.761738375586,296.32353829530297
18140000,36280.0000064737,-50617.55943340965,305.80353572696765
18145000,36290.00000647574,-51143.3540802545,308.526843878204
18150000,36300.00000647778,-50870.11786527053,301.46103562211437
18155000,36310.000006479815,-50657.258235910675,298.1844933838994
18160000,36320.00000648185,-50933.07883685845,292.59293511743164
18165000,36330.00000648389,-50415.77537193446,301.7581648077928
18170000,36340.00000648593,-50763.37906052277,300.1081108390222
18175000,36350.000006487964,-50783.47846863206,296.24034416543054
18180000,36360.00000649,-50587.263760867616,297.4944225961794
18185000,36370.00000649204,-50790.13716074548,304.91293749651413
18190000,36380.000006494076,-50569.48318510942,295.40504029216265
18195000,36390.00000649611,-50450.48606831813,301.57271347195314
18200000,36400.00000649815,-50993.17219131536,300.371215167151
18205000,36410.00000650019,-50408.46427300238,300.2299674072832
18210000,36420.000006502225,-50430.05333028725,296.2338551664462
18215000,36430.00000650426,-50523.63183631221,306.05154675629046
18220000,36440.0000065063,-50749.50283073605,302.5539558842051
18225000,36450.00000650834,-50528.309850921156,300.7857679626274
18230000,36460.000006510374,-50630.37437122231,294.89401994041503
18235000,36470.00000651241,-50757.65818384834,306.51047863281343
18240000,36480.00000651445,-50572.835481838294,293.816305242867
18245000,36490.000006516486,-50518.422723097814,295.0193691732784
18250000,36500.00000651852,-50696.57217982656,294.5396149852915
18255000,36510.00000652056,-51167.53694266791,295.64328824489326
18260000,36520.0000065226,-50729.18434061788,295.65190173591964
18265000,36530.000006524635,-50951.29538232047,297.78241690069433
18270000,36540.00000652667,-50482.98570065363,301.19766698674556
18275000,36550.00000652871,-51008.22735646949,299.9258895912046
18280000,36560.00000653075,-50791.639682120294,294.20425835814365
18285000,36570.000006532784,-50908.585041127575,294.79041988715215
18290000,36580.00000653482,-50547.347209025145,303.68065252177684
18295000,36590.00000653686,-50624.63829634135,297.2139029957474
18300000,36600.000006538896,-50805.17696310682,300.43635186439013
18305000,36610.00000654093,-50760.19018622197,314.0990202383675
18310000,36620.00000654297,-50855.11220436916,295.0844021289768
18315000,36630.00000654501,-51233.35402015777,304.16659733797604
18320000,36640.000006547045,-50958.28035275728,302.69900309142514
18325000,36650.00000654908,-50812.94017759594,306.1447677405185
18330000,36660.00000655112,-50638.13245012413,299.8484871418757
18335000,36670.00000655316,-50804.70360877857,296.70184666729955
18340000,36680.000006555194,-50610.45790393505,296.2417167887981
18345000,36690.00000655723,-50969.93369832629,302.7544531322527
18350000,36700.00000655927,-50603.99870736862,301.270522940536
18355000,36710.000006561306,-50422.62649932338,302.5191131123467
18360000,36720.00000656334,-50839.72974915657,293.165600429564
18365000,36730.00000656538,-50688.167564821604,296.63346575146124
18370000,36740.00000656742,-50386.83751609942,304.403756927163
18375000,36750.000006569455,-50292.75617305396,296.41278278501585
18380000,36760.00000657149,-50532.35383167924,295.29137158711126
18385000,36770.00000657353,-50350.85629935528,301.6469665454978
18390000,36780.00000657557,-50837.70097481206,290.75686640276683
18395000,36790.000006577604,-50655.8116377095,288.7187281787957
18400000,36800.00000657964,-50715.82058787896,298.7766880641228
18405000,36810.00000658168,-50021.85379024281,298.1616426275676
18410000,36820.000006583716,-50869.75696575671,293.03683828011157
18415000,36830.00000658575,-50865.46179405606,309.78827245341085
18420000,36840.00000658779,-50396.13241766879,299.51347009375655
18425000,36850.00000658983,-50740.98266863136,299.46467970953245
18430000,36860.000006591865,-50477.10939189501,294.6252374347734
18435000,36870.0000065939,-50404.131841018185,292.736946478414
18440000,36880.00000659594,-50961.534078319906,303.0895595911917
18445000,36890.00000659798,-50982.47413732542,287.0654575475359
18450000,36900.000006600014,-50466.668853032665,295.8712567439008
18455000,36910.00000660205,-50443.40801413561,304.1558701484026
18460000,36920.00000660409,-50407.72155993391,293.8096441642374
18465000,36930.000006606126,-50658.589314992394,298.8264257487748
18470000,36940.00000660816,-50754.70644967456,302.9572006139465
18475000,36950.0000066102,-50448.228799486154,300.6038336609385
18480000,36960.00000661224,-50793.46044562885,298.6875219033902
18485000,36970.000006614275,-50843.13189672865,299.92069047835054
18490000,36980.00000661631,-50956.93498504543,294.4808881585742
18495000,36990.00000661835,-50837.213766916975,289.95957858600883
18500000,37000.00000662039,-50764.4050855955,295.6495363807556
18505000,37010.000006622424,-50856.44192195483,300.28925229779696
18510000,37020.00000662446,-50823.47422136195,306.0736939018396
18515000,37030.0000066265,-50454.28082108358,301.8191683731864
18520000,37040.000006628536,-50644.209408614755,298.5776603976074
18525000,37050.00000663057,-50393.723396821966,297.04861037277374
18530000,37060.00000663261,-50708.59051271909,294.32722452445137
18535000,37070.00000663465,-50783.596626771876,296.37039750157044
18540000,37080.000006636685,-50665.37664091427,292.1633125381585
18545000,37090.00000663872,-50798.034832171164,291.19320089203916
18550000,37100.00000664076,-50846.830056066334,296.5374473057132
18555000,37110.0000066428,-50793.411748566316,300.98274374109883
18560000,37120.000006644834,-50847.375968117034,300.50991357503744
18565000,37130.00000664687,-50438.293607238214,293.724044493081
18570000,37140.00000664891,-50770.25214053181,295.56154391725795
18575000,37150.000006650946,-50701.732361241535,297.19279082824136
18580000,37160.00000665298,-51019.834374914615,313.36736191101426
18585000,37170.00000665502,-50638.51257265918,293.3187028117435
18590000,37180.00000665706,-50912.210989599436,293.8185683906545
18595000,37190.000006659095,-50875.39081213559,289.97202805475985
18600000,37200.00000666113,-50191.56191857776,300.4652993573817
18605000,37210.00000666317,-50149.626322513184,306.0107173288877
18610000,37220.00000666521,-50863.1612644406,302.6216905560038
18615000,37230.000006667244,-50687.92031943699,292.2638632070524
18620000,37240.00000666928,-50436.77612455745,299.3445392433849
18625000,37250.00000667132,-50709.96625262883,296.6633493439404
18630000,37260.000006673356,-50776.53329657967,297.8047604297568
18635000,37270.00000667539,-50395.1228179507,299.6671737527499
18640000,37280.00000667743,-50586.28332124057,295.8152650068816
18645000,37290.00000667947,-50884.46781472856,302.1125478561506
18650000,37300.000006681505,-50878.01172696889,293.5056683989287
18655000,37310.00000668354,-50818.48094280329,299.46905584323423
18660000,37320.00000668558,-51043.603100586275,295.5541162078094
18665000,37330.00000668762,-50423.00506369618,297.3032193947008
18670000,37340.000006689654,-50916.797692252614,298.458667884072
18675000,37350.00000669169,-50656.58721439165,299.7239590063953
18680000,37360.00000669373,-50759.205736136064,298.4465314367572
18685000,37370.000006695765,-50439.33443648834,292.04184320455454
18690000,37380.0000066978,-50899.04403874796,291.3260199049093
18695000,37390.00000669984,-50343.9459437622,296.94898664953473
18700000,37400.00000670188,-50991.04227661452,298.9007479970685
18705000,37410.000006703915,-50800.554420563596,298.216833076743
18710000,37420.00000670595,-50667.84882060281,299.70401087428274
18715000,37430.00000670799,-50675.505172276666,296.4267094805113
18720000,37440.000006710026,-50664.29324097524,311.90765119227234
18725000,37450.00000671206,-50379.08158912271,292.1747693302269
18730000,37460.0000067141,-50532.16818409,297.44516758038793
18735000,37470.00000671614,-50451.005927784834,291.58909903665557
18740000,37480.000006718175,-50781.43663042734,289.9598390985621
18745000,37490.00000672021,-51126.42058227863,301.6422605741533
18750000,37500.00000672225,-51007.31209479118,294.5529350496179
18755000,37510.00000672429,-50307.83323076641,297.9736117019341
18760000,37520.000006726325,-50731.677237382915,290.6226938404119
18765000,37530.00000672836,-50424.63943498104,294.5627308997131
18770000,37540.0000067304,-50750.48310462688,296.0575159868366
18775000,37550.000006732436,-50580.00067689625,304.0323030198255
18780000,37560.00000673447,-50318.53909871454,294.94197375433345
18785000,37570.00000673651,-50516.04725360856,293.743694652516
18790000,37580.00000673855,-50976.530527014955,300.3766380287759
18795000,37590.000006740585,-50503.18874234348,295.0699183652625
18800000,37600.00000674262,-50952.33113632089,295.49095438629
18805000,37610.00000674466,-50674.71057325756,300.4869873156588
18810000,37620.0000067467,-50940.961685883,297.392534521032
18815000,37630.000006748734,-50715.59338934676,303.018585531637
18820000,37640.00000675077,-50671.15839245048,298.78332894009276
18825000,37650.00000675281,-51228.02484728297,297.7784423348226
18830000,37660.000006754846,-50791.360082921194,298.1488452495112
18835000,37670.00000675688,-50927.42157065135,303.1771156003273
18840000,37680.00000675892,-50565.77786711056,296.97860224268726
18845000,37690.00000676096,-50376.86230835493,294.9703461135181
18850000,37700.000006762995,-50297.21989715559,300.0133064299707
18855000,37710.00000676503,-50748.54402309554,300.6880507806841
18860000,37720.00000676707,-50511.3446322931,302.50963857929503
18865000,37730.00000676911,-50199.161703433434,306.8986340465826
18870000,37740.000006771144,-50442.362620714324,304.0810451759664
18875000,37750.00000677318,-50506.84131076516,288.7458600975751
18880000,37760.00000677522,-50633.09051520133,300.4726337891042
18885000,37770.000006777256,-50270.07964477065,294.9389546919345
18890000,37780.00000677929,-50755.284752484615,294.27617847901655
18895000,37790.00000678133,-50278.01803198934,293.3824645611613
18900000,37800.00000678337,-50402.9889115096,302.8166789423219
18905000,37810.000006785405,-50664.094226111716,298.70195690460474
18910000,37820.00000678744,-50550.06662635779,301.75654155312094
18915000,37830.00000678948,-51270.43829999506,300.34499688864884
18920000,37840.00000679152,-50713.40377792023,298.13025563452504
18925000,37850.000006793554,-50338.04361997056,293.3056419956837
18930000,37860.00000679559,-50778.99331617178,303.8767623230866
18935000,37870.00000679763,-50843.763259182684,303.0759541246358
18940000,37880.000006799666,-50793.32195590707,298.0229081420373
18945000,37890.0000068017,-50614.234921688185,298.6172140198993
18950000,37900.00000680374,-50446.112960227765,298.8889844874987
18955000,37910.00000680578,-50697.90873591264,293.7843887639253
18960000,37920.000006807815,-50570.571604070574,297.9212596479194
18965000,37930.00000680985,-50406.802764193475,300.1448870058522
18970000,37940.00000681189,-50686.04993494181,298.75401250831214
18975000,37950.00000681393,-50751.58968441162,299.36667719971774
18980000,37960.000006815964,-50643.69337975458,297.8241375259888
18985000,37970.000006818,-50680.535380502144,305.3505470327513
18990000,37980.00000682004,-50718.78935386514,300.29711940857436
18995000,37990.000006822076,-50690.272899464006,296.49910783787664
19000000,38000.00000682411,-50842.65895580733,297.31009677529954
19005000,38010.00000682615,-50694.89695194806,291.0835542739343
19010000,38020.00000682819,-50684.45370593885,308.61715818586066
19015000,38030.000006830225,-50572.230619971524,296.53206978633705
19020000,38040.00000683226,-50597.5224345859,289.40408554691015
19025000,38050.0000068343,-50675.88953796186,300.33820342659607
19030000,38060.00000683634,-50608.344300650584,299.72337523215816
19035000,38070.000006838374,-50788.00140152202,292.45400403731986
19040000,38080.00000684041,-50610.54234070645,306.7131789309324
19045000,38090.00000684245,-50531.45333755048,299.0416280384042
19050000,38100.000006844486,-50725.472508019215,294.7809323538657
19055000,38110.00000684652,-51015.81560683326,291.04417826961065
19060000,38120.00000684856,-50681.701327847986,294.8594209013183
19065000,38130.0000068506,-50859.05403378047,301.07515319748217
19070000,38140.000006852635,-51005.92886433014,300.91416295575954
19075000,38150.00000685467,-51059.34299738519,302.79950747725366
19080000,38160.00000685671,-50578.530932784575,300.28237402316097
19085000,38170.00000685875,-50797.45597824242,291.6083352910428
19090000,38180.000006860784,-51036.20138832167,302.7744982449915
19095000,38190.00000686282,-50873.41204754473,299.4680083214509
19100000,38200.00000686486,-50742.88673047678,298.75849352061516
19105000,38210.000006866896,-50507.39842007536,292.0116415797196
19110000,38220.00000686893,-50647.24544398973,298.78511191441413
19115000,38230.00000687097,-51016.70358358836,294.22518406757354
19120000,38240.00000687301,-50597.51167219458,295.2038178953789
19125000,38250.000006875045,-50751.82275808978,290.2787109925644
19130000,38260.00000687708,-50867.77627516168,302.8296266110427
19135000,38270.00000687912,-50697.51796673995,305.913770257273
19140000,38280.00000688116,-50667.758749670174,297.99506182474295
19145000,38290.000006883194,-50231.628121743706,305.2298356355287
19150000,38300.00000688523,-51047.62379813305,293.4843147990437
19155000,38310.00000688727,-50913.14273485707,305.79927582613607
19160000,38320.000006889306,-50495.64847832441,301.67079365108737
19165000,38330.00000689134,-50624.87186597206,301.70139589351004
19170000,38340.00000689338,-50547.75456209472,307.87245811437833
19175000,38350.00000689542,-50671.81751791775,300.205242195382
19180000,38360.000006897455,-50808.08839371739,296.6062085374311
19185000,38370.00000689949,-50880.71699940742,304.25834576602176
19190000,38380.00000690153,-50870.91113241768,292.7936072824625
19195000,38390.00000690357,-50974.235500881856,300.8803934920867
19200000,38400.000006905604,-50615.438046406256,298.4909281200411
19205000,38410.00000690764,-50816.96655757533,299.1196609000082
19210000,38420.00000690968,-51151.55048453552,303.7686444317037
19215000,38430.000006911716,-50593.6110570397,300.6091890001374
19220000,38440.00000691375,-50748.9998606396,296.9408166507879
19225000,38450.00000691579,-50732.845033728314,294.3449943459297
19230000,38460.00000691783,-50731.2280882771,296.1101167982319
19235000,38470.000006919865,-50845.72768629037,293.5612295974244
19240000,38480.0000069219,-50336.163536075095,302.049685708947
19245000,38490.00000692394,-50710.81190468016,301.4731833468632
19250000,38500.00000692598,-50466.231361224025,303.1416666641438
19255000,38510.000006928014,-50692.262563519325,302.72530250113016
19260000,38520.00000693005,-51108.986665460834,297.72441799959523
19265000,38530.00000693209,-50515.76534401291,290.80482023151086
19270000,38540.000006934126,-50724.33444100956,306.2580862004915
19275000,38550.00000693616,-50742.406615821266,297.6696407184832
19280000,38560.0000069382,-50541.87350830785,299.5628434955299
19285000,38570.00000694024,-50445.80115733572,294.8793194011387
19290000,38580.000006942275,-50796.99802481194,297.3679405963792
19295000,38590.00000694431,-50624.35152642496,298.59269020108457
19300000,38600.00000694635,-50747.389625839045,294.9297396531997
19305000,38610.00000694839,-50678.26648438914,293.2546062367484
19310000,38620.000006950424,-50857.23858717695,300.16354588655383
19315000,38630.00000695246,-50224.85497704224,297.7019644881018
19320000,38640.0000069545,-51036.80439750565,295.4053215226772
19325000,38650.000006956536,-50780.16053954707,305.0012296025898
19330000,38660.00000695857,-50862.25806483702,291.5461909439747
19335000,38670.00000696061,-51220.82523579462,296.51883856641757
19340000,38680.00000696265,-50920.659829635464,298.61869160644466
19345000,38690.000006964685,-50526.788290393335,303.0028904489838
19350000,38700.00000696672,-50334.09192264191,309.1864369700813
19355000,38710.00000696876,-50477.04097432835,301.2790843831067
19360000,38720.0000069708,-50600.3955787271,310.45897156417016
19365000,38730.000006972834,-50622.166411999,305.1992999183953
19370000,38740.00000697487,-50317.2071203161,299.05831590311067
19375000,38750.00000697691,-50376.56604608943,299.54860804019637
19380000,38760.000006978946,-50269.18455445251,293.8403040099997
19385000,38770.00000698098,-50479.60548780317,306.0016355955332
19390000,38780.00000698302,-50310.20564012596,296.44209039373067
19395000,38790.00000698506,-50444.79396254977,301.494087167975
19400000,38800.000006987095,-50721.670339170436,305.1535621747978
19405000,38810.00000698913,-50885.28042553834,294.98237869811135
19410000,38820.00000699117,-50625.155848880066,296.32996436674483
19415000,38830.00000699321,-50479.816067303065,297.83202656303945
19420000,38840.000006995244,-50815.33031959797,297.7809512132184
19425000,38850.00000699728,-51094.82240340044,300.5631651381045
19430000,38860.00000699932,-50543.77297497782,295.63120430300967
19435000,38870.000007001356,-50490.097393977834,298.83957074929157
19440000,38880.00000700339,-50562.83895945741,313.78353558050986
19445000,38890.00000700543,-50981.59523112993,292.27017368101616
19450000,38900.00000700747,-50520.1089703115,309.08835508455303
19455000,38910.000007009505,-50677.67468245511,292.10876615728876
19460000,38920.00000701154,-50618.97655124284,290.79104577872397
19465000,38930.00000701358,-50733.20396810889,299.78721803012075
19470000,38940.00000701562,-50691.27055108771,298.9827459444584
19475000,38950.000007017654,-50392.119597518846,294.73481441496864
19480000,38960.00000701969,-50692.843098906684,298.95146994470315
19485000,38970.00000702173,-50752.68033541442,300.59224160700774
19490000,38980.000007023766,-50592.298204529536,299.4696832929585
19495000,38990.0000070258,-50651.63865009288,298.06209423712124
19500000,39000.00000702784,-50770.879122692335,310.033015001593
19505000,39010.00000702988,-50843.56200479629,301.7776119228197
19510000,39020.000007031915,-50110.64313655323,296.1127663894948
19515000,39030.00000703395,-51215.65790352941,295.2928297279253
19520000,39040.00000703599,-50331.20401288045,299.7258270537881
19525000,39050.00000703803,-50732.81309994217,299.2764066218747
19530000,39060.000007040064,-50532.319732620235,297.3216560960237
19535000,39070.0000070421,-50577.289131353755,309.10864852451476
19540000,39080.00000704414,-50488.237325694354,294.4956263054732
19545000,39090.000007046176,-50736.52353025664,304.21370446761006
19550000,39100.00000704821,-50926.72327360342,296.19349293541535
19555000,39110.00000705025,-50312.31564868707,298.5860630831189
19560000,39120.00000705229,-50395.306756694394,287.6959391958595
19565000,39130.000007054325,-50795.69123285389,302.2501811506171
19570000,39140.00000705636,-50482.603284660465,299.3881599516151
19575000,39150.0000070584,-50408.56814720493,293.48983555690353
19580000,39160.00000706044,-50314.96098269455,296.7600459629449
19585000,39170.000007062474,-50789.62004354637,297.4523344125909
19590000,39180.00000706451,-50631.78998975223,303.62357045896795
19595000,39190.00000706655,-50882.651427735575,299.58447741136894
19600000,39200.000007068586,-50708.24224191136,294.2608147360324
19605000,39210.00000707062,-50718.96142408729,298.28891207650133
19610000,39220.00000707266,-50803.63356457936,301.70519194079617
19615000,39230.0000070747,-50540.300118988,301.5933677204468
19620000,39240.000007076735,-50885.19533244471,296.4289515565777
19625000,39250.00000707877,-50326.7936618184,302.06998449419456
19630000,39260.00000708081,-50392.942626701086,306.7306075979677
19635000,39270.00000708285,-50820.061696563906,294.871892861658
19640000,39280.000007084884,-50625.61540206123,296.2927286970173
19645000,39290.00000708692,-50703.664442550566,293.79656492112974
19650000,39300.00000708896,-50951.45870766012,296.11832938901614
19655000,39310.000007090995,-50779.97933351892,292.20980150290154
19660000,39320.00000709303,-50627.8711319672,300.9035575365696
19665000,39330.00000709507,-50811.91332373585,299.2342881426623
19670000,39340.00000709711,-50575.14727782234,293.42316994269936
19675000,39350.000007099145,-50431.844175143226,292.5597088829714
19680000,39360.00000710118,-50647.54853215173,306.57586319950263
19685000,39370.00000710322,-50707.94525313424,291.38045053027884
19690000,39380.00000710526,-50519.745775598305,301.1606860469771
19695000,39390.000007107294,-50534.044465700805,303.5726850850026
19700000,39400.00000710933,-50702.65305343349,297.9688261128641
19705000,39410.00000711137,-50717.239450786,300.6066359462089
19710000,39420.000007113405,-50407.27467748849,296.21010835059155
19715000,39430.00000711544,-50627.54314955918,294.5184956868135
19720000,39440.00000711748,-50686.47094378472,304.2856204718123
19725000,39450.00000711952,-50870.11036381303,302.77845672849486
19730000,39460.000007121555,-50842.190176489676,291.94690051524964
19735000,39470.00000712359,-50660.80978705888,293.5842938378561
19740000,39480.00000712563,-50452.078593897895,291.950169960352
19745000,39490.000007127666,-50843.26681590843,302.13869924865827
19750000,39500.0000071297,-50699.173998174694,303.43124122995334
19755000,39510.00000713174,-50410.29789829234,293.16537967226543
19760000,39520.00000713378,-50532.87474572388,294.1579086663317
19765000,39530.000007135815,-50635.80887388802,297.21803013119677
19770000,39540.00000713785,-50929.67507767657,298.1365018628381
19775000,39550.00000713989,-50652.39875493874,309.4812414966596
19780000,39560.00000714193,-50738.33879197034,302.90590211912746
19785000,39570.000007143964,-50695.69379875279,296.0602649016946
19790000,39580.000007146,-51134.39427827962,292.6722992717712
19795000,39590.00000714804,-50451.73910966015,295.10168095454145
19800000,39600.000007150076,-50462.48630582911,297.38526877680596
19805000,39610.00000715211,-50849.248160397576,304.0773643802432
19810000,39620.00000715415,-50825.602538404084,297.3463642367236
19815000,39630.00000715619,-50477.94542836025,297.737974149491
19820000,39640.000007158225,-50681.61439232936,297.4219302316337
19825000,39650.00000716026,-50507.61063991574,300.96430982184194
19830000,39660.0000071623,-50788.15912986218,292.7370246541445
19835000,39670.00000716434,-50732.1909210968,292.594757658373
19840000,39680.000007166374,-50385.94151715835,293.89551568666406
19845000,39690.00000716841,-50445.19096125179,300.44423395362065
19850000,39700.00000717045,-50731.78947162372,299.0891040931614
19855000,39710.000007172486,-50643.526678866736,297.03557130291534
19860000,39720.00000717452,-50599.65912426525,292.7526428138116
19865000,39730.00000717656,-50770.74960731811,297.1657933941001
19870000,39740.0000071786,-50762.59720855244,306.4858301964729
19875000,39750.000007180635,-50531.72025978047,301.8630873868955
19880000,39760.00000718267,-50343.437791207165,297.5824161218834
19885000,39770.00000718471,-51025.22759018335,300.52621207334414
19890000,39780.00000718675,-50531.19077066824,294.51019607496994
19895000,39790.000007188784,-50615.40471873939,296.77046471077426
19900000,39800.00000719082,-50760.32140895497,301.91280006541166
19905000,39810.00000719286,-50410.00498505338,302.60417555728196
19910000,39820.000007194896,-50702.39957050601,301.24267125227504
19915000,39830.00000719693,-50630.4335505217,291.8089058307734
19920000,39840.00000719897,-50790.691944194434,291.79413666637237
19925000,39850.00000720101,-50575.1347165849,290.94008783734415
19930000,39860.000007203045,-50391.98733081814,300.9567150485787
19935000,39870.00000720508,-50535.58320661611,294.012561717868
19940000,39880.00000720712,-50286.68969951564,299.66956109757587
19945000,39890.00000720916,-50582.157686199236,293.7585911825009
19950000,39900.000007211194,-51002.00397881586,299.5047794637738
19955000,39910.00000721323,-50687.08279181342,293.4897247150161
19960000,39920.00000721527,-50409.44663061443,299.8708491151273
19965000,39930.000007217306,-50265.696424282185,304.4437328545929
19970000,39940.00000721934,-50958.49621386931,293.32798836900173
19975000,39950.00000722138,-50436.34916526251,299.63710820085896
19980000,39960.00000722342,-51067.24324104932,293.69912059643605
19985000,39970.000007225455,-50765.298054500105,293.5011937392774
19990000,39980.00000722749,-50305.64063551513,297.24792672754063
19995000,39990.00000722953,-50490.8004038982,304.24151969833304
20000000,40000.00000723157,-50259.12326538825,290.85381554581414
20005000,40010.000007233604,-50614.2864124678,298.89472615553615
20010000,40020.00000723564,-50557.79048437081,301.7088737814388
20015000,40030.00000723768,-50771.7397167001,296.12441115198317
20020000,40040.000007239716,-50809.02895338554,299.38954967049995
20025000,40050.00000724175,-50745.24924460691,301.16518351857144
20030000,40060.00000724379,-50598.10508025423,298.9588831815991
20035000,40070.00000724583,-50301.279732117924,302.1325315052363
20040000,40080.000007247865,-50434.48575972614,291.1059728279155
20045000,40090.0000072499,-50517.70123836817,301.01433084605355
20050000,40100.00000725194,-50853.458770772675,300.8167373109765
20055000,40110.00000725398,-50645.71443725223,298.37912202008556
20060000,40120.000007256014,-50768.5890197003,303.2654823424001
20065000,40130.00000725805,-50708.81470248377,300.8074566957845
20070000,40140.00000726009,-50876.04038297126,291.16782719438623
20075000,40150.000007262126,-50686.87893432821,295.99453823920857
20080000,40160.00000726416,-50762.50500289121,306.24732151175857
20085000,40170.0000072662,-50763.407519018045,300.5880397349346
20090000,40180.00000726824,-50822.61612898766,298.20472542648236
20095000,40190.000007270275,-50790.39768621768,301.08420658936603
20100000,40200.00000727231,-50495.07160245211,303.4218592563738
20105000,40210.00000727435,-50574.95557488382,301.9098279730644
20110000,40220.00000727639,-50955.45747323791,297.79693885148777
20115000,40230.000007278424,-50587.31912045716,300.84718928489275
20120000,40240.00000728046,-50454.24005400934,301.95400599078954
20125000,40250.0000072825,-50414.69348516018,299.27520209317333
20130000,40260.000007284536,-50767.49754231158,292.37322584309766
20135000,40270.00000728657,-50682.8560323024,297.214788423233
20140000,40280.00000728861,-50553.928854630736,294.68893625619484
20145000,40290.00000729065,-50669.23345640476,305.1505655432739
20150000,40300.000007292685,-50550.305367614696,298.000096698835
20155000,40310.00000729472,-50617.45253501201,293.45081813309065
20160000,40320.00000729676,-51256.05532935145,301.51165095408675
20165000,40330.0000072988,-50760.73894976446,308.7418682342564
20170000,40340.000007300834,-50428.09408972395,294.10391241450304
20175000,40350.00000730287,-50597.59885751657,307.6771170697115
20180000,40360.00000730491,-50449.1379330972,294.1442325125853
20185000,40370.000007306946,-50915.8594056498,309.4010691091205
20190000,40380.00000730898,-50498.50969763636,292.24089098494767
20195000,40390.00000731102,-50427.18548252518,292.991026594685
20200000,40400.00000731306,-50923.086220522586,297.98378626822495
20205000,40410.000007315095,-50749.48104280498,293.69701435672556
20210000,40420.00000731713,-50534.26774116681,292.37745602849697
20215000,40430.00000731917,-50935.019949194684,287.1562947070675
20220000,40440.00000732121,-50869.27328861377,302.0894797716675
20225000,40450.000007323244,-50944.01470415335,300.15895104754327
20230000,40460.00000732528,-50559.14262051205,295.5696830665938
20235000,40470.00000732732,-50714.49119059206,292.03121175421836
20240000,40480.000007329356,-50248.53654060009,293.76447128229364
20245000,40490.00000733139,-50502.78914626947,295.36705915092375
20250000,40500.00000733343,-51114.9865180724,306.8081255635793
20255000,40510.00000733547,-50727.05804658102,306.07029866700725
20260000,40520.000007337505,-50541.88573406768,306.98825568553076
20265000,40530.00000733954,-50828.0711827653,301.6496830830484
20270000,40540.00000734158,-50870.768112850725,301.40515496288754
20275000,40550.00000734362,-50867.516266930266,299.9705601398887
20280000,40560.000007345654,-50389.48082815233,305.67989765160235
20285000,40570.00000734769,-50470.60846662987,306.63064235452913
20290000,40580.00000734973,-50442.98075809158,301.94245233278895
20295000,40590.000007351766,-50836.738564828906,294.34433475505944
20300000,40600.0000073538,-50633.151597564225,298.88099384142134
20305000,40610.00000735584,-50676.09086638753,307.69398084494156
20310000,40620.00000735788,-50203.17629552848,303.67777603463395
20315000,40630.000007359915,-50952.35131450076,296.1293354797697
20320000,40640.00000736195,-50880.193695997965,293.3739553910035
20325000,40650.00000736399,-50837.587307032896,288.8454128963385
20330000,40660.00000736603,-50863.51718183921,294.0769544420442
20335000,40670.000007368064,-50750.35499631055,300.77386053056955
20340000,40680.0000073701,-50531.103466749366,298.50134013749636
20345000,40690.00000737214,-50938.50671731512,292.544481731914
20350000,40700.000007374176,-51218.08349534072,292.71375885084205
20355000,40710.00000737621,-50599.70721062855,292.6342768227323
20360000,40720.00000737825,-50495.64244493237,299.1851413054872
20365000,40730.00000738029,-50358.157015385426,294.7354760467237
20370000,40740.000007382325,-50351.25862796017,297.0744454168087
20375000,40750.00000738436,-50688.41369483387,297.7551897639196
20380000,40760.0000073864,-50764.73391105712,300.63710308036275
20385000,40770.00000738844,-50978.43778035679,300.9315772298018
20390000,40780.000007390474,-50894.688387828064,294.36195151038095
20395000,40790.00000739251,-50690.951761389966,296.07401821245486
20400000,40800.00000739455,-50575.991335804225,297.70007625869135
20405000,40810.000007396586,-50962.64142630392,301.5565758349145
20410000,40820.00000739862,-50887.215926998935,298.3479297397679
20415000,40830.00000740066,-50988.29547608676,297.0889733029603
20420000,40840.0000074027,-50676.39819932179,290.40587517809877
20425000,40850.000007404735,-50490.8013969748,299.0072796132416
20430000,40860.00000740677,-50633.547557593265,300.17757027670433
20435000,40870.00000740881,-50552.35061439648,291.2724075753972
20440000,40880.00000741085,-50598.19888984543,297.0483529280044
20445000,40890.000007412884,-50633.523908074305,297.4404838087032
20450000,40900.00000741492,-51320.41104828523,300.8245946831216
20455000,40910.00000741696,-50681.2852886332,295.36972051289024
20460000,40920.000007418996,-50705.05345398447,294.2540633467385
20465000,40930.00000742103,-50571.56183904561,289.4765397845898
20470000,40940.00000742307,-50384.16887723244,306.3949035977707
20475000,40950.00000742511,-50934.36281201226,299.9441067715448
20480000,40960.000007427145,-50976.87896641833,305.7485961447646
20485000,40970.00000742918,-50921.621390358254,301.80625979064723
20490000,40980.00000743122,-50803.91831107356,293.26343596975767
20495000,40990.00000743326,-50600.281930466415,299.3936400050026
20500000,41000.000007435294,-50533.58083761044,303.38336202699423
20505000,41010.00000743733,-50795.46873508708,299.3292443760638
20510000,41020.00000743937,-50992.7979453383,306.2311029432303
20515000,41030.000007441406,-50529.1982974736,297.34679621100594
20520000,41040.00000744344,-50641.003675467946,294.889954585419
20525000,41050.00000744548,-50962.473008060886,302.4294527577398
20530000,41060.00000744752,-50359.28786854507,296.01736380734866
20535000,41070.000007449555,-50421.94189046198,304.06869435787934
20540000,41080.00000745159,-50669.891022905445,303.7800790357266
20545000,41090.00000745363,-50564.32013320047,299.0287757161876
20550000,41100.00000745567,-51252.153899769764,301.247475489488
20555000,41110.000007457704,-50473.82834317934,290.8117542455562
20560000,41120.00000745974,-50603.018353607156,297.0032188702499
20565000,41130.00000746178,-50762.448380573216,298.83847811255833
20570000,41140.000007463816,-50502.13869629457,293.8905316595845
20575000,41150.00000746585,-51239.18430108827,300.5189886556828
20580000,41160.00000746789,-50438.966987310734,300.863625749577
20585000,41170.00000746993,-50828.55630091764,302.01767060974424
20590000,41180.000007471965,-51145.612822370604,298.25097849967085
20595000,41190.000007474,-50725.570170069375,302.01122097710504
20600000,41200.00000747604,-50447.02864600747,302.06875110285694
20605000,41210.00000747808,-50768.023939884646,296.8758396139602
20610000,41220.000007480114,-50490.08304621285,297.7550927136779
20615000,41230.00000748215,-50588.674984063284,297.83415367172836
20620000,41240.00000748419,-50752.10151374768,298.6799211192688
20625000,41250.000007486226,-50899.394324843684,303.3080718434825
20630000,41260.00000748826,-50205.714843597554,305.948500022311
20635000,41270.0000074903,-50518.53002601047,296.0751268445736
20640000,41280.00000749234,-50897.456766259595,295.66665145138074
20645000,41290.000007494375,-50631.766327621765,301.12293326277455
20650000,41300.00000749641,-50966.94928187973,297.0759470423985
20655000,41310.00000749845,-50717.308988599776,301.90567554157616
20660000,41320.00000750049,-51019.78890070104,303.9881167433967
20665000,41330.000007502524,-50615.89718111258,291.47758815834453
20670000,41340.00000750456,-50263.58955315189,294.36483681894146
20675000,41350.0000075066,-50518.055244165385,299.1865103578913
20680000,41360.000007508635,-50941.47670106313,296.13909887850053
20685000,41370.00000751067,-50864.5359015055,290.694390073045
20690000,41380.00000751271,-50656.70614191017,304.6576818415301
20695000,41390.00000751475,-50524.979028768954,300.7047892862025
20700000,41400.000007516785,-50537.76652129009,293.07940733124485
20705000,41410.00000751882,-50822.91033526286,292.3494428997505
20710000,41420.00000752086,-50998.07906971758,302.35196603944064
20715000,41430.000007522896,-50589.503515481425,295.8224273723319
20720000,41440.00000752493,-50439.805060956394,301.7244309145774
20725000,41450.00000752697,-50667.76956851658,295.749066599775
20730000,41460.00000752901,-50532.50960713651,297.52676732534445
20735000,41470.000007531045,-50757.47370026022,297.3029161601359
20740000,41480.00000753308,-50792.672661929246,300.74885078950035
20745000,41490.00000753512,-50777.31163443628,296.19954992257846
20750000,41500.00000753716,-50516.33663377422,295.58653660282476
20755000,41510.000007539194,-50719.933290679735,293.12361128775035
20760000,41520.00000754123,-50497.67126962857,299.8890856944147
20765000,41530.00000754327,-50180.98617037188,296.09528819212034
20770000,41540.000007545306,-50535.47983629332,297.79875443773886
20775000,41550.00000754734,-50616.68155419128,290.710576437839
20780000,41560.00000754938,-51011.57767607813,296.3062283220691
20785000,41570.00000755142,-50370.52303282634,298.3907800567627
20790000,41580.000007553455,-50825.333246502705,303.6894989514158
20795000,41590.00000755549,-50715.60566502737,294.2622428810684
20800000,41600.00000755753,-50643.92942969469,299.15068053262434
20805000,41610.00000755957,-50796.369931188936,297.14081273542473
20810000,41620.000007561604,-50811.44035737947,287.3402756090683
20815000,41630.00000756364,-50633.635857748595,298.44354506684766
20820000,41640.00000756568,-50572.235036441416,290.91891206823664
20825000,41650.000007567716,-50814.80949624171,292.5353562836519
20830000,41660.00000756975,-50480.02460224883,299.87362258178536
20835000,41670.00000757179,-50392.33876695324,294.6964510917486
20840000,41680.00000757383,-50598.55805861423,300.7873573761194
20845000,41690.000007575865,-50787.29611162588,294.6618769697157
20850000,41700.0000075779,-51143.76636601245,306.9812628523052
20855000,41710.00000757994,-50629.477998847404,299.5538458037818
20860000,41720.00000758198,-50919.44805030094,298.4997313011903
20865000,41730.000007584014,-50886.37668723345,292.80592160350267
20870000,41740.00000758605,-50555.65857540013,296.447426991415
20875000,41750.00000758809,-50693.8717456453,296.63074378724525
20880000,41760.000007590126,-50281.20046217556,299.5676225615164
20885000,41770.00000759216,-50663.11079341546,289.63977289273475
20890000,41780.0000075942,-50823.755209100054,308.8917943560344
20895000,41790.00000759624,-50603.473549425486,300.42667860909205
20900000,41800.000007598275,-50549.47384723279,299.87863436993376
20905000,41810.00000760031,-50380.11714473678,294.4026252921257
20910000,41820.00000760235,-50471.04277761618,300.06150639291684
20915000,41830.00000760439,-50474.40497753717,301.5651922974394
20920000,41840.000007606424,-50625.547714580374,294.34280672683724
20925000,41850.00000760846,-51006.83113579266,296.6197296113063
20930000,41860.0000076105,-50567.567097694206,293.98841794673183
20935000,41870.000007612536,-50326.037812145194,301.5264660159032
20940000,41880.00000761457,-50738.50742248795,297.9605619537559
20945000,41890.00000761661,-50683.42786287429,296.6216528200382
20950000,41900.00000761865,-50645.51389347194,300.31243709179455
20955000,41910.000007620685,-50459.1814532135,297.6172746458126
20960000,41920.00000762272,-50974.19066555725,295.27455568921675
20965000,41930.00000762476,-50601.72727372355,297.0251854474578
20970000,41940.0000076268,-50805.20013394029,297.5796119814923
20975000,41950.000007628834,-50714.68651769348,287.53463067306956
20980000,41960.00000763087,-50772.041498054255,296.0818688148306
20985000,41970.00000763291,-50832.4583837777,303.2981944167068
20990000,41980.000007634946,-50745.09172873042,299.73439793443526
20995000,41990.00000763698,-50707.56004865086,292.8360691407864
21000000,42000.00000763902,-50684.379958491365,291.96392576469447
21005000,42010.00000764106,-50763.42506186824,294.8748660374638
21010000,42020.000007643095,-50782.07312836341,293.56312394766746
21015000,42030.00000764513,-50937.12447991516,298.374685601317
21020000,42040.00000764717,-50674.2103366894,300.2379648762253
21025000,42050.00000764921,-50737.09115716524,293.5061046805273
21030000,42060.000007651244,-50447.4202830735,300.79804104413796
21035000,42070.00000765328,-50555.04984120876,302.97085152539137
21040000,42080.00000765532,-50809.75821393952,298.58485286519203
21045000,42090.000007657356,-50827.904642982816,296.85770629417715
21050000,42100.00000765939,-50508.87914582138,301.54187083961807
21055000,42110.00000766143,-50833.7978052152,304.1977939645889
21060000,42120.00000766347,-50618.21186115651,292.59993645648774
21065000,42130.000007665505,-50794.01381656781,299.0805151268402
21070000,42140.00000766754,-50982.97496205362,295.7815559956016
21075000,42150.00000766958,-50508.029118229606,296.09986740703874
21080000,42160.00000767162,-50745.384423074254,295.0650807410394
21085000,42170.000007673654,-50431.38392853172,294.47642282561696
21090000,42180.00000767569,-50888.054217768076,301.10608421228056
21095000,42190.00000767773,-50852.570984109625,301.2154260593718
21100000,42200.000007679766,-50860.49319773432,303.00075062455056
21105000,42210.0000076818,-50935.16277620231,291.0985009134613
21110000,42220.00000768384,-50407.25205757018,299.5556088459212
21115000,42230.00000768588,-50461.61012514858,299.9194705487545
21120000,42240.000007687915,-50871.3835272314,300.60588120390656
21125000,42250.00000768995,-50421.82167705349,294.2900890735544
21130000,42260.00000769199,-50580.82488382343,296.8496222477987
21135000,42270.00000769403,-50313.10263944222,302.007073331656
21140000,42280.000007696064,-50767.91310487536,303.3830389446781
21145000,42290.0000076981,-50425.23836343209,298.7148813708881
21150000,42300.00000770014,-50574.262207115156,297.8556231070484
21155000,42310.000007702176,-50702.40466892466,296.5698925736204
21160000,42320.00000770421,-50580.275022971065,306.9665776637284
21165000,42330.00000770625,-50734.45245189869,295.56339872316875
21170000,42340.00000770829,-50736.899333309004,300.37559903808835
21175000,42350.000007710325,-50368.32976951872,296.29748794254795
21180000,42360.00000771236,-50713.36676856241,291.92738207652144
21185000,42370.0000077144,-50699.40149848038,301.64049166728654
21190000,42380.00000771644,-50364.77693999809,302.04365597615856
21195000,42390.000007718474,-50985.05661370832,302.1522529255853
21200000,42400.00000772051,-50393.37060224949,301.88587531998377
21205000,42410.00000772255,-50690.94422910802,299.0200130996272
21210000,42420.000007724586,-50828.90832748418,291.19358262191105
21215000,42430.00000772662,-50361.70747337662,303.49729603432496
21220000,42440.00000772866,-50809.411301774846,299.2546499289894
21225000,42450.0000077307,-50655.46204606132,301.80267170751785
21230000,42460.000007732735,-50755.508020486304,295.70614813272823
21235000,42470.00000773477,-50283.638324128755,300.3838502166909
21240000,42480.00000773681,-51006.73106550719,299.8071785110672
21245000,42490.00000773885,-50898.470711237955,294.1581634121577
21250000,42500.000007740884,-50975.31894309679,296.6180129403277
21255000,42510.00000774292,-50598.67853801977,299.82840758430604
21260000,42520.00000774496,-50575.4290645991,303.07481052922304
21265000,42530.000007746996,-50467.7154837877,292.9072718782614
21270000,42540.00000774903,-50832.508486903855,295.43357384913173
21275000,42550.00000775107,-50500.53896464646,303.67502526637816
21280000,42560.00000775311,-50591.43415972567,300.22186185367326
21285000,42570.000007755145,-50980.84495046426,292.4918527339499
21290000,42580.00000775718,-50663.81522218941,294.05740547125595
21295000,42590.00000775922,-50379.80548498221,302.98559633567265
21300000,42600.00000776126,-50640.540312260855,297.6874403904298
21305000,42610.000007763294,-50483.89548887417,296.42353073907697
21310000,42620.00000776533,-50823.52895251711,294.8893554781117
21315000,42630.00000776737,-50430.05394316628,291.13891731643884
21320000,42640.000007769406,-50580.40039203249,303.2724448847055
21325000,42650.00000777144,-50600.58683161292,306.81226216119853
21330000,42660.00000777348,-50326.903398807946,301.38201438973715
21335000,42670.00000777552,-50669.69404560409,291.22732022422434
21340000,42680.000007777555,-50502.56544711848,297.24905376187246
21345000,42690.00000777959,-50571.758083074645,297.8265650518705
21350000,42700.00000778163,-50957.750434192945,292.22432905553717
21355000,42710.00000778367,-50816.59181195381,297.82895212736025
21360000,42720.000007785704,-50712.11739142524,300.22269467128234
21365000,42730.00000778774,-50261.64147577298,295.83382807683245
21370000,42740.00000778978,-50571.739860495174,298.0444008191845
21375000,42750.000007791816,-50857.49050222046,305.21767170126776
21380000,42760.00000779385,-50680.38333480325,297.68994145182677
21385000,42770.00000779589,-50351.5643874917,299.15487093269394
21390000,42780.00000779793,-50406.88701434512,294.8695688348491
21395000,42790.000007799965,-50674.08037971181,294.530788739721
21400000,42800.000007802,-50638.38907714008,302.0531235866039
21405000,42810.00000780404,-50368.14871422507,291.33781374438604
21410000,42820.00000780608,-50686.69344824558,300.86839834087795
21415000,42830.000007808114,-50486.90445733315,304.39630197781923
21420000,42840.00000781015,-50496.813840398245,300.53832574193956
21425000,42850.00000781219,-50685.95124123391,303.60597151251335
21430000,42860.000007814226,-50780.08609282473,293.6727070880367
21435000,42870.00000781626,-50602.47799464397,300.0335663590522
21440000,42880.0000078183,-50824.448518236255,296.36012089891835
21445000,42890.00000782034,-50902.755255348486,293.8619603937278
21450000,42900.000007822375,-50954.310542462714,306.76537357779563
21455000,42910.00000782441,-51268.38225016388,296.96840994317006
21460000,42920.00000782645,-50403.7841955566,299.0626018453067
21465000,42930.00000782849,-50708.01245906527,300.22520445284005
21470000,42940.000007830524,-50487.78515929199,302.13988711021346
21475000,42950.00000783256,-50407.51285972452,295.96194722533454
21480000,42960.0000078346,-50615.08149921257,305.2584205633663
21485000,42970.000007836636,-50613.01905365591,299.2658998545588
21490000,42980.00000783867,-50432.38291692786,302.3340579543377
21495000,42990.00000784071,-50607.58165060374,292.30439228171383
21500000,43000.00000784275,-50920.0973950052,293.34019568645044
21505000,43010.000007844785,-50345.16413619905,283.60316813658955
21510000,43020.00000784682,-50798.17241026799,306.01773262510767
21515000,43030.00000784886,-50935.09781469731,305.66207595354024
21520000,43040.0000078509,-50818.54188832626,293.482254140663
21525000,43050.000007852934,-50922.666784928326,304.73075196584665
21530000,43060.00000785497,-50665.02942101902,301.52509263394876
21535000,43070.00000785701,-50853.0444647627,298.7808924545586
21540000,43080.000007859046,-50473.7887472921,294.9103077632681
21545000,43090.00000786108,-50763.142906654015,301.0835389044549
21550000,43100.00000786312,-50782.30939832318,302.1908638536609
21555000,43110.00000786516,-50659.29213904709,300.5182929247923
21560000,43120.000007867195,-50555.521041586326,291.197338561026
21565000,43130.00000786923,-50299.16180820746,301.32594022632986
21570000,43140.00000787127,-50901.50030884924,290.3891074351322
21575000,43150.00000787331,-50987.00319106615,293.6963287238782
21580000,43160.000007875344,-51052.96661409334,302.77660349965055
21585000,43170.00000787738,-50881.72442425354,306.27718024105616
21590000,43180.00000787942,-50530.608628054644,295.5325994581155
21595000,43190.000007881456,-50790.60057412289,295.84108642125676
21600000,43200.00000788349,-50857.6106400117,288.2698702999022
21605000,43210.00000788553,-50686.87916817493,298.1284633380749
21610000,43220.00000788757,-50719.66332243977,294.84480392733667
21615000,43230.000007889605,-50857.735098221805,295.63601715645524
21620000,43240.00000789164,-50637.80144848555,299.7692386633678
21625000,43250.00000789368,-50472.80707209377,297.5984892574909
21630000,43260.00000789572,-50483.76894111393,307.8730100052678
21635000,43270.000007897754,-51039.54745439312,304.6720904425423
21640000,43280.00000789979,-50356.48001603264,301.0489229221704
21645000,43290.00000790183,-50595.867330855195,297.80346739257254
21650000,43300.000007903865,-50243.78048016544,297.93255107833784
21655000,43310.0000079059,-50642.13300733559,297.88547023118673
21660000,43320.00000790794,-50799.98962571731,302.5834848268448
21665000,43330.00000790998,-50972.12613434857,299.14042599184785
21670000,43340.000007912015,-50972.361240886705,299.2490332401477
21675000,43350.00000791405,-50796.939758866385,293.8972368455857
21680000,43360.00000791609,-50854.05145867134,292.0553914881471
21685000,43370.000007918126,-50464.2903693633,300.5453010103814
21690000,43380.00000792016,-50443.96172566345,289.4103059232488
21695000,43390.0000079222,-50922.18116184021,309.7957990691234
21700000,43400.00000792424,-50601.2592987204,302.2518766326706
21705000,43410.000007926275,-50928.22999415724,303.58680539733376
21710000,43420.00000792831,-50503.51346696602,298.44970183272443
21715000,43430.00000793035,-50639.517386782914,298.29953398522554
21720000,43440.00000793239,-50484.57998110016,299.5287946090852
21725000,43450.000007934425,-50850.03764959707,296.20933864602955
21730000,43460.00000793646,-50689.33968447396,302.41857779961674
21735000,43470.0000079385,-50759.43580639671,297.9207594337256
21740000,43480.000007940536,-50821.63655406691,301.7003280062185
21745000,43490.00000794257,-50527.47761855036,297.1832142383983
21750000,43500.00000794461,-50605.69573513587,301.3541779016014
21755000,43510.00000794665,-50626.109280956065,290.38853226159705
21760000,43520.000007948685,-50423.35709872231,294.0918494768028
21765000,43530.00000795072,-50312.25674461716,308.7572672198724
21770000,43540.00000795276,-50927.52731696074,294.7124077886318
21775000,43550.0000079548,-51094.26334084908,299.2285213333496
21780000,43560.000007956834,-51077.84539108956,302.4810605328741
21785000,43570.00000795887,-50723.377089374786,306.44326657459396
21790000,43580.00000796091,-50264.92738737186,301.4242168478814
21795000,43590.000007962946,-50453.95752278069,299.34461820650984
21800000,43600.00000796498,-50373.33102601016,300.3850550837384
21805000,43610.00000796702,-50572.58924073103,302.25522631700096
21810000,43620.00000796906,-50076.69387182139,296.7051509733076
21815000,43630.000007971095,-51008.27844593531,302.14975489448284
21820000,43640.00000797313,-50616.25536022088,300.52261139644725
21825000,43650.00000797517,-50753.95700140693,296.24782028893986
21830000,43660.00000797721,-50461.947275108396,297.18753936907643
21835000,43670.000007979244,-50422.443347138236,295.773608916855
21840000,43680.00000798128,-50853.080559924536,303.3723910320438
21845000,43690.00000798332,-50416.14894302463,293.5570352380124
21850000,43700.000007985356,-50274.79409803121,297.5053443693876
21855000,43710.00000798739,-50544.00383311801,307.82208738431774
21860000,43720.00000798943,-50374.81569529016,299.85159947913536
21865000,43730.00000799147,-50477.80065947134,303.09800336644076
21870000,43740.000007993505,-50285.9669221809,297.2991155539731
21875000,43750.00000799554,-50785.851019183,303.4502614239694
21880000,43760.00000799758,-50855.21032485872,306.0433117836654
21885000,43770.00000799962,-51133.27213747366,304.8404065771381
21890000,43780.000008001654,-51084.10902230826,296.8735614255863
21895000,43790.00000800369,-50505.88287924294,292.3857725736409
21900000,43800.00000800573,-50487.75960509866,304.7884344801921
21905000,43810.000008007766,-50602.16242365059,301.9021693741868
21910000,43820.0000080098,-50604.80645993023,295.3473894694362
21915000,43830.00000801184,-50936.41678047113,303.6583510615786
21920000,43840.00000801388,-50366.04106540608,295.88885869512643
21925000,43850.000008015915,-50593.84823247467,298.48136907309765
21930000,43860.00000801795,-50374.77304546931,302.2582063214934
21935000,43870.00000801999,-50956.78082942488,296.4247439428618
21940000,43880.00000802203,-50717.12748986899,300.99324577118256
21945000,43890.000008024064,-50828.10890280217,300.1240188546606
21950000,43900.0000080261,-50690.5651859839,302.69463521138977
21955000,43910.00000802814,-50745.61567470126,298.96824108320754
21960000,43920.000008030176,-50359.6919323832,306.3663509665725
21965000,43930.00000803221,-50745.77530014707,308.9976779616683
21970000,43940.00000803425,-50756.398535966,297.9146214660974
21975000,43950.00000803629,-50528.31362620063,299.1022711351243
21980000,43960.000008038325,-50586.631239628536,298.8335909900948
21985000,43970.00000804036,-50448.20250791201,294.9240769153591
21990000,43980.0000080424,-50799.09367817256,293.41130122803037
21995000,43990.00000804444,-50421.88305051124,300.014281565765
22000000,44000.000008046474,-50651.54119371806,305.2960672885846
22005000,44010.00000804851,-50537.9722402661,293.67677728953186
22010000,44020.00000805055,-50494.819425246445,302.39476346886977
22015000,44030.000008052586,-50659.53429159211,296.41067722048064
22020000,44040.00000805462,-50777.774869262386,309.6127843919264
22025000,44050.00000805666,-50589.11085365206,302.00056967202653
22030000,44060.0000080587,-51044.18698953983,297.3548725893779
22035000,44070.000008060735,-50519.982878574054,295.6736204578141
22040000,44080.00000806277,-50621.39950228602,298.40117535431744
22045000,44090.00000806481,-50524.824608258496,289.91964451457295
22050000,44100.00000806685,-50816.0896602858,292.98383274878506
22055000,44110.000008068884,-50645.60049157866,293.5056461827422
22060000,44120.00000807092,-50896.86123085281,295.2149440677401
22065000,44130.00000807296,-50747.73709521763,291.56114466373305
22070000,44140.000008074996,-50757.125150142325,297.1889922122601
22075000,44150.00000807703,-50657.620275547844,290.90599906511807
22080000,44160.00000807907,-50447.25694632041,297.70431270518
22085000,44170.00000808111,-50927.82231259,295.87317979093797
22090000,44180.000008083145,-50782.85615330239,295.8336395921236
22095000,44190.00000808518,-50154.080356184335,299.3464440747388
22100000,44200.00000808722,-50936.170840815175,289.2568742402506
22105000,44210.00000808926,-50787.31070793263,304.9302481263687
22110000,44220.000008091294,-50247.58519875843,301.3643852618037
22115000,44230.00000809333,-50901.543398318405,295.8912565220135
22120000,44240.00000809537,-50126.11096053413,292.7692761907487
22125000,44250.000008097406,-50729.780080425495,305.1766546783984
22130000,44260.00000809944,-50373.11676498785,300.01836961251433
22135000,44270.00000810148,-50643.8247049331,310.7368431239034
22140000,44280.00000810352,-50393.266520230885,297.695270170792
22145000,44290.000008105555,-50446.47244126565,298.4387793221675
22150000,44300.00000810759,-50793.20004309784,300.93607484095133
22155000,44310.00000810963,-50610.74933458894,305.5733190779138
22160000,44320.00000811167,-50836.49242191552,294.3814743063142
22165000,44330.000008113704,-51100.50955402851,294.12985685135175
22170000,44340.00000811574,-50460.834976485814,309.2102314344148
22175000,44350.00000811778,-50677.49515175648,299.2680965790374
22180000,44360.000008119816,-50404.31645751005,298.9769967023059
22185000,44370.00000812185,-50732.26283538938,304.53358216655437
22190000,44380.00000812389,-50715.327300123696,299.93532479167163
22195000,44390.00000812593,-50722.126770009636,298.0983921723115
22200000,44400.000008127965,-50789.773811257386,297.7459607949081
22205000,44410.00000813,-50601.363817481906,293.68230187917965
22210000,44420.00000813204,-50877.82866681198,296.68601985896
22215000,44430.00000813408,-50877.12900397627,295.6982016563442
22220000,44440.000008136114,-50556.63889724531,307.46572117876053
22225000,44450.00000813815,-50277.51632667071,299.2022341889705
22230000,44460.00000814019,-50857.4081098437,303.006028071771
22235000,44470.000008142226,-50813.298424308916,301.4377104929473
22240000,44480.00000814426,-50725.807272671635,304.6216452913807
22245000,44490.0000081463,-50641.399244747765,288.02693059191796
22250000,44500.00000814834,-50690.67514461378,297.8462225362041
22255000,44510.000008150375,-50480.98211431672,300.24082447748003
22260000,44520.00000815241,-50682.139897186484,292.9336254941511
22265000,44530.00000815445,-50872.73590600304,299.80751691418584
22270000,44540.00000815649,-50607.38643324838,295.28131404604517
22275000,44550.000008158524,-50534.87258011536,292.330357846384
22280000,44560.00000816056,-50501.17119442922,292.57409994941617
22285000,44570.0000081626,-50828.6613532342,299.1875575970121
22290000,44580.000008164636,-50906.05489023222,293.946163971994
22295000,44590.00000816667,-50787.25258245994,298.44189562936526
22300000,44600.00000816871,-50926.86494925857,289.83434269252047
22305000,44610.00000817075,-50807.838164816465,299.0162432309656
22310000,44620.000008172785,-50282.16451010914,296.5470397335564
22315000,44630.00000817482,-50719.105399138,304.2155106732696
22320000,44640.00000817686,-50780.740372007655,293.4067434059269
22325000,44650.0000081789,-50826.702715586696,300.7048386277909
22330000,44660.000008180934,-51108.47225731611,303.05228696908006
22335000,44670.00000818297,-50508.9943116855,303.5668644495614
22340000,44680.00000818501,-50885.39988361695,294.7328104217458
22345000,44690.000008187046,-50691.5659722024,300.83688803963514
22350000,44700.00000818908,-50525.754525820084,299.7270691027391
22355000,44710.00000819112,-51133.89155901293,307.08292132575366
22360000,44720.00000819316,-50903.623639805766,295.9331786220623
22365000,44730.000008195195,-50478.78003201517,293.9766272349152
22370000,44740.00000819723,-50619.291505597765,297.9715144869975
22375000,44750.00000819927,-50440.55741038153,302.5291614496784
22380000,44760.00000820131,-50395.075833940005,298.52582357040075
22385000,44770.000008203344,-50771.028394437075,293.55775846193853
22390000,44780.00000820538,-50775.42610249622,291.7193186955472
22395000,44790.00000820742,-50840.37037267495,292.3015395288772
22400000,44800.000008209456,-50659.85478421411,301.3797996653704
22405000,44810.00000821149,-50798.269858131505,296.739484209621
22410000,44820.00000821353,-50809.207171636546,295.91635726026084
22415000,44830.00000821557,-50878.99233700731,299.67226244956294
22420000,44840.000008217605,-50365.85683531049,288.829880753464
22425000,44850.00000821964,-50711.632532218704,290.4541308667193
22430000,44860.00000822168,-50387.657462731964,292.15765390833786
22435000,44870.00000822372,-50435.38713553484,292.39027567066955
22440000,44880.000008225754,-50737.2469498679,292.4778761478173
22445000,44890.00000822779,-50636.02888865964,296.4054612031922
22450000,44900.00000822983,-50785.79977001934,295.2479400335679
22455000,44910.000008231866,-50296.13007343712,300.0902930462485
22460000,44920.0000082339,-50953.26866762742,289.8297651589051
22465000,44930.00000823594,-50310.45801421843,301.12302808505257
22470000,44940.00000823798,-50897.44474148218,301.5397498476889
22475000,44950.000008240015,-50599.880010463035,295.06011969078315
22480000,44960.00000824205,-50671.45138038564,297.9226370026964
22485000,44970.00000824409,-50823.06992200471,297.645954025681
22490000,44980.00000824613,-50764.28823227328,303.4994142059174
22495000,44990.000008248164,-51003.36225769736,296.11160888923956
22500000,45000.0000082502,-51176.714276743965,297.96832148151015
22505000,45010.00000825224,-50587.659436811635,292.15144556960604
22510000,45020.000008254276,-50612.18873858225,292.56097973795266
22515000,45030.00000825631,-50657.75367029346,297.3403428376291
22520000,45040.00000825835,-50622.34216547475,292.0735958628007
22525000,45050.00000826039,-50821.82169938693,302.10257031614486
22530000,45060.000008262425,-50666.82666134852,298.6983292200345
22535000,45070.00000826446,-50762.132891276735,294.55986513752913
22540000,45080.0000082665,-50606.87656953308,294.3923302533432
22545000,45090.00000826854,-50634.954228842456,303.2271578951366
22550000,45100.000008270574,-50227.675775377575,300.2100490198032
22555000,45110.00000827261,-50506.028031079564,298.4100312146624
22560000,45120.00000827465,-50574.71036584015,306.7494359989066
22565000,45130.000008276686,-50611.70813553617,305.15156613919413
22570000,45140.00000827872,-50607.65715630827,293.31773524696104
22575000,45150.00000828076,-50464.12016181578,295.2762173727335
22580000,45160.0000082828,-50431.64690819345,288.33451715656656
22585000,45170.000008284835,-50500.431866664934,301.3701348123952
22590000,45180.00000828687,-50753.49411442608,294.51627225780186
22595000,45190.00000828891,-51087.83435724981,301.5540260372397
22600000,45200.00000829095,-51164.29612878262,302.96905767858823
22605000,45210.000008292984,-50767.716641411855,309.29902349596216
22610000,45220.00000829502,-50809.05685628086,292.7155430785399
22615000,45230.00000829706,-50375.41055191989,299.43734217788483
22620000,45240.000008299095,-51075.45989177399,302.2003874736538
22625000,45250.00000830113,-50524.512320539565,306.09381419721007
22630000,45260.00000830317,-50818.00671171557,297.2626995823655
22635000,45270.00000830521,-50486.674941642035,299.69793839823546
22640000,45280.000008307245,-50970.306340776035,300.0654953037722
22645000,45290.00000830928,-50821.2465617143,301.85885945052155
22650000,45300.00000831132,-50946.76556432113,305.465720794831
22655000,45310.00000831336,-50894.78666130037,302.91504813298394
22660000,45320.000008315394,-50772.92409699873,297.8135265364647
22665000,45330.00000831743,-50437.75624379123,299.9174642958495
22670000,45340.00000831947,-50499.37681787464,304.2034841109291
22675000,45350.000008321505,-50523.61754933445,288.80726180059094
22680000,45360.00000832354,-50717.65402324323,297.9737844909843
22685000,45370.00000832558,-50895.84930531157,296.9143996370379
22690000,45380.00000832762,-50603.1368896465,298.95684549800643
22695000,45390.000008329655,-50673.9101787284,292.1870488610376
22700000,45400.00000833169,-50681.23135467409,299.21262007364277
22705000,45410.00000833373,-50451.01435700635,302.3873676119975
22710000,45420.000008335766,-50521.95178212877,301.1004979626819
22715000,45430.0000083378,-50858.54732627777,294.7349223561041
22720000,45440.00000833984,-50871.49719985612,307.2484716029207
22725000,45450.00000834188,-50751.21009608204,299.3084388961027
22730000,45460.000008343915,-50969.665299355634,296.4401409718296
22735000,45470.00000834595,-50477.3931078022,301.24479387689905
22740000,45480.00000834799,-50779.77867257423,300.2519506919262
22745000,45490.00000835003,-50250.02616704037,301.5817530192429
22750000,45500.000008352064,-50291.76957016619,302.94685079609076
22755000,45510.0000083541,-50797.69035075017,298.52386625687177
22760000,45520.00000835614,-50706.08852400188,305.7927838133076
22765000,45530.000008358176,-50816.3458241738,305.61429398360036
22770000,45540.00000836021,-51197.057199723204,300.5853742845439
22775000,45550.00000836225,-50749.81021998511,290.26183379037917
22780000,45560.00000836429,-50962.810242296604,300.2597888289955
22785000,45570.000008366325,-50732.668382100965,301.0193780988033
22790000,45580.00000836836,-50841.44573173585,298.6528804850757
22795000,45590.0000083704,-50630.64081108206,304.5917998450717
22800000,45600.00000837244,-50836.05090093915,298.8589327980093
22805000,45610.000008374474,-50736.82002569016,295.64652168357424
22810000,45620.00000837651,-50411.26066462661,299.9171630040971
22815000,45630.00000837855,-50727.979543924535,290.66459355256904
22820000,45640.000008380586,-50771.37518497539,296.66758298338664
22825000,45650.00000838262,-50520.61606657933,288.70189273269165
22830000,45660.00000838466,-51123.0010794088,300.6703103254904
22835000,45670.0000083867,-50646.74132282674,294.73009079478555
22840000,45680.000008388735,-50687.452361618256,302.1885639948539
22845000,45690.00000839077,-51100.27770816663,301.9907608139176
22850000,45700.00000839281,-50253.53772046784,299.4244362636909
22855000,45710.00000839485,-50532.2549262883,300.50949175565694
22860000,45720.000008396884,-50324.86506457665,309.41633474011894
22865000,45730.00000839892,-50752.58946622323,305.64894748711174
22870000,45740.00000840096,-50927.38105696821,303.49849132318883
22875000,45750.000008402996,-50641.99291570939,303.5868115510649
22880000,45760.00000840503,-50976.59750549635,301.6602858992725
22885000,45770.00000840707,-50380.645702220354,292.8487518823217
22890000,45780.00000840911,-50833.58750582667,298.48413496732496
22895000,45790.000008411145,-50774.00582010363,297.1003433605243
22900000,45800.00000841318,-50810.71284867084,300.0554181845675
22905000,45810.00000841522,-50840.494101879274,294.788707115381
22910000,45820.00000841726,-50361.18872671685,301.7367076930187
22915000,45830.000008419294,-50853.79029355451,300.57997621749
22920000,45840.00000842133,-50504.63320596152,298.36710317471267
22925000,45850.00000842337,-51098.63402355678,287.56367015341965
22930000,45860.000008425406,-50605.73553123593,296.5565799664743
22935000,45870.00000842744,-50212.64285627118,293.6649739503424
22940000,45880.00000842948,-50687.894921833475,292.0564440366777
22945000,45890.00000843152,-50420.482761359715,296.06907833182373
22950000,45900.000008433555,-50829.69889539704,302.9776393231217
22955000,45910.00000843559,-50727.69523536178,287.8586648054657
22960000,45920.00000843763,-50500.23848872137,303.0774032908511
22965000,45930.00000843967,-50513.94137278752,304.1306079729769
22970000,45940.000008441704,-50234.395934580214,293.5547382805645
22975000,45950.00000844374,-51147.109896485985,300.2824133482352
22980000,45960.00000844578,-50749.21134038881,289.1023784061837
22985000,45970.000008447816,-50457.632518946746,293.09306937158067
22990000,45980.00000844985,-50476.749641634,296.5577999598125
22995000,45990.00000845189,-50139.832994663215,291.8413561905004
23000000,46000.00000845393,-50369.233753430424,292.73300045043885
23005000,46010.000008455965,-50729.535710825876,299.31987894780457
23010000,46020.000008458,-50615.470738828415,297.7803281151931
23015000,46030.00000846004,-50528.400770923385,296.2888493285218
23020000,46040.00000846208,-50521.18456503065,296.8340002986506
23025000,46050.000008464114,-50849.42997773155,292.13811165069376
23030000,46060.00000846615,-50637.75269265362,295.5407292197727
23035000,46070.00000846819,-50941.4138782245,289.1454202327812
23040000,46080.000008470226,-50483.0046941734,299.3750465305267
23045000,46090.00000847226,-50363.90534543703,303.486186883091
23050000,46100.0000084743,-50838.11152872394,295.3247867408346
23055000,46110.00000847634,-50661.30449330609,295.90959496800184
23060000,46120.000008478375,-50170.27998067805,300.1361376454428
23065000,46130.00000848041,-50459.732569099055,299.6000918983616
23070000,46140.00000848245,-50452.703478139476,300.1782783176259
23075000,46150.00000848449,-50708.54242282023,305.14651113218645
23080000,46160.000008486524,-50728.31620145537,293.54577036274065
23085000,46170.00000848856,-50468.994266174035,304.5833505934805
23090000,46180.0000084906,-50951.78433071659,294.61518076564795
23095000,46190.000008492636,-50609.95419067156,300.12755498722686
23100000,46200.00000849467,-50423.36621578058,301.290559718128
23105000,46210.00000849671,-50733.91852626088,298.41525085257734
23110000,46220.00000849875,-51064.64960792678,298.0045946953748
23115000,46230.000008500785,-50503.63156558547,299.9593542487861
23120000,46240.00000850282,-50672.78500193497,305.95936902155023
23125000,46250.00000850486,-50787.233719587966,295.62199295688026
23130000,46260.0000085069,-50671.62882251482,300.2267618235346
23135000,46270.000008508934,-50565.51499370308,296.23329847853466
23140000,46280.00000851097,-50415.78286918433,297.8609800267743
23145000,46290.00000851301,-50515.06737796441,292.85378039388746
23150000,46300.000008515046,-51120.55837669707,299.08113190605405
23155000,46310.00000851708,-50753.467512830655,302.4106258127907
23160000,46320.00000851912,-50476.92524038491,306.58177073446734
23165000,46330.00000852116,-50719.36609620572,295.1996873901975
23170000,46340.000008523195,-50537.084029565274,297.52824228996457
23175000,46350.00000852523,-50445.7364755756,297.8376722546808
23180000,46360.00000852727,-50637.82855484422,309.38099747643093
23185000,46370.00000852931,-50912.91162640019,291.88119131909104
23190000,46380.000008531344,-50591.56609272599,298.19123868034904
23195000,46390.00000853338,-50749.87784004578,297.74759626830263
23200000,46400.00000853542,-50626.11770365629,299.33840825130744
23205000,46410.000008537456,-50640.5430981199,302.4521673229303
23210000,46420.00000853949,-50536.517396826006,296.114755693511
23215000,46430.00000854153,-51196.26329834171,294.7113702536373
23220000,46440.00000854357,-50777.20574176792,302.0309093266729
23225000,46450.000008545605,-50604.839233032515,294.95028995956153
23230000,46460.00000854764,-50995.67183305329,301.0060091160766
23235000,46470.00000854968,-50526.575711362995,311.19530366210614
23240000,46480.00000855172,-50429.71754458599,297.32757834729154
23245000,46490.000008553754,-50834.10290589987,300.0844363561999
23250000,46500.00000855579,-50850.58135882579,296.59362461874287
23255000,46510.00000855783,-50841.10296584305,301.1327926333175
23260000,46520.000008559866,-50561.32112733036,306.3365413640657
23265000,46530.0000085619,-50714.79968288934,296.41350496140836
23270000,46540.00000856394,-50441.844489667536,295.3620721946418
23275000,46550.00000856598,-50769.39893613977,294.36848169051035
23280000,46560.000008568015,-50777.67960900665,290.2242715845832
23285000,46570.00000857005,-50888.19863595074,297.2735386704604
23290000,46580.00000857209,-50450.074614776764,298.92955794736855
23295000,46590.00000857413,-50913.11769068951,286.9786048410245
23300000,46600.000008576164,-50656.87095092394,308.61498267985263
23305000,46610.0000085782,-50803.362049601215,294.36721764487135
23310000,46620.00000858024,-50859.67969772639,299.92330987148284
23315000,46630.000008582276,-50588.32977612439,305.983891752637
23320000,46640.00000858431,-51319.69271142973,304.75983606752516
23325000,46650.00000858635,-50851.812487967225,301.6446057860155
23330000,46660.00000858839,-50627.376772493764,297.1310365621315
23335000,46670.000008590425,-51088.72828727061,300.2425944905966
23340000,46680.00000859246,-50342.47309093177,293.3579768905614
23345000,46690.0000085945,-51075.57497857316,301.8954114153569
23350000,46700.00000859654,-50277.69477832332,296.92208225983074
23355000,46710.000008598574,-50443.305962083774,298.49427900608475
23360000,46720.00000860061,-50589.2000377957,291.7218901195865
23365000,46730.00000860265,-50599.54557621965,299.87661391597106
23370000,46740.000008604686,-50608.83023923525,301.4283909086518
23375000,46750.00000860672,-51206.910245228646,298.21533926170025
23380000,46760.00000860876,-50577.190911345504,306.65010379189874
23385000,46770.0000086108,-50623.00632259232,295.05073304920336
23390000,46780.000008612835,-50857.11372343433,299.2909843964704
23395000,46790.00000861487,-50659.15013693541,296.8994333406019
23400000,46800.00000861691,-50488.28815132484,292.9640891431416
23405000,46810.00000861895,-50638.155704376375,304.64617147624944
23410000,46820.000008620984,-50697.0949410848,303.9743656248605
23415000,46830.00000862302,-50759.3723786723,290.0790522597185
23420000,46840.00000862506,-50257.77963115604,304.85907002017575
23425000,46850.000008627096,-50716.933558350545,294.6447004880925
23430000,46860.00000862913,-50624.274852780014,310.93985864475735
23435000,46870.00000863117,-50791.140039899765,298.56358225261994
23440000,46880.00000863321,-50341.165436716255,294.520591688176
23445000,46890.000008635245,-50546.906994889025,295.39629513904845
23450000,46900.00000863728,-50703.49125883216,299.30102300423727
23455000,46910.00000863932,-50778.14866159097,300.56521401012606
23460000,46920.00000864136,-50499.27018324542,288.4477634328601
23465000,46930.000008643394,-50551.015314060205,290.91946242277197
23470000,46940.00000864543,-50681.926813419035,300.7506648907122
23475000,46950.00000864747,-50387.20232408232,299.9706618934169
23480000,46960.000008649506,-50517.34597539506,298.097112394918
23485000,46970.00000865154,-51024.19677364087,303.56336843764143
23490000,46980.00000865358,-50974.31589155365,300.49560093626775
23495000,46990.00000865562,-50795.75326208223,304.670575658096
23500000,47000.000008657655,-50538.13364829449,295.8881484954448
23505000,47010.00000865969,-50716.9752045089,294.9279801718107
23510000,47020.00000866173,-50730.907201201364,288.7793697122436
23515000,47030.00000866377,-50818.294679840736,302.6532223559217
23520000,47040.000008665804,-50828.01335003108,312.26108343151907
23525000,47050.00000866784,-51005.38453080671,296.43210636688696
23530000,47060.00000866988,-50709.569012836815,284.43125473276535
23535000,47070.000008671916,-50834.86069195825,299.97435798693436
23540000,47080.00000867395,-51150.98466254407,296.54438244132473
23545000,47090.00000867599,-50716.78420538589,301.0552054642595
23550000,47100.00000867803,-50574.43013224154,293.31545963599456
23555000,47110.000008680065,-50834.744554935605,294.60311536669843
23560000,47120.0000086821,-50669.56365686667,294.033601864417
23565000,47130.00000868414,-50476.55546694988,295.18305576087124
23570000,47140.00000868618,-50810.47302746837,297.8068810404885
23575000,47150.000008688214,-50462.71168181003,308.01516886598324
23580000,47160.00000869025,-50485.465484958724,289.7380144314906
23585000,47170.00000869229,-50954.96708962764,296.49167812372434
23590000,47180.000008694326,-50448.754704156774,300.51854142454414
23595000,47190.00000869636,-50469.05392096797,293.5312391889694
23600000,47200.0000086984,-50785.91659906617,293.1783440804024
23605000,47210.00000870044,-50833.65063446693,305.35778517574863
23610000,47220.000008702475,-50480.14252825151,305.35617585153454
23615000,47230.00000870451,-50610.319735230034,291.7674127246352
23620000,47240.00000870655,-50574.957412046235,302.51765914526146
23625000,47250.00000870859,-50335.038643239386,304.85297819876666
23630000,47260.000008710624,-50943.1556238317,295.308628934855
23635000,47270.00000871266,-50712.6054503622,305.2074165938834
23640000,47280.0000087147,-50746.31404208971,298.5754511399326
23645000,47290.000008716735,-50574.718572954356,299.7076941756595
23650000,47300.00000871877,-50771.86634733231,288.95245335049793
23655000,47310.00000872081,-50669.69894972828,296.58975817717607
23660000,47320.00000872285,-50529.125699862896,304.20687385691525
23665000,47330.000008724885,-50519.57226938088,300.4321447311607
23670000,47340.00000872692,-50875.804116553976,288.10325213956145
23675000,47350.00000872896,-50403.11826240513,295.1890517400687
23680000,47360.000008730996,-50308.36882281874,296.69964644968974
23685000,47370.00000873303,-51011.76787023002,296.32647679303136
23690000,47380.00000873507,-50662.19838404938,299.6120786684067
23695000,47390.00000873711,-50859.28731339934,298.16467941589656
23700000,47400.000008739145,-50583.22802612494,296.9431239040694
23705000,47410.00000874118,-50673.69209832919,296.5588712594188
23710000,47420.00000874322,-50533.342201736494,303.46827154211763
23715000,47430.00000874526,-51324.17237804862,310.46828837925085
23720000,47440.000008747294,-50874.01676020038,296.2096794833198
23725000,47450.00000874933,-50344.35448549935,300.0529482013664
23730000,47460.00000875137,-50476.831967735954,301.5017093154326
23735000,47470.000008753406,-50773.967799795326,302.12462206735773
23740000,47480.00000875544,-50684.858535994455,296.04235360395194
23745000,47490.00000875748,-50323.50733065631,295.8262927714973
23750000,47500.00000875952,-50725.81434413101,300.08020388811826
23755000,47510.000008761555,-50734.046247342165,293.83507433079745
23760000,47520.00000876359,-50566.78514400628,295.7533182444731
23765000,47530.00000876563,-50681.059070262476,290.8067937642548
23770000,47540.00000876767,-50343.00325661682,302.1024447517219
23775000,47550.000008769704,-50351.147517602425,301.09879053470786
23780000,47560.00000877174,-50644.79413069604,301.50101549277133
23785000,47570.00000877378,-50948.38775690974,295.919189104825
23790000,47580.000008775816,-50484.72240470664,301.0440802634208
23795000,47590.00000877785,-50671.62713860354,296.15497207819664
23800000,47600.00000877989,-51024.327970052924,291.1154507207182
23805000,47610.00000878193,-50839.67635907777,299.71430340301305
23810000,47620.000008783965,-50579.25719605677,300.7727278637487
23815000,47630.000008786,-50926.89941004792,295.8602178491892
23820000,47640.00000878804,-50509.75229085106,299.9895417326082
23825000,47650.00000879008,-50555.476449683425,298.3497421529281
23830000,47660.000008792114,-50800.90875050324,304.4737652693971
23835000,47670.00000879415,-50725.05219354975,301.8010990635015
23840000,47680.00000879619,-50858.76407304648,298.8091838402408
23845000,47690.000008798226,-50439.18461746763,288.28886838408624
23850000,47700.00000880026,-50494.03913461362,305.98139842832717
23855000,47710.0000088023,-50683.89534884269,295.1429957021715
23860000,47720.00000880434,-50675.06381890242,294.14707854293124
23865000,47730.000008806375,-50594.36944828913,296.35294908560485
23870000,47740.00000880841,-50414.313566846424,298.6084300472126
23875000,47750.00000881045,-51035.05653758734,306.2384737755748
23880000,47760.00000881249,-50765.40645417676,293.40185580519744
23885000,47770.000008814524,-50854.92731772145,299.46128224293733
23890000,47780.00000881656,-50822.31900851737,299.9396845530686
23895000,47790.0000088186,-50828.039563995146,296.57841993298723
23900000,47800.000008820636,-50886.82386614007,298.9373242881594
23905000,47810.00000882267,-50364.56567170474,298.9924374263719
23910000,47820.00000882471,-50648.148293037986,302.216695506472
23915000,47830.00000882675,-50851.14587594019,293.9349067130094
23920000,47840.000008828785,-50533.90131137654,295.4655902974419
23925000,47850.00000883082,-50888.58779253895,295.6818931065046
23930000,47860.00000883286,-50524.33315508225,300.53629752559294
23935000,47870.0000088349,-50726.82048526459,297.3570662135244
23940000,47880.000008836934,-50153.411186472425,283.0416328559323
23945000,47890.00000883897,-50502.40119623672,291.73280682517355
23950000,47900.00000884101,-50916.25846431655,298.0407589824459
23955000,47910.000008843046,-50544.659880496154,296.8818356282405
23960000,47920.00000884508,-50646.063169741596,305.81961348082183
23965000,47930.00000884712,-50487.17423898025,298.37200357929277
23970000,47940.00000884916,-50524.312111262465,298.1300328213104
23975000,47950.000008851195,-50731.68538283373,302.14602045943974
23980000,47960.00000885323,-50989.03397278485,301.3837149377569
23985000,47970.00000885527,-50676.39039053302,297.5426341829927
23990000,47980.00000885731,-50387.200008065294,298.4442329374556
23995000,47990.000008859344,-50624.88691705477,301.7192523034823
24000000,48000.00000886138,-50648.49572401054,299.902666742024
24005000,48010.00000886342,-51011.10246726498,296.182310269189
24010000,48020.000008865456,-50731.731332181866,298.9536310281757
24015000,48030.00000886749,-50718.94821005012,292.01425318835203
24020000,48040.00000886953,-50078.44305529393,297.0309885282586
24025000,48050.00000887157,-50811.42091170157,298.87877114498536
24030000,48060.000008873605,-51143.55791101279,294.13247106541144
24035000,48070.00000887564,-50354.64406306518,294.96349351402966
24040000,48080.00000887768,-50645.25768805377,297.6800523059199
24045000,48090.00000887972,-50450.42393338191,300.1145606221077
24050000,48100.000008881754,-51060.13580949881,298.32321674346605
24055000,48110.00000888379,-50573.96268138933,291.5487048066551
24060000,48120.00000888583,-50784.09776921186,297.95942572104155
24065000,48130.000008887866,-50921.59090412094,312.35271478404064
24070000,48140.0000088899,-50256.48183043458,309.0188361408788
24075000,48150.00000889194,-50722.63005743697,293.867436800165
24080000,48160.00000889398,-50663.904176597134,295.74895990112947
24085000,48170.000008896015,-50738.88416833599,296.25555064903546
24090000,48180.00000889805,-50605.86815017217,296.4974235248921
24095000,48190.00000890009,-50334.669842084666,297.04020389923824
24100000,48200.00000890213,-50219.635489053035,292.1991622893174
24105000,48210.000008904164,-50847.368958257895,300.67521728026776
24110000,48220.0000089062,-50895.28804501795,295.43512941358705
24115000,48230.00000890824,-50579.88424321514,301.479787356428
24120000,48240.000008910276,-51116.629549723584,292.28753153010024
24125000,48250.00000891231,-50689.42193632375,296.1017310936214
24130000,48260.00000891435,-50431.138756651286,301.04634365239497
24135000,48270.00000891639,-50743.40137889839,306.5141981566167
24140000,48280.000008918425,-50843.933365838515,293.4116659459005
24145000,48290.00000892046,-50769.45534897086,300.83855376605845
24150000,48300.0000089225,-50482.61580329336,294.78376816807986
24155000,48310.00000892454,-50490.18379321118,294.5156019096356
24160000,48320.000008926574,-50766.9426937456,302.28870230040843
24165000,48330.00000892861,-50511.30804135892,297.8913928322065
24170000,48340.00000893065,-50709.34282247914,312.1361176233072
24175000,48350.000008932686,-50475.97839729089,292.1360883802812
24180000,48360.00000893472,-50469.30051000498,303.57207068721846
24185000,48370.00000893676,-50523.22280053119,299.683060329494
24190000,48380.0000089388,-50480.77508000942,296.9280517968064
24195000,48390.000008940835,-50781.83561467024,298.2674629406847
24200000,48400.00000894287,-50750.01454766092,307.23065654343236
24205000,48410.00000894491,-50492.53812250728,296.8212254037911
24210000,48420.00000894695,-50725.4467688374,288.1640206168816
24215000,48430.000008948984,-50637.13277152294,296.42763813495526
24220000,48440.00000895102,-50931.40780093751,306.2204647830435
24225000,48450.00000895306,-50719.38045222865,301.44004121351526
24230000,48460.000008955096,-50881.910574535286,304.78883631529243
24235000,48470.00000895713,-50621.34718066768,296.10885134886917
24240000,48480.00000895917,-50883.79242045758,299.1312364903306
24245000,48490.00000896121,-50755.650646344904,301.74648528710276
24250000,48500.000008963245,-50724.02613517619,295.96942645169713
24255000,48510.00000896528,-50737.788555220584,299.2539627455813
24260000,48520.00000896732,-50653.47650651369,298.4560455527233
24265000,48530.00000896936,-50780.722602846305,295.41089481800464
24270000,48540.000008971394,-50683.54574467367,301.40329619910074
24275000,48550.00000897343,-50441.618368023075,299.34816513134336
24280000,48560.00000897547,-50283.023405773885,290.1773315395649
24285000,48570.000008977506,-50520.83402310111,302.1504336039033
24290000,48580.00000897954,-50653.818077948876,296.8343671372374
24295000,48590.00000898158,-50906.13843106129,301.78324168682775
24300000,48600.00000898362,-50813.16608501659,293.70558988222837
24305000,48610.000008985655,-50828.95588629908,293.0676678859648
24310000,48620.00000898769,-50455.65284738384,300.51702075618977
24315000,48630.00000898973,-50262.292784327525,302.5315569452762
24320000,48640.00000899177,-50587.8113369428,301.2945767269143
24325000,48650.000008993804,-50467.46766640557,292.8518633718643
24330000,48660.00000899584,-50639.101254786714,301.22553886588895
24335000,48670.00000899788,-50756.935268881905,294.74279285148725
24340000,48680.000008999916,-50739.92300458468,304.8830018958402
24345000,48690.00000900195,-50946.35430221172,292.49401943796846
24350000,48700.00000900399,-50285.308499501174,294.2545125655762
24355000,48710.00000900603,-50494.47742703906,296.7884447013116
24360000,48720.000009008065,-50823.77519948079,298.3182882300989
24365000,48730.0000090101,-50898.25927365359,298.3162922855404
24370000,48740.00000901214,-51086.76376089617,295.73710562568033
24375000,48750.00000901418,-50556.56629947908,294.4566807985776
24380000,48760.000009016214,-50743.04720533738,302.59054663457067
24385000,48770.00000901825,-50773.93082991941,297.73339433572215
24390000,48780.00000902029,-50646.02714570856,297.4267211377837
24395000,48790.000009022326,-50483.90803165856,297.1950323363762
24400000,48800.00000902436,-50621.59683601503,297.98672508222813
24405000,48810.0000090264,-50694.67528166913,300.45160502108496
24410000,48820.00000902844,-50639.94582067983,304.2650724612129
24415000,48830.000009030475,-50470.44012614782,290.1995381127017
24420000,48840.00000903251,-51114.091092657996,295.88791901510405
24425000,48850.00000903455,-50583.14571869405,296.11850269704604
24430000,48860.00000903659,-50544.23684372869,295.2190799526179
24435000,48870.000009038624,-50408.055315158184,302.071875641104
24440000,48880.00000904066,-50625.06473828113,297.08378252576193
24445000,48890.0000090427,-50159.90664314135,290.94135104414056
24450000,48900.000009044736,-51097.147488912684,298.68584123776407
24455000,48910.00000904677,-51031.48616135944,288.38757386519194
24460000,48920.00000904881,-51090.70237923006,298.0090492696432
24465000,48930.00000905085,-50633.23779010182,301.7031448270978
24470000,48940.000009052885,-50846.1781314605,302.7010955930594
24475000,48950.00000905492,-50818.855696038896,303.9940783437583
24480000,48960.00000905696,-51074.689746152435,301.46633833074804
24485000,48970.000009059,-50466.04790768822,298.6559573126053
24490000,48980.000009061034,-51004.023938028025,304.32475571990176
24495000,48990.00000906307,-50294.56503984434,301.2697347616045
24500000,49000.00000906511,-50544.658320343966,308.2809733584934
24505000,49010.000009067146,-50906.53274222452,295.77083420494654
24510000,49020.00000906918,-50836.644679124176,292.1076833288264
24515000,49030.00000907122,-50620.01065335027,296.0486470442329
24520000,49040.00000907326,-50561.145979336055,293.7675453503761
24525000,49050.000009075295,-50725.83262355556,294.9650747402188
24530000,49060.00000907733,-50511.61076089734,303.32886107936275
24535000,49070.00000907937,-50194.97298696163,302.5132468527295
24540000,49080.00000908141,-50449.16139489389,298.09812213142425
24545000,49090.000009083444,-50870.42782730961,301.2060775443371
24550000,49100.00000908548,-50784.644444949285,298.18412123780035
24555000,49110.00000908752,-50595.109685336996,295.29206624980804
24560000,49120.000009089556,-50924.84689840331,296.2623186886876
24565000,49130.00000909159,-50589.23525207056,302.6123376005415
24570000,49140.00000909363,-50882.73748952689,305.27281837147007
24575000,49150.00000909567,-50727.751404122246,292.14454307197803
24580000,49160.000009097705,-50863.67903193791,300.09203091644235
24585000,49170.00000909974,-51071.444623257965,292.68087084803676
24590000,49180.00000910178,-50914.73994288055,293.82134297087504
24595000,49190.00000910382,-50645.78234095074,294.7766021291809
24600000,49200.000009105854,-50647.86317976497,306.37617442202827
24605000,49210.00000910789,-50817.48405269312,306.53831257759197
24610000,49220.00000910993,-50634.29612872805,290.7889213167637
24615000,49230.000009111965,-50501.0012133226,295.61659686051274
24620000,49240.000009114,-50136.08010767738,291.16842420844927
24625000,49250.00000911604,-50758.293283753446,298.08193381171463
24630000,49260.00000911808,-50615.14285107906,296.0454287523403
24635000,49270.000009120115,-50826.640457875765,298.6665396047599
24640000,49280.00000912215,-50555.952050295135,298.0929811409122
24645000,49290.00000912419,-50306.292278270295,299.4497501641402
24650000,49300.000009126226,-50798.19287138968,300.2122539969282
24655000,49310.00000912826,-50778.43581329804,304.341051800796
24660000,49320.0000091303,-50779.86552386312,298.6371561108815
24665000,49330.00000913234,-50693.60467225351,313.34288049384094
24670000,49340.000009134375,-50473.75824250205,287.63200816215823
24675000,49350.00000913641,-50613.068586349866,300.73535586479954
24680000,49360.00000913845,-50521.836719000654,299.24703726349526
24685000,49370.00000914049,-50425.001508128946,291.87154783401496
24690000,49380.000009142525,-50943.95352282107,298.94845532573515
24695000,49390.00000914456,-50359.58547670522,301.4718280437964
24700000,49400.0000091466,-50749.158251939516,293.4786671500565
24705000,49410.000009148636,-50887.301306771726,298.5119195459644
24710000,49420.00000915067,-50827.17589559825,296.63264197546243
24715000,49430.00000915271,-50749.08983234409,294.05056670677914
24720000,49440.00000915475,-50719.01112261746,302.5201779793793
24725000,49450.000009156785,-50745.91264847596,293.1213979786646
24730000,49460.00000915882,-50694.751683167706,290.1767436860887
24735000,49470.00000916086,-50875.819496537995,287.2911433243329
24740000,49480.0000091629,-50854.21519541269,298.41979629573456
24745000,49490.000009164934,-50315.57853349499,302.6266743999405
24750000,49500.00000916697,-50789.22069054999,298.16223175443105
24755000,49510.00000916901,-50890.971661373274,291.4803291054332
24760000,49520.000009171046,-50444.640929376066,296.8912219064228
24765000,49530.00000917308,-50768.463093571016,303.96805143412
24770000,49540.00000917512,-50792.32986297706,300.4308236648089
24775000,49550.00000917716,-50632.37347918496,297.67511302421207
24780000,49560.000009179195,-50568.11708579326,296.2184935396116
24785000,49570.00000918123,-50945.32390185859,298.2604763307865
24790000,49580.00000918327,-50800.560338283074,300.4692090164276
24795000,49590.00000918531,-50566.56817257928,298.6561911229642
24800000,49600.000009187344,-50835.016887602105,297.16356625496184
24805000,49610.00000918938,-50799.37269700816,293.27218073967015
24810000,49620.00000919142,-50479.500395135954,301.35368763174654
24815000,49630.000009193456,-50511.041048389015,291.51546960832343
24820000,49640.00000919549,-51095.383242130396,302.1584185826483
24825000,49650.00000919753,-50861.754056738224,305.1240812751487
24830000,49660.00000919957,-50961.81136099197,289.28026622605057
24835000,49670.000009201605,-50738.97992951199,297.2181417377756
24840000,49680.00000920364,-50704.25162434773,294.24626958431065
24845000,49690.00000920568,-50970.35846587838,296.47255357860587
24850000,49700.00000920772,-51116.428259795764,295.69662585828166
24855000,49710.000009209754,-50646.21406377034,302.4954969878122
24860000,49720.00000921179,-50587.482706940704,300.2264993057983
24865000,49730.00000921383,-50995.205572693056,292.68424650307384
24870000,49740.000009215866,-50720.888230454,292.09200762432425
24875000,49750.0000092179,-50342.34265480933,307.5367888043839
24880000,49760.00000921994,-50572.34579394758,300.7529917600037
24885000,49770.00000922198,-50955.89382146884,302.1161826004138
24890000,49780.000009224015,-50547.72297724348,297.3536790988967
24895000,49790.00000922605,-50690.36881762717,299.8454262266428
24900000,49800.00000922809,-50561.864300544956,295.1550361703181
24905000,49810.00000923013,-51006.32507508836,302.4944772890165
24910000,49820.000009232164,-50838.028751746606,301.93548347858564
24915000,49830.0000092342,-50377.29623411683,291.4297217387413
24920000,49840.00000923624,-50436.11814004634,297.9442999302087
24925000,49850.000009238276,-50603.231365951535,285.2967141928113
24930000,49860.00000924031,-50766.84604690748,295.64867586272425
24935000,49870.00000924235,-50550.81570665323,304.31399256439147
24940000,49880.00000924439,-50257.92742605327,291.6318156465057
24945000,49890.000009246425,-50584.80559401403,302.0964169512871
24950000,49900.00000924846,-50700.56698087236,305.5150439388113
24955000,49910.0000092505,-50428.06806200347,294.67292485446296
24960000,49920.00000925254,-50550.320700303535,291.63239171879235
24965000,49930.000009254574,-50387.281014166656,297.9454084878325
24970000,49940.00000925661,-50706.65737047771,299.39187518304294
24975000,49950.00000925865,-50573.75215461847,302.9187061642111
24980000,49960.000009260686,-50716.2149128539,307.81871816387263
24985000,49970.00000926272,-50979.88036916283,295.77708821764736
24990000,49980.00000926476,-50662.21378931764,308.3053955524216
24995000,49990.0000092668,-50350.80094889464,297.1265000405724
25000000,50000.000009268835,-50990.46473157217,295.06648079651063
