#"Step","Time (ps)","Potential Energy (kJ/mole)","Temperature (K)"
5000,10.000000000000009,-53157.61076299177,294.75687133429193
10000,19.999999999999794,-52810.55948780215,293.1250119251213
15000,29.99999999999425,-53165.987034632126,296.4383157080542
20000,40.00000000000292,-53287.92936706875,298.1222841997863
25000,50.00000000001514,-53009.67103150752,299.8605082022795
30000,60.00000000002736,-53137.132213181816,294.227773252229
35000,70.00000000001826,-52928.36921054943,290.5337396910373
40000,79.99999999999496,-52649.50031255011,301.762309021637
45000,89.99999999997165,-53178.7997270386,299.1371382197331
50000,99.99999999994834,-53086.471039274125,293.29902581967247
55000,109.99999999992504,-53262.406597369525,291.94742065302904
60000,119.99999999990173,-52816.83504746837,291.35064932534414
65000,129.99999999989262,-53346.83120866996,296.6367122740388
70000,139.99999999994037,-53034.47404442067,300.7845551846267
75000,149.99999999998812,-52465.36686607677,289.8979131361817
80000,160.00000000003587,-53208.67668907609,298.13092130613103
85000,170.00000000008362,-53108.225138581154,296.5834707941606
90000,180.00000000013137,-52989.99357029714,296.36008194617784
95000,190.0000000001791,-53269.46932662313,304.1689202223825
100000,200.00000000022686,-53348.98568558763,300.3911036624705
105000,210.0000000002746,-53109.49763999792,300.9993262866988
110000,220.00000000032236,-53059.61700915103,296.81673316548535
115000,230.0000000003701,-53235.79248162676,289.0548824607638
120000,240.00000000041786,-53373.46079229185,298.2634141162256
125000,250.0000000004656,-53098.54959868948,294.6645512815739
130000,260.00000000051335,-52709.366734994546,300.3600875933835
135000,270.0000000005611,-52894.47895363619,294.8410578606385
140000,280.00000000060885,-53157.198025620426,303.3739195912713
145000,290.0000000006566,-53361.00915165627,295.3743460421134
150000,300.00000000070435,-53043.55083900271,300.8306638153723
155000,310.0000000007521,-53125.9085145627,305.04676430298525
160000,320.00000000079984,-52866.719580377365,300.96527224703624
165000,330.0000000008476,-53688.95539643537,290.06518967801503
170000,340.00000000089534,-52885.258638883126,293.8110070879244
175000,350.0000000009431,-52859.9200413872,300.3113618574268
180000,360.00000000099084,-52960.95186915656,299.48559716081866
185000,370.0000000010386,-53383.543354713154,304.390476881865
190000,380.00000000108633,-52933.27175102502,307.1891162817985
195000,390.0000000011341,-52985.92567974259,303.6991257750008
200000,400.00000000118183,-53388.15493286913,297.3265159211166
205000,410.0000000012296,-52935.350410839106,306.01508806408077
210000,420.00000000127733,-53158.71938960886,293.88408687083415
215000,430.0000000013251,-53386.69932479519,308.41648767619125
220000,440.0000000013728,-52936.56935995509,301.1257017624438
225000,450.0000000014206,-52950.7831604642,290.44648846282416
230000,460.0000000014683,-53299.88189540722,296.93761510202677
235000,470.00000000151607,-52863.80918033127,301.0015702811903
240000,480.0000000015638,-53044.60291465896,289.5557247301069
245000,490.00000000161157,-53178.67895826162,294.31810318385186
250000,500.0000000016593,-53277.286652183626,297.42054415576064
255000,510.00000000170706,-52769.43053984377,299.7992022281188
260000,520.0000000015274,-53128.07582463918,302.8880796097322
265000,530.0000000012909,-53285.10141156413,301.36779005597896
270000,540.0000000010544,-53280.387629638455,305.57321531588406
275000,550.000000000818,-53044.994352011156,296.09270696070655
280000,560.0000000005815,-53227.77844848411,297.46302707877953
285000,570.000000000345,-53060.45550110791,298.6490785642396
290000,580.0000000001086,-53031.384559477214,301.7280746996534
295000,589.9999999998721,-53311.32533534165,301.0229586897776
300000,599.9999999996356,-53431.14098795457,299.4107888977593
305000,609.9999999993992,-52798.79888109889,298.5517958149737
310000,619.9999999991627,-52888.71224403195,298.4594111586879
315000,629.9999999989262,-52814.032234119106,301.4502514477851
320000,639.9999999986898,-52938.428557735984,301.7926664166837
325000,649.9999999984533,-53025.76662453578,293.9721267185591
330000,659.9999999982168,-53252.40694902322,284.9967697001019
335000,669.9999999979804,-52706.9271935951,290.39254802620343
340000,679.9999999977439,-52811.26279953247,290.1039525947383
345000,689.9999999975074,-53182.81156779223,298.3782709732837
350000,699.999999997271,-52643.646096684766,305.5155712929351
355000,709.9999999970345,-53303.278818774736,296.1106793681112
360000,719.999999996798,-52810.82197744504,304.554312754183
365000,729.9999999965615,-53507.11033067631,296.9600403271764
370000,739.9999999963251,-52957.96824659314,306.14960199844666
375000,749.9999999960886,-53228.5003362892,295.69768419996757
380000,759.9999999958521,-52961.612738799915,297.13512750074057
385000,769.9999999956157,-52746.52728811215,303.16167820660854
390000,779.9999999953792,-53210.67739982382,301.86354671989574
395000,789.9999999951427,-52876.32669897852,305.6384300543738
400000,799.9999999949063,-52752.50817549796,291.2953435099894
405000,809.9999999946698,-53216.42588863286,299.2835144699944
410000,819.9999999944333,-52760.24727177102,295.9713764834542
415000,829.9999999941969,-52736.18125176444,307.8103286195159
420000,839.9999999939604,-53130.154177018296,300.0327965022037
425000,849.9999999937239,-53101.88483509037,298.9177758305994
430000,859.9999999934874,-53149.397706082294,300.11485192373175
435000,869.999999993251,-52910.18343866209,300.2748586800503
440000,879.9999999930145,-52867.23090203092,293.7115113997603
445000,889.999999992778,-53241.96528522714,299.8259587176504
450000,899.9999999925416,-53087.74183887802,300.1685012970892
455000,909.9999999923051,-53095.06253758285,296.363594579965
460000,919.9999999920686,-52937.65124422603,293.69881271193896
465000,929.9999999918322,-52838.20635879639,306.83285487346893
470000,939.9999999915957,-53192.497934953775,300.9546793412879
475000,949.9999999913592,-53214.51704297212,297.9963251724699
480000,959.9999999911228,-53182.85040217661,300.3969924535478
485000,969.9999999908863,-53226.21849401508,300.341472759244
490000,979.9999999906498,-53091.33883672691,292.4510453541139
495000,989.9999999904134,-52803.180869128584,297.04122269971765
500000,999.9999999901769,-53113.75904159635,296.87825781484753
505000,1009.9999999899404,-53054.59021463519,297.3358217550072
510000,1019.999999989704,-53378.51940431187,297.5769493041426
515000,1029.9999999894676,-52991.06532669367,297.9571795258308
520000,1039.9999999892311,-52886.764356708154,299.289140214409
525000,1049.9999999889947,-53001.6023391136,294.23529091934904
530000,1059.9999999887582,-52637.86880973203,298.2281660314782
535000,1069.9999999885217,-52970.84990723172,296.1654498589444
540000,1079.9999999882853,-52933.76031174435,298.49186084972297
545000,1089.9999999880488,-53479.97812388389,298.34083031112965
550000,1099.9999999878123,-52970.8966806118,296.71523401119146
555000,1109.9999999875758,-53169.82716123396,299.44711225019887
560000,1119.9999999873394,-53152.66619483725,296.2767951007223
565000,1129.999999987103,-53290.83317661655,296.01452269187024
570000,1139.9999999868664,-52978.9806604989,304.12424289581026
575000,1149.99999998663,-53100.2974141624,299.3043584505976
580000,1159.9999999863935,-53180.456391213986,291.41096663047153
585000,1169.999999986157,-53339.043272661715,292.02334058609716
590000,1179.9999999859206,-53280.38699253855,293.3570436946679
595000,1189.999999985684,-52594.23252125867,290.8629624943892
600000,1199.9999999854476,-52460.704645725724,293.850209873913
605000,1209.9999999852112,-53108.608500824485,294.4894408108384
610000,1219.9999999849747,-52883.15388652394,304.2376780770658
615000,1229.9999999847382,-52960.81378893307,304.32092095423434
620000,1239.9999999845018,-53386.308353987755,302.6350030250682
625000,1249.9999999842653,-52765.60468975536,302.05214095655714
630000,1259.9999999840288,-53119.90535522599,299.56647534118616
635000,1269.9999999837923,-52886.516119526845,303.7173906448144
640000,1279.9999999835559,-52821.84475557,299.71602732326124
645000,1289.9999999833194,-53026.710183085874,298.9005573389437
650000,1299.999999983083,-53096.31014088646,298.7554901864625
655000,1309.9999999828465,-52932.88380177942,293.151871010081
660000,1319.99999998261,-52674.4612940505,295.1767518620974
665000,1329.9999999823735,-53423.050935653184,299.9148468047583
670000,1339.999999982137,-52829.58503433879,296.3009618079287
675000,1349.9999999819006,-52851.42146217509,301.4735044922014
680000,1359.9999999816641,-52978.61364910647,302.4239139985137
685000,1369.9999999814277,-53242.739734222734,295.87706858005316
690000,1379.9999999811912,-53038.94570245684,298.0741982471026
695000,1389.9999999809547,-53192.71763349112,303.44314694551645
700000,1399.9999999807183,-53227.911993500486,295.01825367127714
705000,1409.9999999804818,-53047.012764371204,296.12759143099834
710000,1419.9999999802453,-52847.90881849255,298.4687659882144
715000,1429.9999999800089,-52791.33634234461,305.29877731542825
720000,1439.9999999797724,-53439.319331600156,306.34436041505745
725000,1449.999999979536,-53038.92041113379,299.9308287528118
730000,1459.9999999792994,-53017.166221248975,296.1024870101134
735000,1469.999999979063,-52906.9506792762,291.6252645495617
740000,1479.9999999788265,-53405.06137356837,296.43197113982666
745000,1489.99999997859,-52884.94895669178,299.96721099669264
750000,1499.9999999783536,-52773.02431417769,298.01832382684717
755000,1509.999999978117,-53024.05204521844,298.39611237605504
760000,1519.9999999778806,-52892.77660554723,293.1754190708641
765000,1529.9999999776442,-53278.21051951067,300.7669376654085
770000,1539.9999999774077,-53134.792231176834,296.3077149886435
775000,1549.9999999771712,-53114.795915385796,296.25173969321634
780000,1559.9999999769348,-53122.07836606444,297.27444506299554
785000,1569.9999999766983,-53277.990625969454,300.390843912417
790000,1579.9999999764618,-52811.48569300264,292.2129868166278
795000,1589.9999999762254,-53243.230499161524,290.5662845912623
800000,1599.9999999759889,-53252.567768404086,298.9191609605158
805000,1609.9999999757524,-52706.36505800561,295.02991111519395
810000,1619.999999975516,-53037.387426815316,294.15958719117566
815000,1629.9999999752795,-52993.267061223654,293.8603867745745
820000,1639.999999975043,-53111.0152055716,308.3406813753449
825000,1649.9999999748065,-52777.64149666217,305.26532659765826
830000,1659.99999997457,-52879.63368021569,294.9341819159675
835000,1669.9999999743336,-53100.54793902958,296.70573277444674
840000,1679.9999999740971,-52926.915522981144,300.62635807072843
845000,1689.9999999738607,-53047.295169271296,301.0840656034796
850000,1699.9999999736242,-53091.00680642121,298.6014505934291
855000,1709.9999999733877,-52733.609938324546,292.9465780073204
860000,1719.9999999731513,-53439.34052130967,300.67521492715696
865000,1729.9999999729148,-53034.36794517131,307.78669610620614
870000,1739.9999999726783,-53347.09301775921,300.2947017998996
875000,1749.9999999724419,-53149.149635136884,293.2182003338134
880000,1759.9999999722054,-52933.818214048515,293.65883868883753
885000,1769.999999971969,-52873.469353088876,297.7577595149001
890000,1779.9999999717324,-52989.600300865306,298.28547703474743
895000,1789.999999971496,-53611.92771936429,296.3185883802788
900000,1799.9999999712595,-53056.451766313054,297.5159764233171
905000,1809.999999971023,-53054.86425832924,289.8208024561798
910000,1819.9999999707866,-52946.8462067316,296.9168294295048
915000,1829.99999997055,-53241.38528417022,305.6753402598283
920000,1839.9999999703136,-53105.97993549728,301.5069238384858
925000,1849.9999999700772,-53038.10535745666,307.3287760687934
930000,1859.9999999698407,-53450.131197708164,297.85933243535817
935000,1869.9999999696042,-52798.62793822738,301.70496831703105
940000,1879.9999999693678,-52616.62448880606,304.9239124418716
945000,1889.9999999691313,-53147.69153449632,299.8072747500164
950000,1899.9999999688948,-52698.80623693287,298.84860729549774
955000,1909.9999999686584,-53019.22258101753,296.0762240604617
960000,1919.999999968422,-53062.31361946915,295.67207892498584
965000,1929.9999999681854,-53020.56119558474,297.3822252807086
970000,1939.999999967949,-53168.27907992655,303.5499468147766
975000,1949.9999999677125,-53396.578061094624,298.73129759941924
980000,1959.999999967476,-52746.58256679904,305.0216236632996
985000,1969.9999999672395,-52880.36419775896,293.2133337426699
990000,1979.999999967003,-53027.76659470142,296.4705503655851
995000,1989.9999999667666,-52774.8354033989,301.1678891261819
1000000,1999.9999999665301,-53223.38660283154,301.75029249172275
1005000,2009.9999999662937,-53631.92748538096,305.2171215295598
1010000,2019.9999999660572,-52892.1706602544,307.37541915842047
1015000,2029.9999999658207,-52578.68791014055,298.9934869576523
1020000,2039.9999999655843,-53107.00154389182,300.59443006305224
1025000,2049.999999965348,-53148.842494137585,291.9647113578677
1030000,2059.9999999651113,-52736.81498895312,304.59924698046564
1035000,2069.999999964875,-53122.0445051243,304.302651736852
1040000,2079.9999999646384,-52981.644140436314,305.9050131047268
1045000,2089.999999964402,-52911.379780525895,305.5780864070774
1050000,2099.9999999641655,-53248.185098709306,293.49325347079133
1055000,2109.999999963929,-53090.56419866154,305.6859824177387
1060000,2119.9999999636925,-53000.97932583341,293.2312984399968
1065000,2129.999999963456,-52468.37887122872,303.86379924206756
1070000,2139.9999999632196,-53237.3892618019,298.5255996886087
1075000,2149.999999962983,-53261.07657563276,287.70216510598846
1080000,2159.9999999627466,-53086.03416291103,297.5139925946128
1085000,2169.99999996251,-53325.842784411885,306.6195484571285
1090000,2179.9999999622737,-52831.41071925327,295.86856552011193
1095000,2189.9999999620372,-53166.08574010621,298.9993708176837
1100000,2199.9999999618008,-52990.40501314675,296.28753012345913
1105000,2209.9999999615643,-52620.82042093258,298.79812793410974
1110000,2219.999999961328,-53097.68806083896,301.8583201889832
1115000,2229.9999999610914,-53013.95347625209,303.89083302629757
1120000,2239.999999960855,-53346.912543862854,302.13036231080247
1125000,2249.9999999606184,-52971.09445868846,292.52954821020893
1130000,2259.999999960382,-53314.005959436996,299.33498776569604
1135000,2269.9999999601455,-52928.39206708572,287.0715528466412
1140000,2279.999999959909,-53137.507947383216,296.95809230256015
1145000,2289.9999999596726,-53071.707530274754,302.3329643148382
1150000,2299.999999959436,-52944.96409982836,303.5148011635073
1155000,2309.9999999591996,-53220.3061126628,298.19515691323863
1160000,2319.999999958963,-53285.53707520751,291.862957581747
1165000,2329.9999999587267,-52811.72427314395,299.22469146654566
1170000,2339.99999995849,-53002.67997525551,303.2283806073268
1175000,2349.9999999582537,-52848.86051794284,290.24957539801034
1180000,2359.9999999580173,-52693.329759190034,301.426279537317
1185000,2369.999999957781,-53158.38895080003,301.4619008086779
1190000,2379.9999999575443,-53113.40922524687,310.7115142086023
1195000,2389.999999957308,-52961.77400607453,299.624341789425
1200000,2399.9999999570714,-53164.36083266226,300.8986197664912
1205000,2409.999999956835,-52953.92713396327,300.72028967005593
1210000,2419.9999999565985,-53413.7974266588,292.94208629145896
1215000,2429.999999956362,-52929.633897133725,301.6341596584533
1220000,2439.9999999561255,-53092.68614080266,301.54660600194944
1225000,2449.999999955889,-53454.81924433651,298.30517368160315
1230000,2459.9999999556526,-53168.905696163885,297.6985139914293
1235000,2469.999999955416,-53148.82814369514,302.9225465327244
1240000,2479.9999999551796,-53031.60002878975,294.869307465927
1245000,2489.999999954943,-52964.30835800746,296.5914606864016
1250000,2499.9999999547067,-53025.75506222376,298.04075978329513
1255000,2509.9999999544702,-52812.66289709162,300.4056644239582
1260000,2519.9999999542338,-52941.15307600447,304.27509496263514
1265000,2529.9999999539973,-53018.10641186044,290.21304849298247
1270000,2539.999999953761,-52828.59421647244,299.4335541140597
1275000,2549.9999999535244,-52861.296691185795,291.0443790473929
1280000,2559.999999953288,-53030.78026757651,295.5515649776746
1285000,2569.9999999530514,-53108.82465984326,295.04759070134554
1290000,2579.999999952815,-52943.910846961255,295.99380901158054
1295000,2589.9999999525785,-53018.97091002017,293.898664700437
1300000,2599.999999952342,-53274.26851008722,307.47723527931936
1305000,2609.9999999521056,-53356.0258726968,296.79723480382
1310000,2619.999999951869,-52801.13830012627,296.54796279922334
1315000,2629.9999999516326,-53234.15399882823,301.4803111566198
1320000,2639.999999951396,-53144.452298648626,304.2401403289228
1325000,2649.9999999511597,-52542.75560216035,302.73731968586105
1330000,2659.999999950923,-53299.69893488794,301.3491770524894
1335000,2669.9999999506867,-53177.19117242878,302.4347600138925
1340000,2679.9999999504503,-53167.141613438085,290.08531231303465
1345000,2689.999999950214,-52725.34287355462,299.3858552151596
1350000,2699.9999999499773,-53030.98372416847,291.3601511997109
1355000,2709.999999949741,-53060.60894706304,300.62577337604114
1360000,2719.9999999495044,-53699.054093268496,296.72187593985404
1365000,2729.999999949268,-52627.24058963967,301.95434535229805
1370000,2739.9999999490315,-53114.226932949125,296.80850788525845
1375000,2749.999999948795,-52862.81142024073,298.5390221929185
1380000,2759.9999999485585,-52782.798853372806,299.4700608475355
1385000,2769.999999948322,-52963.76098608752,300.70159735065806
1390000,2779.9999999480856,-52638.6741579753,297.82252623580945
1395000,2789.999999947849,-52926.910799853795,298.5547892011451
1400000,2799.9999999476127,-53076.629418595665,290.2952061494571
1405000,2809.999999947376,-52726.13507875477,305.1515522462657
1410000,2819.9999999471397,-53046.90470976557,289.2379886169049
1415000,2829.9999999469032,-52969.45245850284,290.80006039782916
1420000,2839.999999946667,-53432.70062989343,296.27688035352446
1425000,2849.9999999464303,-53077.55922891738,297.2798682127821
1430000,2859.999999946194,-52984.91437382458,302.8669481679974
1435000,2869.9999999459574,-53091.95528573016,296.23260516471277
1440000,2879.999999945721,-53473.4640797296,296.09566943709405
1445000,2889.9999999454844,-53092.245078737906,302.01978943909114
1450000,2899.999999945248,-52746.873025781766,298.3865445465785
1455000,2909.9999999450115,-52817.02786843886,298.7817676878158
1460000,2919.999999944775,-52945.68611432798,299.9094065107871
1465000,2929.9999999445386,-53397.36944831541,289.7201284812771
1470000,2939.999999944302,-53090.22958451131,299.81135796043736
1475000,2949.9999999440656,-52716.58348607877,306.25230493795516
1480000,2959.999999943829,-53005.78212466091,295.03465446512087
1485000,2969.9999999435927,-52918.349722926854,302.73513913331067
1490000,2979.999999943356,-53252.734053345484,296.13849887701934
1495000,2989.9999999431197,-53146.814520482585,301.9557439543537
1500000,2999.9999999428833,-52923.773420274956,305.62279337315556
1505000,3009.999999942647,-52968.92458927687,295.08677122859217
1510000,3019.9999999424103,-52832.57708752135,309.6017131318136
1515000,3029.999999942174,-53060.29755315761,300.47426100604173
1520000,3039.9999999419374,-53000.88529944443,294.9898976750795
1525000,3049.999999941701,-53324.9949630482,301.01575862919844
1530000,3059.9999999414645,-53264.00598644378,291.6048255652196
1535000,3069.999999941228,-53566.07387211145,298.750997961125
1540000,3079.9999999409915,-53168.39830356234,294.0897597833472
1545000,3089.999999940755,-52888.42538935435,300.6228780341659
1550000,3099.9999999405186,-53458.374308892875,297.5797949197605
1555000,3109.999999940282,-52822.68298014384,296.84429212089776
1560000,3119.9999999400457,-53149.83779990696,304.7058196513791
1565000,3129.999999939809,-52836.872048690944,301.69098186026025
1570000,3139.9999999395727,-53111.18392493852,302.85632757160755
1575000,3149.9999999393362,-53230.29324982397,301.94946386854105
1580000,3159.9999999391,-52786.9924683609,304.136012628474
1585000,3169.9999999388633,-52977.93460237532,292.5155084842706
1590000,3179.999999938627,-53187.107992689474,299.74438261428077
1595000,3189.9999999383904,-52831.65836528246,289.9388928449585
1600000,3199.999999938154,-52963.40544868598,292.22801862758564
1605000,3209.9999999379174,-53126.4308516942,295.3420919136337
1610000,3219.999999937681,-53168.44588493233,306.85116062170414
1615000,3229.9999999374445,-53026.05690557847,299.954139473919
1620000,3239.999999937208,-53156.14766825916,303.3802755738491
1625000,3249.9999999369716,-53078.06190581972,300.90158117918855
1630000,3259.999999936735,-52804.79427132674,296.66185001267115
1635000,3269.9999999364986,-52554.73719316535,299.4222256851642
1640000,3279.999999936262,-53016.955058344,296.4237988509491
1645000,3289.9999999360257,-52848.91856114793,298.6905646177524
1650000,3299.999999935789,-52860.737280067755,298.65916331095923
1655000,3309.9999999355528,-53048.38061742435,287.47296421654306
1660000,3319.9999999353163,-53298.285417731415,301.5050238475956
1665000,3329.99999993508,-52911.22514222172,295.0010390765488
1670000,3339.9999999348433,-52771.52962006879,295.9620478543006
1675000,3349.999999934607,-52996.510514557245,298.8016929244065
1680000,3359.9999999343704,-53166.71169082963,302.13273394819396
1685000,3369.999999934134,-53124.450669369544,298.650999331741
1690000,3379.9999999338975,-52804.013929736684,297.8264988143316
1695000,3389.999999933661,-53125.745994499244,293.50316610122127
1700000,3399.9999999334245,-53559.03054287619,300.55985544553545
1705000,3409.999999933188,-53026.81046342605,305.4299136882821
1710000,3419.9999999329516,-53196.8879067364,297.07140037233194
1715000,3429.999999932715,-53079.285816248215,304.95306573269227
1720000,3439.9999999324787,-52910.80683072269,305.5886757377016
1725000,3449.999999932242,-52858.230058594665,298.45100343826215
1730000,3459.9999999320057,-52851.234713834216,299.11617504941256
1735000,3469.9999999317693,-53432.406220895326,300.46162320752745
1740000,3479.999999931533,-52717.91247731069,305.3545237834774
1745000,3489.9999999312963,-53363.918547225825,297.33579037414853
1750000,3499.99999993106,-52916.66707126089,300.21975913920545
1755000,3509.9999999308234,-53106.60212104404,303.86177168545566
1760000,3519.999999930587,-53054.30156434426,294.6746446411351
1765000,3529.9999999303504,-52945.89508106798,297.02808767534924
1770000,3539.999999930114,-53044.04332118112,295.852142368975
1775000,3549.9999999298775,-53269.22488331143,303.5813814773718
1780000,3559.999999929641,-53156.67074717191,308.6727403054582
1785000,3569.9999999294046,-53286.44351476294,307.2811770529196
1790000,3579.999999929168,-53120.211314691755,305.45952264395066
1795000,3589.9999999289316,-53157.06609290856,299.751353445189
1800000,3599.999999928695,-53212.11272331039,301.7716518683632
1805000,3609.9999999284587,-52858.37750909198,300.3268507774786
1810000,3619.999999928222,-53045.50027572972,298.81467758492516
1815000,3629.9999999279858,-52975.75802507409,295.3550370090807
1820000,3639.9999999277493,-53786.535913053434,303.32019104644496
1825000,3649.999999927513,-52962.38496563304,296.2103685986357
1830000,3659.9999999272763,-52785.88145972384,304.2002429880842
1835000,3669.99999992704,-53218.831472294085,297.21937448006446
1840000,3679.9999999268034,-52846.5030767546,298.9699427786489
1845000,3689.999999926567,-53039.5833387773,298.2960327531797
1850000,3699.9999999263305,-52859.06761146244,293.5596739941382
1855000,3709.999999926094,-53187.50750883989,293.762535421065
1860000,3719.9999999258575,-52873.73949629339,299.26342666220995
1865000,3729.999999925621,-53256.456841717736,305.10727184426753
1870000,3739.9999999253846,-53241.78353236089,295.80622336021867
1875000,3749.999999925148,-52830.05672730092,293.839008657762
1880000,3759.9999999249117,-53153.03592127454,296.10486114188245
1885000,3769.999999924675,-52888.385354177415,302.7450117076831
1890000,3779.9999999244387,-53421.787049979815,304.7032852932894
1895000,3789.9999999242023,-53055.20775634231,300.7545850643268
1900000,3799.999999923966,-53595.56376151592,293.819758381772
1905000,3809.9999999237293,-53116.478302687436,302.273598011843
1910000,3819.999999923493,-53115.30870720913,292.9379550005567
1915000,3829.9999999232564,-53189.99379548174,299.80882288362426
1920000,3839.99999992302,-53161.37905936438,297.41538096229993
1925000,3849.9999999227834,-52861.544715249154,297.317002749839
1930000,3859.999999922547,-52857.87285831233,295.0501517014888
1935000,3869.9999999223105,-53142.55829179904,295.6939973225021
1940000,3879.999999922074,-52980.498333044,300.3221664721926
1945000,3889.9999999218376,-53203.50289346129,294.6402895483063
1950000,3899.999999921601,-53206.65172410797,301.2361192554612
1955000,3909.9999999213646,-52939.844380339055,299.54961436240063
1960000,3919.999999921128,-53058.811567923694,296.8292530126704
1965000,3929.9999999208917,-53007.55269240076,304.2898789486512
1970000,3939.9999999206552,-53215.46914485429,306.9306746281906
1975000,3949.9999999204188,-52807.11519407024,303.4172928808994
1980000,3959.9999999201823,-53156.01686479786,296.87156556569164
1985000,3969.999999919946,-53114.02202402131,292.6103568836283
1990000,3979.9999999197094,-52878.45021800569,299.48138793802343
1995000,3989.999999919473,-53318.25537941072,298.7548150906516
2000000,3999.9999999192364,-52987.30593307555,297.2198698909713
2005000,4009.999999919,-53203.34742401639,302.9240740747632
2010000,4019.9999999187635,-53064.37141530239,303.7580476019037
2015000,4029.999999918527,-53002.61849199844,298.5356105182204
2020000,4039.9999999182905,-53458.36604042631,296.0700309841729
2025000,4049.999999918054,-53189.00395760892,294.27961139952646
2030000,4059.9999999178176,-53061.967600463075,302.73163000633707
2035000,4069.999999917581,-52789.38800783895,305.9976696568718
2040000,4079.9999999173447,-52769.535123204114,299.32813002856125
2045000,4089.999999917108,-53277.649989590456,296.80580543424117
2050000,4099.999999917781,-52888.01874130545,310.3201862907221
2055000,4109.999999919818,-52797.41694386577,302.54119553177696
2060000,4119.999999921855,-52729.04241284341,297.44163335651797
2065000,4129.999999923893,-53072.54700487669,299.7996742417327
2070000,4139.99999992593,-53702.607973289385,302.0501774430677
2075000,4149.999999927967,-52755.690305993776,305.2153244588819
2080000,4159.999999930004,-53286.0369798523,299.57188403203037
2085000,4169.999999932042,-53221.33171384092,298.9469946483309
2090000,4179.999999934079,-53104.92570709289,308.3804570675447
2095000,4189.999999936116,-53161.66781213335,297.030752032548
2100000,4199.999999938153,-53319.615142339026,293.9660960847258
2105000,4209.999999940191,-52962.809447673615,287.2931091421646
2110000,4219.999999942228,-52889.32097467678,304.0550049662718
2115000,4229.999999944265,-52745.75626345334,296.0549623425254
2120000,4239.9999999463025,-53141.48533076022,296.07118451077196
2125000,4249.99999994834,-53239.19377320082,298.0343685598637
2130000,4259.999999950377,-52757.76553480417,294.97090733820653
2135000,4269.999999952414,-53039.020940542076,297.8591433135954
2140000,4279.999999954452,-53179.891164682514,298.62990243494176
2145000,4289.999999956489,-53015.43172207917,302.6487976667017
2150000,4299.999999958526,-53250.2934555301,292.49533481070915
2155000,4309.999999960563,-52702.91568485441,296.21368096314404
2160000,4319.999999962601,-52817.13250308868,298.6446047335459
2165000,4329.999999964638,-53466.9082712915,306.53141923276263
2170000,4339.999999966675,-53085.465812666574,303.6651177010056
2175000,4349.9999999687125,-52844.18222922241,296.20456238076275
2180000,4359.99999997075,-53074.22162510708,296.49999972005804
2185000,4369.999999972787,-53375.93332436372,302.6057668424464
2190000,4379.999999974824,-52814.571324744524,296.4979628281065
2195000,4389.999999976862,-53397.49414189652,297.106967992848
2200000,4399.999999978899,-52874.50617535887,295.92023271320875
2205000,4409.999999980936,-53572.873039712606,306.1395050351308
2210000,4419.999999982973,-53380.19892196811,304.5551884210864
2215000,4429.999999985011,-53035.04243477163,298.4590921104809
2220000,4439.999999987048,-53494.55855031923,297.11303123759353
2225000,4449.999999989085,-53046.41584349476,296.92839937920064
2230000,4459.999999991122,-53413.415312030294,293.5118910253222
2235000,4469.99999999316,-52948.40451487008,298.26054977773055
2240000,4479.999999995197,-52977.75253013952,297.69429575431616
2245000,4489.999999997234,-53240.565980740415,303.6488393305229
2250000,4499.9999999992715,-53119.94549805601,303.9831822574343
2255000,4510.000000001309,-52920.65388359269,303.2061852291498
2260000,4520.000000003346,-53238.02688875035,292.26338809541176
2265000,4530.000000005383,-53195.41254233761,294.34430551408565
2270000,4540.000000007421,-52979.137276327296,298.11911202523896
2275000,4550.000000009458,-53318.548176708166,294.3002625326372
2280000,4560.000000011495,-52781.62751084665,303.6516165842526
2285000,4570.000000013532,-52839.880120066286,302.3421951787254
2290000,4580.00000001557,-53208.49472486964,296.4907016604337
2295000,4590.000000017607,-52736.54678418106,303.4285015674455
2300000,4600.000000019644,-52936.360827731696,300.9071029589371
2305000,4610.000000021681,-53081.521929909155,297.53269148097536
2310000,4620.000000023719,-53529.14092313548,304.63128833805206
2315000,4630.000000025756,-53185.74540048273,300.38402206528536
2320000,4640.000000027793,-53034.56043099621,300.4330822320495
2325000,4650.0000000298305,-53401.37073360791,294.90410326824264
2330000,4660.000000031868,-53189.37414943191,294.46570913810586
2335000,4670.000000033905,-53173.09219738704,300.35900573798955
2340000,4680.000000035942,-52990.80211516016,298.2113454040289
2345000,4690.00000003798,-52738.35833965748,298.1773438757899
2350000,4700.000000040017,-53571.43743534302,301.2902231639365
2355000,4710.000000042054,-52831.03778316436,305.555504970739
2360000,4720.000000044091,-52942.267060595215,303.2399074652857
2365000,4730.000000046129,-53118.712856058904,296.09416883384785
2370000,4740.000000048166,-52655.41345528999,298.40096828491284
2375000,4750.000000050203,-52797.016002998076,303.21800653662535
2380000,4760.0000000522405,-52451.61272710076,302.1398616574949
2385000,4770.000000054278,-53106.81264732138,293.4338864601498
2390000,4780.000000056315,-53266.63908964457,286.61111057575357
2395000,4790.000000058352,-52712.96026106342,302.14869341895434
2400000,4800.0000000603895,-53212.13616313611,295.11565618680015
2405000,4810.000000062427,-53119.23187574593,292.74594660822777
2410000,4820.000000064464,-53179.572529585246,292.76168065733196
2415000,4830.000000066501,-53448.10334722017,295.4824125521359
2420000,4840.000000068539,-52811.09223941443,289.8199326198373
2425000,4850.000000070576,-53335.72864793689,305.4975785559383
2430000,4860.000000072613,-52869.876648832054,298.96783702835444
2435000,4870.00000007465,-52996.401457516855,299.71776916630307
2440000,4880.000000076688,-53040.11422830552,301.86027320283347
2445000,4890.000000078725,-53011.35423808114,294.4837783941727
2450000,4900.000000080762,-53317.65872187266,297.1472110014546
2455000,4910.0000000827995,-53311.58181577991,294.3764605549385
2460000,4920.000000084837,-53260.51349527025,294.58712437447286
2465000,4930.000000086874,-53044.05152340754,296.98311933137137
2470000,4940.000000088911,-53048.16900442942,306.59763561793824
2475000,4950.000000090949,-53020.9350922202,296.3914068885367
2480000,4960.000000092986,-53193.267428781546,298.603770180759
2485000,4970.000000095023,-53157.77501747469,298.74217102149623
2490000,4980.00000009706,-53179.28088876812,298.1331095527483
2495000,4990.000000099098,-52906.63232081462,301.7659305399658
2500000,5000.000000101135,-52657.4109247108,297.3832020105733
2505000,5010.000000103172,-53228.76597490473,295.9751686884485
2510000,5020.000000105209,-53243.03175223438,293.8460757618717
2515000,5030.000000107247,-53023.68597173138,295.4628230617026
2520000,5040.000000109284,-52777.878869733715,298.5486874215874
2525000,5050.000000111321,-52957.07617555585,295.8806404601936
2530000,5060.0000001133585,-52841.8535997305,297.96915328437314
2535000,5070.000000115396,-52780.59873063926,297.89423107620405
2540000,5080.000000117433,-53234.783980945474,290.5896157154098
2545000,5090.00000011947,-53094.853108388954,300.0880379477362
2550000,5100.000000121508,-53123.28604770018,293.1801833784785
2555000,5110.000000123545,-52513.58200889506,292.5849297741188
2560000,5120.000000125582,-52898.14219285763,293.8761135538304
2565000,5130.000000127619,-53133.361230075476,290.4267439701413
2570000,5140.000000129657,-52921.594324899605,291.87622009404254
2575000,5150.000000131694,-53380.70706448011,307.9111043107285
2580000,5160.000000133731,-52739.14022670925,296.228372727924
2585000,5170.0000001357685,-52812.879946369096,297.70320437617454
2590000,5180.000000137806,-53302.59421799675,299.35727157894314
2595000,5190.000000139843,-52886.30812030338,297.7607818105791
2600000,5200.00000014188,-52851.815770593064,293.06432031407314
2605000,5210.0000001439175,-53145.91264189989,298.94806224249703
2610000,5220.000000145955,-53362.304151158256,291.69619413585025
2615000,5230.000000147992,-53286.94781676939,293.69863895576225
2620000,5240.000000150029,-52869.82977618216,299.0420090363251
2625000,5250.000000152067,-53249.27407326421,307.5908570115626
2630000,5260.000000154104,-52979.35861748934,296.7274563708331
2635000,5270.000000156141,-52790.677319437294,307.7838713593885
2640000,5280.000000158178,-53301.88544077237,297.3190775910433
2645000,5290.000000160216,-53056.7822260212,304.46966006663536
2650000,5300.000000162253,-52890.93665180897,290.8852037069094
2655000,5310.00000016429,-53020.35264447259,304.22046850291133
2660000,5320.0000001663275,-52882.34986758194,299.5419461468366
2665000,5330.000000168365,-53210.06193852113,299.88352596574225
2670000,5340.000000170402,-52937.69353468323,292.46461254731315
2675000,5350.000000172439,-52996.80603196507,295.47128772787573
2680000,5360.000000174477,-52691.93855548126,301.613724376799
2685000,5370.000000176514,-53098.336406704184,298.34068399807927
2690000,5380.000000178551,-53254.113306009036,303.51710239169086
2695000,5390.000000180588,-52618.52390903371,298.44877047480816
2700000,5400.000000182626,-53287.751875252754,296.3039942358049
2705000,5410.000000184663,-52758.51297203527,299.9299939069538
2710000,5420.0000001867,-53343.19555229429,301.6584778766318
2715000,5430.000000188737,-52997.263685213635,299.401504252074
2720000,5440.000000190775,-52942.54535685229,299.4885648438626
2725000,5450.000000192812,-53482.060569002,292.62365776459626
2730000,5460.000000194849,-52984.011043913604,309.6641305200423
2735000,5470.0000001968865,-53247.47565802315,289.8120777686359
2740000,5480.000000198924,-53136.56976817339,299.26969104134656
2745000,5490.000000200961,-53129.77680864837,304.9574767914456
2750000,5500.000000202998,-52868.27145073406,293.7520896301008
2755000,5510.000000205036,-52976.46438273895,296.87948713080897
2760000,5520.000000207073,-53145.56194332076,297.54534219920873
2765000,5530.00000020911,-53456.92355765606,298.9095456156109
2770000,5540.000000211147,-53095.327787154994,301.26294962771965
2775000,5550.000000213185,-53158.81467656902,294.728990571831
2780000,5560.000000215222,-53475.39880264219,298.4354431141654
2785000,5570.000000217259,-52966.39311421101,304.54836929641124
2790000,5580.000000219296,-52528.3991110902,293.2495206062463
2795000,5590.000000221334,-52808.736877908115,297.90608588393764
2800000,5600.000000223371,-53072.18153101273,304.5408425378769
2805000,5610.000000225408,-53214.18069091873,299.72467577375124
2810000,5620.0000002274455,-53025.404412610544,301.78448450154536
2815000,5630.000000229483,-52962.33428936577,297.16963934649533
2820000,5640.00000023152,-53411.47806090393,302.2499065788462
2825000,5650.000000233557,-52857.63889998334,300.1050737418181
2830000,5660.000000235595,-53238.10357627412,290.89815527339636
2835000,5670.000000237632,-53216.84181691424,304.8868179960593
2840000,5680.000000239669,-53103.96802663698,291.84750640473214
2845000,5690.000000241706,-52977.61789493717,300.98982659419744
2850000,5700.000000243744,-53165.10247245521,291.8730094844428
2855000,5710.000000245781,-53044.65772501033,305.3785934725885
2860000,5720.000000247818,-53060.70551897923,299.22796755342443
2865000,5730.0000002498555,-53336.7371296114,293.99500364367293
2870000,5740.000000251893,-53322.35876598008,299.82287163231166
2875000,5750.00000025393,-52615.51658301696,300.1120882655322
2880000,5760.000000255967,-52863.49422512279,306.0287347101472
2885000,5770.000000258005,-52885.11484302944,303.1344069190745
2890000,5780.000000260042,-52849.19195435013,299.5885704126708
2895000,5790.000000262079,-53147.926290489995,292.2004877028217
2900000,5800.000000264116,-53159.92624335579,299.6805287000068
2905000,5810.000000266154,-52856.43848493666,298.28003290390933
2910000,5820.000000268191,-52903.306981270696,300.47727146119024
2915000,5830.000000270228,-53328.115667280945,297.36951884720173
2920000,5840.000000272265,-53254.10682543853,301.19473469200375
2925000,5850.000000274303,-52855.510970338655,301.60803998388064
2930000,5860.00000027634,-53411.98988762143,298.00981724570084
2935000,5870.000000278377,-53214.2443487673,302.20058912879216
2940000,5880.0000002804145,-52920.45425890802,295.71895762340637
2945000,5890.000000282452,-53084.984040719224,303.49094501112734
2950000,5900.000000284489,-52947.391319198534,306.25354369857484
2955000,5910.000000286526,-52668.37708602208,303.33059875980047
2960000,5920.000000288564,-52895.73813523288,292.71972252341516
2965000,5930.000000290601,-53012.972682587715,296.63221101917065
2970000,5940.000000292638,-53127.94355234946,299.46312314072844
2975000,5950.000000294675,-52769.71240989209,301.89334605393975
2980000,5960.000000296713,-52941.00960526304,297.6274581348381
2985000,5970.00000029875,-53031.01610291502,298.72004513304165
2990000,5980.000000300787,-52968.2535640632,307.80536154022235
2995000,5990.000000302824,-53025.19644505854,306.6924943338403
3000000,6000.000000304862,-53301.825152294216,306.4256184900902
3005000,6010.000000306899,-52948.29382658491,302.3524316402031
3010000,6020.000000308936,-52840.14724259463,308.31221386745545
3015000,6030.0000003109735,-53276.25662857806,303.3480489669546
3020000,6040.000000313011,-52788.361350825406,294.1604062065755
3025000,6050.000000315048,-53200.557240919006,305.93981886207615
3030000,6060.000000317085,-53137.175673363876,303.52635601984315
3035000,6070.000000319123,-52720.70813426189,296.7577284009249
3040000,6080.00000032116,-53355.865803538996,305.9188661556121
3045000,6090.000000323197,-52914.1318805145,298.9927587440196
3050000,6100.000000325234,-52837.7248269823,306.5890046290663
3055000,6110.000000327272,-52789.23609253435,295.4793013901757
3060000,6120.000000329309,-53141.56249595797,299.27878506673363
3065000,6130.000000331346,-52841.39009258797,291.25239870594413
3070000,6140.0000003333835,-52522.054716981074,294.2195113221687
3075000,6150.000000335421,-53116.09937359483,295.6817727469659
3080000,6160.000000337458,-53019.55826016428,294.1181846270462
3085000,6170.000000339495,-52914.86676783589,296.00815612614065
3090000,6180.0000003415325,-52975.49489026336,291.83311258824676
3095000,6190.00000034357,-53053.84432370003,294.67332076387436
3100000,6200.000000345607,-53019.56935218474,304.69464638824604
3105000,6210.000000347644,-53318.175791086134,308.62375186254485
3110000,6220.000000349682,-53232.57836875404,297.5264961555884
3115000,6230.000000351719,-53170.27180564456,294.57550713841607
3120000,6240.000000353756,-53103.00634305869,298.8166995618498
3125000,6250.000000355793,-53086.550054209976,304.85779291113903
3130000,6260.000000357831,-53124.379438276286,311.6322545156396
3135000,6270.000000359868,-53295.70607336314,309.37134066172945
3140000,6280.000000361905,-52966.080122909654,293.9545860288764
3145000,6290.0000003639425,-53439.584015497065,304.6196005503837
3150000,6300.00000036598,-52361.01538055591,300.4646326663165
3155000,6310.000000368017,-52819.58641869575,301.1625546886526
3160000,6320.000000370054,-53068.136239094194,295.4795469026533
3165000,6330.000000372092,-53080.13320581574,297.83441033994404
3170000,6340.000000374129,-52664.6302932945,307.68467369160936
3175000,6350.000000376166,-53078.424264510075,295.8882280602977
3180000,6360.000000378203,-53072.12377332407,303.02140546576646
3185000,6370.000000380241,-53057.57719692294,292.4737292290369
3190000,6380.000000382278,-53443.17035597772,303.3055136835201
3195000,6390.000000384315,-53086.07058597944,295.8105532524563
3200000,6400.000000386352,-52998.84412666285,288.2456716786935
3205000,6410.00000038839,-53167.128825219144,298.9321040262257
3210000,6420.000000390427,-53123.227236191335,305.24783845103957
3215000,6430.000000392464,-53094.56796335583,293.39687493041123
3220000,6440.0000003945015,-52964.33083833777,289.6816947270016
3225000,6450.000000396539,-53101.72038044114,295.2450119328609
3230000,6460.000000398576,-53223.34752796512,301.0065923101132
3235000,6470.000000400613,-52883.24227549072,288.8694904028882
3240000,6480.000000402651,-53223.08130141895,291.7033048220792
3245000,6490.000000404688,-53085.582958753395,298.076307735303
3250000,6500.000000406725,-52973.56860396324,294.078509127986
3255000,6510.000000408762,-53301.32999150024,295.51960054432385
3260000,6520.0000004108,-52934.262079365464,294.11241511233067
3265000,6530.000000412837,-53259.87206715188,300.8192471760316
3270000,6540.000000414874,-52958.72818273044,291.8198603932248
3275000,6550.0000004169115,-53180.69455258743,292.76657642539783
3280000,6560.000000418949,-52860.54230020376,299.89816789001395
3285000,6570.000000420986,-52959.40661676883,285.8675762761925
3290000,6580.000000423023,-53148.441793477105,299.48668845190514
3295000,6590.0000004250605,-53260.58960657098,299.1579578037049
3300000,6600.000000427098,-53169.52304399799,298.0401285127621
3305000,6610.000000429135,-53100.31112018868,295.9920581993925
3310000,6620.000000431172,-52859.76051274472,302.2595035713085
3315000,6630.00000043321,-53181.71931941854,292.6437753067764
3320000,6640.000000435247,-52951.08572522184,306.3687503701014
3325000,6650.000000437284,-52687.82592902123,299.5250376121914
3330000,6660.000000439321,-52895.39286280313,300.17357700855047
3335000,6670.000000441359,-52893.12979914213,304.2062603533406
3340000,6680.000000443396,-53128.3919008309,296.04527109022695
3345000,6690.000000445433,-53136.98357249785,298.10166231941116
3350000,6700.0000004474705,-52732.75975754496,294.5496648224254
3355000,6710.000000449508,-53048.88538870704,300.2508163564104
3360000,6720.000000451545,-52891.24817569117,293.2772166125486
3365000,6730.000000453582,-52825.91263348283,299.2833162346565
3370000,6740.00000045562,-52962.674933653005,293.40288583621
3375000,6750.000000457657,-52771.76370529199,298.03858561768317
3380000,6760.000000459694,-52397.89371730594,308.3598364741496
3385000,6770.000000461731,-53170.001174794335,301.2780204089854
3390000,6780.000000463769,-53236.979086434556,296.91443624677026
3395000,6790.000000465806,-53066.98030987359,293.6167347838119
3400000,6800.000000467843,-52964.48870235903,289.4622545280408
3405000,6810.00000046988,-52902.93251603079,300.4994456150435
3410000,6820.000000471918,-53023.14306651373,291.7164019337707
3415000,6830.000000473955,-53125.34841710955,300.66010097635166
3420000,6840.000000475992,-52997.21806970294,298.57763302958756
3425000,6850.0000004780295,-53227.49275448453,294.2232890279437
3430000,6860.000000480067,-52901.27696287737,286.09987962522837
3435000,6870.000000482104,-52864.20274841561,290.4961575267787
3440000,6880.000000484141,-52843.57551400119,301.7386393444872
3445000,6890.000000486179,-53063.05248708726,296.2195177697508
3450000,6900.000000488216,-53330.32131677962,295.50999219738037
3455000,6910.000000490253,-53178.46434925852,308.19927332006404
3460000,6920.00000049229,-52832.433616948954,298.1692024712103
3465000,6930.000000494328,-53018.20435314742,294.82643845050274
3470000,6940.000000496365,-53113.68678240292,295.7655779545156
3475000,6950.000000498402,-52807.36411095882,298.26844644824354
3480000,6960.0000005004395,-53192.83118834524,299.1622620532087
3485000,6970.000000502477,-52994.15904580138,299.3519416341262
3490000,6980.000000504514,-52694.564203905,297.08861523776005
3495000,6990.000000506551,-53211.54995309652,288.9262079324161
3500000,7000.0000005085885,-52634.63337196296,305.5197542388648
3505000,7010.000000510626,-53291.27213422186,296.6421444549345
3510000,7020.000000512663,-52621.26576542252,299.9754007328379
3515000,7030.0000005147,-53237.5139682657,289.69350092721584
3520000,7040.000000516738,-53155.24317259615,295.8831218186286
3525000,7050.000000518775,-53259.55004020635,293.2730084764643
3530000,7060.000000520812,-53108.96976810024,304.8531291231689
3535000,7070.000000522849,-52734.803118771,295.2651765909546
3540000,7080.000000524887,-52977.26040484535,296.38423209774487
3545000,7090.000000526924,-52772.87349331114,299.32659834517153
3550000,7100.000000528961,-52688.72479528104,287.0143961400048
3555000,7110.0000005309985,-52870.89387977705,298.8588256277208
3560000,7120.000000533036,-52931.39930857779,293.747483463947
3565000,7130.000000535073,-53321.42329916457,304.13541665443336
3570000,7140.00000053711,-52989.11531686218,297.7987465099449
3575000,7150.000000539148,-53038.979771630664,293.5130977987306
3580000,7160.000000541185,-52726.73716500279,289.39562945097117
3585000,7170.000000543222,-52808.30826699064,305.6856937735591
3590000,7180.000000545259,-52709.51752695453,294.8664117676378
3595000,7190.000000547297,-53320.75260527764,304.3928880501814
3600000,7200.000000549334,-52999.6544115945,295.8864011773435
3605000,7210.000000551371,-52810.40544945176,303.7680882030668
3610000,7220.000000553408,-52907.21571238301,303.37304690607823
3615000,7230.000000555446,-52780.177527184365,294.63654087650593
3620000,7240.000000557483,-53180.62184484047,304.0616069234915
3625000,7250.00000055952,-53321.11766554412,297.2867682674256
3630000,7260.0000005615575,-52796.51179542666,295.54453549872477
3635000,7270.000000563595,-52788.91849944959,301.97187113691723
3640000,7280.000000565632,-53071.36594018765,299.58304452357334
3645000,7290.000000567669,-53025.069027576945,301.20764341860246
3650000,7300.000000569707,-53294.21457171239,296.9122630898084
3655000,7310.000000571744,-52804.34077531088,308.8712159940823
3660000,7320.000000573781,-52978.68776264193,297.38487473217054
3665000,7330.000000575818,-52845.61450968729,301.70399480396725
3670000,7340.000000577856,-52861.10594129324,301.51891434488425
3675000,7350.000000579893,-53668.60679154657,290.9285984235617
3680000,7360.00000058193,-53311.295296878205,298.9567573111346
3685000,7370.000000583967,-53330.11258709378,301.68365442678913
3690000,7380.000000586005,-53082.11787952599,290.28593492914666
3695000,7390.000000588042,-53175.944403949456,298.07802904915286
3700000,7400.000000590079,-52998.52043216437,300.76029644624253
3705000,7410.0000005921165,-53215.838583233155,301.00309451550305
3710000,7420.000000594154,-53182.52509956679,299.19912895726986
3715000,7430.000000596191,-53020.38241412013,299.5174342697493
3720000,7440.000000598228,-52946.15693454846,302.6292907208576
3725000,7450.000000600266,-53103.59148523063,306.9469272346421
3730000,7460.000000602303,-53185.44078854399,308.703363289212
3735000,7470.00000060434,-52997.24813223354,304.19178224073227
3740000,7480.000000606377,-53052.59417866572,299.26899259544723
3745000,7490.000000608415,-53379.409222600225,302.17927530162115
3750000,7500.000000610452,-53703.174356140604,292.1638196004821
3755000,7510.000000612489,-52898.767580255226,297.62499193676456
3760000,7520.0000006145265,-53118.78076198374,293.78818521293687
3765000,7530.000000616564,-53116.402439025,295.3442770800753
3770000,7540.000000618601,-53285.71344945149,290.66018225813434
3775000,7550.000000620638,-53352.62193460029,291.645995114134
3780000,7560.0000006226755,-53384.58491340012,302.47771421646695
3785000,7570.000000624713,-53186.549680114316,299.30583683180606
3790000,7580.00000062675,-52932.99103137868,301.19350273804383
3795000,7590.000000628787,-53236.168833517586,298.79823793132493
3800000,7600.000000630825,-53191.576856848376,306.9336740199905
3805000,7610.000000632862,-53369.66844277788,302.0352918938945
3810000,7620.000000634899,-52784.84442138171,292.59635485171503
3815000,7630.000000636936,-53757.77214872083,306.1367807798662
3820000,7640.000000638974,-52874.64609106482,293.7522869891562
3825000,7650.000000641011,-52842.405426109355,300.89853402457794
3830000,7660.000000643048,-52653.61000883163,296.2367766406631
3835000,7670.0000006450855,-52897.55312496296,296.5718265843635
3840000,7680.000000647123,-52786.95772405836,292.7436729613531
3845000,7690.00000064916,-52688.563709606184,310.88135557026084
3850000,7700.000000651197,-52490.906518340285,301.3649161524807
3855000,7710.000000653235,-53307.378428100696,294.61182256245223
3860000,7720.000000655272,-53526.52221599023,297.43206358339995
3865000,7730.000000657309,-52978.06872942776,301.27385232166637
3870000,7740.000000659346,-53541.83646169017,303.5986970815769
3875000,7750.000000661384,-52954.90523594161,298.6073529561667
3880000,7760.000000663421,-52933.152624309616,300.56033649093445
3885000,7770.000000665458,-53186.52779088009,302.4052170516508
3890000,7780.000000667495,-53336.07656252573,298.7545858982628
3895000,7790.000000669533,-53136.98956388526,295.01687886821804
3900000,7800.00000067157,-53231.43230234212,291.41656941256423
3905000,7810.000000673607,-52867.63896727408,293.84075123679645
3910000,7820.0000006756445,-53043.259006437875,293.2264779201497
3915000,7830.000000677682,-53288.40628585557,290.09911744158785
3920000,7840.000000679719,-53284.03892316,296.506505187056
3925000,7850.000000681756,-53436.9679664954,303.6942095716907
3930000,7860.000000683794,-53536.65587185469,296.9010274939663
3935000,7870.000000685831,-52876.3513069842,297.0336990976648
3940000,7880.000000687868,-52807.49456606398,288.2978588058406
3945000,7890.000000689905,-52956.80122404464,295.4383950804407
3950000,7900.000000691943,-52753.2245764205,298.1640513322108
3955000,7910.00000069398,-53303.60108786021,298.13138944791876
3960000,7920.000000696017,-52731.76119841676,288.42931103347814
3965000,7930.0000006980545,-53092.14509665812,301.406631430903
3970000,7940.000000700092,-52910.46615242149,305.7729214959724
3975000,7950.000000702129,-52843.01017658037,296.75124971061126
3980000,7960.000000704166,-52961.261411514424,299.9119026727566
3985000,7970.0000007062035,-52865.75369429687,290.7119974543869
3990000,7980.000000708241,-53015.54829931891,299.58912447559044
3995000,7990.000000710278,-53250.01960547792,293.0262722354111
4000000,8000.000000712315,-52892.94105435448,294.9933816107125
4005000,8010.000000714353,-53090.95033631375,299.64458229548467
4010000,8020.00000071639,-52999.296766866784,299.3153026187563
4015000,8030.000000718427,-53161.478926117416,298.2395809452467
4020000,8040.000000720464,-53565.51152667467,297.59592677792904
4025000,8050.000000722502,-52971.35503440065,298.23773907511764
4030000,8060.000000724539,-52859.193187033845,302.8134176900696
4035000,8070.000000726576,-52725.48463111106,295.0877886328321
4040000,8080.0000007286135,-53359.422163603944,297.66962756073036
4045000,8090.000000730651,-53110.17367578461,303.3630518416986
4050000,8100.000000732688,-52870.18729970086,296.19419739146383
4055000,8110.000000734725,-53711.3675857936,300.8331878397009
4060000,8120.000000736763,-53131.248721679236,295.53946866985206
4065000,8130.0000007388,-52806.351051211794,290.7938328809948
4070000,8140.000000740837,-53151.21305901473,294.60736010698776
4075000,8150.000000742874,-53274.77637699721,306.8212064992744
4080000,8160.000000744912,-53066.7967584774,292.5265505344941
4085000,8170.000000746949,-52905.81597682112,295.9932608909652
4090000,8180.000000748986,-53170.60618000952,288.35557762141434
4095000,8190.000000751023,-52876.22230038745,294.121039176729
4100000,8200.00000075306,-52593.60709340501,297.5298147161356
4105000,8210.000000755097,-53101.96258294111,299.86909092205605
4110000,8220.000000757134,-53296.80232318098,298.1815543263823
4115000,8230.000000759172,-53245.552483975596,297.9052199809875
4120000,8240.000000761209,-53392.97977334433,293.6660611885561
4125000,8250.000000763246,-53164.22484203614,301.1901951035504
4130000,8260.000000765283,-52864.7246806481,298.5385748925181
4135000,8270.00000076732,-52770.31054571021,299.39868493207734
4140000,8280.000000769358,-53243.653036430595,294.92316605758845
4145000,8290.000000771395,-52630.291999566805,298.6733528203073
4150000,8300.000000773432,-52691.95701155931,294.7063425689677
4155000,8310.00000077547,-52707.4870950389,284.25838234477123
4160000,8320.000000777507,-53271.48557940699,305.84357675866744
4165000,8330.000000779544,-52912.87362107169,297.6304166150752
4170000,8340.000000781582,-52873.44769415981,293.9597412046924
4175000,8350.000000783619,-53058.43399584651,298.0200933399761
4180000,8360.000000785656,-53368.681715175946,303.41891329196903
4185000,8370.000000787693,-52945.38835661602,292.7888979507244
4190000,8380.00000078973,-52746.00043872796,301.762564136047
4195000,8390.000000791768,-53064.67803411657,299.13448880926563
4200000,8400.000000793805,-52998.84367492562,297.2244272833836
4205000,8410.000000795842,-53350.99278810367,304.12551889195146
4210000,8420.00000079788,-53144.10675949723,299.1052787762661
4215000,8430.000000799917,-52821.970651322714,308.36794323230487
4220000,8440.000000801954,-52589.71204048462,295.70311247679916
4225000,8450.000000803991,-52649.49037756963,298.27251934743015
4230000,8460.000000806029,-53218.441903368104,306.20766925646
4235000,8470.000000808066,-52836.78343393002,300.6393137094673
4240000,8480.000000810103,-53024.36592398863,296.1740218903764
4245000,8490.00000081214,-53295.69755114621,299.5998484205151
4250000,8500.000000814178,-53244.9271569229,296.54259645721993
4255000,8510.000000816215,-53185.9313969583,297.28265724498385
4260000,8520.000000818252,-53120.46816280397,297.9331114282357
4265000,8530.00000082029,-53028.36766775302,296.9145306557763
4270000,8540.000000822327,-52804.323775511875,303.54975479424746
4275000,8550.000000824364,-52791.94770583874,297.0535960965345
4280000,8560.000000826401,-53049.049484439834,303.3667946528634
4285000,8570.000000828439,-53190.650062780245,299.43341688827735
4290000,8580.000000830476,-52917.41138669077,303.859155767468
4295000,8590.000000832513,-53175.14481424913,301.0728762058662
4300000,8600.00000083455,-52952.67586503006,296.3350674612743
4305000,8610.000000836588,-53357.17863254846,300.856858953655
4310000,8620.000000838625,-52481.45544157387,295.7471086626044
4315000,8630.000000840662,-53334.335311408446,300.49431091424054
4320000,8640.0000008427,-53197.92940859456,295.38702854813374
4325000,8650.000000844737,-53389.60334001167,298.59642577023806
4330000,8660.000000846774,-53376.270593313006,302.4024272018285
4335000,8670.000000848811,-53068.460937577765,292.5483451169852
4340000,8680.000000850849,-52830.751227247936,293.648233049349
4345000,8690.000000852886,-52860.35648013151,300.26242151627656
4350000,8700.000000854923,-52629.363218115905,291.3770535451731
4355000,8710.00000085696,-53095.844583091704,291.7548072730047
4360000,8720.000000858998,-53155.91658204209,305.315290691875
4365000,8730.000000861035,-53522.536326934875,295.03824757170935
4370000,8740.000000863072,-53352.48383860264,294.892120366822
4375000,8750.00000086511,-53161.58005133993,300.87228316024766
4380000,8760.000000867147,-53200.950516668905,295.6987856978018
4385000,8770.000000869184,-53360.28563605863,305.15477384844576
4390000,8780.000000871221,-53143.77892710053,288.6040992456874
4395000,8790.000000873259,-53190.65836047946,301.5140012210905
4400000,8800.000000875296,-53346.365424043994,298.13391082411107
4405000,8810.000000877333,-52554.68885162496,299.62500214118734
4410000,8820.00000087937,-52816.02271576709,301.9816052747356
4415000,8830.000000881408,-53090.42779901944,305.3690828863291
4420000,8840.000000883445,-53286.34832570868,290.16394302527766
4425000,8850.000000885482,-53124.33525223599,303.3645220398906
4430000,8860.00000088752,-53248.81698315058,297.93384719338445
4435000,8870.000000889557,-53101.713946980686,295.41235294048096
4440000,8880.000000891594,-53314.128306159546,299.76973165192123
4445000,8890.000000893631,-53133.9686901744,299.1456196224606
4450000,8900.000000895669,-52785.47041653731,297.13052285076674
4455000,8910.000000897706,-53407.13286535576,303.6641367351583
4460000,8920.000000899743,-53244.39127006353,293.52727223984704
4465000,8930.00000090178,-53252.028431481216,292.83174804053044
4470000,8940.000000903818,-52973.265220892936,299.25632504514334
4475000,8950.000000905855,-52981.334466272325,295.5008077827308
4480000,8960.000000907892,-52546.742558690254,291.92938095447914
4485000,8970.00000090993,-52761.974991051364,303.252515669805
4490000,8980.000000911967,-53222.02144498771,304.97503276932906
4495000,8990.000000914004,-53110.64272144716,298.80038241069116
4500000,9000.000000916041,-53142.1082899372,297.5126544455767
4505000,9010.000000918079,-53199.724741512415,302.4362315675937
4510000,9020.000000920116,-52609.59683819671,293.72982561161433
4515000,9030.000000922153,-53501.69648551755,296.7860941091456
4520000,9040.00000092419,-52950.91464527731,293.3930400784561
4525000,9050.000000926228,-53201.189193409315,299.54912955392143
4530000,9060.000000928265,-53299.69790102239,295.88138730022246
4535000,9070.000000930302,-52783.888823853864,297.8109456501523
4540000,9080.00000093234,-52908.93314890933,302.54476758885056
4545000,9090.000000934377,-53090.43562388426,299.90744577976824
4550000,9100.000000936414,-53122.48060834134,296.8201717739535
4555000,9110.000000938451,-53111.48475801348,302.7878629869519
4560000,9120.000000940488,-53464.62578372209,290.5547843318196
4565000,9130.000000942526,-53090.00154055585,297.8111262524602
4570000,9140.000000944563,-53022.72338016075,305.46811242301555
4575000,9150.0000009466,-53035.075651152525,293.47390675771703
4580000,9160.000000948638,-53091.280240282795,296.8115566046385
4585000,9170.000000950675,-53140.92548576422,297.36751481467064
4590000,9180.000000952712,-53121.75619270143,295.25105200495824
4595000,9190.00000095475,-52938.20088315179,294.85876488825517
4600000,9200.000000956787,-53165.258675980906,299.2970614691879
4605000,9210.000000958824,-52868.35130054291,298.94643179620425
4610000,9220.000000960861,-53168.3623308831,294.40721959836844
4615000,9230.000000962898,-53207.18753221116,303.2235011056093
4620000,9240.000000964936,-53311.63534611231,298.76233490632023
4625000,9250.000000966973,-52894.7761777906,289.24564267139016
4630000,9260.00000096901,-53060.63874355244,288.9353042815277
4635000,9270.000000971047,-52991.35859650638,298.4285093415371
4640000,9280.000000973085,-53133.06493207457,295.8465587791938
4645000,9290.000000975122,-52834.45310842592,296.41793966309586
4650000,9300.00000097716,-53092.88515249046,295.71598992289574
4655000,9310.000000979197,-52978.949625912675,297.22838044195095
4660000,9320.000000981234,-52785.00322559156,297.3670740215296
4665000,9330.000000983271,-53026.640104972525,299.0036510036857
4670000,9340.000000985308,-53352.94069539677,296.3299948627482
4675000,9350.000000987346,-52674.72539374253,295.0678003897197
4680000,9360.000000989383,-52883.64395208951,301.3590586451283
4685000,9370.00000099142,-53048.52281422913,299.9057415703384
4690000,9380.000000993457,-53105.9904691354,300.0460230137946
4695000,9390.000000995495,-53012.54416576697,297.39215105618274
4700000,9400.000000997532,-53336.351892849954,304.9493688270076
4705000,9410.00000099957,-53173.77466546098,303.9722842335137
4710000,9420.000001001607,-53025.44650347743,301.31322704821207
4715000,9430.000001003644,-52854.598119563656,296.5721127314195
4720000,9440.000001005681,-53101.85042406237,299.7787347782233
4725000,9450.000001007718,-53016.50931721163,298.3109674096363
4730000,9460.000001009756,-52795.22764320357,298.82816460563697
4735000,9470.000001011793,-53044.30595018441,296.9389646405288
4740000,9480.00000101383,-53108.158355534804,294.0426376231313
4745000,9490.000001015867,-52965.24880670625,304.4259168668894
4750000,9500.000001017905,-53587.62885613687,304.0277285816548
4755000,9510.000001019942,-53262.30787904491,294.34037387323906
4760000,9520.00000102198,-52695.24518960243,298.74454688364796
4765000,9530.000001024016,-52971.6255922041,293.6424408143193
4770000,9540.000001026054,-52862.18321931694,293.06228792035034
4775000,9550.000001028091,-53099.138993078115,299.3625968532003
4780000,9560.000001030128,-53269.443752305495,297.6022646082427
4785000,9570.000001032166,-52963.13907589059,299.897002930079
4790000,9580.000001034203,-53158.25525232224,296.5812926093303
4795000,9590.00000103624,-53318.820929972426,303.37054766163754
4800000,9600.000001038277,-52848.65307645453,292.38842055043557
4805000,9610.000001040315,-53482.82032393239,299.31641278946825
4810000,9620.000001042352,-52979.90245413559,303.6362378292347
4815000,9630.00000104439,-52931.14675639878,299.7669667139143
4820000,9640.000001046426,-53113.15342603304,296.5842558683189
4825000,9650.000001048464,-53097.19751463976,296.60825808662076
4830000,9660.000001050501,-53319.26760302021,288.4140329946788
4835000,9670.000001052538,-52582.28708289581,293.8546004038903
4840000,9680.000001054575,-53215.62322824233,299.8152999162487
4845000,9690.000001056613,-53404.46914101194,302.7955416056934
4850000,9700.00000105865,-53167.47870135831,294.00814967482523
4855000,9710.000001060687,-53244.67296675558,299.7463667696054
4860000,9720.000001062725,-53389.51045197167,298.18961974888
4865000,9730.000001064762,-53520.375357209065,302.9575967599564
4870000,9740.000001066799,-52727.447173325316,301.38682988303475
4875000,9750.000001068836,-53447.4734790629,297.71545141700386
4880000,9760.000001070874,-53176.34656456858,302.84429798001224
4885000,9770.00000107291,-53053.06372074637,301.2516585241227
4890000,9780.000001074948,-52500.33197352811,296.71234859391035
4895000,9790.000001076985,-53237.22559399629,291.54065388931735
4900000,9800.000001079023,-53258.1134690475,297.3730320323963
4905000,9810.00000108106,-53066.79860537691,304.73081537444125
4910000,9820.000001083097,-52787.18739003886,294.30335152695363
4915000,9830.000001085134,-52952.4713248061,296.7153565529744
4920000,9840.000001087172,-53078.395408387674,305.51329145335944
4925000,9850.000001089209,-53265.003905648744,303.03827324616304
4930000,9860.000001091246,-53295.102715110115,298.45047514076055
4935000,9870.000001093284,-52864.6548385717,297.16107333266103
4940000,9880.00000109532,-53132.692680824344,300.36906257302815
4945000,9890.000001097358,-52681.19181998211,301.9265763191661
4950000,9900.000001099395,-52993.714171583444,302.662414984233
4955000,9910.000001101433,-53019.769916140416,303.1235060585816
4960000,9920.00000110347,-53164.98954136469,296.4154193864529
4965000,9930.000001105507,-52953.43262684072,304.1555091185426
4970000,9940.000001107544,-52897.393580689735,292.8099514804661
4975000,9950.000001109582,-53227.47180189396,294.1375611733623
4980000,9960.000001111619,-52505.475073826616,304.7605905902255
4985000,9970.000001113656,-53355.485216794244,299.9252818932643
4990000,9980.000001115694,-52764.62799029655,297.62563679382316
4995000,9990.00000111773,-53069.82378899175,307.13313107383624
5000000,10000.000001119768,-52994.6162369097,298.721003552597
5005000,10010.000001121805,-52908.77692590855,298.5652443525622
5010000,10020.000001123843,-53260.69346305501,294.88734818555866
5015000,10030.00000112588,-53122.68977688701,289.434904303888
5020000,10040.000001127917,-53495.50718873169,306.18994732195546
5025000,10050.000001129954,-52886.872387149895,299.83967377297625
5030000,10060.000001131992,-53037.638127663435,303.0441437606334
5035000,10070.000001134029,-53225.639506840176,296.05760058305236
5040000,10080.000001136066,-53083.46509351139,291.94967693041826
5045000,10090.000001138103,-53335.151615722396,298.31245863282584
5050000,10100.00000114014,-53107.62284289501,299.26592277180026
5055000,10110.000001142178,-53052.309050029784,294.3854485803767
5060000,10120.000001144215,-53440.33529551365,293.3006886241799
5065000,10130.000001146253,-53112.4235212162,299.8001721756608
5070000,10140.00000114829,-53164.824390880036,309.3825250245688
5075000,10150.000001150327,-52992.20495022938,305.7436646486745
5080000,10160.000001152364,-53238.97015948978,302.09344995605943
5085000,10170.000001154402,-52824.71789439733,293.908729658173
5090000,10180.000001156439,-53126.54963556072,307.1742418899124
5095000,10190.000001158476,-53085.31778124883,298.9329651942192
5100000,10200.000001160513,-52808.353974842146,303.9222035521259
5105000,10210.00000116255,-53344.040370889794,297.7847419766987
5110000,10220.000001164588,-53453.333154965134,308.88997263560253
5115000,10230.000001166625,-52926.254189387546,294.77872830642235
5120000,10240.000001168662,-53083.15374932799,292.7531580536477
5125000,10250.0000011707,-52814.16630616502,296.129181179965
5130000,10260.000001172737,-52768.44031578375,296.4063811260915
5135000,10270.000001174774,-52659.33507647732,291.77176530864153
5140000,10280.000001176812,-53097.051072897564,298.76622163316324
5145000,10290.000001178849,-53466.64209888363,298.1066000358562
5150000,10300.000001180886,-53232.70046638831,297.98347536284456
5155000,10310.000001182923,-53091.90602748745,298.2904383908051
5160000,10320.00000118496,-53262.13909464373,300.22132953257017
5165000,10330.000001186998,-52710.68787588511,290.19387499372453
5170000,10340.000001189035,-53004.05235553236,293.9073210882311
5175000,10350.000001191072,-53175.59146952946,290.81807294326137
5180000,10360.00000119311,-53157.73710092332,300.77368636354583
5185000,10370.000001195147,-52860.65529309941,306.4142414952728
5190000,10380.000001197184,-53038.9323515291,304.20869530527284
5195000,10390.000001199222,-52990.855095345,291.48363984453
5200000,10400.000001201259,-52835.00512276907,291.5320840854553
5205000,10410.000001203296,-53163.93584079272,299.49941683016175
5210000,10420.000001205333,-53085.462673567,296.8862937164978
5215000,10430.00000120737,-53096.434252028645,303.40124649314805
5220000,10440.000001209408,-53409.98616520665,296.55041041683484
5225000,10450.000001211445,-53185.30425380907,303.37875442189767
5230000,10460.000001213482,-52786.91696541157,306.66427851014004
5235000,10470.00000121552,-53092.417697306315,286.59507466964925
5240000,10480.000001217557,-52915.54669088707,304.59088879019214
5245000,10490.000001219594,-53162.77748929948,302.91393987702264
5250000,10500.000001221631,-52820.65149652795,303.06863801703446
5255000,10510.000001223669,-52696.77748062214,294.8057793239126
5260000,10520.000001225706,-53057.25978069147,305.9649145534983
5265000,10530.000001227743,-52873.20987321879,292.95619236428075
5270000,10540.00000122978,-53134.521371961804,298.16576188540773
5275000,10550.000001231818,-52899.41750319567,297.41430589455797
5280000,10560.000001233855,-53586.935291630565,286.47447552912325
5285000,10570.000001235892,-53015.027911381854,299.14881622583647
5290000,10580.00000123793,-53090.46621258324,295.9155452021745
5295000,10590.000001239967,-52585.109153767844,297.6934952830656
5300000,10600.000001242004,-53367.97229685268,299.53332412129964
5305000,10610.000001244041,-52739.64978577744,301.39697820110626
5310000,10620.000001246079,-52924.8698365243,294.61013899438456
5315000,10630.000001248116,-52972.80694445598,291.0864210474897
5320000,10640.000001250153,-52643.00869247076,296.1231607777443
5325000,10650.00000125219,-53023.242639178265,301.4258306085568
5330000,10660.000001254228,-53309.93853823005,294.6778353924084
5335000,10670.000001256265,-53395.07306273427,299.02413136908956
5340000,10680.000001258302,-53191.47482722538,304.6269561244752
5345000,10690.00000126034,-52664.788324069,312.07483891430934
5350000,10700.000001262377,-52813.51692038556,293.1034263046941
5355000,10710.000001264414,-52653.7579516776,300.9255604732023
5360000,10720.000001266451,-52822.818786960386,300.0251724625332
5365000,10730.000001268489,-52940.43037574901,296.9149047420569
5370000,10740.000001270526,-53429.54233915941,302.1309340372382
5375000,10750.000001272563,-52899.790308408585,296.2785989118688
5380000,10760.0000012746,-52888.575552869006,292.8349051921842
5385000,10770.000001276638,-53089.79264659219,296.74263524389374
5390000,10780.000001278675,-53075.354937711294,296.29152105183107
5395000,10790.000001280712,-53023.11839292312,298.66430633481156
5400000,10800.00000128275,-53396.30603796526,292.52434419619703
5405000,10810.000001284787,-53431.38144614268,301.3527002583111
5410000,10820.000001286824,-53176.62797696356,296.6552972787643
5415000,10830.000001288861,-53197.59175313945,302.1661102468712
5420000,10840.000001290899,-53226.36850806337,301.6615735647808
5425000,10850.000001292936,-52927.64450819479,302.02365377737857
5430000,10860.000001294973,-52762.72066854927,298.3945832290873
5435000,10870.00000129701,-53198.51314465157,295.18446213619995
5440000,10880.000001299048,-52988.21505840708,295.4053548569466
5445000,10890.000001301085,-53158.293654973764,299.52888679243364
5450000,10900.000001303122,-52932.813826096884,296.20401781193215
5455000,10910.00000130516,-53217.65957247201,301.4696570948578
5460000,10920.000001307197,-53312.04155073242,292.94544154051744
5465000,10930.000001309234,-52495.15103959327,295.66450190458494
5470000,10940.000001311271,-52995.53779836139,300.0915998346748
5475000,10950.000001313309,-52999.49044299702,297.11780321702525
5480000,10960.000001315346,-52912.412124127935,298.644574817351
5485000,10970.000001317383,-53253.5874107322,299.6412425237751
5490000,10980.00000131942,-53357.60133854329,297.25448165287014
5495000,10990.000001321458,-52773.73740922252,289.9896589282528
5500000,11000.000001323495,-53305.14853611638,288.4975391972956
5505000,11010.000001325532,-53388.56693227877,297.4230308087655
5510000,11020.00000132757,-53312.58866626985,300.59776002552076
5515000,11030.000001329607,-53221.637523682,302.25062592381886
5520000,11040.000001331644,-52971.68781401645,294.9615586687287
5525000,11050.000001333681,-53170.065397996834,301.8718169918351
5530000,11060.000001335718,-53188.383009264246,293.0343232412197
5535000,11070.000001337756,-53476.07943444952,302.8477996884206
5540000,11080.000001339793,-52997.16499337554,302.6574640709221
5545000,11090.00000134183,-53313.57014953424,299.5783824591442
5550000,11100.000001343868,-53626.956614890805,295.28132513584535
5555000,11110.000001345905,-52910.8257734768,292.793361684353
5560000,11120.000001347942,-52768.964658636076,297.3729497302769
5565000,11130.00000134998,-53022.91335900311,307.2069879616069
5570000,11140.000001352017,-53250.58030196579,298.16579990378034
5575000,11150.000001354054,-52750.08323314393,295.73708139346485
5580000,11160.000001356091,-52867.99077741604,301.4698345602333
5585000,11170.000001358128,-53280.836485500186,297.3070903782628
5590000,11180.000001360166,-53393.306399861234,292.43180458570095
5595000,11190.000001362203,-52654.08317174739,298.40419453559707
5600000,11200.00000136424,-52827.15577813494,295.15508767325093
5605000,11210.000001366278,-52870.32731935868,303.72343030351806
5610000,11220.000001368315,-52505.58513935344,288.70226696345213
5615000,11230.000001370352,-52744.842626079306,294.4228413197172
5620000,11240.00000137239,-52986.30070948729,305.0699517842659
5625000,11250.000001374427,-52849.8253537922,303.40573734803024
5630000,11260.000001376464,-53232.19998208448,298.4978430245621
5635000,11270.000001378501,-53043.006942773936,297.3892962067468
5640000,11280.000001380538,-52658.393096014624,297.29110090162476
5645000,11290.000001382576,-52760.9792338087,296.25118802545427
5650000,11300.000001384613,-53232.85804433102,289.05342240886586
5655000,11310.00000138665,-53216.09974038959,294.771207492708
5660000,11320.000001388687,-53051.86688475378,295.61889124754094
5665000,11330.000001390725,-52738.45834332469,299.0391388286393
5670000,11340.000001392762,-53408.72519705523,297.62871708703983
5675000,11350.0000013948,-53086.71955852606,291.0205814455131
5680000,11360.000001396837,-52592.544591896876,298.90742483076383
5685000,11370.000001398874,-53327.39758546671,299.5789043573913
5690000,11380.000001400911,-52425.89827821203,295.71161558267926
5695000,11390.000001402948,-52746.4407759672,296.5774841052751
5700000,11400.000001404986,-52859.80846735707,296.4654368509341
5705000,11410.000001407023,-52794.27155412035,299.7456161694917
5710000,11420.00000140906,-53229.37505870289,306.58575458297184
5715000,11430.000001411097,-53038.915211250336,306.54629189515623
5720000,11440.000001413135,-52899.31962352578,302.28281507288676
5725000,11450.000001415172,-52998.14361582839,301.46861463366236
5730000,11460.00000141721,-53251.19878623,294.77939237550453
5735000,11470.000001419246,-53145.338075413776,298.1005823295723
5740000,11480.000001421284,-53186.40433313753,295.6096630152135
5745000,11490.000001423321,-53107.97482855222,296.7220172219783
5750000,11500.000001425358,-53394.74515215156,294.7371256172181
5755000,11510.000001427396,-53426.64784114904,302.18266928298357
5760000,11520.000001429433,-52749.606442984455,299.18676362326664
5765000,11530.00000143147,-53050.51780272211,295.35698175604875
5770000,11540.000001433507,-53395.339650340204,300.8993993410153
5775000,11550.000001435545,-52605.02528871072,290.94750845810006
5780000,11560.000001437582,-53256.903816742415,302.5870017570986
5785000,11570.00000143962,-53132.019545168645,305.05301280424106
5790000,11580.000001441656,-52595.62582808855,300.676195682935
5795000,11590.000001443694,-53378.66627461137,300.28413188904335
5800000,11600.000001445731,-53350.06974740283,302.55030571357094
5805000,11610.000001447768,-52908.67912164779,292.9131476575437
5810000,11620.000001449805,-52962.09400540052,292.7275570481763
5815000,11630.000001451843,-52843.35472573069,302.1701360248452
5820000,11640.00000145388,-52819.838163896464,293.1942169411466
5825000,11650.000001455917,-53186.381585293915,300.56519850837844
5830000,11660.000001457955,-52921.7208790686,302.82831536442836
5835000,11670.000001459992,-53029.622299986106,294.36520940441034
5840000,11680.00000146203,-52707.32293275022,300.30780242944223
5845000,11690.000001464066,-52675.449930328876,301.42122559931863
5850000,11700.000001466104,-53377.74713614647,295.66150745262166
5855000,11710.00000146814,-52949.86141352015,293.30031400505817
5860000,11720.000001470178,-53028.835224830604,298.1025291001328
5865000,11730.000001472215,-52655.57499800823,303.48323734658544
5870000,11740.000001474253,-53032.77772017993,299.2278703697799
5875000,11750.00000147629,-53310.93149537122,298.0311484836054
5880000,11760.000001478327,-52997.23110873034,296.4124057961092
5885000,11770.000001480365,-53202.53372340085,295.2833179007951
5890000,11780.000001482402,-52811.77012172318,294.9531352104553
5895000,11790.000001484439,-52666.965985607996,295.9301384415126
5900000,11800.000001486476,-52634.43309077987,303.09820466327807
5905000,11810.000001488514,-53048.9991107808,293.3651018780281
5910000,11820.00000149055,-52972.1508259376,295.9414320542683
5915000,11830.000001492588,-53221.1496644209,303.18124367061165
5920000,11840.000001494625,-53310.92783821415,292.93329545928094
5925000,11850.000001496663,-52892.40254208652,291.9351058343963
5930000,11860.0000014987,-53089.880198438885,290.5279007758536
5935000,11870.000001500737,-53410.228167449095,295.3326236312995
5940000,11880.000001502774,-52659.55377953968,303.1527529096065
5945000,11890.000001504812,-52715.26583845125,301.2022138476936
5950000,11900.000001506849,-53373.014183605206,293.149637712329
5955000,11910.000001508886,-53041.59694734751,310.45970720642396
5960000,11920.000001510924,-53144.050196873024,295.69456166187973
5965000,11930.00000151296,-53256.434160042845,296.54983301751946
5970000,11940.000001514998,-52747.36613327905,301.7765760943491
5975000,11950.000001517035,-53075.350366475875,300.13235168394164
5980000,11960.000001519073,-52605.92592709215,291.9038905324823
5985000,11970.00000152111,-53177.33794126546,296.61786743339655
5990000,11980.000001523147,-52912.94543051699,304.4036493084043
5995000,11990.000001525184,-52933.83737452648,297.57804293041494
6000000,12000.000001527222,-53517.46680398914,295.81681722545403
6005000,12010.000001529259,-52896.911511690996,294.7183676574112
6010000,12020.000001531296,-52845.768972890684,297.58275828599244
6015000,12030.000001533333,-52502.782185319724,292.03411852416326
6020000,12040.00000153537,-53147.47655202047,296.1885680340195
6025000,12050.000001537408,-53135.64359581994,301.01617690776374
6030000,12060.000001539445,-53311.82464235302,301.092231979212
6035000,12070.000001541483,-52626.711782797036,308.70945782205507
6040000,12080.00000154352,-53023.33058564781,302.4701057555386
6045000,12090.000001545557,-52830.831727633835,302.94104168057754
6050000,12100.000001547594,-52918.0758909265,298.27696191012376
6055000,12110.000001549632,-53161.51311611076,289.26308254454125
6060000,12120.000001551669,-53223.267702394194,301.77580220589215
6065000,12130.000001553706,-52800.45140678121,304.4879442266993
6070000,12140.000001555743,-53047.47065755207,300.1300088281985
6075000,12150.00000155778,-53159.375864778995,304.77211114898824
6080000,12160.000001559818,-52736.13348796149,285.700670241124
6085000,12170.000001561855,-53209.691873131116,297.68731167493956
6090000,12180.000001563893,-53447.55323724332,298.02963095524007
6095000,12190.00000156593,-52729.54997760529,299.40074894729764
6100000,12200.000001567967,-53371.31024566671,296.2839104347637
6105000,12210.000001570004,-53090.58109801359,287.9340524687543
6110000,12220.000001572042,-53236.75880297265,292.8076335734192
6115000,12230.000001574079,-53473.33152464172,292.89239272138747
6120000,12240.000001576116,-53180.729316578945,299.6532142829088
6125000,12250.000001578153,-53070.00611012464,301.97718334132287
6130000,12260.00000158019,-52996.73019679519,297.2214936317858
6135000,12270.000001582228,-53398.19850848819,300.62882786996283
6140000,12280.000001584265,-53498.014296012116,288.1780893053215
6145000,12290.000001586302,-52919.19366081653,302.7066381730631
6150000,12300.00000158834,-53249.57999581381,300.562987736099
6155000,12310.000001590377,-53504.83788222808,295.68503215881475
6160000,12320.000001592414,-53060.97918934148,295.5063606715551
6165000,12330.000001594452,-52766.66831131728,299.81684756746984
6170000,12340.000001596489,-52835.54190867569,300.8015490479223
6175000,12350.000001598526,-52825.840429399366,305.24323217366754
6180000,12360.000001600563,-52911.42802670144,297.1601423748349
6185000,12370.0000016026,-53031.24587819539,302.6133090554867
6190000,12380.000001604638,-52970.33786910935,299.57884359845764
6195000,12390.000001606675,-53305.428373604926,296.66587682509686
6200000,12400.000001608712,-52843.06036914571,307.1424023161823
6205000,12410.00000161075,-53062.34445715742,299.50980177535996
6210000,12420.000001612787,-53298.21862877338,295.27638469574913
6215000,12430.000001614824,-52685.982647600846,296.6673966997117
6220000,12440.000001616861,-52945.7408826554,289.7168905449688
6225000,12450.000001618899,-53349.55833465335,299.8706895059056
6230000,12460.000001620936,-53241.68811538859,294.98884143757175
6235000,12470.000001622973,-53368.03138442902,299.9083948657664
6240000,12480.00000162501,-53275.94323362879,303.7411050124323
6245000,12490.000001627048,-52905.22823257421,299.5411446425429
6250000,12500.000001629085,-53325.798659309046,299.43269584269495
6255000,12510.000001631122,-53333.1015223008,300.3647878031775
6260000,12520.00000163316,-53159.743999863334,303.46506145999746
6265000,12530.000001635197,-52997.31685940194,294.26584274672604
6270000,12540.000001637234,-52632.071129795135,292.37338217148806
6275000,12550.000001639271,-52830.57650025346,304.8612235770864
6280000,12560.000001641309,-53221.432273172424,294.95374470180116
6285000,12570.000001643346,-52987.38268818648,295.251806507887
6290000,12580.000001645383,-53177.23420485476,297.79254724334425
6295000,12590.00000164742,-52949.33491043892,297.6303127018686
6300000,12600.000001649458,-53063.04398531458,294.4384730284668
6305000,12610.000001651495,-53204.37124505491,310.06487104563706
6310000,12620.000001653532,-53366.2710393196,290.97126269743245
6315000,12630.00000165557,-53147.44973698302,299.70376717768113
6320000,12640.000001657607,-53018.06786856166,296.41981661508055
6325000,12650.000001659644,-53407.0849355495,290.36052934573155
6330000,12660.000001661681,-53099.746192736784,301.71975954569797
6335000,12670.000001663719,-52896.750584286754,295.60548527250296
6340000,12680.000001665756,-53077.57883590832,296.6305556374382
6345000,12690.000001667793,-52770.89352567488,295.9893227091611
6350000,12700.00000166983,-52917.365412263054,302.74180684860426
6355000,12710.000001671868,-53380.78832334123,291.4221119433755
6360000,12720.000001673905,-52720.02643810079,296.8064173381806
6365000,12730.000001675942,-52977.8246934464,297.5740135728181
6370000,12740.00000167798,-53140.754934785975,301.11288601626154
6375000,12750.000001680017,-53207.3029588887,299.1983430226454
6380000,12760.000001682054,-53186.20805217858,296.35235233013844
6385000,12770.000001684091,-53113.84102608048,302.9707097326683
6390000,12780.000001686129,-53418.20345515318,294.0076283198037
6395000,12790.000001688166,-52872.483736614115,299.88259785057505
6400000,12800.000001690203,-53042.75232076651,300.2534648987541
6405000,12810.00000169224,-53118.82248143491,291.6824784678602
6410000,12820.000001694278,-52851.93590458634,295.4137900972451
6415000,12830.000001696315,-53152.4556796425,296.21502667313536
6420000,12840.000001698352,-53252.25500725352,308.0493060989267
6425000,12850.00000170039,-53253.59949585519,297.44936059674126
6430000,12860.000001702427,-52965.97390395193,297.0336000025447
6435000,12870.000001704464,-53120.185114203865,294.41982947935577
6440000,12880.000001706501,-53175.43189808444,299.3186739554535
6445000,12890.000001708539,-52968.84041620704,294.8113463473264
6450000,12900.000001710576,-52834.42544676861,300.8549885585829
6455000,12910.000001712613,-52750.4985875547,291.26127921348325
6460000,12920.00000171465,-53070.64234665409,302.87921138499183
6465000,12930.000001716688,-52826.421390907344,299.0238834095526
6470000,12940.000001718725,-53268.890258454165,296.9384881993924
6475000,12950.000001720762,-52994.00727702401,298.2687472042549
6480000,12960.0000017228,-52984.52800005715,304.08350623576
6485000,12970.000001724837,-52903.83340445752,298.3448086146461
6490000,12980.000001726874,-53375.55994378106,298.2886050194159
6495000,12990.000001728911,-53321.48520730797,304.01067154224785
6500000,13000.000001730948,-53066.55521685007,298.76851564586536
6505000,13010.000001732986,-53177.698236461816,301.4999328343036
6510000,13020.000001735023,-53124.637578019756,303.21999061779593
6515000,13030.00000173706,-52730.95353826039,304.2228740749262
6520000,13040.000001739098,-52804.91085513815,291.87189106268056
6525000,13050.000001741135,-53069.447847845324,298.1934293225913
6530000,13060.000001743172,-53126.45798143075,296.0449753973382
6535000,13070.00000174521,-52925.48907990154,297.6524055912546
6540000,13080.000001747247,-52849.38519606195,297.0669999283779
6545000,13090.000001749284,-52984.00037729877,297.40319837979666
6550000,13100.000001751321,-52823.068779908994,294.9514739511503
6555000,13110.000001753358,-53035.242248840455,295.3722204886072
6560000,13120.000001755396,-53245.43672457582,311.11380104921074
6565000,13130.000001757433,-53116.25745435292,297.68567106927765
6570000,13140.00000175947,-53144.56929883215,297.99585530997746
6575000,13150.000001761508,-53545.91137549354,292.8219234742593
6580000,13160.000001763545,-53483.21989559557,297.2539828759449
6585000,13170.000001765582,-52965.101408361224,304.61112482168636
6590000,13180.00000176762,-53503.38048284728,302.88204316828
6595000,13190.000001769657,-53182.2749835024,302.18121140823354
6600000,13200.000001771694,-52790.84963816969,298.23668363872633
6605000,13210.000001773731,-53012.008953776036,301.8858057364964
6610000,13220.000001775768,-52567.620500862366,291.9659252957994
6615000,13230.000001777806,-53159.55879017693,302.1484918641804
6620000,13240.000001779843,-53379.489567455894,305.0589717248067
6625000,13250.00000178188,-53083.533675855375,289.1073471166949
6630000,13260.000001783917,-53184.35814141415,299.86203378820807
6635000,13270.000001785955,-53539.339580771135,305.37339154101664
6640000,13280.000001787992,-53148.95785545139,300.30568904645764
6645000,13290.00000179003,-53084.386860198545,296.1019767007038
6650000,13300.000001792067,-53180.397934361885,299.65609261135955
6655000,13310.000001794104,-53383.14077973709,294.1564924196838
6660000,13320.000001796141,-52870.118966495094,301.22013280248825
6665000,13330.000001798178,-53061.43110283246,299.91065010939
6670000,13340.000001800216,-52974.19198373053,294.0292453951475
6675000,13350.000001802253,-52723.92099736311,301.0628937987572
6680000,13360.00000180429,-53271.35012147619,297.0221961126936
6685000,13370.000001806327,-52735.94263952627,293.6028922824287
6690000,13380.000001808365,-53247.4120656655,304.80048026335265
6695000,13390.000001810402,-52657.760164453386,299.2433429408345
6700000,13400.00000181244,-52898.896997952834,298.6975320653939
6705000,13410.000001814476,-53041.51284366372,299.0544174054687
6710000,13420.000001816514,-52793.7727950518,293.5910353849215
6715000,13430.000001818551,-52864.74409418335,296.27106394675405
6720000,13440.000001820588,-52886.15856103515,300.1863631455883
6725000,13450.000001822626,-52834.90806013587,300.01637594374904
6730000,13460.000001824663,-53208.80088148257,298.3349200262576
6735000,13470.0000018267,-52881.44157832069,299.020605497835
6740000,13480.000001828737,-53030.53349422975,303.5212579756365
6745000,13490.000001830775,-53160.02257868726,299.32019698272296
6750000,13500.000001832812,-53312.33823787907,290.36982995432743
6755000,13510.00000183485,-53182.893406306364,303.6753328068417
6760000,13520.000001836886,-52969.02992294042,300.0024611270014
6765000,13530.000001838924,-53328.66329503924,300.20220662140486
6770000,13540.000001840961,-52919.19661909799,290.1764282438956
6775000,13550.000001842998,-52977.49309769363,306.6343480927011
6780000,13560.000001845036,-52976.63550174274,303.10949605610324
6785000,13570.000001847073,-53252.66501536331,298.1736911667674
6790000,13580.00000184911,-52730.66219808327,303.0314376258134
6795000,13590.000001851147,-53044.37319829961,300.70254536064385
6800000,13600.000001853185,-53054.38838415785,298.5935674228833
6805000,13610.000001855222,-53045.222922500136,298.1774988378837
6810000,13620.00000185726,-53160.29573516024,298.23248791579806
6815000,13630.000001859296,-53426.50240689132,293.31497619825774
6820000,13640.000001861334,-52797.778658799856,302.91598354939356
6825000,13650.000001863371,-53449.076733812515,294.1475731337369
6830000,13660.000001865408,-52990.62536265227,297.71036672516834
6835000,13670.000001867445,-53119.25103736963,295.43927194448975
6840000,13680.000001869483,-52816.16905952996,296.73181373974825
6845000,13690.00000187152,-52750.165006741765,304.7695619022177
6850000,13700.000001873557,-53264.87365123996,296.5631345611175
6855000,13710.000001875595,-53004.52184169149,295.84950138101874
6860000,13720.000001877632,-53210.615802399174,298.3793195235255
6865000,13730.000001879669,-53272.08733217008,298.3985192035325
6870000,13740.000001881706,-52717.645456445025,304.83566630967357
6875000,13750.000001883744,-52958.6639048871,294.00712516700764
6880000,13760.00000188578,-53348.256351368764,297.1221146225578
6885000,13770.000001887818,-53100.16597555022,296.9975932899454
6890000,13780.000001889855,-53434.564320378035,290.15080667356534
6895000,13790.000001891893,-53451.22451395739,297.37134359252735
6900000,13800.00000189393,-52975.37192458831,291.1849378696833
6905000,13810.000001895967,-52940.886448787496,297.43318395914747
6910000,13820.000001898004,-52944.83572394875,299.6686541528703
6915000,13830.000001900042,-53171.58740753762,297.1007185217965
6920000,13840.000001902079,-53278.616860753886,304.5383740914603
6925000,13850.000001904116,-53059.17106859354,305.15913881806387
6930000,13860.000001906154,-52920.43848380234,295.15874957906266
6935000,13870.00000190819,-53409.174635044794,305.6089901300617
6940000,13880.000001910228,-53226.11276047715,292.7304663713074
6945000,13890.000001912265,-53189.0218366051,297.1336818641593
6950000,13900.000001914303,-52987.85221689273,302.47884198535127
6955000,13910.00000191634,-53199.30355809879,304.496561871158
6960000,13920.000001918377,-52632.77153326379,309.7839045644311
6965000,13930.000001920414,-52925.45396518288,307.6086408530603
6970000,13940.000001922452,-52997.20790523288,295.793520908785
6975000,13950.000001924489,-53383.364138190664,297.6112289002402
6980000,13960.000001926526,-52918.13133247191,291.2446303862597
6985000,13970.000001928564,-53168.56575365676,295.3764950010352
6990000,13980.0000019306,-52622.59913662038,303.98477785975996
6995000,13990.000001932638,-53489.54587809293,302.0809563301038
7000000,14000.000001934675,-52456.01572747671,292.74090249529445
7005000,14010.000001936713,-53275.474530534615,297.8056634539566
7010000,14020.00000193875,-52814.63050770288,300.4306416424942
7015000,14030.000001940787,-52952.86314843001,301.8282762217118
7020000,14040.000001942824,-52836.58966777127,298.7346440812553
7025000,14050.000001944862,-52992.75075565683,291.6533754699201
7030000,14060.000001946899,-52859.668116823595,295.418332166414
7035000,14070.000001948936,-53565.881177894684,292.42833613123224
7040000,14080.000001950973,-53405.12312802326,302.0396234800221
7045000,14090.00000195301,-52999.25581857507,295.23003881450705
7050000,14100.000001955048,-53089.58389939545,291.32326272048124
7055000,14110.000001957085,-53100.91190120275,293.7801826253788
7060000,14120.000001959123,-52867.28275600489,292.4981524371166
7065000,14130.00000196116,-53159.634561507526,301.29071935366795
7070000,14140.000001963197,-52898.32558802841,294.36213655167853
7075000,14150.000001965234,-53183.151283508225,302.60279489392144
7080000,14160.000001967272,-53293.21893405623,296.7439281017168
7085000,14170.000001969309,-52797.40921761544,295.1197853799887
7090000,14180.000001971346,-53606.830791885586,289.7273567174685
7095000,14190.000001973383,-53080.84044583014,298.66115369035833
7100000,14200.00000197542,-53349.639962928224,301.3228796753211
7105000,14210.000001977458,-53125.33104832328,303.5630076018563
7110000,14220.000001979495,-52992.34606030313,295.3656093543565
7115000,14230.000001981532,-52812.22719030807,305.6863951114338
7120000,14240.00000198357,-53080.23565839257,296.1624538039208
7125000,14250.000001985607,-52935.15432550476,306.5163263266021
7130000,14260.000001987644,-53372.91404143124,309.29813570003245
7135000,14270.000001989682,-53073.451626627124,290.9312967622121
7140000,14280.000001991719,-53221.08638706125,286.7915406946331
7145000,14290.000001993756,-53244.133841872565,300.84579191480697
7150000,14300.000001995793,-52987.79678589266,303.87132630002066
7155000,14310.00000199783,-52951.31982444905,301.48336937831436
7160000,14320.000001999868,-52733.53936405215,312.58725748809576
7165000,14330.000002001905,-52971.51961506071,299.7300126644571
7170000,14340.000002003942,-52945.50212999672,289.919433564869
7175000,14350.00000200598,-53620.46401840189,295.0923790733467
7180000,14360.000002008017,-53053.75893560823,296.8897987928041
7185000,14370.000002010054,-53361.45368621478,299.79979112626944
7190000,14380.000002012091,-53141.60972177965,298.92197821762505
7195000,14390.000002014129,-53398.1950228418,293.52519045272817
7200000,14400.000002016166,-53368.29303602796,297.96151052796984
7205000,14410.000002018203,-52855.79765343989,300.09317528061956
7210000,14420.00000202024,-53424.39204407958,295.02884346343734
7215000,14430.000002022278,-53053.81920649481,301.0622714378679
7220000,14440.000002024315,-52944.523915713304,288.2780367494881
7225000,14450.000002026352,-53063.35624028643,298.5325380587587
7230000,14460.00000202839,-52921.53944461525,292.6909865165071
7235000,14470.000002030427,-52893.1447056804,289.7014062316818
7240000,14480.000002032464,-53074.691794952785,296.06249481165776
7245000,14490.000002034501,-52781.70804573328,297.35821218167985
7250000,14500.000002036539,-52973.141692482575,300.70311418322177
7255000,14510.000002038576,-53069.05624993416,306.5493329073287
7260000,14520.000002040613,-53046.4125225069,298.37292986516513
7265000,14530.00000204265,-53292.19587398399,296.05504908404174
7270000,14540.000002044688,-53011.61958287409,300.9245849007084
7275000,14550.000002046725,-53355.38461886271,299.80741137455374
7280000,14560.000002048762,-52878.33686955221,293.84892712443735
7285000,14570.0000020508,-52903.963931827864,302.57118880631606
7290000,14580.000002052837,-53254.28931071202,294.60252084422734
7295000,14590.000002054874,-53192.587553575926,302.52379738742707
7300000,14600.000002056911,-53034.43031522597,300.8996971792933
7305000,14610.000002058949,-52807.964781401824,298.77355751409067
7310000,14620.000002060986,-53039.990293424635,295.28071668452105
7315000,14630.000002063023,-52397.471199043706,298.55395416138185
7320000,14640.00000206506,-52904.502617882565,308.4260109899034
7325000,14650.000002067098,-53037.099598608824,292.04083662423676
7330000,14660.000002069135,-52804.1064974973,309.92058127307496
7335000,14670.000002071172,-53044.61952122627,287.33605815341093
7340000,14680.00000207321,-53074.971115232765,292.46158770341304
7345000,14690.000002075247,-52881.63330265478,295.0751995518698
7350000,14700.000002077284,-52908.102211651625,290.7399111755752
7355000,14710.000002079321,-53034.69676743861,302.93896845696236
7360000,14720.000002081359,-52912.321464805544,297.26194154550313
7365000,14730.000002083396,-53602.638001720596,294.69875411150707
7370000,14740.000002085433,-52825.23810225763,296.48963718861444
7375000,14750.00000208747,-53021.33387414363,299.4000691621372
7380000,14760.000002089508,-52910.789053305285,304.6303516609726
7385000,14770.000002091545,-53204.15957136109,303.8535228269638
7390000,14780.000002093582,-52996.63604917811,307.143134960631
7395000,14790.00000209562,-52981.70663033001,311.15103258297967
7400000,14800.000002097657,-53328.835076281975,301.4604000854735
7405000,14810.000002099694,-52841.35617106306,303.5736363648554
7410000,14820.000002101731,-52802.96911023522,299.610203519341
7415000,14830.000002103769,-53558.27285083535,297.79473637280967
7420000,14840.000002105806,-53131.648307166266,302.1108458707516
7425000,14850.000002107843,-52692.525101719686,296.766494747902
7430000,14860.00000210988,-52988.910045801545,292.3326361015621
7435000,14870.000002111918,-53285.737069355586,310.0885129891148
7440000,14880.000002113955,-53310.81095538495,303.82890271768775
7445000,14890.000002115992,-52935.51312084886,303.75286978560763
7450000,14900.00000211803,-52994.93452412114,303.175025346894
7455000,14910.000002120067,-52926.59002436561,298.3099507238103
7460000,14920.000002122104,-53117.415244570875,298.45816812299233
7465000,14930.000002124141,-52722.17430615402,303.27921567919617
7470000,14940.000002126179,-53530.349158527184,299.38246157663735
7475000,14950.000002128216,-52958.32891474146,298.5523987384441
7480000,14960.000002130253,-52964.787931232946,296.5021631388912
7485000,14970.00000213229,-52477.94673335928,298.0409886808982
7490000,14980.000002134328,-52712.40791081748,303.3023015858051
7495000,14990.000002136365,-53224.392529977544,302.83013858284954
7500000,15000.000002138402,-52851.447514839325,304.831670447179
7505000,15010.00000214044,-53261.81247193707,301.44096796539
7510000,15020.000002142477,-53108.21001670556,294.89130295751687
7515000,15030.000002144514,-52972.65452479682,301.85322530802136
7520000,15040.000002146551,-53663.514645212825,287.2082024693423
7525000,15050.000002148588,-53196.472840990406,297.51929433941933
7530000,15060.000002150626,-52967.968897795945,299.9138966035715
7535000,15070.000002152663,-53571.306963609066,299.8759235773693
7540000,15080.0000021547,-53374.813700386294,296.0413007231244
7545000,15090.000002156738,-53183.484147392825,306.5586584383669
7550000,15100.000002158775,-53171.46547406132,290.97381906579574
7555000,15110.000002160812,-52853.87892774155,301.3763114486812
7560000,15120.00000216285,-52935.76779307268,304.7364196881172
7565000,15130.000002164887,-52929.539506287896,298.18966657983583
7570000,15140.000002166924,-52875.6297360585,295.87747740705095
7575000,15150.000002168961,-53052.8689687897,299.5839995516661
7580000,15160.000002170998,-52986.349971557414,297.0754725186215
7585000,15170.000002173036,-52631.89613799256,295.43328146641255
7590000,15180.000002175073,-53055.980026664765,300.46953808498847
7595000,15190.00000217711,-53349.247894609725,303.43757607899255
7600000,15200.000002179147,-53192.597635954095,291.41869843738135
7605000,15210.000002181185,-53207.53983159544,298.0179532480554
7610000,15220.000002183222,-52998.849046266,299.0728374902652
7615000,15230.00000218526,-52992.48592135377,295.64027193561327
7620000,15240.000002187297,-53233.76832950229,297.14548163801084
7625000,15250.000002189334,-52835.35954135939,296.41730312397834
7630000,15260.000002191371,-53014.4124497686,304.9366236843156
7635000,15270.000002193408,-53205.80230706802,288.49195000317627
7640000,15280.000002195446,-52905.60721473029,298.8496147762728
7645000,15290.000002197483,-53117.433515273966,301.3728276484738
7650000,15300.00000219952,-52875.54992947247,293.71274983228994
7655000,15310.000002201557,-52960.31456684176,294.16900732076743
7660000,15320.000002203595,-52877.96144369125,294.4988825899848
7665000,15330.000002205632,-53093.33966415108,299.1982533728302
7670000,15340.00000220767,-53036.47797524606,297.0681253829196
7675000,15350.000002209707,-52898.67841254582,298.6675412870644
7680000,15360.000002211744,-52890.744966076396,298.34557197523526
7685000,15370.000002213781,-53252.88266178823,291.313430905785
7690000,15380.000002215818,-53173.806685675634,304.6481427085263
7695000,15390.000002217856,-53102.8716725501,298.04911064494195
7700000,15400.000002219893,-53111.25225953691,298.3916019056348
7705000,15410.00000222193,-53044.02596281961,299.6949365487601
7710000,15420.000002223967,-53300.75119896777,295.2853311371098
7715000,15430.000002226005,-53102.90670394807,298.86988261236945
7720000,15440.000002228042,-53078.93822910206,301.11859466332083
7725000,15450.00000223008,-53481.62481234188,302.9801461793645
7730000,15460.000002232116,-53367.35040011525,292.90676146618426
7735000,15470.000002234154,-53084.033435036865,305.3947913121949
7740000,15480.000002236191,-53380.99400281825,298.5938126165706
7745000,15490.000002238228,-52965.34522989782,301.8440424176544
7750000,15500.000002240266,-53276.89951049295,305.3999910621487
7755000,15510.000002242303,-53018.70046737522,301.72506797977974
7760000,15520.00000224434,-52822.62457147511,300.5858255126993
7765000,15530.000002246377,-52780.05819822627,304.28609578128646
7770000,15540.000002248415,-52531.00593807193,298.1295088261635
7775000,15550.000002250452,-52783.33308885689,296.8097513107456
7780000,15560.00000225249,-53062.01168824363,298.0615886110193
7785000,15570.000002254526,-53068.14528967376,299.92777159178786
7790000,15580.000002256564,-52854.50953129097,297.3187386396519
7795000,15590.000002258601,-53181.67029595908,301.6888145355653
7800000,15600.000002260638,-52583.965651700855,292.8124390013907
7805000,15610.000002262675,-52692.18617573494,299.56828178427355
7810000,15620.000002264713,-53045.44307878695,291.94242043557756
7815000,15630.00000226675,-53139.815278581314,300.21574419080434
7820000,15640.000002268787,-52896.439094860194,293.00142613553317
7825000,15650.000002270825,-53185.44255753784,292.44584170673755
7830000,15660.000002272862,-52947.36071501227,303.71340636398133
7835000,15670.000002274899,-52863.773751585744,304.86435784303467
7840000,15680.000002276936,-52871.77705040618,296.1456400784324
7845000,15690.000002278974,-52964.58168037128,301.0980619310321
7850000,15700.00000228101,-53437.09660526767,296.4657444234566
7855000,15710.000002283048,-53258.23106249297,294.37846437690143
7860000,15720.000002285085,-52485.96846704284,302.80730663330684
7865000,15730.000002287123,-53080.144092748524,293.7775338072526
7870000,15740.00000228916,-52984.49981840691,300.40404809254835
7875000,15750.000002291197,-52920.917473712005,295.92556366252586
7880000,15760.000002293235,-52915.49943400337,303.7199822296297
7885000,15770.000002295272,-52924.906812706584,296.4324643031172
7890000,15780.000002297309,-53217.42141305466,298.7294535445616
7895000,15790.000002299346,-53697.78797763056,295.38514423628254
7900000,15800.000002301384,-52891.074380630394,305.1834492662562
7905000,15810.00000230342,-52503.19472734645,292.2591391823959
7910000,15820.000002305458,-52460.97238756798,295.9339684000477
7915000,15830.000002307495,-52643.309850130725,297.6850376078318
7920000,15840.000002309533,-52962.405056475865,295.03603094573555
7925000,15850.00000231157,-52960.03221050557,302.42847473055804
7930000,15860.000002313607,-53020.5692300169,294.3934939666598
7935000,15870.000002315644,-53165.356837004976,303.16201924943636
7940000,15880.000002317682,-52756.714635667624,299.92823114440046
7945000,15890.000002319719,-53040.22369699547,295.67812275836343
7950000,15900.000002321756,-52990.752514756576,296.27426210275416
7955000,15910.000002323794,-53141.581626231986,295.5960266200164
7960000,15920.00000232583,-52800.01622580597,295.37303967484024
7965000,15930.000002327868,-53033.842482847656,294.91735952565864
7970000,15940.000002329905,-53140.00067949365,294.8230686063756
7975000,15950.000002331943,-52672.223866293905,293.71410217658513
7980000,15960.00000233398,-52729.926936174365,291.70767569378853
7985000,15970.000002336017,-53122.57572143414,299.50621019139766
7990000,15980.000002338054,-52886.56882778657,298.11683875164016
7995000,15990.000002340092,-53069.78015020295,299.4141986435277
8000000,16000.000002342129,-52918.3709447711,290.4238089550203
8005000,16010.000002344166,-52939.86667183897,298.4205533216123
8010000,16020.000002346203,-52719.55334994977,298.04152658254486
8015000,16030.00000234824,-53203.246359430894,295.53919129866136
8020000,16040.000002350278,-52805.562325383624,300.64955041407956
8025000,16050.000002352315,-53176.195330481656,300.323530251022
8030000,16060.000002354353,-52814.52448704076,294.4792286302162
8035000,16070.00000235639,-53170.31276461031,297.5453084974718
8040000,16080.000002358427,-53209.71168794372,300.56046576019526
8045000,16090.000002360464,-52942.033643940056,308.90239785617985
8050000,16100.000002362502,-53085.54397025169,291.9118850365038
8055000,16110.000002364539,-52783.40157281075,300.5658592776187
8060000,16120.000002366576,-53033.76136402908,298.2852091775354
8065000,16130.000002368613,-52960.8232420038,296.8734076596337
8070000,16140.00000237065,-53291.43338335279,291.5567796213109
8075000,16150.000002372688,-53427.764007621736,302.8198811150054
8080000,16160.000002374725,-52738.10975374057,302.96040789260485
8085000,16170.000002376762,-53018.021929176524,296.2460706475786
8090000,16180.0000023788,-53282.58020340244,296.9199862979645
8095000,16190.000002380837,-52962.01118603523,298.722265476022
8100000,16200.000002382874,-52932.62853275187,302.2296254737033
8105000,16210.000002384912,-53097.20301287118,302.44179418386926
8110000,16220.000002386949,-53148.911171677115,304.1118858378138
8115000,16230.000002388986,-53082.09123615481,293.9002511250038
8120000,16240.000002391023,-52445.1051136,304.7928423354758
8125000,16250.00000239306,-53218.0411992798,302.1595467512997
8130000,16260.000002395098,-53273.905417480215,295.38407513186644
8135000,16270.000002397135,-53226.824815043656,292.15255265717815
8140000,16280.000002399172,-53177.00298822575,291.46112706938374
8145000,16290.00000240121,-53273.73616834989,298.83038084873016
8150000,16300.000002403247,-53170.17867480626,301.3245767909169
8155000,16310.000002405284,-53318.79597153762,290.5591185742399
8160000,16320.000002407322,-53057.541331260494,301.4207106752765
8165000,16330.000002409359,-53044.01665073633,302.6968173244988
8170000,16340.000002411396,-53267.50984245207,294.8157702647513
8175000,16350.000002413433,-53065.09410839321,298.4081879599303
8180000,16360.00000241547,-53290.66637977914,294.414640137832
8185000,16370.000002417508,-53054.98844980888,297.70808868607475
8190000,16380.000002419545,-52974.349338894826,303.32411910581726
8195000,16390.00000242158,-53395.546288756654,306.9930532054982
8200000,16400.000002423618,-53121.53013295334,295.91864666787177
8205000,16410.000002425655,-52775.60364734143,300.3667857020421
8210000,16420.000002427692,-53148.79264443449,296.4963949849428
8215000,16430.00000242973,-53011.1062702449,297.6447013302173
8220000,16440.000002431767,-53029.957300735114,299.592752705636
8225000,16450.000002433804,-52946.57693273513,295.738164728094
8230000,16460.00000243584,-53013.7008306591,293.4819163479255
8235000,16470.00000243788,-52722.19050830649,299.6402688576616
8240000,16480.000002439916,-53172.42082987062,294.8830463277306
8245000,16490.000002441953,-53368.958512937854,290.62953395355623
8250000,16500.00000244399,-52812.414189865056,301.90945146946547
8255000,16510.000002446028,-53250.11036070631,296.9609367748766
8260000,16520.000002448065,-53003.700301245524,298.58891814263677
8265000,16530.000002450102,-53375.5564350762,297.59785439008084
8270000,16540.00000245214,-52861.909025338915,303.3767479877429
8275000,16550.000002454177,-52837.069156817975,303.4159692658029
8280000,16560.000002456214,-53062.45018284893,298.608590999463
8285000,16570.00000245825,-52903.29545052914,298.8915058725926
8290000,16580.00000246029,-53254.94259060483,300.3906571017883
8295000,16590.000002462326,-52982.23284522875,296.4153676521321
8300000,16600.000002464363,-53150.19919702943,291.01081942374435
8305000,16610.0000024664,-53158.08307451985,302.0571523159766
8310000,16620.000002468438,-53447.49342212762,296.4753140374489
8315000,16630.000002470475,-52974.193408836785,299.1138430686645
8320000,16640.000002472512,-52614.377818443085,297.31327905403646
8325000,16650.00000247455,-53149.62018192228,298.7921674102178
8330000,16660.000002476587,-53797.14546123572,300.12391241856494
8335000,16670.000002478624,-52894.845507411985,301.32124328295487
8340000,16680.00000248066,-53247.072071243485,298.59466720329425
8345000,16690.0000024827,-52980.26946813901,289.9658407700921
8350000,16700.000002484736,-53231.79206203832,306.31059127788126
8355000,16710.000002486773,-53159.77957836841,305.57740784711564
8360000,16720.00000248881,-53012.06130413088,299.0798336933945
8365000,16730.000002490848,-53367.976096063125,302.7661659060128
8370000,16740.000002492885,-53046.051350618334,301.93250136563404
8375000,16750.000002494922,-53476.23317386498,289.71176201190355
8380000,16760.00000249696,-53016.2954111906,298.1775395364332
8385000,16770.000002498997,-53202.89155639775,289.67701819249595
8390000,16780.000002501034,-53127.50811013818,303.8381326785999
8395000,16790.00000250307,-52975.44119222334,289.96464256200966
8400000,16800.00000250511,-53051.01076453409,296.54040385343546
8405000,16810.000002507146,-53222.6183118645,297.96415066999305
8410000,16820.000002509183,-53298.517517383414,296.58958646944734
8415000,16830.00000251122,-53315.87754842793,299.6747437975262
8420000,16840.000002513258,-52854.33105310734,298.0212344669457
8425000,16850.000002515295,-52903.505699615605,294.4095584733774
8430000,16860.000002517332,-53468.144062677544,301.80386467564824
8435000,16870.00000251937,-53304.710442713316,295.15990191481944
8440000,16880.000002521407,-53315.28802492324,294.2025965948526
8445000,16890.000002523444,-53142.326722657686,298.3867612321818
8450000,16900.00000252548,-52847.38658555676,293.92664843569077
8455000,16910.00000252752,-53376.83445568828,294.563328582883
8460000,16920.000002529556,-52646.80889970987,298.79580613743036
8465000,16930.000002531593,-53306.28706353015,297.7717549162733
8470000,16940.00000253363,-52802.19285704626,297.27727095160856
8475000,16950.000002535668,-52971.78305138668,297.5895813972516
8480000,16960.000002537705,-52974.298353711376,302.72998127441156
8485000,16970.000002539742,-52985.475940536126,292.5877567678158
8490000,16980.00000254178,-53216.08718751703,303.25313396391977
8495000,16990.000002543817,-52985.36749774404,305.2180202525928
8500000,17000.000002545854,-52774.306345205376,297.23989602286247
8505000,17010.00000254789,-53266.77549926948,289.57575270054065
8510000,17020.00000254993,-53209.419014249754,297.4527787062255
8515000,17030.000002551966,-52957.24675094709,291.9460922784956
8520000,17040.000002554003,-53117.17693379865,298.01108708782095
8525000,17050.00000255604,-52947.16319568825,300.7925763125981
8530000,17060.000002558078,-53163.791022147256,288.7315969451995
8535000,17070.000002560115,-53217.997247178166,298.35668798405135
8540000,17080.000002562152,-53105.78364813098,298.4687195847981
8545000,17090.00000256419,-53033.514267054765,294.35656911218916
8550000,17100.000002566227,-52968.162726752256,304.0379842927465
8555000,17110.000002568264,-53036.96253015727,291.1157464678227
8560000,17120.0000025703,-53215.12778442298,303.9088232382356
8565000,17130.00000257234,-52739.56791730743,292.982842261206
8570000,17140.000002574376,-53100.439149840066,296.42166454887536
8575000,17150.000002576413,-53223.1127438994,295.6762944055545
8580000,17160.00000257845,-53082.847706780274,300.78732237384975
8585000,17170.000002580487,-52937.031317474495,294.47446894746076
8590000,17180.000002582525,-52967.48847566446,294.7647013628722
8595000,17190.000002584562,-53123.12635388921,305.4549473052947
8600000,17200.0000025866,-52870.960258626845,296.2767663070516
8605000,17210.000002588637,-52860.83015381539,295.75327133954295
8610000,17220.000002590674,-52908.87171255029,299.56934680208724
8615000,17230.00000259271,-52954.55885748827,295.1456832402373
8620000,17240.00000259475,-53146.0222343675,299.24045630083435
8625000,17250.000002596786,-53080.764564751385,300.70528021302687
8630000,17260.000002598823,-53063.49274685909,294.2308676421175
8635000,17270.00000260086,-53003.928517466615,298.486848609419
8640000,17280.000002602897,-52704.29908197635,295.46455544548354
8645000,17290.000002604935,-53047.29415587694,305.04443698572146
8650000,17300.000002606972,-53086.193802807975,303.4459296900689
8655000,17310.00000260901,-53252.152320341294,294.817511575435
8660000,17320.000002611047,-53272.49481292468,303.50005657361896
8665000,17330.000002613084,-53346.979047391884,294.1102400985875
8670000,17340.00000261512,-52884.77439129591,300.54479912295824
8675000,17350.00000261716,-53200.56479501893,298.0067160778946
8680000,17360.000002619196,-52744.549258859246,299.37978819217375
8685000,17370.000002621233,-53121.50682473424,295.4611130300283
8690000,17380.00000262327,-53080.90903213035,307.20487569562636
8695000,17390.000002625307,-53359.87674955401,298.60626230034643
8700000,17400.000002627345,-53409.87676195914,298.0502142405582
8705000,17410.000002629382,-53540.29146673239,300.62034340765723
8710000,17420.00000263142,-52699.434925381036,303.96721871274025
8715000,17430.000002633456,-52893.72060583159,305.3430256789361
8720000,17440.000002635494,-52999.452913096204,299.98662198611873
8725000,17450.00000263753,-52928.39937982301,296.3069302959769
8730000,17460.00000263957,-52979.33399832976,291.03390435778596
8735000,17470.000002641606,-53020.6921135101,292.100473558011
8740000,17480.000002643643,-52894.2982793627,297.14191642120886
8745000,17490.00000264568,-53180.810343812365,290.61298125358644
8750000,17500.000002647717,-53531.053382620565,295.2051323533593
8755000,17510.000002649755,-53058.86515534087,298.7905737669796
8760000,17520.000002651792,-53092.39636329404,300.1741816415298
8765000,17530.00000265383,-52921.76889744241,302.0501040318907
8770000,17540.000002655866,-53026.97736420107,298.6796000067045
8775000,17550.000002657904,-52936.808047067025,300.74850559091914
8780000,17560.00000265994,-53400.719755598635,294.8587420442189
8785000,17570.00000266198,-52924.67041654102,297.29551174917583
8790000,17580.000002664015,-53236.94336094867,292.3277012261089
8795000,17590.000002666053,-52984.59356559362,294.5095819808548
8800000,17600.00000266809,-52838.914277395,300.42934502411094
8805000,17610.000002670127,-52974.2081384192,298.161246465663
8810000,17620.000002672165,-52853.13652625188,299.88758705472185
8815000,17630.000002674202,-52924.83785354672,294.49620464737984
8820000,17640.00000267624,-53447.553475832945,294.9233688649591
8825000,17650.000002678276,-52978.25555143852,296.35203698713167
8830000,17660.000002680314,-53256.6852104266,298.3452017351111
8835000,17670.00000268235,-53097.27901202865,298.1535231306631
8840000,17680.000002684388,-53318.71185323724,294.7988302866428
8845000,17690.000002686425,-53313.4320799323,293.8414874701413
8850000,17700.000002688463,-53083.73011882804,295.81948728132494
8855000,17710.0000026905,-53264.36266881629,294.7165561435046
8860000,17720.000002692537,-53176.82584273245,302.50286989049505
8865000,17730.000002694575,-53437.8256729049,299.34397332731777
8870000,17740.00000269661,-52933.71889648342,291.94350537883224
8875000,17750.00000269865,-52968.82606850861,305.0323229794073
8880000,17760.000002700686,-53151.72850157571,298.42300358451064
8885000,17770.000002702724,-53118.24513423286,292.4047754695469
8890000,17780.00000270476,-52970.22542147245,294.9544296971473
8895000,17790.000002706798,-53034.914936661895,297.4046626230837
8900000,17800.000002708835,-53033.67369434456,304.09381378860877
8905000,17810.000002710873,-53082.131321442575,300.80579335598054
8910000,17820.00000271291,-53252.476711934694,306.6283301718252
8915000,17830.000002714947,-53017.31281002221,307.5611513679246
8920000,17840.000002716984,-53281.17037808083,299.3368939268925
8925000,17850.00000271902,-52760.29458259657,308.21661731900053
8930000,17860.00000272106,-53068.362536581844,298.586422638241
8935000,17870.000002723096,-53254.98038802401,298.83177491581415
8940000,17880.000002725134,-53146.2367889875,297.84278878561884
8945000,17890.00000272717,-53378.46716061965,302.2560815290334
8950000,17900.000002729208,-53025.94884997947,297.6201455911294
8955000,17910.000002731245,-53225.92418223785,296.3742620601713
8960000,17920.000002733283,-53187.43431222052,302.5411712621038
8965000,17930.00000273532,-53055.935983824165,293.4929944251441
8970000,17940.000002737357,-52854.22724298402,293.433950348105
8975000,17950.000002739394,-53072.91717337511,295.941428906398
8980000,17960.00000274143,-53233.5762851389,295.4010199819837
8985000,17970.00000274347,-53404.19435481995,289.533229087533
8990000,17980.000002745506,-53041.50261862253,299.71699270237144
8995000,17990.000002747543,-52839.863584450795,299.268695834386
9000000,18000.00000274958,-52740.94079995534,300.3608080778485
9005000,18010.000002751618,-52960.685429911246,301.22788430440204
9010000,18020.000002753655,-52917.74394738066,292.8908610480587
9015000,18030.000002755693,-53357.789438291715,292.57686483153515
9020000,18040.00000275773,-52901.162288164865,303.27053702283905
9025000,18050.000002759767,-52950.68875088499,301.31901816634104
9030000,18060.000002761804,-53023.38365517752,305.395491995917
9035000,18070.00000276384,-52997.611039383744,302.1658863003289
9040000,18080.00000276588,-52970.45269060065,294.51540312861505
9045000,18090.000002767916,-52752.42925296028,303.63769877691806
9050000,18100.000002769953,-53239.72731798078,302.09417739117373
9055000,18110.00000277199,-53049.059563674295,293.3707650994469
9060000,18120.000002774028,-53109.15260969757,292.2734431535196
9065000,18130.000002776065,-53038.951508449245,300.69054236802856
9070000,18140.000002778102,-52804.071834542934,292.624660278006
9075000,18150.00000278014,-52784.15930388772,301.7232020894783
9080000,18160.000002782177,-52773.995130514784,295.8177654359488
9085000,18170.000002784214,-53144.81959903217,306.39777932308687
9090000,18180.00000278625,-53116.716170796106,301.6911948321022
9095000,18190.00000278829,-52889.34120540554,294.06589114115144
9100000,18200.000002790326,-53074.79996116742,296.93818141005477
9105000,18210.000002792363,-52818.62902730264,293.29426007608816
9110000,18220.0000027944,-52784.825743461755,295.07501063620947
9115000,18230.000002796438,-52878.619960136275,303.2211929618266
9120000,18240.000002798475,-53289.961743669206,296.9686596310542
9125000,18250.000002800512,-52711.15229489538,297.63929660982325
9130000,18260.00000280255,-53094.518957282155,300.26499835351154
9135000,18270.000002804587,-53128.642010696465,300.5519154599889
9140000,18280.000002806624,-53365.12274488236,296.589288917185
9145000,18290.00000280866,-53466.65609818621,299.4312299874719
9150000,18300.0000028107,-52794.11124847768,301.6041462679495
9155000,18310.000002812736,-53212.05444115907,294.14323404268566
9160000,18320.000002814773,-52768.72489380656,296.24465922480465
9165000,18330.00000281681,-53053.53673399298,294.8165225638016
9170000,18340.000002818848,-52968.715754964855,305.14123977157817
9175000,18350.000002820885,-53379.91331672296,296.8343804281968
9180000,18360.000002822922,-52953.44209001135,295.30921505804383
9185000,18370.00000282496,-52890.10623870528,301.69130938441964
9190000,18380.000002826997,-52978.77912162477,295.5914991337971
9195000,18390.000002829034,-53094.01179903437,296.9947644615409
9200000,18400.00000283107,-52650.537587173225,301.934841826988
9205000,18410.00000283311,-52900.3260019671,293.1634905988369
9210000,18420.000002835146,-53205.17522499408,300.631860068027
9215000,18430.000002837183,-53016.46736373776,298.31034137281347
9220000,18440.00000283922,-53000.53042131604,294.5431009102981
9225000,18450.000002841258,-53176.56125677115,299.45449065990175
9230000,18460.000002843295,-53265.853269800195,294.5159399597618
9235000,18470.000002845332,-53240.927358816756,294.4702839532837
9240000,18480.00000284737,-53076.26974615824,301.8131709066781
9245000,18490.000002849407,-52742.68490719539,295.2134808680811
9250000,18500.000002851444,-53181.527861438866,295.41133108751626
9255000,18510.00000285348,-53073.79809873656,299.74934345910987
9260000,18520.00000285552,-52924.56440025775,303.245685008396
9265000,18530.000002857556,-53440.038741408236,302.8931682223413
9270000,18540.000002859593,-53065.54103125987,301.5287969553193
9275000,18550.00000286163,-53358.81682254368,297.8220997631279
9280000,18560.000002863668,-53028.4298296911,298.05808326058667
9285000,18570.000002865705,-52619.49577684907,306.034944952958
9290000,18580.000002867742,-52881.86756127083,296.0733917549285
9295000,18590.00000286978,-53029.116224554775,301.8356627895172
9300000,18600.000002871817,-52922.07563370335,300.0266523542707
9305000,18610.000002873854,-53008.151352235145,301.77711102903436
9310000,18620.00000287589,-53086.34480261279,305.0553154106867
9315000,18630.00000287793,-53496.92183680678,303.0471566974617
9320000,18640.000002879966,-53280.88447797639,296.7979489268383
9325000,18650.000002882003,-53075.93625495132,296.159682297137
9330000,18660.00000288404,-52896.24836879855,296.9498783883616
9335000,18670.000002886078,-52983.84886118412,297.7400116800306
9340000,18680.000002888115,-53038.73929762843,301.4128310903455
9345000,18690.000002890152,-52995.7590872398,294.2298991173904
9350000,18700.00000289219,-53299.98986133252,293.03064382552134
9355000,18710.000002894227,-53090.70093288919,295.8608207120312
9360000,18720.000002896264,-53135.459877734625,297.7451797689077
9365000,18730.0000028983,-53278.9593477149,303.6813338034387
9370000,18740.00000290034,-52917.17837062149,293.4376318776749
9375000,18750.000002902376,-53278.27059401877,299.3554583442806
9380000,18760.000002904413,-52900.6003837997,297.77768500334275
9385000,18770.00000290645,-52916.39758565751,295.9260147440569
9390000,18780.000002908488,-52781.22720631404,300.8737172226104
9395000,18790.000002910525,-52793.87791388348,299.67359766123303
9400000,18800.000002912562,-53029.294016093394,297.11283708666656
9405000,18810.0000029146,-52997.30820996227,302.4201783576987
9410000,18820.000002916637,-53115.58182631366,298.20068045826423
9415000,18830.000002918674,-53025.54749998453,300.8760655331255
9420000,18840.00000292071,-52649.13015638612,302.4869058669788
9425000,18850.00000292275,-53156.69964882932,310.4012047827715
9430000,18860.000002924786,-52960.93007544201,296.9578209033038
9435000,18870.000002926823,-52867.023824391596,300.3585147595598
9440000,18880.00000292886,-53377.82286049059,302.22174680941447
9445000,18890.000002930898,-52878.78785208281,296.79660370760286
9450000,18900.000002932935,-53116.37006594194,302.1263450292398
9455000,18910.000002934972,-52575.223184570496,295.2854526734146
9460000,18920.00000293701,-53184.07253740358,297.05301808288453
9465000,18930.000002939047,-52972.68523340637,304.75745574839766
9470000,18940.000002941084,-53217.254580533336,296.58361983891933
9475000,18950.00000294312,-53160.60676168694,295.79183885120347
9480000,18960.00000294516,-53023.20339233751,292.03446537128355
9485000,18970.000002947196,-53320.38351624552,302.8121159673794
9490000,18980.000002949233,-53074.44353850343,302.4917985488616
9495000,18990.00000295127,-53143.83810411903,305.1282012145913
9500000,19000.000002953308,-53227.562850771996,297.82962614034346
9505000,19010.000002955345,-53163.592003547616,301.8068572124465
9510000,19020.000002957382,-52675.085958225594,299.18243950448164
9515000,19030.00000295942,-52838.869367762294,292.2485318011284
9520000,19040.000002961457,-53089.484700525296,292.30066537187406
9525000,19050.000002963494,-52941.79802607893,290.77164036343595
9530000,19060.00000296553,-52565.834199618024,291.7745316664274
9535000,19070.00000296757,-52882.86683777347,298.5901133201439
9540000,19080.000002969606,-53005.221960586176,298.2979015154408
9545000,19090.000002971643,-52683.19630639249,296.76888448936296
9550000,19100.00000297368,-53305.11156518618,300.09811526647064
9555000,19110.000002975718,-52883.979893201205,300.72115838039394
9560000,19120.000002977755,-53038.35838312775,298.1807257584203
9565000,19130.000002979792,-53320.77407373418,303.09956761642803
9570000,19140.00000298183,-53111.04628918864,297.53836124979205
9575000,19150.000002983867,-53337.370985455986,298.82777483253017
9580000,19160.000002985904,-53307.76533069837,297.98274649231007
9585000,19170.00000298794,-52988.165691331786,294.1688288591702
9590000,19180.00000298998,-53274.552981768036,296.99312077302613
9595000,19190.000002992016,-53353.720718420926,297.9559150140799
9600000,19200.000002994053,-53165.953703919426,295.9895662430522
9605000,19210.00000299609,-53281.207178123295,301.4553654276386
9610000,19220.000002998127,-52616.864442149876,295.5574953364234
9615000,19230.000003000165,-52730.821930516395,302.1177181340291
9620000,19240.000003002202,-53444.0984833063,293.5530370637427
9625000,19250.00000300424,-53195.58662922922,298.6771615774665
9630000,19260.000003006277,-52813.42699000027,299.1716662265531
9635000,19270.000003008314,-53214.052742823376,297.3379025824639
9640000,19280.00000301035,-53205.802070014906,307.06148365927976
9645000,19290.00000301239,-52815.072610771196,296.6758932491971
9650000,19300.000003014426,-53062.936883870454,299.3750582365217
9655000,19310.000003016463,-53155.233046006935,302.7591949863497
9660000,19320.0000030185,-52953.45740667492,294.1449615174951
9665000,19330.000003020537,-52909.727105232916,298.84282815752334
9670000,19340.000003022575,-53208.385632603866,297.0119778490477
9675000,19350.000003024612,-53309.000291420496,299.06261539688927
9680000,19360.00000302665,-53006.26437802086,297.18229945458444
9685000,19370.000003028686,-53228.32898948254,293.4203343982994
9690000,19380.000003030724,-53121.116188850894,297.81040341209723
9695000,19390.00000303276,-53011.767814845836,302.6023947489606
9700000,19400.0000030348,-53027.47334018801,286.00175712385766
9705000,19410.000003036836,-53209.601525026024,303.6340784966076
9710000,19420.000003038873,-52918.66412388184,289.8091825142678
9715000,19430.00000304091,-52795.66181505943,302.5159550456335
9720000,19440.000003042947,-52739.68243106079,296.5891805738453
9725000,19450.000003044985,-52601.14164604983,304.0137570247291
9730000,19460.000003047022,-52878.13129649963,295.7769674752024
9735000,19470.00000304906,-53154.08855848905,301.60993353741287
9740000,19480.000003051096,-52987.67256394567,290.3529474577733
9745000,19490.000003053134,-53004.309781006945,294.7497959490471
9750000,19500.00000305517,-53138.683101688104,297.03434344767294
9755000,19510.00000305721,-53138.906556055124,303.9475603815029
9760000,19520.000003059246,-52826.5235735905,305.5970560975974
9765000,19530.000003061283,-53276.99100145642,296.74716538873605
9770000,19540.00000306332,-53185.21872753036,300.6703284904219
9775000,19550.000003065357,-52923.147015938885,301.7958061885545
9780000,19560.000003067395,-53189.52881628438,293.82287631995393
9785000,19570.000003069432,-52892.292305513576,297.7631520481738
9790000,19580.00000307147,-52972.078434974916,292.4793741025358
9795000,19590.000003073506,-52999.88912842015,298.61330397844966
9800000,19600.000003075544,-52928.280756915396,296.8038400187104
9805000,19610.00000307758,-53206.777701613086,298.95037319200554
9810000,19620.00000307962,-52874.10090885326,297.4396418914245
9815000,19630.000003081655,-53154.204150537844,305.074785526268
9820000,19640.000003083693,-53114.39387775393,305.08244684361796
9825000,19650.00000308573,-53154.682795146684,304.83443074113956
9830000,19660.000003087767,-53192.26599120497,304.50978077892364
9835000,19670.000003089805,-53240.77611013275,298.36467867946163
9840000,19680.00000309184,-52959.60285286201,296.3812927504007
9845000,19690.00000309388,-53009.19047258355,298.40884931955446
9850000,19700.000003095916,-53350.232755154895,297.85333221511047
9855000,19710.000003097954,-52982.02120040724,299.4580197535857
9860000,19720.00000309999,-53167.50459629833,306.08564751934637
9865000,19730.000003102028,-53205.19900277897,300.1153109474676
9870000,19740.000003104065,-52968.06459021583,301.7460823198792
9875000,19750.000003106103,-53304.151950820145,294.0299190727537
9880000,19760.00000310814,-53230.02370079284,298.12777973504
9885000,19770.000003110177,-52498.63698532342,300.8639199041054
9890000,19780.000003112214,-53126.38302386127,295.4847052174605
9895000,19790.00000311425,-52723.20860631316,292.98511313419453
9900000,19800.00000311629,-53229.77017092102,302.0963241544609
9905000,19810.000003118326,-53330.24517141387,298.8330443414948
9910000,19820.000003120364,-52844.096665267425,301.6016394935721
9915000,19830.0000031224,-53374.287667253375,300.7991064109213
9920000,19840.000003124438,-53173.70192425698,302.3242795512274
9925000,19850.000003126475,-53108.44842154026,300.1024831510379
9930000,19860.000003128513,-52731.19810374919,291.58511721706776
9935000,19870.00000313055,-53144.43621238184,304.3191947877931
9940000,19880.000003132587,-53229.83426050044,292.9930542959833
9945000,19890.000003134624,-52902.76990685926,297.506272452576
9950000,19900.00000313666,-53476.371938810305,297.66030980641085
9955000,19910.0000031387,-53235.65854175566,296.44678259485846
9960000,19920.000003140736,-53057.784768557234,298.5241152861474
9965000,19930.000003142773,-53191.44072009949,298.82846256842464
9970000,19940.00000314481,-52933.90469350177,288.8445423593375
9975000,19950.000003146848,-53007.105758876656,304.4828229171523
9980000,19960.000003148885,-53284.35367398965,301.95436577563925
9985000,19970.000003150923,-53396.41148054498,301.4307874307006
9990000,19980.00000315296,-52496.370656513405,287.5289301765712
9995000,19990.000003154997,-53415.532590783696,296.69311174981226
10000000,20000.000003157034,-53342.65747208698,297.2597486987174
10005000,20010.00000315907,-52823.11827512289,299.02541418614936
10010000,20020.00000316111,-53240.49141090881,306.2084956357358
10015000,20030.000003163146,-52628.23976997947,297.19352191732827
10020000,20040.000003165183,-53080.358604271605,298.56395353328696
10025000,20050.00000316722,-52801.06926575684,304.25676257747176
10030000,20060.000003169258,-52646.36245198644,287.7478099525422
10035000,20070.000003171295,-53306.71434050391,299.4175640770071
10040000,20080.000003173333,-52972.663092467265,302.1558636626095
10045000,20090.00000317537,-53358.73348724397,299.0492336865131
10050000,20100.000003177407,-53094.34114152295,304.68114150453476
10055000,20110.000003179444,-53157.69056095867,301.0350777223357
10060000,20120.00000318148,-52971.39672302696,304.36190677084926
10065000,20130.00000318352,-53568.78237727666,308.7420042758543
10070000,20140.000003185556,-53077.6759208352,297.67760172109195
10075000,20150.000003187593,-52859.97535091679,296.6527349287022
10080000,20160.00000318963,-53096.20967280754,302.77544269203304
10085000,20170.000003191668,-52943.137476810225,304.0142440612959
10090000,20180.000003193705,-52995.51523649803,292.01808337604587
10095000,20190.000003195742,-53070.84281961169,296.8889417182187
10100000,20200.00000319778,-53232.816021001985,298.36383464998835
10105000,20210.000003199817,-52836.76919216692,297.3373181958826
10110000,20220.000003201854,-53017.81911825578,292.20927475196663
10115000,20230.00000320389,-53103.93610096391,309.3328397443225
10120000,20240.00000320593,-53019.51014907763,297.33087114604416
10125000,20250.000003207966,-53089.5186337303,296.63276508433637
10130000,20260.000003210003,-53087.14482258039,296.51974654280434
10135000,20270.00000321204,-53379.955543064745,295.1486302267757
10140000,20280.000003214078,-53208.324148876534,311.9720250786518
10145000,20290.000003216115,-53054.2035221837,294.23892144164563
10150000,20300.000003218152,-52684.90845934849,294.5394582967301
10155000,20310.00000322019,-53224.521284600836,293.5304620405885
10160000,20320.000003222227,-53366.98709332204,306.268969364889
10165000,20330.000003224264,-53109.460895723925,299.03549811064624
10170000,20340.0000032263,-52971.2253896716,296.6610451360045
10175000,20350.00000322834,-53605.13106288496,292.72316270033093
10180000,20360.000003230376,-53217.98896182206,300.07311647381937
10185000,20370.000003232413,-52990.209274747554,309.5446937803924
10190000,20380.00000323445,-53359.63171483518,300.9138648954157
10195000,20390.000003236488,-52907.8572400471,296.9980008462191
10200000,20400.000003238525,-52724.45406330007,306.4063872100272
10205000,20410.000003240562,-53342.681785796536,294.32952605453914
10210000,20420.0000032426,-52843.314092856075,299.3550550303044
10215000,20430.000003244637,-53265.84506651157,297.59760618407324
10220000,20440.000003246674,-53233.6580406999,302.2991387117633
10225000,20450.00000324871,-52316.733697377524,306.3771446390728
10230000,20460.00000325075,-53118.01748865505,299.1409625625767
10235000,20470.000003252786,-53147.33579558731,299.19028178880296
10240000,20480.000003254823,-52993.4147877724,293.8977266859264
10245000,20490.00000325686,-53773.14635221954,300.8454826541715
10250000,20500.000003258898,-53063.782045087195,296.3467925886716
10255000,20510.000003260935,-52767.41142040078,304.78405655101346
10260000,20520.000003262972,-53194.117532689765,296.3688264021712
10265000,20530.00000326501,-52910.40288798098,299.22442529457624
10270000,20540.000003267047,-53293.18004679715,295.5283353553065
10275000,20550.000003269084,-53023.0584620423,295.42667549349136
10280000,20560.00000327112,-53113.516853894514,303.80331293367254
10285000,20570.00000327316,-53086.076942280604,298.2950273177046
10290000,20580.000003275196,-52971.07934517879,289.20822838356634
10295000,20590.000003277233,-53126.84037670816,298.9115018429573
10300000,20600.00000327927,-53246.68637541853,294.43827041172096
10305000,20610.000003281308,-52817.94123164241,307.6957320425486
10310000,20620.000003283345,-52830.942529420805,304.9828711468782
10315000,20630.000003285382,-53109.335496516374,299.01058193647606
10320000,20640.00000328742,-52803.077738519816,293.1244861987635
10325000,20650.000003289457,-52904.817687492934,304.97721417633215
10330000,20660.000003291494,-52752.30295475677,296.1936211594972
10335000,20670.00000329353,-53145.146953687974,300.93795599313495
10340000,20680.00000329557,-52967.91521830324,292.5184943737151
10345000,20690.000003297606,-53182.186659524596,287.1758136563143
10350000,20700.000003299643,-52910.324957882316,301.59355426724255
10355000,20710.00000330168,-53196.4594887562,292.6212186153569
10360000,20720.000003303718,-52890.868968459225,300.61194533431257
10365000,20730.000003305755,-52858.18702570369,306.0597754835571
10370000,20740.000003307792,-52687.88004047674,295.3241802455422
10375000,20750.00000330983,-52940.22518866166,302.26569230039576
10380000,20760.000003311867,-53456.961533583526,290.45428453995953
10385000,20770.000003313904,-53231.51765712522,310.9426037074331
10390000,20780.00000331594,-53563.782542327506,300.4714491321115
10395000,20790.00000331798,-52823.90202880878,304.4604942276933
10400000,20800.000003320016,-53062.186836857145,300.12178518646357
10405000,20810.000003322053,-52909.80928628676,296.5122403315294
10410000,20820.00000332409,-53070.95659867284,299.3383475901265
10415000,20830.000003326128,-53377.836800125835,309.88361243457786
10420000,20840.000003328165,-52895.06139844112,297.2018730331505
10425000,20850.000003330202,-53374.37414380227,299.37534247058085
10430000,20860.00000333224,-52934.23749318227,294.26083324240466
10435000,20870.000003334277,-53357.425530661974,298.8497774163695
10440000,20880.000003336314,-53409.2683174955,300.2020363179723
10445000,20890.00000333835,-53130.90218773775,296.2805314120857
10450000,20900.00000334039,-52900.78928073519,297.6325655045041
10455000,20910.000003342426,-53445.91433863464,294.9599251101052
10460000,20920.000003344463,-52833.29885523228,295.3382674023702
10465000,20930.0000033465,-53445.41060784037,294.72222253604457
10470000,20940.000003348538,-52940.51162124457,305.0145086459989
10475000,20950.000003350575,-52930.67752927268,299.13572303850543
10480000,20960.000003352612,-53262.99944973423,309.90483826054594
10485000,20970.00000335465,-53086.10698887112,299.801310802185
10490000,20980.000003356687,-53091.83439074556,293.2679986919793
10495000,20990.000003358724,-52839.16644520528,297.77424502481676
10500000,21000.00000336076,-53567.08697234583,298.712511020452
10505000,21010.0000033628,-52917.61175701948,294.8788743758985
10510000,21020.000003364836,-53024.89695787677,295.08942064275664
10515000,21030.000003366873,-52900.83290511582,309.54624729468446
10520000,21040.00000336891,-52892.949259920744,297.85184770166467
10525000,21050.000003370948,-53031.948527915636,295.5831053723843
10530000,21060.000003372985,-53268.0762486477,296.40036387416217
10535000,21070.000003375022,-53341.48043643485,297.6994808666556
10540000,21080.00000337706,-53065.742929304775,302.9698583652678
10545000,21090.000003379097,-53070.739447125,296.95502253548045
10550000,21100.000003381134,-53099.92026248496,298.37922970857693
10555000,21110.00000338317,-53095.998142114084,299.13707336764594
10560000,21120.00000338521,-52922.81669493162,295.70223346018355
10565000,21130.000003387246,-53116.14429225167,305.60978911719036
10570000,21140.000003389283,-53142.73603474727,298.66565865844524
10575000,21150.00000339132,-53211.21679908616,299.0085201409229
10580000,21160.000003393357,-52955.99186158387,297.3207634551887
10585000,21170.000003395395,-53129.13613431589,302.17466982696925
10590000,21180.000003397432,-52990.06363080279,295.1662374120335
10595000,21190.00000339947,-53496.14717385688,298.02673317714704
10600000,21200.000003401507,-52918.3761597666,298.90872534356515
10605000,21210.000003403544,-52904.96647496644,302.1367774291009
10610000,21220.00000340558,-52528.22305090714,299.82867834396177
10615000,21230.00000340762,-52826.32768116414,306.04542446696746
10620000,21240.000003409656,-53023.26855077181,298.36702033519117
10625000,21250.000003411693,-53042.912692210404,300.6152897424567
10630000,21260.00000341373,-52800.86217883567,302.0135275673344
10635000,21270.000003415767,-52614.550225226325,295.8023437300521
10640000,21280.000003417805,-52897.64745624096,297.47451714182233
10645000,21290.000003419842,-53378.34882049024,294.8272757837115
10650000,21300.00000342188,-53064.59090210669,296.8492589305087
10655000,21310.000003423916,-52920.10024597787,298.4761146340832
10660000,21320.000003425954,-53326.79091320268,296.97893527155617
10665000,21330.00000342799,-53032.26434024627,299.22177135809426
10670000,21340.00000343003,-53037.36045164199,306.2889264754477
10675000,21350.000003432066,-53428.60477425452,296.25514597076955
10680000,21360.000003434103,-52980.31668215367,296.51718299931997
10685000,21370.00000343614,-53147.74625662531,298.937570877253
10690000,21380.000003438177,-53357.76853213052,301.48757693875393
10695000,21390.000003440215,-53310.98884251766,300.96114958495025
10700000,21400.000003442252,-52920.400660747866,296.57559055225954
10705000,21410.00000344429,-52975.665580935194,294.2105518986822
10710000,21420.000003446326,-52723.46754897392,292.2715515835321
10715000,21430.000003448364,-52824.233864399896,297.0246961265984
10720000,21440.0000034504,-53095.93637596135,292.58642937756923
10725000,21450.00000345244,-52745.13293770273,303.22169101659136
10730000,21460.000003454476,-52525.9503772053,289.2014296003511
10735000,21470.000003456513,-53447.07143953649,301.83830349292583
10740000,21480.00000345855,-52839.65437907638,293.0385331670721
10745000,21490.000003460587,-52828.428630321636,300.50566546956475
10750000,21500.000003462625,-53324.46306309532,299.98680860581004
10755000,21510.000003464662,-52792.72162581087,293.6107023040783
10760000,21520.0000034667,-52824.274908541614,301.3153794498729
10765000,21530.000003468736,-52877.956588924164,303.108129290003
10770000,21540.000003470774,-53201.5145411476,307.4276323959741
10775000,21550.00000347281,-52860.18779324117,284.45988400397437
10780000,21560.00000347485,-53159.45691846387,295.1249691980507
10785000,21570.000003476885,-53237.683020906756,307.93382583659815
10790000,21580.000003478923,-52850.97232222714,301.49462870641423
10795000,21590.00000348096,-52828.374435736274,299.109880199953
10800000,21600.000003482997,-52632.339006665774,298.9726528417014
10805000,21610.000003485035,-53121.474003201816,294.3627255355981
10810000,21620.00000348707,-52852.55003274363,291.90985797971206
10815000,21630.00000348911,-52603.22701230232,300.65899548208876
10820000,21640.000003491146,-52968.4831064895,296.1788463965163
10825000,21650.000003493184,-52974.22689860081,290.91104603392387
10830000,21660.00000349522,-52894.43919100647,297.8397882355606
10835000,21670.000003497258,-53237.08140022814,299.47796109442004
10840000,21680.000003499295,-53265.916577154276,300.7886783132672
10845000,21690.000003501333,-53136.65050604212,296.17784941614724
10850000,21700.00000350337,-53042.963783062005,299.3140303731921
10855000,21710.000003505407,-52797.56017191941,291.21009855493446
10860000,21720.000003507444,-53266.94600975525,295.1044764347386
10865000,21730.00000350948,-53048.39159791742,299.13607068895215
10870000,21740.00000351152,-53084.94194640621,297.04400421804803
10875000,21750.000003513556,-53258.435501116124,296.43793198674234
10880000,21760.000003515594,-53401.42130501181,296.2199966900502
10885000,21770.00000351763,-52913.418045039,295.6911378140831
10890000,21780.000003519668,-52799.058870801644,301.8940567612167
10895000,21790.000003521705,-52596.18072252124,299.7772847342136
10900000,21800.000003523743,-53196.664309103624,302.0279035001518
10905000,21810.00000352578,-52899.825579554396,306.70290855556476
10910000,21820.000003527817,-52924.58820483694,299.84773353934446
10915000,21830.000003529854,-53000.9055349417,298.5720321946541
10920000,21840.00000353189,-53474.18261368369,300.5260270450471
10925000,21850.00000353393,-52926.50475674181,296.37832579645766
10930000,21860.000003535966,-53216.36600245943,300.05961815316925
10935000,21870.000003538004,-52764.372284760466,299.8837617618454
10940000,21880.00000354004,-53361.37132583646,287.7085669487298
10945000,21890.000003542078,-53115.232138847816,302.84898658838864
10950000,21900.000003544115,-53089.91381199725,299.0163212982868
10955000,21910.000003546153,-53213.35810316121,299.08914996069774
10960000,21920.00000354819,-53145.277211519424,290.2379238059128
10965000,21930.000003550227,-53429.33347977296,301.84916691724237
10970000,21940.000003552264,-53004.4249682682,292.61953026823085
10975000,21950.0000035543,-53213.02463224233,290.5743595311355
10980000,21960.00000355634,-53442.14882175758,305.81881866259846
10985000,21970.000003558376,-53290.69815942412,298.1059728121747
10990000,21980.000003560413,-52899.766303906246,309.31375709895053
10995000,21990.00000356245,-53336.18050932666,304.09870684307924
11000000,22000.000003564488,-53544.590181892854,302.80707798271817
11005000,22010.000003566525,-52632.7460529276,299.80362632980473
11010000,22020.000003568563,-52758.44112543797,298.9492660988958
11015000,22030.0000035706,-53019.06706151436,289.65065621708595
11020000,22040.000003572637,-53013.17799489465,296.95974254014834
11025000,22050.000003574674,-53368.74244098144,294.46546307553405
11030000,22060.00000357671,-52687.91703470651,296.81825016348864
11035000,22070.00000357875,-53258.75799711267,292.30873813681563
11040000,22080.000003580786,-52772.08649953533,301.81411935770075
11045000,22090.000003582823,-53341.97149648718,298.6224107171066
11050000,22100.00000358486,-52911.413834489475,293.08416337120235
11055000,22110.000003586898,-52913.92881556094,300.74777090063293
11060000,22120.000003588935,-52862.987757623516,287.55126183421504
11065000,22130.000003590972,-52707.59908946924,300.01387046518084
11070000,22140.00000359301,-53020.72696673311,310.784238811641
11075000,22150.000003595047,-53455.20945240729,298.26721647460096
11080000,22160.000003597084,-53320.88057683705,298.27994316704496
11085000,22170.00000359912,-53234.62145195884,303.3075215412033
11090000,22180.00000360116,-52491.52568285476,306.8870735962981
11095000,22190.000003603196,-52999.192992172495,294.9424200654088
11100000,22200.000003605233,-52999.004109553265,295.107648951044
11105000,22210.00000360727,-53143.25852689927,292.70377710835
11110000,22220.000003609308,-53274.56060401624,298.4933372332416
11115000,22230.000003611345,-52920.87577242017,297.0768720787551
11120000,22240.000003613382,-53231.943938824756,302.5076675411347
11125000,22250.00000361542,-53062.70976429619,302.67708324981123
11130000,22260.000003617457,-53373.563386504946,301.6043500916074
11135000,22270.000003619494,-52879.92871015746,299.0422524133405
11140000,22280.00000362153,-53138.873687050946,296.6117633824683
11145000,22290.00000362357,-52891.201549199875,299.18866838994865
11150000,22300.000003625606,-52972.948989103345,294.32822008629995
11155000,22310.000003627643,-52856.37010429235,295.1791887274633
11160000,22320.00000362968,-53048.745949208824,293.9812546820654
11165000,22330.000003631718,-52978.00565352844,295.855883356013
11170000,22340.000003633755,-53445.69633120185,295.7986753590749
11175000,22350.000003635792,-53033.81303801155,298.96761585805285
11180000,22360.00000363783,-52811.33775582176,298.6488940352843
11185000,22370.000003639867,-52805.53510322151,296.39931633171886
11190000,22380.000003641904,-53202.0471362079,293.6650398503292
11195000,22390.00000364394,-52996.70671946794,295.065242600335
11200000,22400.00000364598,-53280.62088153331,300.62031950702834
11205000,22410.000003648016,-53269.29322394129,302.08174110069587
11210000,22420.000003650053,-52997.39313579144,300.7116371801896
11215000,22430.00000365209,-53468.767074479256,305.8139715047067
11220000,22440.000003654128,-53071.64565384539,297.71542596962917
11225000,22450.000003656165,-53020.35842479975,287.66694278285183
11230000,22460.000003658202,-53190.814560863975,297.6770882098421
11235000,22470.00000366024,-53219.77431778406,295.1641987054072
11240000,22480.000003662277,-52990.142860991706,291.6351333008497
11245000,22490.000003664314,-53148.745917740016,299.7819646708178
11250000,22500.00000366635,-52918.29127828375,293.18471172620497
11255000,22510.00000366839,-53123.364159168006,291.38167764922815
11260000,22520.000003670426,-53408.821302355325,303.45913465368096
11265000,22530.000003672463,-53131.467531571834,304.44586971808644
11270000,22540.0000036745,-52889.22385704046,301.9590534439159
11275000,22550.000003676538,-52891.27476759866,294.9036174093915
11280000,22560.000003678575,-53039.74207875351,293.01290279778163
11285000,22570.000003680612,-52580.7128158845,305.4302847440961
11290000,22580.00000368265,-52571.43010465152,297.57515720845555
11295000,22590.000003684687,-53294.48642790964,293.21234351995423
11300000,22600.000003686724,-53351.28672652869,299.99112727889525
11305000,22610.00000368876,-53163.31124427018,294.18766019903217
11310000,22620.0000036908,-53470.91902732471,294.2288050668871
11315000,22630.000003692836,-53434.88741140877,297.5520242043556
11320000,22640.000003694873,-52949.49707490264,299.1943519093824
11325000,22650.00000369691,-53525.27319420414,297.1964776917756
11330000,22660.000003698948,-52690.12884210414,297.1531192620458
11335000,22670.000003700985,-52783.42536160469,300.29547528969397
11340000,22680.000003703022,-53083.184025906114,304.16121630736336
11345000,22690.00000370506,-53174.41511269697,294.6911018370169
11350000,22700.000003707097,-52981.59128158676,303.0746960835427
11355000,22710.000003709134,-53117.55114872326,298.84879137490094
11360000,22720.00000371117,-53184.30351315695,308.0655110821243
11365000,22730.00000371321,-52962.64540427338,294.82414568024666
11370000,22740.000003715246,-53311.50172175214,298.6495453268038
11375000,22750.000003717283,-52664.3892355244,296.6683516806351
11380000,22760.00000371932,-53180.448508327856,305.6443915479076
11385000,22770.000003721358,-53195.78940308967,306.42004378705946
11390000,22780.000003723395,-52912.67215961951,299.44151200340355
11395000,22790.000003725432,-52794.10547655009,294.73030793216896
11400000,22800.00000372747,-52887.53128418882,304.1269416704167
11405000,22810.000003729507,-53125.17744379933,292.934048426037
11410000,22820.000003731544,-52509.250939246034,303.8103360649618
11415000,22830.00000373358,-52831.58384302122,296.34632198890995
11420000,22840.00000373562,-53178.457150943286,302.3624623456122
11425000,22850.000003737656,-53163.72839994979,298.13504920433684
11430000,22860.000003739693,-53255.23559215295,295.902382881679
11435000,22870.00000374173,-53011.741127093526,297.49537212903726
11440000,22880.000003743768,-53085.64176111913,308.76943987333016
11445000,22890.000003745805,-52846.38577261151,292.534751977888
11450000,22900.000003747842,-53126.77544405131,299.21003694116047
11455000,22910.00000374988,-52850.70596009793,298.49881732676687
11460000,22920.000003751917,-53107.8576300749,290.0575164244327
11465000,22930.000003753954,-53046.51690950419,301.84809370473715
11470000,22940.00000375599,-53258.897525581706,298.6421964877872
11475000,22950.00000375803,-53547.962198585825,294.1764722526904
11480000,22960.000003760066,-52916.93189789404,298.6032827088863
11485000,22970.000003762103,-53192.98338975108,302.7068411127977
11490000,22980.00000376414,-52946.947158205236,294.490593933444
11495000,22990.000003766178,-53180.287720918364,301.47900724918173
11500000,23000.000003768215,-52965.093327601295,293.5829400818953
11505000,23010.000003770252,-53128.330492561334,300.27464476965554
11510000,23020.00000377229,-52914.256817139336,293.4295148211124
11515000,23030.000003774327,-53094.017828520155,295.5408458577093
11520000,23040.000003776364,-53155.24062462698,297.3467957777265
11525000,23050.0000037784,-53226.950764651265,297.44197912735456
11530000,23060.00000378044,-52766.59125704336,297.03321830602476
11535000,23070.000003782476,-52863.57606350095,301.7736550317552
11540000,23080.000003784513,-53112.022807981964,297.6464073820294
11545000,23090.00000378655,-52820.032359055214,302.10477095562317
11550000,23100.000003788587,-53476.15373286398,300.05894326583586
11555000,23110.000003790625,-53217.61167399117,298.86832548169764
11560000,23120.000003792662,-52734.25326781528,297.9628136112374
11565000,23130.0000037947,-53586.624543250044,297.5286031315777
11570000,23140.000003796737,-53114.30534950711,293.70288422971436
11575000,23150.000003798774,-52913.09668199785,300.7006832960043
11580000,23160.00000380081,-53081.84608822406,303.7581801418195
11585000,23170.00000380285,-53079.88951073401,303.4021081792158
11590000,23180.000003804886,-52874.44807929377,295.4019189601037
11595000,23190.000003806923,-53024.53462112622,289.76878707934975
11600000,23200.00000380896,-53214.3999675785,302.6127250236996
11605000,23210.000003810997,-52925.15372272942,299.91218051433356
11610000,23220.000003813035,-52804.457731716655,295.38426506112967
11615000,23230.000003815072,-52744.70952855356,306.16113128091376
11620000,23240.00000381711,-52991.31616628653,294.41667298707586
11625000,23250.000003819147,-53077.93919514297,297.33479980615346
11630000,23260.000003821184,-52946.26308147938,298.53374544462
11635000,23270.00000382322,-53211.02657230367,299.5608902854466
11640000,23280.00000382526,-53273.188478716766,306.0972063419819
11645000,23290.000003827296,-52738.819526670006,303.6377349234875
11650000,23300.000003829333,-53261.66281549921,292.0657174414847
11655000,23310.00000383137,-53302.76561233209,292.6623512872945
11660000,23320.000003833407,-53176.13531368325,292.5026467876794
11665000,23330.000003835445,-52965.125077309494,308.3241849242338
11670000,23340.000003837482,-53293.97101128314,305.36915912600966
11675000,23350.00000383952,-52767.23051692365,294.0067886316351
11680000,23360.000003841556,-53116.446671988495,300.9760493986586
11685000,23370.000003843594,-52979.60657792154,295.2539229012311
11690000,23380.00000384563,-53160.35754523837,301.56409537579407
11695000,23390.00000384767,-53069.99800420052,295.28027790321494
11700000,23400.000003849706,-53089.66273233379,291.72070860702036
11705000,23410.000003851743,-52737.194618755486,300.9441587888814
11710000,23420.00000385378,-53143.16990072682,297.3124966831646
11715000,23430.000003855817,-53036.05794274132,298.4943741415501
11720000,23440.000003857855,-53349.06781589825,294.6558318150789
11725000,23450.000003859892,-53389.36111914186,299.4191070767231
11730000,23460.00000386193,-53218.13966825235,302.48687017931303
11735000,23470.000003863966,-53276.991323703114,296.6886416189744
11740000,23480.000003866004,-52943.09146785503,309.95620257481465
11745000,23490.00000386804,-53046.590441689536,306.8119002104448
11750000,23500.00000387008,-53212.35347687197,297.293275417449
11755000,23510.000003872115,-53536.74821635522,299.37996560699116
11760000,23520.000003874153,-53187.73387748856,295.64879833553925
11765000,23530.00000387619,-52974.03589385125,298.4077604152638
11770000,23540.000003878227,-52991.24543004771,296.028277632211
11775000,23550.000003880265,-53202.07133489405,296.0510152677437
11780000,23560.000003882302,-53364.940807217674,301.22735651179045
11785000,23570.00000388434,-53248.701109799935,293.05896862066885
11790000,23580.000003886376,-53090.955203901394,298.1400355250809
11795000,23590.000003888414,-53518.44111726066,302.76998378508245
11800000,23600.00000389045,-53442.44351228868,296.26518947368277
11805000,23610.000003892488,-53318.98832616705,298.5351030285999
11810000,23620.000003894525,-52944.93934828215,292.29119900936377
11815000,23630.000003896563,-53086.79227961518,293.62340151914236
11820000,23640.0000038986,-52907.909035342454,296.2402391421378
11825000,23650.000003900637,-53122.77167062962,300.37554996182837
11830000,23660.000003902675,-53118.876443289046,299.46189683021066
11835000,23670.00000390471,-52901.05494683774,291.2829350729161
11840000,23680.00000390675,-52560.11392157062,309.91093109856575
11845000,23690.000003908786,-52773.38085010863,304.7612758732357
11850000,23700.000003910824,-52446.99568727525,297.6839589515309
11855000,23710.00000391286,-53124.1434633678,296.37232054631244
11860000,23720.000003914898,-53140.46137792239,302.68018517499956
11865000,23730.000003916935,-52625.55875022974,298.13252753866396
11870000,23740.000003918973,-52962.90479699109,302.0697771850307
11875000,23750.00000392101,-53459.23479684192,299.49147325148505
11880000,23760.000003923047,-52950.70379982528,292.4176543319457
11885000,23770.000003925084,-52806.665724880295,297.66867645399907
11890000,23780.00000392712,-53485.087734554836,298.6687118869335
11895000,23790.00000392916,-52810.74342610099,299.73741512144943
11900000,23800.000003931196,-52780.68361100636,294.3943758739602
11905000,23810.000003933234,-53376.20908128252,306.5806073330697
11910000,23820.00000393527,-53070.66093263094,302.13926426034226
11915000,23830.000003937308,-52848.607365457225,291.309025880063
11920000,23840.000003939345,-52838.36201040755,308.75752039071074
11925000,23850.000003941383,-52994.60991601448,302.3724206739927
11930000,23860.00000394342,-52625.24065764659,289.5105839738583
11935000,23870.000003945457,-53119.04307307955,299.4560046095168
11940000,23880.000003947494,-53356.01733274895,297.8716820821268
11945000,23890.00000394953,-53190.28574399077,298.39525219065933
11950000,23900.00000395157,-53022.65938795131,300.8960648098806
11955000,23910.000003953606,-52948.18141129511,299.3082020992951
11960000,23920.000003955643,-52921.953610594646,302.82299745504037
11965000,23930.00000395768,-53000.63744478719,292.47957451298396
11970000,23940.000003959718,-52953.16181125655,300.7752423852177
11975000,23950.000003961755,-52954.33514064137,297.35359667930675
11980000,23960.000003963793,-52984.1075209064,291.4135614075823
11985000,23970.00000396583,-52969.5145801077,295.0421245552429
11990000,23980.000003967867,-53170.934433741,306.14946084158464
11995000,23990.000003969904,-52829.35278352062,293.0734395644924
12000000,24000.00000397194,-52986.05623643135,298.27616507179886
12005000,24010.00000397398,-52870.99038540898,295.37063768948224
12010000,24020.000003976016,-52949.043001959624,301.5270882658937
12015000,24030.000003978053,-53518.22529528511,297.75506529123686
12020000,24040.00000398009,-53305.43547398469,303.4409490096056
12025000,24050.000003982128,-53514.013799536304,299.53157743832395
12030000,24060.000003984165,-52999.44678031595,304.3441433899036
12035000,24070.000003986203,-52704.51759872079,301.940421743091
12040000,24080.00000398824,-52657.42633732382,303.61813501121975
12045000,24090.000003990277,-53152.62760995203,290.5485870663767
12050000,24100.000003992314,-53374.19195025638,294.57991387444696
12055000,24110.00000399435,-53114.7015781684,294.8715703861058
12060000,24120.00000399639,-53125.05989333775,300.1181921318883
12065000,24130.000003998426,-52790.00133684446,299.05286623363787
12070000,24140.000004000463,-52824.193500780966,301.86505596874906
12075000,24150.0000040025,-53065.374102857284,296.9816927842013
12080000,24160.000004004538,-53172.82027315689,296.85268535947904
12085000,24170.000004006575,-52827.50705105279,295.819807087364
12090000,24180.000004008612,-53077.72489597462,300.33557693614705
12095000,24190.00000401065,-52968.75428005139,298.6029021899917
12100000,24200.000004012687,-52981.89269580209,287.70230045330464
12105000,24210.000004014724,-53060.76683209397,296.4829182858687
12110000,24220.00000401676,-53030.01587073319,295.2681285190717
12115000,24230.0000040188,-53223.24958047978,301.35838199084384
12120000,24240.000004020836,-53304.515848718,301.3767400414041
12125000,24250.000004022873,-53271.29052959019,301.24866581586616
12130000,24260.00000402491,-52991.72165862098,301.3498639793077
12135000,24270.000004026948,-52980.30539685924,306.01733470108485
12140000,24280.000004028985,-53040.855647742894,309.94753160303634
12145000,24290.000004031022,-53122.18086741865,301.3905043766781
12150000,24300.00000403306,-53077.20781497465,291.4259916011953
12155000,24310.000004035097,-53294.26743938113,293.71188289209476
12160000,24320.000004037134,-53060.88022970228,296.42128878093814
12165000,24330.00000403917,-52636.48824042294,299.4799913470939
12170000,24340.00000404121,-53085.78498389039,302.9075007505305
12175000,24350.000004043246,-53089.246309983195,296.4134250205282
12180000,24360.000004045283,-52936.72834566652,295.8861181989576
12185000,24370.00000404732,-53273.598300541606,301.4805070290869
12190000,24380.000004049358,-53077.81860420777,300.92930260459343
12195000,24390.000004051395,-53122.259897498414,297.35644871084287
12200000,24400.000004053432,-52994.02196956842,302.86271817797933
12205000,24410.00000405547,-53288.57281780359,302.0570645550228
12210000,24420.000004057507,-53288.493076042214,295.16222096822565
12215000,24430.000004059544,-52929.91371409956,298.7989674671001
12220000,24440.00000406158,-53027.797930607805,296.45832786260655
12225000,24450.00000406362,-53046.92693489845,294.8472379829617
12230000,24460.000004065656,-52953.161647474015,295.89070367162503
12235000,24470.000004067693,-53012.48574478796,301.3641075637455
12240000,24480.00000406973,-53144.31381266931,296.23605329369803
12245000,24490.000004071768,-52600.48089519408,298.01001896080334
12250000,24500.000004073805,-52831.83846689074,293.16738702236586
12255000,24510.000004075842,-52913.92989593529,295.13204679173367
12260000,24520.00000407788,-53162.17761217078,298.14507900152046
12265000,24530.000004079917,-52750.903244735906,288.00978926748087
12270000,24540.000004081954,-53027.95133300725,296.83892956930555
12275000,24550.00000408399,-52752.31622318638,299.1981655933576
12280000,24560.00000408603,-52753.511872358475,296.89984238759973
12285000,24570.000004088066,-52675.65831104957,301.1689613816354
12290000,24580.000004090103,-53099.78294846378,300.271938456605
12295000,24590.00000409214,-52776.869851499796,305.9481806857498
12300000,24600.000004094178,-52710.95957095301,304.8428692251298
12305000,24610.000004096215,-52846.73803638283,299.7862518806397
12310000,24620.000004098252,-53051.53215444088,293.1622405028188
12315000,24630.00000410029,-52976.702151881706,295.4196249874267
12320000,24640.000004102327,-52430.153577935096,298.6492662368534
12325000,24650.000004104364,-52952.91177365894,301.72624355892657
12330000,24660.0000041064,-52972.814073341666,303.68236316379733
12335000,24670.00000410844,-53258.969994913496,291.358880506064
12340000,24680.000004110476,-53374.198186968104,298.8573870518713
12345000,24690.000004112513,-53307.93533608626,295.16156382080516
12350000,24700.00000411455,-52908.084932334255,303.6181084952332
12355000,24710.000004116588,-53045.05037099327,301.0272931815666
12360000,24720.000004118625,-53377.11668087437,296.1091008709415
12365000,24730.000004120662,-52698.55860511455,291.0543627732683
12370000,24740.0000041227,-52974.07892428624,298.33174174622366
12375000,24750.000004124737,-52936.793014427734,304.2644742689784
12380000,24760.000004126774,-53229.82655853918,293.5176603493992
12385000,24770.00000412881,-53020.428218240064,293.2934711342498
12390000,24780.00000413085,-53100.08876403814,294.98628931731605
12395000,24790.000004132886,-53271.685628869775,296.63620111924206
12400000,24800.000004134923,-53107.980171852134,296.9836609848744
12405000,24810.00000413696,-52867.723067170766,290.8684348110081
12410000,24820.000004138998,-52948.29258300553,293.23578089575204
12415000,24830.000004141035,-52970.948623276636,309.21035026868987
12420000,24840.000004143072,-52824.27495210897,302.0374847547406
12425000,24850.00000414511,-52612.1224799075,304.6609207780658
12430000,24860.000004147147,-52949.20195071772,298.4835796601703
12435000,24870.000004149184,-53318.62074696389,310.9801416700119
12440000,24880.00000415122,-53220.94524659982,297.6295020509615
12445000,24890.00000415326,-53045.80027277436,301.84565909168674
12450000,24900.000004155296,-52875.6553621144,292.16367550823776
12455000,24910.000004157333,-52889.869677663344,294.3796417206455
12460000,24920.00000415937,-52800.48502397779,289.47920946503183
12465000,24930.000004161408,-52867.35096713345,297.20121789524376
12470000,24940.000004163445,-52861.08107519621,296.5500270914968
12475000,24950.000004165482,-52664.75121724143,295.5568951316646
12480000,24960.00000416752,-53264.363871905516,291.4797123887242
12485000,24970.000004169557,-52900.61470900301,298.20978723026485
12490000,24980.000004171594,-53201.63939306198,298.237084219007
12495000,24990.00000417363,-52734.23677925012,299.3891065314752
12500000,25000.00000417567,-53367.80894716509,295.0243305108467
12505000,25010.000004177706,-52974.43034584803,300.84105897527803
12510000,25020.000004179743,-53193.75083726982,292.4300003260781
12515000,25030.00000418178,-52598.35990292096,303.11772386545715
12520000,25040.000004183818,-53152.96518450513,308.726403129452
12525000,25050.000004185855,-53056.73138314401,298.22384262713615
12530000,25060.000004187892,-53156.33316546268,303.067953499435
12535000,25070.00000418993,-52387.9101400458,290.32035898050987
12540000,25080.000004191967,-53275.47890282984,290.93045013700436
12545000,25090.000004194004,-52857.49615721186,294.3281120819382
12550000,25100.00000419604,-53094.07664334797,290.3558118785204
12555000,25110.00000419808,-52837.372469752736,290.00431352704214
12560000,25120.000004200116,-53165.69436579928,301.62953114114094
12565000,25130.000004202153,-53214.367340911034,296.7172573706217
12570000,25140.00000420419,-53036.973962842196,300.84894971946244
12575000,25150.000004206227,-53219.88794029711,299.0715319281505
12580000,25160.000004208265,-52921.869335631956,291.5927606265634
12585000,25170.000004210302,-53027.33198420404,292.34783184586934
12590000,25180.00000421234,-53072.9994545682,300.87795033603953
12595000,25190.000004214377,-53148.335286682035,299.1474641631916
12600000,25200.000004216414,-52866.845982303435,294.0521759570315
12605000,25210.00000421845,-52929.47020057135,299.0920854106387
12610000,25220.00000422049,-52631.59613469336,297.04776024674374
12615000,25230.000004222526,-53219.39315339329,297.3053727503586
12620000,25240.000004224563,-52742.6297213987,302.02529989009196
12625000,25250.0000042266,-53029.6495581489,290.86358995277465
12630000,25260.000004228637,-53397.25303047421,304.5269783461871
12635000,25270.000004230675,-52908.04755390913,301.49299643399667
12640000,25280.000004232712,-52935.21794719604,301.75100450789716
12645000,25290.00000423475,-53208.76910688955,300.77738369757355
12650000,25300.000004236786,-53018.40242353163,296.0212172317489
12655000,25310.000004238824,-52938.42949782958,295.83021278439
12660000,25320.00000424086,-53444.078194532485,306.6686865449075
12665000,25330.0000042429,-53254.410833899456,303.0303752434506
12670000,25340.000004244936,-52995.86809540875,298.2352676969946
12675000,25350.000004246973,-53346.0894234397,307.4947994460458
12680000,25360.00000424901,-53050.482663241564,294.09248886252095
12685000,25370.000004251047,-52883.55621671982,301.7262440263615
12690000,25380.000004253085,-52927.352319119265,300.833923127781
12695000,25390.000004255122,-52838.752872960904,297.7483739880438
12700000,25400.00000425716,-52978.670768763084,290.6076548167698
12705000,25410.000004259196,-52871.00470531435,296.4456588698745
12710000,25420.000004261234,-53102.4406224805,296.398079736118
12715000,25430.00000426327,-52899.501152290235,296.27939001980997
12720000,25440.00000426531,-53096.49039488673,297.3831408253955
12725000,25450.000004267346,-53048.16617492499,293.456142205029
12730000,25460.000004269383,-53322.62433714693,298.145058394747
12735000,25470.00000427142,-52791.22771737291,300.1449713803584
12740000,25480.000004273457,-53411.84295821321,307.42738370413434
12745000,25490.000004275495,-52912.416085877514,299.7093486298053
12750000,25500.000004277532,-53322.52909991151,300.8817827644077
12755000,25510.00000427957,-53071.38204762104,307.89022617228477
12760000,25520.000004281606,-53250.7638954361,300.25676475351423
12765000,25530.000004283644,-53307.51190822414,298.44658923224785
12770000,25540.00000428568,-53078.92193026075,299.2967932841118
12775000,25550.00000428772,-53156.096157129796,296.3664887760072
12780000,25560.000004289755,-53260.99968682497,301.867347459513
12785000,25570.000004291793,-52590.80895960113,302.2291767039008
12790000,25580.00000429383,-53219.06151492419,301.3583907895599
12795000,25590.000004295867,-52710.81406211722,299.59282644558004
12800000,25600.000004297905,-53342.33571818005,297.745171314916
12805000,25610.00000429994,-53018.83111515234,298.52768163426697
12810000,25620.00000430198,-53416.46227519217,292.3738747087339
12815000,25630.000004304016,-52900.05990295223,295.08606981110665
12820000,25640.000004306054,-53047.0639806797,301.64566037389454
12825000,25650.00000430809,-53378.35993990826,300.13696004974526
12830000,25660.000004310128,-53229.313773806934,292.87593382095434
12835000,25670.000004312165,-53256.44959752058,299.34140788703286
12840000,25680.000004314203,-53057.99929419026,297.01107872072987
12845000,25690.00000431624,-53335.20125870971,301.34717032157283
12850000,25700.000004318277,-52891.60061292816,292.2798003736796
12855000,25710.000004320314,-53082.49427962903,297.55558385129996
12860000,25720.00000432235,-52800.57311724927,295.67561465315634
12865000,25730.00000432439,-53245.920736370404,295.2507715999377
12870000,25740.000004326426,-53258.57539809329,289.41302106114836
12875000,25750.000004328464,-52999.74802844055,292.0393387641765
12880000,25760.0000043305,-52919.83040628006,298.61969201154415
12885000,25770.000004332538,-52664.157422835386,300.8816865103356
12890000,25780.000004334575,-52852.36855747248,302.08647717274675
12895000,25790.000004336613,-52851.85041803107,302.86043410179803
12900000,25800.00000433865,-52716.244261128304,293.87156780586315
12905000,25810.000004340687,-53375.22725390084,299.3482206802944
12910000,25820.000004342724,-53083.766579339805,303.97253204144505
12915000,25830.00000434476,-53040.419686022855,302.1160925137432
12920000,25840.0000043468,-53096.539224945474,292.83736724458095
12925000,25850.000004348836,-53185.897865152394,293.40315203221206
12930000,25860.000004350873,-53370.95813951679,290.38774343303425
12935000,25870.00000435291,-53181.21537985315,311.4858031432114
12940000,25880.000004354948,-52817.90190426423,302.61302668041515
12945000,25890.000004356985,-53283.22860814081,298.8253105250697
12950000,25900.000004359023,-53088.97090940963,300.37148839405484
12955000,25910.00000436106,-53278.7086860929,293.03282940389926
12960000,25920.000004363097,-53162.67720393394,302.2998478176121
12965000,25930.000004365134,-53242.62382678699,291.7153129057451
12970000,25940.00000436717,-53073.75274911121,297.8568414075385
12975000,25950.00000436921,-53009.73740389451,301.14971760556506
12980000,25960.000004371246,-53049.52778577144,302.3308141559325
12985000,25970.000004373283,-53132.60040847122,306.02738173922194
12990000,25980.00000437532,-53556.412227028835,293.3983327305473
12995000,25990.000004377358,-53270.83259499923,294.9093716483738
13000000,26000.000004379395,-52824.568337951,298.05378610419854
13005000,26010.000004381433,-52989.76135635105,300.152951883806
13010000,26020.00000438347,-53229.93698556998,296.42456389374684
13015000,26030.000004385507,-53078.83412805805,300.95009451696217
13020000,26040.000004387544,-52972.07605448627,297.34642884289406
13025000,26050.00000438958,-53358.854743574775,299.1047506647182
13030000,26060.00000439162,-53071.092174789694,300.73298058490275
13035000,26070.000004393656,-52653.767113349924,295.0527914908492
13040000,26080.000004395693,-53165.48032738405,288.3332255715471
13045000,26090.00000439773,-53473.67716535507,295.5010760940701
13050000,26100.000004399768,-52873.553673553804,297.46429190682403
13055000,26110.000004401805,-53215.19164636254,296.0645246890466
13060000,26120.000004403842,-53109.41823915258,306.92145154327636
13065000,26130.00000440588,-53138.78754596741,298.59748067374164
13070000,26140.000004407917,-52771.01814244391,299.7216191983507
13075000,26150.000004409954,-53019.59684612852,293.5716117903874
13080000,26160.00000441199,-52967.55380750849,306.46299386156807
13085000,26170.00000441403,-52659.344232570875,297.8872453349721
13090000,26180.000004416066,-53421.76608259074,296.36187464215925
13095000,26190.000004418103,-52867.624883128854,290.2934365344312
13100000,26200.00000442014,-53172.4447701234,293.363282935229
13105000,26210.000004422178,-53092.639921656286,304.03903420408227
13110000,26220.000004424215,-53121.15581850917,297.63276338188473
13115000,26230.000004426252,-53317.6741592192,302.0879703153064
13120000,26240.00000442829,-53149.050239820965,298.72232635744155
13125000,26250.000004430327,-53189.72498228337,293.26821663274563
13130000,26260.000004432364,-52994.31304173608,304.3568178329636
13135000,26270.0000044344,-53374.361171878874,297.33978476615096
13140000,26280.00000443644,-53061.00213005877,302.33914892797424
13145000,26290.000004438476,-53226.01077458821,299.5983488204531
13150000,26300.000004440513,-53235.32388210777,294.99042786398854
13155000,26310.00000444255,-52969.61945386251,297.9712760935592
13160000,26320.000004444588,-53298.40071350892,295.75189723747764
13165000,26330.000004446625,-52614.5445394516,302.72464798711434
13170000,26340.000004448662,-52895.205298921355,293.7192201849361
13175000,26350.0000044507,-53127.075751717464,298.3888990870774
13180000,26360.000004452737,-53511.48259021953,287.47256133770037
13185000,26370.000004454774,-52930.7674594555,304.9239752109179
13190000,26380.00000445681,-52951.48872208453,298.46750444578606
13195000,26390.00000445885,-52983.173843127646,301.63362988186293
13200000,26400.000004460886,-53224.403225886694,300.1142229057589
13205000,26410.000004462923,-53218.788140251476,305.3637171304685
13210000,26420.00000446496,-52677.87224743978,301.17969659724264
13215000,26430.000004466998,-53217.92570373064,294.9015761004011
13220000,26440.000004469035,-52993.79576903593,301.82053641325194
13225000,26450.000004471072,-53229.429636466375,296.37429584858273
13230000,26460.00000447311,-52968.12664334077,294.8217794129789
13235000,26470.000004475147,-53690.01712835947,304.67218150509484
13240000,26480.000004477184,-53232.77398099299,292.35463599443835
13245000,26490.00000447922,-53097.74976853415,297.4915510099417
13250000,26500.00000448126,-53058.75312454792,300.4434464702467
13255000,26510.000004483296,-53085.22606017915,292.4597453810123
13260000,26520.000004485333,-53153.28682757274,297.6486154409749
13265000,26530.00000448737,-53263.025143941195,297.72370293353134
13270000,26540.000004489408,-53125.348525568756,310.99010346647697
13275000,26550.000004491445,-53302.546847583755,292.5261745955702
13280000,26560.000004493482,-53163.10305097158,295.9980357777994
13285000,26570.00000449552,-53454.8219951496,306.6650110815831
13290000,26580.000004497557,-53097.954912819085,302.31527962208696
13295000,26590.000004499594,-52519.86971073743,302.63947111503336
13300000,26600.00000450163,-53098.23733857347,285.91486013449105
13305000,26610.00000450367,-52659.35185616175,303.01391534738775
13310000,26620.000004505706,-52980.12877163652,295.02394831627396
13315000,26630.000004507743,-53149.75832315735,298.04547501685676
13320000,26640.00000450978,-53218.67567469983,302.67847809066353
13325000,26650.000004511818,-53121.08330899861,307.10928320645564
13330000,26660.000004513855,-53015.67748622401,302.34631421557015
13335000,26670.000004515892,-52723.85270277975,300.3222545512419
13340000,26680.00000451793,-52963.605263492675,302.855680208272
13345000,26690.000004519967,-53004.66160935091,294.5958405922948
13350000,26700.000004522004,-53050.249502657505,293.81244019519545
13355000,26710.00000452404,-52982.49875605563,300.3703625166759
13360000,26720.00000452608,-53359.819989897136,295.46512242977735
13365000,26730.000004528116,-52697.431620165706,294.69889556789656
13370000,26740.000004530153,-52974.23614991436,293.73238578173084
13375000,26750.00000453219,-53213.26968142501,291.0270809581489
13380000,26760.000004534228,-53295.96417761801,294.22496389650024
13385000,26770.000004536265,-53093.45969318552,292.78423370252443
13390000,26780.000004538302,-53128.66807365618,295.72394829069015
13395000,26790.00000454034,-52988.55535814373,290.61053023285257
13400000,26800.000004542377,-52950.2968099227,300.7080274581237
13405000,26810.000004544414,-52922.809644230525,292.16703107912974
13410000,26820.00000454645,-53064.87611581813,291.90073135327447
13415000,26830.00000454849,-52953.55349000369,296.84919800887485
13420000,26840.000004550526,-52837.948672592756,296.1737023768211
13425000,26850.000004552563,-52905.00236242474,309.46428972574785
13430000,26860.0000045546,-52826.03741562209,296.9860099148297
13435000,26870.000004556638,-52836.304550478584,305.95218780035793
13440000,26880.000004558675,-52838.46024363424,304.766145657654
13445000,26890.000004560712,-53042.39897027478,300.5671224018498
13450000,26900.00000456275,-52774.86300790726,304.604997475512
13455000,26910.000004564787,-52899.64455527585,297.2949060947986
13460000,26920.000004566824,-52855.74475205646,302.45720482664393
13465000,26930.00000456886,-52713.58186503456,304.7370848366029
13470000,26940.0000045709,-52988.2899250036,300.28803296457363
13475000,26950.000004572936,-53316.86429661306,297.13244326273366
13480000,26960.000004574973,-53349.4213281227,297.3284928774948
13485000,26970.00000457701,-52943.34685357765,301.063346650863
13490000,26980.000004579048,-53010.13470809831,306.16861931489706
13495000,26990.000004581085,-52993.64932838356,292.2421873532317
13500000,27000.000004583122,-53178.17363471299,291.24765662913876
13505000,27010.00000458516,-53280.24858451105,296.78471022566254
13510000,27020.000004587197,-53586.791261839535,288.5356546527707
13515000,27030.000004589234,-52774.31115661026,303.04851221329045
13520000,27040.00000459127,-53057.45729276331,304.36775081789
13525000,27050.00000459331,-52911.19628440673,294.7037312745815
13530000,27060.000004595346,-52706.61074678213,303.44932711330836
13535000,27070.000004597383,-52799.64144476468,294.01274348856583
13540000,27080.00000459942,-53176.25084281372,303.7676990088213
13545000,27090.000004601457,-53054.91128124413,296.1392729715402
13550000,27100.000004603495,-53215.93710091297,302.7026892976444
13555000,27110.000004605532,-53363.85654467362,303.2777623728223
13560000,27120.00000460757,-53303.13731593531,308.8979055260379
13565000,27130.000004609607,-52941.2980984046,293.3288875151344
13570000,27140.000004611644,-53118.67460433376,294.7417508018144
13575000,27150.00000461368,-52881.675793930364,293.34685761986356
13580000,27160.00000461572,-53155.7622441531,294.5579746045246
13585000,27170.000004617756,-53051.384299511206,293.28246513234114
13590000,27180.000004619793,-53167.043278342695,304.201349654185
13595000,27190.00000462183,-53508.606543384114,300.90767543820533
13600000,27200.000004623867,-52708.02039590673,301.1557578747186
13605000,27210.000004625905,-52553.224840345094,293.96586101446945
13610000,27220.000004627942,-52923.404210928624,298.58278125566875
13615000,27230.00000462998,-52809.196675850544,297.7317119633399
13620000,27240.000004632016,-53064.16840737776,293.8385260642371
13625000,27250.000004634054,-52837.32444722313,297.9090252556855
13630000,27260.00000463609,-53279.745167396235,311.5816546453683
13635000,27270.00000463813,-53374.31241102348,306.11359502126567
13640000,27280.000004640166,-53276.970607620344,307.8958487750365
13645000,27290.000004642203,-52743.00957757636,298.2472488877853
13650000,27300.00000464424,-53144.08872362098,291.9969140711976
13655000,27310.000004646277,-52810.7513373009,294.4762169298555
13660000,27320.000004648315,-53097.15919941777,301.95582118965166
13665000,27330.000004650352,-53094.18847447462,292.95610871397355
13670000,27340.00000465239,-53016.06280590792,303.435088778529
13675000,27350.000004654426,-53007.69459034433,295.665967324598
13680000,27360.000004656464,-53230.82319599594,298.67083474779236
13685000,27370.0000046585,-53624.78381802741,302.16081589084575
13690000,27380.00000466054,-53510.52343318594,298.40562827365704
13695000,27390.000004662576,-53499.22568136337,304.4681962194725
13700000,27400.000004664613,-53159.14245828922,304.72492992628264
13705000,27410.00000466665,-53172.629047309194,296.84741901808655
13710000,27420.000004668687,-53250.48885953147,296.2318570818101
13715000,27430.000004670725,-53230.75810511378,302.2396858648754
13720000,27440.000004672762,-53304.52250975525,302.66970336944553
13725000,27450.0000046748,-52874.67251158244,299.43231588078226
13730000,27460.000004676836,-53508.85000831066,304.9285021934715
13735000,27470.000004678874,-53133.21695449948,296.3644675322137
13740000,27480.00000468091,-52850.398068101465,294.0833083611836
13745000,27490.00000468295,-53132.57413279699,299.6473106710642
13750000,27500.000004684985,-53067.39796941189,299.2680454468363
13755000,27510.000004687023,-53431.17158833254,296.067641040676
13760000,27520.00000468906,-53074.09160113108,298.1423257497841
13765000,27530.000004691097,-53447.471694812324,294.71671133830955
13770000,27540.000004693135,-52828.55401687283,290.3783533864109
13775000,27550.00000469517,-53270.284794796025,299.32060852240016
13780000,27560.00000469721,-53043.67394823546,299.8804950119673
13785000,27570.000004699246,-53137.299134108995,296.99727729283165
13790000,27580.000004701284,-53137.60153269468,305.6369866486761
13795000,27590.00000470332,-52996.281909707934,294.1334679539311
13800000,27600.000004705358,-53369.40631877896,294.3685321498482
13805000,27610.000004707395,-52914.8571806151,298.83538289799816
13810000,27620.000004709433,-52768.24600230844,301.80474855855226
13815000,27630.00000471147,-52742.841876532126,296.9182413374526
13820000,27640.000004713507,-53041.87671084498,300.85024347852743
13825000,27650.000004715544,-52945.93132120039,297.5244405346351
13830000,27660.00000471758,-52900.13106597797,295.72438065031906
13835000,27670.00000471962,-53305.951169112464,300.151932224199
13840000,27680.000004721656,-52720.31616554785,303.08610799046284
13845000,27690.000004723694,-53002.74043218314,303.0234549466064
13850000,27700.00000472573,-52924.822683421924,305.99375685593543
13855000,27710.000004727768,-53141.22616494045,298.8100046509124
13860000,27720.000004729805,-53420.53434669372,301.9442208869363
13865000,27730.000004731843,-53131.43508712141,304.98661363725154
13870000,27740.00000473388,-53144.948997876025,295.7910142487367
13875000,27750.000004735917,-53235.68195553936,299.91500262230886
13880000,27760.000004737954,-53008.1677512968,296.13636765836867
13885000,27770.00000473999,-52852.59297751554,289.3523248397972
13890000,27780.00000474203,-53678.63633226871,299.498443581743
13895000,27790.000004744066,-52966.30386491999,297.1683467504305
13900000,27800.000004746104,-53088.01704397364,306.78787094639694
13905000,27810.00000474814,-53017.91355596346,293.90727468344147
13910000,27820.000004750178,-52879.90980212213,295.2512716076239
13915000,27830.000004752215,-53016.35611506135,298.8504409693767
13920000,27840.000004754253,-52966.87098437792,298.3220592540151
13925000,27850.00000475629,-52989.64360329672,305.3755350253481
13930000,27860.000004758327,-53318.79179864828,295.8944270366277
13935000,27870.000004760364,-52804.94980725821,295.8678315309659
13940000,27880.0000047624,-53001.80042193411,297.49983358330945
13945000,27890.00000476444,-53260.46272663065,303.0181922907146
13950000,27900.000004766476,-52947.19439305173,295.45096250901406
13955000,27910.000004768513,-53152.55690528723,299.58732016280237
13960000,27920.00000477055,-53036.33588880321,298.7749223759904
13965000,27930.000004772588,-52862.0329314431,292.84253349374166
13970000,27940.000004774625,-53537.10261230287,302.54678256804607
13975000,27950.000004776663,-53134.315540140524,303.23199913987105
13980000,27960.0000047787,-53153.277322691254,298.14520958327137
13985000,27970.000004780737,-52722.39661259216,299.1583331357078
13990000,27980.000004782774,-52776.3481323524,298.4498006121677
13995000,27990.00000478481,-53439.81329416233,303.16786675277905
14000000,28000.00000478685,-53193.85510221333,285.54051768026494
14005000,28010.000004788886,-52947.582996326324,300.3430394999442
14010000,28020.000004790923,-52828.48411594951,297.18039798168326
14015000,28030.00000479296,-53249.45059070125,303.66258123238777
14020000,28040.000004794998,-53067.31583318557,295.57005731474095
14025000,28050.000004797035,-53065.395831826696,294.24725836644484
14030000,28060.000004799072,-52840.180935141805,294.61322678736093
14035000,28070.00000480111,-53110.243683559354,297.51086783529
14040000,28080.000004803147,-53024.00200195928,305.613420525076
14045000,28090.000004805184,-52905.90739959155,294.79578331001915
14050000,28100.00000480722,-52943.68490061449,298.77468202317056
14055000,28110.00000480926,-53628.35841290996,301.117147855659
14060000,28120.000004811296,-53262.9565303938,297.32541591016775
14065000,28130.000004813333,-53494.74814349215,301.8157483583335
14070000,28140.00000481537,-53599.677695914055,288.19213684026437
14075000,28150.000004817408,-53265.62326726131,303.6140055979557
14080000,28160.000004819445,-52950.11429853685,307.8194783934823
14085000,28170.000004821482,-52771.405796223145,295.1892741636393
14090000,28180.00000482352,-52882.952934173634,299.9430086381309
14095000,28190.000004825557,-53087.73813072697,298.24218756168887
14100000,28200.000004827594,-52961.789832739276,300.678329720485
14105000,28210.00000482963,-53204.95439947417,302.6630250187734
14110000,28220.00000483167,-52661.58662566182,302.31172208866127
14115000,28230.000004833706,-52974.37043450322,298.93664583615697
14120000,28240.000004835743,-53131.18074437417,303.07020486710627
14125000,28250.00000483778,-52922.58350349142,300.5449409739542
14130000,28260.000004839818,-53110.86488316575,297.43444844780066
14135000,28270.000004841855,-52729.41217697068,303.30952253707295
14140000,28280.000004843892,-52921.22400871478,300.02606682454115
14145000,28290.00000484593,-52445.08600097755,294.87808551172054
14150000,28300.000004847967,-53081.089898834645,293.82871154394047
14155000,28310.000004850004,-53248.85078848293,288.81735300225085
14160000,28320.00000485204,-53264.38557378735,294.6303210723645
14165000,28330.00000485408,-53056.82743487749,298.8259198846995
14170000,28340.000004856116,-53183.70261720443,296.79580336252144
14175000,28350.000004858153,-52999.67765915449,303.4429408890912
14180000,28360.00000486019,-52850.605950897385,293.9365751972391
14185000,28370.000004862228,-52887.76146757044,309.9494026804767
14190000,28380.000004864265,-53260.3488492241,299.594445617514
14195000,28390.000004866302,-52921.31921312885,302.3046029583278
14200000,28400.00000486834,-53526.40612684653,291.71187604088715
14205000,28410.000004870377,-53050.07466809143,294.7086342328824
14210000,28420.000004872414,-52706.27100417379,300.9469528457825
14215000,28430.00000487445,-52959.6676626619,296.37105430290745
14220000,28440.00000487649,-53314.03145595253,294.1074820014
14225000,28450.000004878526,-53115.17563775604,302.1265269153689
14230000,28460.000004880563,-53353.38831629776,302.0068887895726
14235000,28470.0000048826,-53017.91575875273,302.1683089082846
14240000,28480.000004884638,-53487.17093487445,298.9038373037584
14245000,28490.000004886675,-53314.48368013141,293.7262789368858
14250000,28500.000004888712,-52679.352619615616,299.197349222326
14255000,28510.00000489075,-52382.26548618416,295.34127838052666
14260000,28520.000004892787,-52675.39613031337,297.03370023431427
14265000,28530.000004894824,-53248.4533955497,299.78594918425887
14270000,28540.00000489686,-53277.77242577309,300.19092832221526
14275000,28550.0000048989,-52832.20588634937,291.3355169121898
14280000,28560.000004900936,-52790.25697995239,297.4553916691273
14285000,28570.000004902973,-53160.49882123596,304.1030469657448
14290000,28580.00000490501,-53204.14037337,303.2030907415229
14295000,28590.000004907048,-53570.86858871899,293.6639611412847
14300000,28600.000004909085,-52941.89567475146,298.62201748537177
14305000,28610.000004911122,-53085.299818511616,292.7120751185627
14310000,28620.00000491316,-53256.40051778359,298.41888500115823
14315000,28630.000004915197,-52830.30124362986,298.0530009464242
14320000,28640.000004917234,-53197.357446014445,300.5137190075063
14325000,28650.00000491927,-53218.84372313044,302.9757298553705
14330000,28660.00000492131,-53206.9766850539,316.1156108622792
14335000,28670.000004923346,-53065.120033608546,294.4528027626428
14340000,28680.000004925383,-53236.599603457056,296.16550210131624
14345000,28690.00000492742,-52833.38518363249,294.1375474803772
14350000,28700.000004929458,-53140.33731048516,291.5468891015226
14355000,28710.000004931495,-53137.75052098118,306.23100148983303
14360000,28720.000004933532,-53208.30780561513,304.44340375938305
14365000,28730.00000493557,-52622.826560173824,297.5677069544523
14370000,28740.000004937607,-53160.47558131057,298.59019423321143
14375000,28750.000004939644,-52959.48755997082,300.992064798116
14380000,28760.00000494168,-52884.7603693929,300.27471326944124
14385000,28770.00000494372,-52867.815485372295,295.9147273897369
14390000,28780.000004945756,-53187.732761833206,298.16492371273927
14395000,28790.000004947793,-53144.78329841021,296.70302261268057
14400000,28800.00000494983,-53134.84184032088,302.5064501488982
14405000,28810.000004951868,-52913.949212352396,294.53387305672584
14410000,28820.000004953905,-53036.7292970148,295.3909067744151
14415000,28830.000004955942,-52614.438214422145,299.1561565505967
14420000,28840.00000495798,-52896.65633062538,301.7724980067674
14425000,28850.000004960017,-53284.70375973097,298.41231419361077
14430000,28860.000004962054,-52807.58617373073,292.9667399991958
14435000,28870.00000496409,-53174.51930327053,305.1150209593294
14440000,28880.00000496613,-53505.36134257782,301.22243981188933
14445000,28890.000004968166,-52679.284439573734,304.32213944040836
14450000,28900.000004970203,-53355.55758305517,299.27079740074333
14455000,28910.00000497224,-52594.73555660804,299.1372848176298
14460000,28920.000004974278,-53323.19607863523,289.14430650061706
14465000,28930.000004976315,-53199.96579350589,305.2240738286419
14470000,28940.000004978352,-52575.93063364588,296.5471212582054
14475000,28950.00000498039,-53076.077086832054,291.9594298748015
14480000,28960.000004982427,-52987.132296612865,296.2634680746777
14485000,28970.000004984464,-52910.83729121671,296.7127858114553
14490000,28980.0000049865,-53227.19469718204,294.84811643041627
14495000,28990.00000498854,-53037.25064801288,298.0551481782637
14500000,29000.000004990576,-52967.61321306863,306.3205764458867
14505000,29010.000004992613,-53008.757810347364,293.78280005473874
14510000,29020.00000499465,-52957.04225156133,297.6922387737501
14515000,29030.000004996687,-53019.892579564126,305.10604471293243
14520000,29040.000004998725,-53373.06727108802,307.32096071266136
14525000,29050.000005000762,-52745.95884464463,295.9618057466055
14530000,29060.0000050028,-53073.423324122676,305.49572032070375
14535000,29070.000005004837,-52797.89018973691,297.751919875814
14540000,29080.000005006874,-53004.74376995623,302.113229666333
14545000,29090.00000500891,-52580.28945912275,294.4374296153935
14550000,29100.00000501095,-53180.110335102654,302.76203733371756
14555000,29110.000005012986,-53041.62938413519,292.6740511748709
14560000,29120.000005015023,-52756.36169257003,296.35939170826333
14565000,29130.00000501706,-52680.48865982401,303.119161293914
14570000,29140.000005019097,-53192.35101417295,300.67299352225956
14575000,29150.000005021135,-53163.1562643963,298.26897573737205
14580000,29160.000005023172,-53129.62707376861,297.2564196221311
14585000,29170.00000502521,-52997.11450890679,307.1771874700307
14590000,29180.000005027247,-52880.837037897436,299.57596482174205
14595000,29190.000005029284,-53086.3946087255,299.6371578047938
14600000,29200.00000503132,-52601.039646089484,295.1106940400817
14605000,29210.00000503336,-53084.78849736063,301.5192631230096
14610000,29220.000005035396,-52712.360825061274,302.10939580851823
14615000,29230.000005037433,-53163.36695036845,295.7306736178629
14620000,29240.00000503947,-53156.575219667604,302.3590783612664
14625000,29250.000005041507,-53168.76742496688,293.58820874449367
14630000,29260.000005043545,-53257.04644501829,293.9753528780104
14635000,29270.000005045582,-52954.803838503896,296.52158255625204
14640000,29280.00000504762,-52901.838347846526,303.67845446428674
14645000,29290.000005049656,-53065.35885417249,294.5088762736651
14650000,29300.000005051694,-53126.490164036746,298.62643864399513
14655000,29310.00000505373,-52728.520604419784,296.99162135667814
14660000,29320.00000505577,-53135.303564173664,294.2139781226177
14665000,29330.000005057806,-53053.94727423042,301.97733473096883
14670000,29340.000005059843,-52644.47604666569,298.25668993258546
14675000,29350.00000506188,-52836.41404696932,301.82824585465073
14680000,29360.000005063917,-53313.71764816507,302.5808672871609
14685000,29370.000005065955,-53099.53210343071,296.0639928708995
14690000,29380.000005067992,-52688.8113363274,298.33954816604984
14695000,29390.00000507003,-53345.3186705251,305.78069815711046
14700000,29400.000005072066,-53273.217416899424,303.47769874020537
14705000,29410.000005074104,-53015.162546197884,290.6335696418033
14710000,29420.00000507614,-52926.182861295325,305.08196615977016
14715000,29430.00000507818,-53315.23393089688,293.0700217657026
14720000,29440.000005080215,-53024.05527822807,294.4853940647966
14725000,29450.000005082253,-53196.77214349079,299.34689229404216
14730000,29460.00000508429,-53071.66797362239,298.3710790713755
14735000,29470.000005086327,-52968.66161744774,305.29898360533986
14740000,29480.000005088365,-53253.33360068593,305.357264454579
14745000,29490.000005090402,-53183.29201929079,301.5521642114362
14750000,29500.00000509244,-53318.56164177053,297.1835016649957
14755000,29510.000005094476,-53037.24859423764,304.9504907886877
14760000,29520.000005096514,-53009.390539392014,295.01520019855053
14765000,29530.00000509855,-52885.545841055864,297.00526465878744
14770000,29540.000005100588,-52921.13221169816,301.74130969410896
14775000,29550.000005102625,-53107.7246823755,292.4048748416922
14780000,29560.000005104663,-52727.29960691146,309.9866020863095
14785000,29570.0000051067,-52915.519571721525,304.0795342416309
14790000,29580.000005108737,-52940.8891119195,298.4409860755426
14795000,29590.000005110775,-52865.65333046153,302.76179418897664
14800000,29600.00000511281,-52857.202599360375,295.5902641385447
14805000,29610.00000511485,-53380.47187236138,297.94056909192585
14810000,29620.000005116886,-53468.04346933402,298.47066433333583
14815000,29630.000005118924,-52843.487408658926,297.81461077212174
14820000,29640.00000512096,-53095.07535724732,303.0805682400628
14825000,29650.000005122998,-52776.60334374881,295.32630579989416
14830000,29660.000005125035,-53095.89931051555,304.5868920261781
14835000,29670.000005127073,-53212.5798048579,295.7968283828399
14840000,29680.00000512911,-53059.72460956639,295.5398404586872
14845000,29690.000005131147,-53136.77843620328,306.97754548592195
14850000,29700.000005133184,-53100.646266298776,292.11741340518705
14855000,29710.00000513522,-53116.35925431922,297.0702998168064
14860000,29720.00000513726,-52926.230431938486,302.38518705173476
14865000,29730.000005139296,-53421.64149752393,302.1015776437467
14870000,29740.000005141334,-53249.384032346075,297.9524486574233
14875000,29750.00000514337,-52659.7979149858,300.3176075806362
14880000,29760.000005145408,-52899.96203257394,294.13070292024275
14885000,29770.000005147445,-53275.83970761183,291.1833422503677
14890000,29780.000005149483,-53056.408221733116,303.18636347428185
14895000,29790.00000515152,-52884.751104353025,305.62774471389974
14900000,29800.000005153557,-52722.759031550406,302.9223617417299
14905000,29810.000005155594,-53442.08762765114,291.78169312082747
14910000,29820.00000515763,-52697.78141940606,299.86023972266
14915000,29830.00000515967,-53421.676118355186,298.5271447830969
14920000,29840.000005161706,-52625.33251854355,301.09466065571036
14925000,29850.000005163743,-52829.45490190026,298.57211594122987
14930000,29860.00000516578,-53297.92253305545,306.5653382222055
14935000,29870.000005167818,-53418.00699105678,306.55826708438514
14940000,29880.000005169855,-52783.24600377944,293.54683319544125
14945000,29890.000005171893,-52654.16721817182,300.1059642022762
14950000,29900.00000517393,-53097.71521445882,302.3132454391292
14955000,29910.000005175967,-52735.25273129917,306.2248600035993
14960000,29920.000005178004,-53238.13633367323,298.02690813777843
14965000,29930.00000518004,-52930.99573871994,292.4525911149074
14970000,29940.00000518208,-53230.61164421952,302.1043645538961
14975000,29950.000005184116,-52787.720996663265,299.6401038960144
14980000,29960.000005186153,-53296.48059598915,300.133805806472
14985000,29970.00000518819,-52867.48545094332,299.2779552300814
14990000,29980.000005190228,-53442.180617878155,293.339764207636
14995000,29990.000005192265,-53009.31966446899,296.6418692255495
15000000,30000.000005194303,-53263.80255418157,294.01646741063564
15005000,30010.00000519634,-53133.1404743061,300.830605770299
15010000,30020.000005198377,-53096.42387063347,293.9373933543957
15015000,30030.000005200414,-52816.875133975,295.61347994171723
15020000,30040.00000520245,-53052.09856790758,301.87226079090135
15025000,30050.00000520449,-53205.26420989094,300.8192125006917
15030000,30060.000005206526,-53041.186436363816,305.98754318153624
15035000,30070.000005208563,-52943.026431534905,299.03136914792435
15040000,30080.0000052106,-52945.47525946546,293.4251164574652
15045000,30090.000005212638,-52924.597063315654,298.64993296993117
15050000,30100.000005214675,-52971.78472597056,293.5209410426611
15055000,30110.000005216712,-52787.99511300714,302.65973357162613
15060000,30120.00000521875,-53082.65276761461,298.9349644071897
15065000,30130.000005220787,-52899.09061732507,286.3673037192895
15070000,30140.000005222824,-53015.25548349132,300.0422747586619
15075000,30150.00000522486,-52940.93561827473,300.18730484474605
15080000,30160.0000052269,-52951.04943718205,295.3523709406212
15085000,30170.000005228936,-53351.77214388471,292.3935389632181
15090000,30180.000005230973,-53326.53012932802,300.70072350784056
15095000,30190.00000523301,-53012.298455493205,302.7458476445485
15100000,30200.000005235048,-52979.833908747765,291.9569727709964
15105000,30210.000005237085,-53340.03200716863,294.23023625233634
15110000,30220.000005239122,-53396.73064503004,297.0753041042751
15115000,30230.00000524116,-53379.47934905422,300.2677768883117
15120000,30240.000005243197,-53142.259226922906,293.6898985085422
15125000,30250.000005245234,-52553.639446433226,296.99966717248975
15130000,30260.00000524727,-53026.52380343087,297.6356479107396
15135000,30270.00000524931,-53260.364028025884,296.4971997690628
15140000,30280.000005251346,-52936.07363656821,298.0586846815946
15145000,30290.000005253383,-53562.23088409359,303.62391798442934
15150000,30300.00000525542,-52920.68791281755,302.70810930550533
15155000,30310.000005257458,-52938.21997754552,296.19856896699025
15160000,30320.000005259495,-53047.87724528072,294.15693799375146
15165000,30330.000005261532,-53164.54009592114,307.26642261578127
15170000,30340.00000526357,-53365.745409134426,301.5819577446747
15175000,30350.000005265607,-53024.65669837367,298.65481134145347
15180000,30360.000005267644,-53370.554760649306,294.47549921647766
15185000,30370.00000526968,-53018.62723093902,298.25983464106685
15190000,30380.00000527172,-52910.309446230036,297.69102569106803
15195000,30390.000005273756,-52882.94387233147,303.0590461554332
15200000,30400.000005275793,-53090.34707967413,296.483322725169
15205000,30410.00000527783,-53204.606769470905,295.633611867113
15210000,30420.000005279868,-53266.230715163285,305.12410466565456
15215000,30430.000005281905,-52947.241111128445,295.5725859825579
15220000,30440.000005283942,-53310.524991786864,299.4781105447779
15225000,30450.00000528598,-52696.2097879927,298.00738760094475
15230000,30460.000005288017,-52895.83418969816,295.1189790272765
15235000,30470.000005290054,-52911.72458317221,298.8173116813743
15240000,30480.00000529209,-52902.58615413497,294.62721712056765
15245000,30490.00000529413,-53245.96440141491,296.1748349399811
15250000,30500.000005296166,-53313.0363580657,300.2791242239472
15255000,30510.000005298203,-52960.377541760565,301.7967994533111
15260000,30520.00000530024,-53187.132737034466,294.9502050253017
15265000,30530.000005302278,-52923.74930423667,296.72389945267645
15270000,30540.000005304315,-53187.88520244503,288.8233804532597
15275000,30550.000005306352,-52902.06297970243,306.367846067864
15280000,30560.00000530839,-53266.73668635989,296.1892867629686
15285000,30570.000005310427,-53634.04623171565,304.206978733126
15290000,30580.000005312464,-52977.53576878403,298.4243596517389
15295000,30590.0000053145,-53032.5603166777,298.8103053409576
15300000,30600.00000531654,-52942.2085820378,292.347434417953
15305000,30610.000005318576,-52903.564983258664,304.0378067419648
15310000,30620.000005320613,-53207.88863280756,298.5669996831057
15315000,30630.00000532265,-53019.5863573759,293.638889904993
15320000,30640.000005324688,-53274.9329320268,306.77412882474937
15325000,30650.000005326725,-53114.93790486283,295.3226113648427
15330000,30660.000005328762,-52797.13711559278,307.81038252951845
15335000,30670.0000053308,-53084.02468190965,301.9332575358269
15340000,30680.000005332837,-52933.54816793965,296.10183287524427
15345000,30690.000005334874,-53235.1466698329,300.35282064624784
15350000,30700.00000533691,-53114.594590201246,296.1343626113945
15355000,30710.00000533895,-52798.840259813296,303.90002145122247
15360000,30720.000005340986,-52826.29870525288,295.48909607461775
15365000,30730.000005343023,-53036.419585945405,301.7861584651782
15370000,30740.00000534506,-53251.2882683003,295.59942501550427
15375000,30750.000005347098,-53186.66235385832,301.3141290177484
15380000,30760.000005349135,-52578.48934769182,296.98994094354055
15385000,30770.000005351172,-52970.29422195075,291.19266424409744
15390000,30780.00000535321,-53175.442773635994,297.2464872383773
15395000,30790.000005355247,-52947.200442377536,298.89124967689906
15400000,30800.000005357284,-53251.977106843406,300.4350210592571
15405000,30810.00000535932,-52865.569288785686,294.9025664325666
15410000,30820.00000536136,-53145.51065121943,289.624372217426
15415000,30830.000005363396,-52845.043314489274,299.19114101538213
15420000,30840.000005365433,-53369.42749011377,285.1159037945364
15425000,30850.00000536747,-52993.45140600149,294.58843712671046
15430000,30860.000005369508,-53396.404391808726,295.5975970447792
15435000,30870.000005371545,-52849.741457551776,306.6285152388755
15440000,30880.000005373582,-53016.94031237578,299.70791332200395
15445000,30890.00000537562,-53258.98998803034,306.2094931765279
15450000,30900.000005377657,-52962.49167154549,300.5225521827416
15455000,30910.000005379694,-52892.36036674291,295.33074341506483
15460000,30920.00000538173,-52752.98152293495,299.7591811276533
15465000,30930.00000538377,-53123.303258901695,298.8337958736517
15470000,30940.000005385806,-52694.10998803214,291.3773450348206
15475000,30950.000005387843,-53209.20066172813,305.8300264303699
15480000,30960.00000538988,-52850.02643792238,304.01777348063877
15485000,30970.000005391918,-52913.51180473805,299.5487285037958
15490000,30980.000005393955,-53135.997750976996,295.4743644725624
15495000,30990.000005395992,-52884.32411409289,298.8762818129191
15500000,31000.00000539803,-52641.71781647921,298.9551587292007
15505000,31010.000005400067,-53071.94350865914,299.8420795998313
15510000,31020.000005402104,-53119.02321062292,299.1490190718194
15515000,31030.00000540414,-53045.691745170305,300.43366800482926
15520000,31040.00000540618,-52916.314151493425,300.13942231793544
15525000,31050.000005408216,-53286.12785433783,295.91240419894183
15530000,31060.000005410253,-53115.695256896346,302.4406987925323
15535000,31070.00000541229,-52519.97733086065,294.56817137110284
15540000,31080.000005414327,-52782.87358019827,296.44547422058355
15545000,31090.000005416365,-53368.7126062545,304.68371648528023
15550000,31100.000005418402,-52725.00466556387,299.6536953272331
15555000,31110.00000542044,-52945.39441056352,295.36565516470137
15560000,31120.000005422477,-52879.576123441046,298.0853895574728
15565000,31130.000005424514,-53408.95794454237,301.68002999708534
15570000,31140.00000542655,-52911.78255153514,300.8395520283041
15575000,31150.00000542859,-52957.926171065366,296.54561641328786
15580000,31160.000005430626,-52957.184443701146,292.8733717729329
15585000,31170.000005432663,-53215.23841545242,302.33515680099913
15590000,31180.0000054347,-53205.77236216783,293.9397838647242
15595000,31190.000005436737,-52983.55273868312,295.26466840332677
15600000,31200.000005438775,-52824.93648987351,295.43135255827724
15605000,31210.000005440812,-52607.14785011887,298.28359061947106
15610000,31220.00000544285,-52992.534816202824,300.04335845166935
15615000,31230.000005444886,-53320.614557621826,290.18729088891416
15620000,31240.000005446924,-52937.8671037498,305.6736612142372
15625000,31250.00000544896,-52607.310881815036,305.3578581019419
15630000,31260.000005451,-53132.72827625697,297.9797819692887
15635000,31270.000005453036,-52990.05743765258,305.624745068308
15640000,31280.000005455073,-52847.62538133576,297.97545690591176
15645000,31290.00000545711,-53054.24586832011,301.62392859338223
15650000,31300.000005459147,-53166.467418593355,296.97904061628395
15655000,31310.000005461185,-53161.1094015385,291.922206236817
15660000,31320.000005463222,-53090.536451003485,300.75091900393903
15665000,31330.00000546526,-53190.76663160714,296.8734870455054
15670000,31340.000005467296,-53169.36836638226,294.7920815821157
15675000,31350.000005469334,-53254.75731621927,298.7528197727706
15680000,31360.00000547137,-52803.542106571986,289.54640881740727
15685000,31370.00000547341,-52892.373958657525,297.97322755906214
15690000,31380.000005475446,-53102.03062965549,294.4196897721159
15695000,31390.000005477483,-53045.67876454082,297.6720756050358
15700000,31400.00000547952,-53204.072736448084,292.7181038313122
15705000,31410.000005481557,-53328.043208489486,297.70749244124084
15710000,31420.000005483595,-53294.118230866705,299.35997508580806
15715000,31430.000005485632,-52972.92314336408,314.176595836687
15720000,31440.00000548767,-53204.21703719767,304.31596695026974
15725000,31450.000005489706,-53309.07886275501,300.4444098964875
15730000,31460.000005491744,-52919.279862106865,299.2199250628538
15735000,31470.00000549378,-52923.813908218755,303.5030881727284
15740000,31480.00000549582,-53416.717593984824,304.9204225087598
15745000,31490.000005497855,-53015.15368590719,299.88870126196923
15750000,31500.000005499893,-53076.777152047754,304.33888331884555
15755000,31510.00000550193,-52705.41181694649,306.9965590320708
15760000,31520.000005503967,-52729.35465131063,304.4242312998234
15765000,31530.000005506005,-53200.48070080587,299.4386063662055
15770000,31540.00000550804,-53021.47977951547,307.294160467178
15775000,31550.00000551008,-53204.87336343026,296.94830910950174
15780000,31560.000005512116,-52784.04684141098,292.92874913317877
15785000,31570.000005514154,-53195.9253532842,295.4648199870118
15790000,31580.00000551619,-53443.248218529014,297.4742120417726
15795000,31590.000005518228,-53216.01766518253,297.42067709143237
15800000,31600.000005520265,-53147.40870555071,287.7835290433993
15805000,31610.000005522303,-53006.37516545519,302.03980231369366
15810000,31620.00000552434,-53272.3250469997,290.4724549543137
15815000,31630.000005526377,-52844.47640827802,304.4042894193495
15820000,31640.000005528414,-53166.70031976196,292.12845453409983
15825000,31650.00000553045,-53031.05751364285,304.6139922032467
15830000,31660.00000553249,-53255.80488677925,301.58885830096364
15835000,31670.000005534526,-53007.57659665827,295.31472387331064
15840000,31680.000005536564,-53100.41936430114,294.5585087447217
15845000,31690.0000055386,-53298.196981694025,303.9261806881018
15850000,31700.000005540638,-52965.281235167466,296.73918355819166
15855000,31710.000005542675,-52892.76390873629,300.4871287995751
15860000,31720.000005544713,-52627.390898194455,292.0037092611567
15865000,31730.00000554675,-53272.32933738548,302.7016547710408
15870000,31740.000005548787,-53233.49627554268,291.85473009980734
15875000,31750.000005550824,-53150.072154598456,295.3461990145247
15880000,31760.00000555286,-53295.905217087595,300.95468905964725
15885000,31770.0000055549,-52959.8237672844,294.67055820272356
15890000,31780.000005556936,-53385.940214214905,293.1031986219482
15895000,31790.000005558973,-53129.72352829587,301.7266512720605
15900000,31800.00000556101,-53197.05343415096,300.32718259979134
15905000,31810.000005563048,-52760.371517984895,298.3732205475889
15910000,31820.000005565085,-52990.73397676987,293.62719428296197
15915000,31830.000005567123,-53311.15142286639,291.0134350377242
15920000,31840.00000556916,-53575.96345652765,301.98497857874617
15925000,31850.000005571197,-52945.085774734005,304.20721431506416
15930000,31860.000005573234,-53142.221202855464,304.3495800703254
15935000,31870.00000557527,-52885.207017715904,297.29083262533294
15940000,31880.00000557731,-52907.24809766325,299.710289347454
15945000,31890.000005579346,-53068.087163918506,301.39826501120115
15950000,31900.000005581383,-53224.287131340156,298.5985126813066
15955000,31910.00000558342,-52962.50061457261,297.8887962575478
15960000,31920.000005585458,-53019.7308408746,292.7715938825266
15965000,31930.000005587495,-53128.55708328201,296.09122544860656
15970000,31940.000005589533,-53414.15963050845,293.24562018873894
15975000,31950.00000559157,-53117.844638431416,295.0392871725663
15980000,31960.000005593607,-52947.799812351615,299.24880650585646
15985000,31970.000005595644,-52972.25893391669,291.90934379549776
15990000,31980.00000559768,-53094.67984452177,300.65764829789407
15995000,31990.00000559972,-53429.52997475845,304.05105012092906
16000000,32000.000005601756,-53117.29772254612,291.1555809772151
16005000,32010.000005603793,-53063.40496800444,306.072124514064
16010000,32020.00000560583,-53178.50517621823,298.54873133165347
16015000,32030.000005607868,-52734.11593694848,302.2746098648985
16020000,32040.000005609905,-53061.09145183102,296.7238382976245
16025000,32050.000005611942,-53272.17599101539,303.1329144890055
16030000,32060.00000561398,-52860.10995207861,297.90011440508493
16035000,32070.000005616017,-52917.104273606674,298.25042743200794
16040000,32080.000005618054,-53286.286723106285,293.4246481427428
16045000,32090.00000562009,-53739.5779724055,290.64461938063573
16050000,32100.00000562213,-53157.50811180193,294.0806289995805
16055000,32110.000005624166,-53460.17091499452,290.07447387127195
16060000,32120.000005626203,-52861.23068709753,299.53085005053157
16065000,32130.00000562824,-52912.621481754526,297.8781179566022
16070000,32140.000005630278,-52710.072883189074,297.3358285876048
16075000,32150.000005632315,-53430.5716078931,298.80706475922125
16080000,32160.000005634352,-53175.04451215957,297.30497150295486
16085000,32170.00000563639,-53216.17820243415,303.44793885692815
16090000,32180.000005638427,-53080.691209913755,291.75661935086595
16095000,32190.000005640464,-53065.712168294995,298.1635123180752
16100000,32200.0000056425,-52972.11515271923,295.23918007741815
16105000,32210.00000564454,-53516.87582634491,297.7079134669464
16110000,32220.000005646576,-52819.369376681716,296.07196796480497
16115000,32230.000005648613,-53065.465193659824,308.24963407664177
16120000,32240.00000565065,-53245.90759295155,297.40955471772475
16125000,32250.000005652688,-53447.961009848834,297.88897444694277
16130000,32260.000005654725,-53239.48903554675,293.65298025192226
16135000,32270.000005656762,-52991.43080027026,298.9880370597691
16140000,32280.0000056588,-53344.71142504664,298.96015089115224
16145000,32290.000005660837,-53061.42916140208,300.2182711846706
16150000,32300.000005662874,-53035.36872603875,299.00484729323125
16155000,32310.00000566491,-53340.71331987798,297.31388520157964
16160000,32320.00000566695,-52982.10272133129,299.7032030546208
16165000,32330.000005668986,-52936.92195127113,302.3222077212571
16170000,32340.000005671023,-52726.34399351361,304.74716044668696
16175000,32350.00000567306,-52878.35501419005,309.95828314735513
16180000,32360.000005675098,-53147.53434341657,298.5040887370946
16185000,32370.000005677135,-53391.803918252466,298.8951428266911
16190000,32380.000005679172,-53025.977906949294,290.0653035133678
16195000,32390.00000568121,-52840.01516893323,299.5280040346945
16200000,32400.000005683247,-53105.19646374366,302.87552257191504
16205000,32410.000005685284,-53233.87754263007,292.32813009044764
16210000,32420.00000568732,-52990.005115636566,308.66137284722925
16215000,32430.00000568936,-53375.09472367412,298.8000649491448
16220000,32440.000005691396,-52973.05336228362,304.6190102899307
16225000,32450.000005693433,-53202.64672899005,301.03331848880566
16230000,32460.00000569547,-53172.646255144035,299.4134342256579
16235000,32470.000005697508,-52902.97638817091,304.74673049098743
16240000,32480.000005699545,-52870.54045016601,307.702137091865
16245000,32490.000005701582,-52998.26918068901,305.90018959471246
16250000,32500.00000570362,-52953.61422924776,304.79325291155897
16255000,32510.000005705657,-52949.487860884314,302.71096647473956
16260000,32520.000005707694,-52958.11380071379,300.737588166838
16265000,32530.00000570973,-52974.60024533552,301.8982939035305
16270000,32540.00000571177,-52979.50119781296,299.3899965382135
16275000,32550.000005713806,-53427.68294664199,306.26464945413016
16280000,32560.000005715843,-53544.508877421235,299.5397335205987
16285000,32570.00000571788,-52923.544628862815,295.7556622133627
16290000,32580.000005719918,-52964.307586363924,299.2242634175368
16295000,32590.000005721955,-53275.72154383815,293.5982963330663
16300000,32600.000005723992,-53066.893993270554,287.0949963410058
16305000,32610.00000572603,-52819.001716486644,298.1413052683572
16310000,32620.000005728067,-53019.75022630446,297.72123605072125
16315000,32630.000005730104,-53231.47867133422,298.7256103335002
16320000,32640.00000573214,-53025.32554004644,291.5755254333483
16325000,32650.00000573418,-52955.56154480242,296.73410099337593
16330000,32660.000005736216,-52967.61222892461,300.4754752727264
16335000,32670.000005738253,-53237.661902034335,289.5522944760173
16340000,32680.00000574029,-52768.6698736331,304.8229620543401
16345000,32690.000005742328,-52889.97985692162,294.3188405590461
16350000,32700.000005744365,-53048.62512017539,297.67718689322373
16355000,32710.000005746402,-53129.58915701916,300.73931142093056
16360000,32720.00000574844,-52687.51399693603,296.1509801461792
16365000,32730.000005750477,-52877.43304589417,287.6454703690825
16370000,32740.000005752514,-52871.394381808874,293.5911300849311
16375000,32750.00000575455,-53115.95850253868,295.5566411237831
16380000,32760.00000575659,-52963.76399711514,295.0746270843159
16385000,32770.00000575862,-53444.93909162798,297.22976042162577
16390000,32780.00000576066,-52971.29429593912,299.24502405913864
16395000,32790.0000057627,-53182.35499486767,300.39410250571814
16400000,32800.000005764734,-52496.74754094027,303.7575179224515
16405000,32810.00000576677,-53035.762721332605,295.8025508972532
16410000,32820.00000576881,-53128.73247891813,306.50929156816795
16415000,32830.000005770846,-53011.61455183703,296.8011284807662
16420000,32840.00000577288,-53000.81814549945,302.4468204240395
16425000,32850.00000577492,-52987.940239794756,305.146068636982
16430000,32860.00000577696,-52647.35922555448,299.87162502261674
16435000,32870.000005778995,-53243.12847664268,296.8888990417278
16440000,32880.00000578103,-52430.287235134514,299.8150519244612
16445000,32890.00000578307,-52970.35505138617,296.2484227248569
16450000,32900.00000578511,-53272.698320045834,299.9612226526863
16455000,32910.000005787144,-52983.396385526634,297.2138616983459
16460000,32920.00000578918,-53096.361084855715,298.42428050389157
16465000,32930.00000579122,-53135.56641303265,299.15643798392733
16470000,32940.000005793256,-53199.270437287574,297.80503324128244
16475000,32950.00000579529,-53250.93864569266,293.0004305464157
16480000,32960.00000579733,-53324.91801539436,294.5081450041891
16485000,32970.00000579937,-52833.314812245604,292.02658161985755
16490000,32980.000005801405,-53076.57752761818,298.10598343575543
16495000,32990.00000580344,-52991.51223230225,303.01813062616986
16500000,33000.00000580548,-52960.53942396282,299.22736661064215
16505000,33010.00000580752,-53026.04708479397,298.27031839463433
16510000,33020.000005809554,-53130.626079729,299.9970840884186
16515000,33030.00000581159,-53156.02523990421,294.78461030231
16520000,33040.00000581363,-53048.429547776585,304.64197584418963
16525000,33050.000005815666,-53112.40213467236,300.4964405018668
16530000,33060.0000058177,-53372.975055000454,294.8149184020059
16535000,33070.00000581974,-53020.729054669035,296.2850196506515
16540000,33080.00000582178,-53129.5013458764,302.1988771194456
16545000,33090.000005823815,-53118.24695990898,300.16223159433264
16550000,33100.00000582585,-53178.365111538646,300.55075971955534
16555000,33110.00000582789,-53169.606324075954,300.8213501201695
16560000,33120.00000582993,-52498.10422426756,297.4477994059483
16565000,33130.000005831964,-53001.1911411451,296.25990337116247
16570000,33140.000005834,-53105.44511050539,299.9655678108905
16575000,33150.00000583604,-52863.776533428,306.4008990876277
16580000,33160.000005838076,-52685.361890783475,294.8648653359956
16585000,33170.00000584011,-52964.09363533009,294.0209070329449
16590000,33180.00000584215,-53109.471125331766,294.39847322230924
16595000,33190.00000584419,-53032.628724406386,296.248488112218
16600000,33200.000005846225,-53190.516148922005,300.26459688916486
16605000,33210.00000584826,-53111.53429052382,294.2043678248601
16610000,33220.0000058503,-52867.81372938576,303.69303547157654
16615000,33230.00000585234,-53010.95067261212,299.82807120526394
16620000,33240.000005854374,-52897.06674929321,307.9902898888093
16625000,33250.00000585641,-52995.61419031999,300.6826893499791
16630000,33260.00000585845,-53022.76598717744,302.00237556026593
16635000,33270.000005860486,-53164.32738910997,302.35727063439447
16640000,33280.00000586252,-53366.96178198702,305.80997379986286
16645000,33290.00000586456,-52966.31810027492,296.6547977074498
16650000,33300.0000058666,-52837.06323581416,299.44487353242573
16655000,33310.000005868635,-52924.959045447235,295.6843353351139
16660000,33320.00000587067,-53065.23830249187,300.239885673903
16665000,33330.00000587271,-53668.342108595796,298.1834938255481
16670000,33340.00000587475,-53355.33494222874,306.9808660865642
16675000,33350.000005876784,-52737.71774547294,299.8174334818698
16680000,33360.00000587882,-52888.696330356295,303.04328640443526
16685000,33370.00000588086,-52972.32637032584,300.06387806541267
16690000,33380.000005882895,-53241.65727245805,302.5650280703027
16695000,33390.00000588493,-52623.33426141465,293.4544224638202
16700000,33400.00000588697,-52720.441386695195,296.04987958166083
16705000,33410.00000588901,-52891.01435795988,299.8811867504771
16710000,33420.000005891045,-53105.19759343981,300.77712543154433
16715000,33430.00000589308,-53089.72437684427,287.4318534313402
16720000,33440.00000589512,-52642.6493394594,297.94286748120356
16725000,33450.00000589716,-53247.26405225688,292.9837951639496
16730000,33460.000005899194,-53074.86677812654,294.4385026725046
16735000,33470.00000590123,-53272.302626150544,298.37341944975117
16740000,33480.00000590327,-52915.357192404364,291.6055310743933
16745000,33490.000005905305,-53350.83992471962,295.4225178070925
16750000,33500.00000590734,-53339.94412994516,296.1747398583574
16755000,33510.00000590938,-52978.21441345423,298.57907733085534
16760000,33520.00000591142,-52796.24995221538,293.6599677964563
16765000,33530.000005913455,-52918.93564391698,301.6362692068821
16770000,33540.00000591549,-53100.35909061981,299.08008889061364
16775000,33550.00000591753,-52781.447503771866,291.9891414665885
16780000,33560.000005919566,-53083.49020459881,304.5303085985882
16785000,33570.0000059216,-52697.726131206,292.3028873562069
16790000,33580.00000592364,-53104.64298441907,298.97038744962003
16795000,33590.00000592568,-53097.81393911195,296.26543898342857
16800000,33600.000005927715,-53120.05418790862,302.67636717836575
16805000,33610.00000592975,-53299.937897492666,299.56905628715845
16810000,33620.00000593179,-52938.98592899661,297.8763307671
16815000,33630.00000593383,-52820.4043563446,303.9958721265679
16820000,33640.000005935864,-53131.644830494246,299.0547430074325
16825000,33650.0000059379,-52961.03097470739,302.2631409766112
16830000,33660.00000593994,-52456.07386726572,291.4720128302654
16835000,33670.000005941976,-53122.025439249526,305.5523710607382
16840000,33680.00000594401,-53021.594814545184,296.32863789242793
16845000,33690.00000594605,-53190.886680595286,299.6587998365589
16850000,33700.00000594809,-52704.04731331812,305.2087541111472
16855000,33710.000005950125,-52883.87916855872,305.06270465738817
16860000,33720.00000595216,-53036.18729916285,305.23509294745395
16865000,33730.0000059542,-52840.47938096206,300.7211736262235
16870000,33740.00000595624,-52805.88161390554,299.1567072721097
16875000,33750.000005958274,-52896.968597723724,302.5383704787645
16880000,33760.00000596031,-52876.01199247473,307.74320049594246
16885000,33770.00000596235,-53284.63108014586,299.18729739096557
16890000,33780.000005964386,-53124.21940599338,297.71669871364736
16895000,33790.00000596642,-53134.00682639808,295.29788250988156
16900000,33800.00000596846,-52742.80076745973,293.71541295746886
16905000,33810.0000059705,-52823.10562085072,306.3808251410737
16910000,33820.000005972535,-53045.97254491848,296.4698377978882
16915000,33830.00000597457,-52972.16320815348,308.1841806682906
16920000,33840.00000597661,-52698.78262973143,293.7210486535744
16925000,33850.00000597865,-53100.54496384348,316.0554201389838
16930000,33860.000005980684,-53076.97240920004,294.7963831024551
16935000,33870.00000598272,-53335.65646842067,302.8090034955669
16940000,33880.00000598476,-53230.02559598806,295.4798874880244
16945000,33890.000005986796,-52919.144757121394,295.77571689673783
16950000,33900.00000598883,-52743.20349401515,296.2878232395997
16955000,33910.00000599087,-53246.92958382788,300.69585775340727
16960000,33920.00000599291,-53083.52650240416,300.6352380331971
16965000,33930.000005994945,-52757.49849994815,295.11647789471414
16970000,33940.00000599698,-53128.9294190674,297.0169931665048
16975000,33950.00000599902,-53047.83482863181,294.6885184689959
16980000,33960.00000600106,-52925.10064319751,309.48658303087166
16985000,33970.000006003094,-53146.510908640776,294.9744066501154
16990000,33980.00000600513,-53018.29174508969,302.8080103491234
16995000,33990.00000600717,-52847.18732597015,290.3859825613075
17000000,34000.000006009206,-53288.48786819738,298.88899596047554
17005000,34010.00000601124,-53317.732574468595,305.83512928872267
17010000,34020.00000601328,-52699.15968800927,289.6711167175965
17015000,34030.00000601532,-53088.624056556815,297.1797565355098
17020000,34040.000006017355,-52737.648680302955,296.73470444986515
17025000,34050.00000601939,-52799.57007334288,304.346884381241
17030000,34060.00000602143,-53146.56829614533,296.2477856504929
17035000,34070.00000602347,-53065.206595004216,303.937771050265
17040000,34080.000006025504,-53144.70003193355,302.759027502165
17045000,34090.00000602754,-53092.582355741004,297.8165394351107
17050000,34100.00000602958,-53045.804199169506,298.9869464658675
17055000,34110.000006031616,-53150.787879171345,302.3318756425962
17060000,34120.00000603365,-53040.17179242271,298.4590324201704
17065000,34130.00000603569,-53045.3394170074,298.2060755707642
17070000,34140.00000603773,-53062.01088455439,298.12252361966205
17075000,34150.000006039765,-53274.264771505754,288.2411993640139
17080000,34160.0000060418,-53058.02510386924,300.65630798524325
17085000,34170.00000604384,-52687.95531193243,306.48784611312396
17090000,34180.00000604588,-52857.13967851139,305.4228794804377
17095000,34190.000006047914,-53380.2171361029,298.6564460839927
17100000,34200.00000604995,-53297.79378211178,303.4804074976215
17105000,34210.00000605199,-52754.46823114916,298.47981237246034
17110000,34220.000006054026,-52733.01449479841,296.7133443564274
17115000,34230.00000605606,-53340.082029501296,299.29286354772455
17120000,34240.0000060581,-53230.001931998355,290.4143546955508
17125000,34250.00000606014,-53260.016104470036,301.3670972162515
17130000,34260.000006062175,-52990.10628771028,297.2194813985323
17135000,34270.00000606421,-53390.21208032771,293.9583402619132
17140000,34280.00000606625,-52622.1617648532,292.6216928181601
17145000,34290.00000606829,-52957.12308155099,302.77492489193963
17150000,34300.000006070324,-53351.94421125794,309.1488396962109
17155000,34310.00000607236,-52795.85687151214,291.57714453638295
17160000,34320.0000060744,-53202.02573848932,301.20938179605804
17165000,34330.000006076436,-53102.77283752509,293.3360285697561
17170000,34340.00000607847,-53495.86009556256,295.441492774981
17175000,34350.00000608051,-53223.646839158406,303.98882520758144
17180000,34360.00000608255,-53034.72029048015,293.98845103949674
17185000,34370.000006084585,-52934.29675466177,296.47622267744356
17190000,34380.00000608662,-52802.84620511017,300.6711913177363
17195000,34390.00000608866,-52965.7390664237,302.2270877677431
17200000,34400.0000060907,-53066.97494488649,290.8407495405357
17205000,34410.000006092734,-52813.3009994188,300.2621488226253
17210000,34420.00000609477,-52972.04817711323,293.9478010845066
17215000,34430.00000609681,-53080.773911128665,300.7610523253734
17220000,34440.000006098846,-53012.85453597683,295.22661514050253
17225000,34450.00000610088,-53212.29962347422,300.475064739131
17230000,34460.00000610292,-53113.44426739789,295.8953639017232
17235000,34470.00000610496,-52843.71174033804,305.2110358785839
17240000,34480.000006106995,-52648.57100806336,303.4901133276327
17245000,34490.00000610903,-52959.2351477762,296.8236008145664
17250000,34500.00000611107,-53209.112730564026,299.28482747223416
17255000,34510.00000611311,-53115.798916974134,302.7962059157618
17260000,34520.000006115144,-52916.65455810155,301.59371544316014
17265000,34530.00000611718,-53422.246892626164,302.20270782529025
17270000,34540.00000611922,-52990.51442840489,294.99861070851625
17275000,34550.000006121256,-53001.735373386764,302.66402996443674
17280000,34560.00000612329,-52954.184810911305,297.713485935748
17285000,34570.00000612533,-53194.9873080643,305.76984309431145
17290000,34580.00000612737,-52901.95499836971,294.95735815211435
17295000,34590.000006129405,-53084.82458606234,291.9160818852874
17300000,34600.00000613144,-52943.1336944084,296.8456393036536
17305000,34610.00000613348,-53195.60056134962,288.66876969296766
17310000,34620.00000613552,-52932.26529154842,299.43540557046236
17315000,34630.000006137554,-52939.65611862863,287.3235512213032
17320000,34640.00000613959,-52905.03981082828,303.4727468456866
17325000,34650.00000614163,-53091.84136750313,287.4976153343693
17330000,34660.000006143666,-53023.90340305265,299.774298243224
17335000,34670.0000061457,-53487.54256263221,298.6798185495477
17340000,34680.00000614774,-52775.88765875876,306.9871322033663
17345000,34690.00000614978,-53076.711296001595,300.87197660515943
17350000,34700.000006151815,-52876.681773244665,300.415100094875
17355000,34710.00000615385,-52680.862544219126,298.73645926440025
17360000,34720.00000615589,-52451.926188249956,298.99845078589493
17365000,34730.00000615793,-52686.21992429148,296.95174979638614
17370000,34740.000006159964,-52649.698870449094,296.0186779824195
17375000,34750.000006162,-52998.08490736142,291.57384941282135
17380000,34760.00000616404,-53224.61302823937,294.3316588326244
17385000,34770.000006166076,-52795.32584337832,295.68643010332113
17390000,34780.00000616811,-52904.05715361069,302.25372210486495
17395000,34790.00000617015,-53233.78352587021,289.355703265235
17400000,34800.00000617219,-52847.93616946417,292.95144068111085
17405000,34810.000006174225,-53042.5455386574,302.99157972324775
17410000,34820.00000617626,-52976.978995031706,301.5880114264395
17415000,34830.0000061783,-53191.91621057177,299.24438110598356
17420000,34840.00000618034,-53066.44358653593,303.4767811374383
17425000,34850.000006182374,-53276.01731842215,298.0082655286942
17430000,34860.00000618441,-53093.76605670038,297.3136902783944
17435000,34870.00000618645,-53040.16274184146,292.61939303115537
17440000,34880.000006188486,-52714.22705855954,294.8486852273748
17445000,34890.00000619052,-53059.95127953074,297.2663386584306
17450000,34900.00000619256,-52382.93179990639,302.0840662132357
17455000,34910.0000061946,-52968.52731719002,290.50176964098665
17460000,34920.000006196635,-53129.264627615485,296.68644857443945
17465000,34930.00000619867,-52765.039800282306,295.9065158043931
17470000,34940.00000620071,-53606.86088713561,304.8646717920435
17475000,34950.00000620275,-52796.40555266591,306.6252274576293
17480000,34960.000006204784,-53545.54878987186,304.40577234261997
17485000,34970.00000620682,-53062.03889098845,294.1785731011594
17490000,34980.00000620886,-53150.244829049305,305.04551907108
17495000,34990.000006210896,-53216.12172938205,295.33268742871616
17500000,35000.00000621293,-52970.553800656344,294.70873745699964
17505000,35010.00000621497,-52935.33478960069,300.2655851530768
17510000,35020.00000621701,-53070.97519553313,293.91463772859964
17515000,35030.000006219045,-52891.02162062144,290.46521060474885
17520000,35040.00000622108,-53259.060809919785,301.7488779591185
17525000,35050.00000622312,-52844.97532876901,296.95784385163256
17530000,35060.00000622516,-52713.02242763201,294.4360593233442
17535000,35070.000006227194,-52778.0467205203,302.9298708827362
17540000,35080.00000622923,-52832.118417822756,299.5473800977588
17545000,35090.00000623127,-53172.72941461121,293.6734690665066
17550000,35100.000006233306,-53094.20416700182,297.3107541927375
17555000,35110.00000623534,-52845.24848879356,296.5110872503381
17560000,35120.00000623738,-53107.882888962806,300.07671824275394
17565000,35130.00000623942,-53251.82369438268,295.08531751213894
17570000,35140.000006241455,-52999.92745342478,297.9366979552381
17575000,35150.00000624349,-53048.05673812612,297.2814360112958
17580000,35160.00000624553,-53019.053996712115,299.3852292449705
17585000,35170.00000624757,-53353.95552801376,301.6160378975084
17590000,35180.000006249604,-53346.61948823309,288.8968534396873
17595000,35190.00000625164,-52935.805355527176,292.091533965943
17600000,35200.00000625368,-53221.98406442185,306.2478237953944
17605000,35210.000006255716,-52697.88685500386,301.1015398928011
17610000,35220.00000625775,-53189.12229802116,297.35953277446345
17615000,35230.00000625979,-52887.37582354774,293.0748468841339
17620000,35240.00000626183,-53386.91543250863,298.69547012063606
17625000,35250.000006263865,-53244.48406061012,292.5235174838196
17630000,35260.0000062659,-52902.16783724885,302.51296795435144
17635000,35270.00000626794,-53073.00472492221,297.79375511133514
17640000,35280.00000626998,-53121.472966031986,303.91713683922177
17645000,35290.000006272014,-53018.06070078089,293.4048770471382
17650000,35300.00000627405,-53160.77009642901,300.1844940658959
17655000,35310.00000627609,-53120.165600602515,297.31499328081725
17660000,35320.000006278126,-53072.14135084607,296.13847875002824
17665000,35330.00000628016,-52784.46753170766,298.055393658135
17670000,35340.0000062822,-52677.577051272674,294.63422257626326
17675000,35350.00000628424,-53491.13996569411,306.47737670464056
17680000,35360.000006286275,-53014.74704065296,302.673738312196
17685000,35370.00000628831,-52605.50952326198,298.69059504448194
17690000,35380.00000629035,-52447.84912612257,298.0225655146307
17695000,35390.00000629239,-53130.86866517295,300.0115326730173
17700000,35400.000006294424,-53034.90318044345,298.01489401354365
17705000,35410.00000629646,-53134.15133864235,297.67523574784144
17710000,35420.0000062985,-53429.21519863399,294.13980901254376
17715000,35430.000006300535,-52779.23249021938,295.0535734439635
17720000,35440.00000630257,-52996.88297531847,300.7424460931245
17725000,35450.00000630461,-53043.91420915772,297.0787065994257
17730000,35460.00000630665,-52936.50668412144,294.50288786705113
17735000,35470.000006308685,-52854.333812536934,298.8952290305673
17740000,35480.00000631072,-53369.18307523418,296.6844120702844
17745000,35490.00000631276,-53244.851882797026,296.595307250145
17750000,35500.000006314796,-53194.513114977046,306.65258152600126
17755000,35510.00000631683,-53065.99329930285,297.659891890098
17760000,35520.00000631887,-52812.16610592755,295.7160731556698
17765000,35530.00000632091,-53014.631325721944,290.9401575729668
17770000,35540.000006322945,-52752.07541131231,298.3089704811017
17775000,35550.00000632498,-53160.33700042553,296.1497352287397
17780000,35560.00000632702,-53090.87306026911,295.1950921444249
17785000,35570.00000632906,-53390.17607993679,296.3217324471992
17790000,35580.000006331094,-53080.56519052829,301.6380050125164
17795000,35590.00000633313,-52979.809069875046,306.56372960984606
17800000,35600.00000633517,-53148.77599051208,299.6133032310888
17805000,35610.000006337206,-52988.25925646207,303.55724458914193
17810000,35620.00000633924,-53028.78320127085,289.4613206661912
17815000,35630.00000634128,-53353.04419915474,279.435170885191
17820000,35640.00000634332,-53082.73685319675,300.31115902407583
17825000,35650.000006345355,-53177.16988526762,297.79388979422123
17830000,35660.00000634739,-53028.2875297039,298.14721609779326
17835000,35670.00000634943,-52967.57163209221,297.3109795303784
17840000,35680.00000635147,-52709.80888108167,294.9578131817617
17845000,35690.000006353504,-53339.4059851091,303.61087587451476
17850000,35700.00000635554,-53052.83755045227,295.7936159404397
17855000,35710.00000635758,-52982.73823355642,298.2243802759271
17860000,35720.000006359616,-53107.66125129853,298.99371539585866
17865000,35730.00000636165,-53233.46708001444,294.9136210750436
17870000,35740.00000636369,-53323.56067730737,297.80314891242
17875000,35750.00000636573,-52986.8734419182,303.4249048180802
17880000,35760.000006367765,-53109.119708334416,296.60487826545665
17885000,35770.0000063698,-53217.995981648506,301.8911965520183
17890000,35780.00000637184,-53272.670699761075,298.210535088584
17895000,35790.00000637388,-53170.79766444594,299.42005423263726
17900000,35800.000006375914,-53170.99325073327,293.9964218223458
17905000,35810.00000637795,-52796.01118315061,304.0446050637628
17910000,35820.00000637999,-52493.456371831446,299.1624853399012
17915000,35830.000006382026,-52781.58597295862,290.4958446627115
17920000,35840.00000638406,-52897.98739813204,294.59304844729195
17925000,35850.0000063861,-53375.18736495942,295.1481536503969
17930000,35860.00000638814,-52486.48108811426,293.0652594804506
17935000,35870.000006390175,-52841.60158530582,297.8012538706019
17940000,35880.00000639221,-53060.855063866096,303.2387058075741
17945000,35890.00000639425,-53101.87661178512,298.3214861750201
17950000,35900.00000639629,-53304.54258276036,287.2421240088941
17955000,35910.000006398324,-53404.44609221257,299.8076864011006
17960000,35920.00000640036,-52748.579388452345,303.56932205105676
17965000,35930.0000064024,-53068.33578989512,296.3520776885774
17970000,35940.000006404436,-53715.74394316744,302.0306288830622
17975000,35950.00000640647,-53098.4248428249,297.27202105060974
17980000,35960.00000640851,-53384.74435448917,299.8954839272319
17985000,35970.00000641055,-52969.54472067623,293.7643684094367
17990000,35980.000006412585,-52902.13291470686,301.59591560374054
17995000,35990.00000641462,-53161.89754866733,298.2552990399571
18000000,36000.00000641666,-52771.734647264646,298.65814063870255
18005000,36010.0000064187,-53594.68646530699,294.2807796044479
18010000,36020.000006420734,-53042.18567087961,298.20002739058987
18015000,36030.00000642277,-52790.55836579617,304.037389187439
18020000,36040.00000642481,-53096.542592741345,302.59782080493727
18025000,36050.000006426846,-53075.013145284785,294.36382582666624
18030000,36060.00000642888,-53067.29299689591,303.431215717863
18035000,36070.00000643092,-52828.14613756249,300.38096274213996
18040000,36080.00000643296,-52950.88970811333,302.95140549003156
18045000,36090.000006434995,-53559.79371401918,299.69868361130017
18050000,36100.00000643703,-53102.10519623023,303.97738371868246
18055000,36110.00000643907,-52528.04752543516,301.96891335087435
18060000,36120.00000644111,-52813.96606138183,296.1282647749754
18065000,36130.000006443144,-52743.32738932717,302.32864991919786
18070000,36140.00000644518,-52997.40019571452,295.1406693003181
18075000,36150.00000644722,-53020.87240026548,295.68430075290524
18080000,36160.000006449256,-53129.59140075519,301.68979972851037
18085000,36170.00000645129,-52744.41989096152,305.2489920651112
18090000,36180.00000645333,-53259.85018741814,299.1817360696088
18095000,36190.00000645537,-53130.88768433017,301.9954330807034
18100000,36200.000006457405,-53201.6753143298,291.5711574373712
18105000,36210.00000645944,-52821.38038915032,296.3281870645328
18110000,36220.00000646148,-53264.45529022976,300.19891610196345
18115000,36230.00000646352,-53132.925969773554,303.32919641976065
18120000,36240.000006465554,-53100.6456242491,296.5815300975119
18125000,36250.00000646759,-53204.71001160116,301.86623138239196
18130000,36260.00000646963,-52736.80576986272,295.2772768335536
18135000,36270.000006471666,-52941.63578865776,297.25690228685477
18140000,36280.0000064737,-52776.31883772358,308.2065646691427
18145000,36290.00000647574,-52577.18294087486,299.55520075100054
18150000,36300.00000647778,-52747.2425695532,303.1925528359451
18155000,36310.000006479815,-53141.22932352574,307.01346198739543
18160000,36320.00000648185,-53020.872783642,294.5293675450427
18165000,36330.00000648389,-53192.65453035958,297.86588513425977
18170000,36340.00000648593,-52938.167635124235,301.3745939876815
18175000,36350.000006487964,-53057.478448903945,297.30798914564747
18180000,36360.00000649,-53422.99332454213,293.3296325146798
18185000,36370.00000649204,-53204.031944783055,295.96711242297334
18190000,36380.000006494076,-52997.55318458911,292.3405962059602
18195000,36390.00000649611,-53228.7687725274,296.1261069707859
18200000,36400.00000649815,-52724.023577580345,299.70534958185726
18205000,36410.00000650019,-52912.9462538769,298.0851282032027
18210000,36420.000006502225,-53582.932257367414,288.31718547039645
18215000,36430.00000650426,-53028.479615545075,300.7767820835118
18220000,36440.0000065063,-53262.73424942259,298.7779952724246
18225000,36450.00000650834,-52825.354471771745,300.1031543046262
18230000,36460.000006510374,-52736.92030549937,299.58791434180483
18235000,36470.00000651241,-52969.54767975537,298.27855860461017
18240000,36480.00000651445,-52841.039785616274,299.41616444576
18245000,36490.000006516486,-52889.92936957965,295.8975228729253
18250000,36500.00000651852,-53076.039415465115,308.9479159340527
18255000,36510.00000652056,-53350.99272522668,299.46249963305434
18260000,36520.0000065226,-52861.881009400124,292.2466415270706
18265000,36530.000006524635,-52923.18670438585,295.68478335051105
18270000,36540.00000652667,-53238.18702093384,295.7135471209551
18275000,36550.00000652871,-53166.26800406771,302.12974458220015
18280000,36560.00000653075,-53045.033653399645,298.2638277489815
18285000,36570.000006532784,-53091.86151785409,295.27421968148167
18290000,36580.00000653482,-52779.89086326258,300.7107101788823
18295000,36590.00000653686,-53028.369978327886,297.22646111722014
18300000,36600.000006538896,-52740.588215692755,296.341405902915
18305000,36610.00000654093,-53058.30099801603,287.8055424744936
18310000,36620.00000654297,-52844.39780948975,304.356044394754
18315000,36630.00000654501,-52575.49598301234,296.04128005844046
18320000,36640.000006547045,-52993.38258794305,290.7683662664444
18325000,36650.00000654908,-53012.661327409645,295.46818778071145
18330000,36660.00000655112,-52885.29263597322,295.5166641522931
18335000,36670.00000655316,-52875.39789390948,289.28106919318634
18340000,36680.000006555194,-53456.571187796886,291.8451074054203
18345000,36690.00000655723,-52937.63086928276,293.3149512161452
18350000,36700.00000655927,-52772.74776670738,289.37698043546266
18355000,36710.000006561306,-52918.39896171534,296.50447059915103
18360000,36720.00000656334,-52912.20329350422,302.1436565095249
18365000,36730.00000656538,-53168.84886679947,294.33501789907666
18370000,36740.00000656742,-52503.55020885955,299.756161117202
18375000,36750.000006569455,-53124.1608009538,300.0889751741329
18380000,36760.00000657149,-52917.04212971029,298.965133644186
18385000,36770.00000657353,-53047.540334624704,301.5949253785014
18390000,36780.00000657557,-53119.215684702736,299.22832183013026
18395000,36790.000006577604,-53004.290978228324,292.7610870369739
18400000,36800.00000657964,-52839.36421891578,300.1082870309653
18405000,36810.00000658168,-53033.87317665198,296.1917743709736
18410000,36820.000006583716,-52998.86300647512,301.00644309905147
18415000,36830.00000658575,-53138.33774458477,293.2594623823868
18420000,36840.00000658779,-53101.96004962493,303.9584705934152
18425000,36850.00000658983,-53243.12040570515,294.23060789459703
18430000,36860.000006591865,-53054.57210325371,294.0226332118183
18435000,36870.0000065939,-52962.34595888725,291.50687240660096
18440000,36880.00000659594,-53258.17267607711,300.78906680495237
18445000,36890.00000659798,-53218.682343535795,302.82635159137163
18450000,36900.000006600014,-53003.573904738034,307.66981721300016
18455000,36910.00000660205,-53051.85280872465,299.58520545318856
18460000,36920.00000660409,-53378.54736086115,294.61031007470615
18465000,36930.000006606126,-53076.741063194466,288.9955091990002
18470000,36940.00000660816,-52889.33571204252,296.7670228852155
18475000,36950.0000066102,-52922.96863591112,300.3710950577252
18480000,36960.00000661224,-53146.119424517965,296.4745057712232
18485000,36970.000006614275,-52648.98315919819,293.5646841971831
18490000,36980.00000661631,-52905.93040819987,303.47036221280507
18495000,36990.00000661835,-52709.47396994391,307.8231794141529
18500000,37000.00000662039,-53250.73912924755,294.28318651048744
18505000,37010.000006622424,-53485.662488252914,297.6234076752514
18510000,37020.00000662446,-53544.65323087911,293.4064027028469
18515000,37030.0000066265,-53065.07209061581,295.03053755800397
18520000,37040.000006628536,-53333.64989820702,294.6332439057735
18525000,37050.00000663057,-53047.03708292224,295.41462025431764
18530000,37060.00000663261,-53032.97385888104,289.1764276117061
18535000,37070.00000663465,-53225.94488988313,302.57424226127324
18540000,37080.000006636685,-53421.28682446337,301.97624085616746
18545000,37090.00000663872,-53410.7579675758,299.3548587989082
18550000,37100.00000664076,-53294.790990052425,303.6477044192186
18555000,37110.0000066428,-53188.141663399176,293.21480663986296
18560000,37120.000006644834,-52813.52586748745,297.4235625968441
18565000,37130.00000664687,-53001.234634081455,296.57848281258566
18570000,37140.00000664891,-53282.78222986788,301.9253319745697
18575000,37150.000006650946,-53033.61660558678,303.95190994077285
18580000,37160.00000665298,-52643.56693084922,291.99948767506015
18585000,37170.00000665502,-52656.62990642467,290.78697330326713
18590000,37180.00000665706,-53372.62874862715,302.15157207116675
18595000,37190.000006659095,-53146.57711901126,296.31032695325854
18600000,37200.00000666113,-53048.67471416027,304.86675409661797
18605000,37210.00000666317,-53286.07768414737,305.01352636780297
18610000,37220.00000666521,-53409.639990564814,298.57017313201305
18615000,37230.000006667244,-53163.95558198125,302.78587667456134
18620000,37240.00000666928,-53054.82868024625,302.3881190451817
18625000,37250.00000667132,-53123.192159422935,299.8865610613411
18630000,37260.000006673356,-52902.57622390485,296.1782199163329
18635000,37270.00000667539,-53212.556136011204,295.171447169807
18640000,37280.00000667743,-53160.852163093805,298.1854904769566
18645000,37290.00000667947,-53374.15178017932,294.20400880973546
18650000,37300.000006681505,-52950.49602717615,293.1123402770862
18655000,37310.00000668354,-53397.25618812343,303.6886462918965
18660000,37320.00000668558,-53073.533983298315,302.58937175873035
18665000,37330.00000668762,-53447.11411478478,304.5438294052386
18670000,37340.000006689654,-53029.69192952011,298.57268789624703
18675000,37350.00000669169,-53257.64814846692,303.41350990617923
18680000,37360.00000669373,-53368.35519654825,302.85741727685354
18685000,37370.000006695765,-53033.89856428842,296.40360852018915
18690000,37380.0000066978,-53182.62992216955,304.8455232449619
18695000,37390.00000669984,-52885.380813535594,295.85284344464367
18700000,37400.00000670188,-52995.504365474364,297.3356184176004
18705000,37410.000006703915,-52991.61611796942,299.3631509652275
18710000,37420.00000670595,-53580.20590190351,299.254096118694
18715000,37430.00000670799,-52804.93722674949,294.3626751214549
18720000,37440.000006710026,-53297.010182913655,304.0637856891097
18725000,37450.00000671206,-52791.01554655234,300.6537561347554
18730000,37460.0000067141,-53016.52032966286,305.4032562178669
18735000,37470.00000671614,-53085.00824547751,296.17199608779794
18740000,37480.000006718175,-53256.8341990957,301.70088747853777
18745000,37490.00000672021,-52821.93554783362,305.2237639419551
18750000,37500.00000672225,-53078.76562123507,304.1583706069225
18755000,37510.00000672429,-53128.33501575288,304.8770698401412
18760000,37520.000006726325,-52705.04614302752,294.3564007864548
18765000,37530.00000672836,-53367.12032254701,305.4434569736867
18770000,37540.0000067304,-53255.800119909865,301.8629362673029
18775000,37550.000006732436,-53185.78509788349,293.5628643850828
18780000,37560.00000673447,-53146.16992189881,304.11402854513886
18785000,37570.00000673651,-53065.856701195706,303.2423466946502
18790000,37580.00000673855,-52910.62583167071,299.82095121246573
18795000,37590.000006740585,-52973.005116558634,304.4696353797949
18800000,37600.00000674262,-52933.63001228668,290.8180705542186
18805000,37610.00000674466,-53297.36030237182,307.6265349818122
18810000,37620.0000067467,-53387.469626392616,293.75744550276323
18815000,37630.000006748734,-52654.576109086775,299.4769855183865
18820000,37640.00000675077,-52976.190843397344,299.8551570289687
18825000,37650.00000675281,-53150.11806549068,295.1751274597334
18830000,37660.000006754846,-53007.82282801421,299.9784122631519
18835000,37670.00000675688,-52831.91378427285,288.13797439483255
18840000,37680.00000675892,-52740.25195370824,302.6312913535298
18845000,37690.00000676096,-53533.87851083116,299.43506547839326
18850000,37700.000006762995,-53253.81329849182,296.5057531609385
18855000,37710.00000676503,-53190.59396092963,300.4034001851809
18860000,37720.00000676707,-52872.11168301865,294.31377091984416
18865000,37730.00000676911,-52738.898337653634,291.24935239050274
18870000,37740.000006771144,-52661.14415116218,304.65884373164994
18875000,37750.00000677318,-53236.21520867295,302.0799996178915
18880000,37760.00000677522,-52912.78611412953,291.40331325670286
18885000,37770.000006777256,-53002.964529442164,296.4841628747543
18890000,37780.00000677929,-52905.98610343499,307.6503919266439
18895000,37790.00000678133,-53008.95803512036,301.00591303862234
18900000,37800.00000678337,-52892.09679828107,300.6550131722985
18905000,37810.000006785405,-52715.03492662334,299.3819661548869
18910000,37820.00000678744,-53406.88107203276,304.6263260713095
18915000,37830.00000678948,-53103.83235181813,298.54391756437843
18920000,37840.00000679152,-53242.03477824826,297.7091164023772
18925000,37850.000006793554,-53006.783185516775,298.99295477417166
18930000,37860.00000679559,-53004.40498231095,301.3833667524471
18935000,37870.00000679763,-52791.345223986486,307.9509697443013
18940000,37880.000006799666,-52897.774661841104,296.75574642190765
18945000,37890.0000068017,-53086.23477214115,301.9589071795822
18950000,37900.00000680374,-53164.60724830651,293.0933081491034
18955000,37910.00000680578,-53001.389311753795,299.23451661378425
18960000,37920.000006807815,-53143.05979313346,299.26954666485994
18965000,37930.00000680985,-53016.464645773,299.42025940304325
18970000,37940.00000681189,-53379.20843607449,311.67728396261555
18975000,37950.00000681393,-52959.657032761694,299.93504903426845
18980000,37960.000006815964,-53354.33114726812,299.5594126566826
18985000,37970.000006818,-53190.17252039432,302.1232018547869
18990000,37980.00000682004,-53091.521239456255,295.70664776648766
18995000,37990.000006822076,-53001.992828619,296.4588505904253
19000000,38000.00000682411,-53066.374482219166,299.21358039589626
19005000,38010.00000682615,-52972.80059470289,300.50731358848896
19010000,38020.00000682819,-53103.48422338042,300.12734124997
19015000,38030.000006830225,-53257.15688186808,299.0107948114886
19020000,38040.00000683226,-53161.23466861219,306.98156663318554
19025000,38050.0000068343,-53679.13992262882,297.4181325931648
19030000,38060.00000683634,-53321.8287990847,294.8736815921948
19035000,38070.000006838374,-52663.144547308824,295.6880783906526
19040000,38080.00000684041,-53120.2007027691,287.7927957504577
19045000,38090.00000684245,-52818.53734455712,297.892062913417
19050000,38100.000006844486,-53103.47057439631,306.5448180318049
19055000,38110.00000684652,-53038.0692040452,296.71910380558427
19060000,38120.00000684856,-52779.69880510529,300.06636859840563
19065000,38130.0000068506,-53045.079396603134,300.5271790179317
19070000,38140.000006852635,-53030.419084174995,296.20595177076643
19075000,38150.00000685467,-53572.065321232716,293.7312057427852
19080000,38160.00000685671,-53574.42735161644,297.5185499749967
19085000,38170.00000685875,-53116.08796482737,297.82158441429834
19090000,38180.000006860784,-53186.92502280831,301.67454576042286
19095000,38190.00000686282,-52904.42393137599,293.09977942728653
19100000,38200.00000686486,-53183.109587182174,307.6428080953383
19105000,38210.000006866896,-52866.55441570902,291.59795129517016
19110000,38220.00000686893,-52819.973335129616,295.1424958750085
19115000,38230.00000687097,-52855.3323184514,294.8638764711858
19120000,38240.00000687301,-53191.801215178915,301.63104679194026
19125000,38250.000006875045,-53008.72372499085,295.71355395622004
19130000,38260.00000687708,-53302.40456711047,306.6933958328772
19135000,38270.00000687912,-52720.94546751783,293.30294887394695
19140000,38280.00000688116,-52923.76948277824,308.58699427730994
19145000,38290.000006883194,-53096.79024108549,299.7359200183119
19150000,38300.00000688523,-52987.075061069685,309.8167899262771
19155000,38310.00000688727,-53005.616744808096,302.4152917742236
19160000,38320.000006889306,-52827.85402331155,301.08367598427577
19165000,38330.00000689134,-52973.77266471635,298.84742357333425
19170000,38340.00000689338,-52727.10163886033,302.0268811319297
19175000,38350.00000689542,-53061.38265361593,302.8477788781739
19180000,38360.000006897455,-52884.942998637125,293.7064894275437
19185000,38370.00000689949,-52971.62282532538,298.8916145836484
19190000,38380.00000690153,-52673.32528928967,304.047652835619
19195000,38390.00000690357,-53294.749064835196,300.94339881003
19200000,38400.000006905604,-52925.452287861,302.3249412857234
19205000,38410.00000690764,-52895.2564244995,290.05469770690826
19210000,38420.00000690968,-52654.50257068561,296.3356437061928
19215000,38430.000006911716,-52677.925410785654,305.76342067228654
19220000,38440.00000691375,-53028.70366804785,303.38503261523147
19225000,38450.00000691579,-52973.67029672436,294.4636082660644
19230000,38460.00000691783,-53389.68228128026,295.5021075938699
19235000,38470.000006919865,-53244.85251942882,295.15150118665724
19240000,38480.0000069219,-52991.979682243546,297.7216822567369
19245000,38490.00000692394,-53289.92357250443,307.79281989688207
19250000,38500.00000692598,-52919.01730045627,300.7921554934349
19255000,38510.000006928014,-53236.983884314046,298.5076691910774
19260000,38520.00000693005,-52910.44051400403,295.91922235731204
19265000,38530.00000693209,-53322.26804642385,289.881659966028
19270000,38540.000006934126,-52427.119882627274,303.88343420860963
19275000,38550.00000693616,-52990.40031675706,304.48966686008396
19280000,38560.0000069382,-53376.75212406306,289.59871448622084
19285000,38570.00000694024,-53362.81073747735,297.5593089200968
19290000,38580.000006942275,-52426.03561599474,297.3168740597176
19295000,38590.00000694431,-52911.772033990244,291.4435469271402
19300000,38600.00000694635,-53280.71623896941,304.58018499894536
19305000,38610.00000694839,-52818.58502930682,296.64705970865003
19310000,38620.000006950424,-52990.31908899339,305.0012055439836
19315000,38630.00000695246,-52906.867179907276,307.6144938293858
19320000,38640.0000069545,-53186.40633391711,307.4862340691054
19325000,38650.000006956536,-53295.04141741863,296.4670606546744
19330000,38660.00000695857,-53220.837508733355,307.9579712683069
19335000,38670.00000696061,-53167.47524758315,296.5175955447407
19340000,38680.00000696265,-53175.79064528935,291.01573971529535
19345000,38690.000006964685,-53009.92565438707,292.30727199074965
19350000,38700.00000696672,-52837.29495208405,298.8249084161859
19355000,38710.00000696876,-53026.59915192131,309.15471050638007
19360000,38720.0000069708,-52874.100456421176,299.23108739412305
19365000,38730.000006972834,-52878.700370320556,300.59112319976293
19370000,38740.00000697487,-52720.45753228161,303.7368821473507
19375000,38750.00000697691,-53122.36446919583,303.5513558574473
19380000,38760.000006978946,-53330.23784053998,299.5851052306763
19385000,38770.00000698098,-52973.605695896695,301.1330441079715
19390000,38780.00000698302,-52848.923663037946,297.44089565737175
19395000,38790.00000698506,-52871.35566553546,305.02689643637626
19400000,38800.000006987095,-53532.48326089932,293.597718803103
19405000,38810.00000698913,-53140.853325789765,304.22977962786297
19410000,38820.00000699117,-53348.74080025099,300.97566251881307
19415000,38830.00000699321,-53466.1324515414,292.78311738371843
19420000,38840.000006995244,-53330.17647070368,300.85713709506666
19425000,38850.00000699728,-53239.41876097795,294.9420885681157
19430000,38860.00000699932,-52683.47881643119,295.98772727125754
19435000,38870.000007001356,-52963.524483469955,300.9135412805955
19440000,38880.00000700339,-52847.592112225626,299.64205724238764
19445000,38890.00000700543,-52946.49352960146,292.1282185261991
19450000,38900.00000700747,-53226.15190563272,294.7135661446771
19455000,38910.000007009505,-53438.35939195636,295.4675259647581
19460000,38920.00000701154,-53218.312067585764,295.5526854840338
19465000,38930.00000701358,-52545.96861547217,300.2203553676899
19470000,38940.00000701562,-53003.24253655219,293.517637916948
19475000,38950.000007017654,-52801.141900247545,290.1864782593876
19480000,38960.00000701969,-52832.45350916908,289.81971626182207
19485000,38970.00000702173,-53067.522237793164,294.7419796206199
19490000,38980.000007023766,-52899.16776993044,290.1699262436625
19495000,38990.0000070258,-53013.482553920185,292.95911884490164
19500000,39000.00000702784,-53302.64008902249,298.3234554069462
19505000,39010.00000702988,-52893.21412163746,299.86110294899146
19510000,39020.000007031915,-52868.56326988843,301.36513245554806
19515000,39030.00000703395,-53257.70038355494,299.0708736880656
19520000,39040.00000703599,-53179.01803607374,301.45755653404314
19525000,39050.00000703803,-52794.84240466653,289.6498404276251
19530000,39060.000007040064,-53137.17448599139,298.79378899713333
19535000,39070.0000070421,-53290.65734117149,296.9673290017632
19540000,39080.00000704414,-53106.79991844314,307.56714368416544
19545000,39090.000007046176,-53321.18324757027,294.8056919448482
19550000,39100.00000704821,-52999.31034313931,293.1534676166757
19555000,39110.00000705025,-53301.575746624265,302.6311224749773
19560000,39120.00000705229,-53107.43161798391,304.55695604264247
19565000,39130.000007054325,-53278.463148243405,292.05063536843136
19570000,39140.00000705636,-53285.741635701415,303.13188615562376
19575000,39150.0000070584,-52975.84256052057,294.53832521008457
19580000,39160.00000706044,-52846.64899833486,302.1836490516127
19585000,39170.000007062474,-53385.816181880975,300.02880068610614
19590000,39180.00000706451,-52628.21460042082,298.21359712424317
19595000,39190.00000706655,-52815.599360352324,298.51545034058665
19600000,39200.000007068586,-52820.205420346494,295.9254383506342
19605000,39210.00000707062,-52894.59579311905,301.1318207143897
19610000,39220.00000707266,-53059.342165322334,299.5617833544304
19615000,39230.0000070747,-53343.24171388004,304.5144046407555
19620000,39240.000007076735,-53163.09893108602,303.6534188649293
19625000,39250.00000707877,-53163.909522142436,295.2881719093852
19630000,39260.00000708081,-52690.710434112145,300.0233651389017
19635000,39270.00000708285,-52939.065521953395,298.67446900767465
19640000,39280.000007084884,-53332.996871894895,299.8540402430671
19645000,39290.00000708692,-52746.8907729784,304.0312833067258
19650000,39300.00000708896,-53320.80152854478,306.07486999298294
19655000,39310.000007090995,-52596.07760323543,299.50725657245675
19660000,39320.00000709303,-53166.90345613321,299.0778850522878
19665000,39330.00000709507,-53287.55764626936,304.1038776971029
19670000,39340.00000709711,-52880.55336914363,295.05447416125014
19675000,39350.000007099145,-53217.06626893065,301.4188653839513
19680000,39360.00000710118,-52738.418676694826,294.20696737132096
19685000,39370.00000710322,-52874.652117276564,289.5937228439277
19690000,39380.00000710526,-52973.328249307844,299.74500893175986
19695000,39390.000007107294,-52797.965519681515,300.441031963514
19700000,39400.00000710933,-53377.24475029568,299.50399700166014
19705000,39410.00000711137,-53072.473557062855,296.2560880573101
19710000,39420.000007113405,-52772.750519117864,297.522978966954
19715000,39430.00000711544,-52938.8314800605,298.1421028040079
19720000,39440.00000711748,-53103.46233594412,295.18653387520664
19725000,39450.00000711952,-53195.82590078082,301.87494713977804
19730000,39460.000007121555,-53122.380744435446,292.36535703460385
19735000,39470.00000712359,-53251.129065532674,293.0089031388352
19740000,39480.00000712563,-52666.243483779894,303.7036606155549
19745000,39490.000007127666,-52970.24626299186,301.80227568081045
19750000,39500.0000071297,-53372.94504894453,295.9073946279802
19755000,39510.00000713174,-52576.55958840554,304.62668302578385
19760000,39520.00000713378,-52532.540821125236,301.134193578872
19765000,39530.000007135815,-53103.70979019732,306.56985498056747
19770000,39540.00000713785,-53301.751665692165,294.57171494866196
19775000,39550.00000713989,-53069.81583457341,293.823274599838
19780000,39560.00000714193,-53147.438208373496,297.3298701067558
19785000,39570.000007143964,-53249.83399962186,296.73482888612466
19790000,39580.000007146,-52741.89190826181,295.8211289135181
19795000,39590.00000714804,-53005.87209101053,294.5515849202052
19800000,39600.000007150076,-53240.92434401956,301.30150895293116
19805000,39610.00000715211,-52829.86576929633,305.51932508502495
19810000,39620.00000715415,-53145.37825386139,296.7586442743229
19815000,39630.00000715619,-53143.46218419535,299.52284148490804
19820000,39640.000007158225,-52810.78792973186,305.45650615985863
19825000,39650.00000716026,-52987.14076214074,301.24231738887494
19830000,39660.0000071623,-52972.634950620006,296.746012085823
19835000,39670.00000716434,-52863.6071970732,301.83892259047724
19840000,39680.000007166374,-53026.23957248483,302.81910135727077
19845000,39690.00000716841,-53365.79179040494,302.1809015576673
19850000,39700.00000717045,-52978.560513853416,298.73229922075626
19855000,39710.000007172486,-53026.100370901666,302.3997836399371
19860000,39720.00000717452,-52919.190705601504,297.6993458636938
19865000,39730.00000717656,-52878.796719240694,304.1284884785642
19870000,39740.0000071786,-53029.61666042969,294.61010762694247
19875000,39750.000007180635,-52829.36113261801,309.4897011230258
19880000,39760.00000718267,-53490.639724051754,298.4019716943497
19885000,39770.00000718471,-53069.150619172346,307.39016991690977
19890000,39780.00000718675,-52973.13592528502,296.1462767888257
19895000,39790.000007188784,-53223.112757311115,302.27320606867926
19900000,39800.00000719082,-52666.9272255674,296.58523478864845
19905000,39810.00000719286,-52994.804944624455,295.20076961211083
19910000,39820.000007194896,-52995.58457904201,298.0557423350171
19915000,39830.00000719693,-52682.813806635386,287.5717038747566
19920000,39840.00000719897,-53096.885050216515,295.1540109142485
19925000,39850.00000720101,-52717.14752051461,298.8358339490177
19930000,39860.000007203045,-53064.8988077603,299.40785796759457
19935000,39870.00000720508,-52877.01696166827,292.8618628702509
19940000,39880.00000720712,-53280.34467093463,300.4867190399845
19945000,39890.00000720916,-53001.960268930445,306.25594463775025
19950000,39900.000007211194,-53261.09286315876,302.0473106396787
19955000,39910.00000721323,-52763.26500691878,296.9799033319567
19960000,39920.00000721527,-52688.53056286796,299.82415831774074
19965000,39930.000007217306,-53083.88420277866,292.47953707006326
19970000,39940.00000721934,-53280.95090478676,297.23958113547434
19975000,39950.00000722138,-52992.801572665776,299.03248122598734
19980000,39960.00000722342,-52970.83625836586,294.262383401829
19985000,39970.000007225455,-53081.41888304934,291.6789781501742
19990000,39980.00000722749,-53232.50100934756,298.1302616146301
19995000,39990.00000722953,-53376.47140913602,294.5206291393716
20000000,40000.00000723157,-53221.20760531997,302.9404195208642
20005000,40010.000007233604,-53176.86512185272,290.3214164386573
20010000,40020.00000723564,-52878.97158412851,297.75523517038636
20015000,40030.00000723768,-52862.064029569214,294.9704146065935
20020000,40040.000007239716,-53002.000136144314,293.943179998393
20025000,40050.00000724175,-53043.789095964865,298.00734673301224
20030000,40060.00000724379,-52844.9684077999,293.48017269847014
20035000,40070.00000724583,-53338.94665779473,301.9204628898938
20040000,40080.000007247865,-53199.44886386441,300.5638932707138
20045000,40090.0000072499,-52898.78100434216,298.21049254730417
20050000,40100.00000725194,-52702.14276985123,288.5227713600931
20055000,40110.00000725398,-53191.66744007822,301.67492250364694
20060000,40120.000007256014,-53122.67024877586,297.8181976887257
20065000,40130.00000725805,-52757.55253309221,295.6685847343693
20070000,40140.00000726009,-53191.11045086561,297.4608688371951
20075000,40150.000007262126,-53163.983957285556,294.2613350512183
20080000,40160.00000726416,-53041.693407351995,297.8647550192665
20085000,40170.0000072662,-52643.58208123376,295.0415171520419
20090000,40180.00000726824,-53291.67376104681,307.42919792840394
20095000,40190.000007270275,-53364.47809451984,303.6833391289646
20100000,40200.00000727231,-53383.37452129336,295.95943211863005
20105000,40210.00000727435,-53117.360763729666,298.57789167820994
20110000,40220.00000727639,-53019.31866854319,299.6579264057449
20115000,40230.000007278424,-52879.930317371065,293.1207127276906
20120000,40240.00000728046,-52994.55158033414,296.27257623402863
20125000,40250.0000072825,-53127.410895036504,296.2177440952105
20130000,40260.000007284536,-53285.96256217643,296.7787205527938
20135000,40270.00000728657,-52697.501332069485,307.19267604035076
20140000,40280.00000728861,-53106.23262541075,293.85605180641755
20145000,40290.00000729065,-53070.964229655365,304.51850939731827
20150000,40300.000007292685,-52644.41757993726,304.24547941094346
20155000,40310.00000729472,-53026.945014313445,298.6605612516792
20160000,40320.00000729676,-53173.81286961184,300.072446752497
20165000,40330.0000072988,-53185.80396504846,301.92920926984215
20170000,40340.000007300834,-53146.52492802704,289.603906818126
20175000,40350.00000730287,-53398.8962383029,303.14536090704337
20180000,40360.00000730491,-52627.973889964516,305.44274384611305
20185000,40370.000007306946,-53434.58033572594,303.81939359363446
20190000,40380.00000730898,-53139.636233962636,291.31357107399634
20195000,40390.00000731102,-53078.18665960181,297.15069659275184
20200000,40400.00000731306,-53115.630022978294,293.092066567256
20205000,40410.000007315095,-52858.98253219083,294.6734412994304
20210000,40420.00000731713,-52963.32978649519,301.9759117449424
20215000,40430.00000731917,-53073.82613666332,302.78679187705166
20220000,40440.00000732121,-52937.31804789425,300.84763792901435
20225000,40450.000007323244,-53134.85227663166,303.32225358174304
20230000,40460.00000732528,-53196.83017382043,298.979265162633
20235000,40470.00000732732,-53030.0178910016,295.9409507058133
20240000,40480.000007329356,-52978.31797049224,304.800918761845
20245000,40490.00000733139,-52987.062970100174,299.43175301821907
20250000,40500.00000733343,-53393.234163596295,295.5260777190652
20255000,40510.00000733547,-52819.76858824887,297.5886970156539
20260000,40520.000007337505,-52965.21558268741,303.24193503015476
20265000,40530.00000733954,-53219.00456817905,301.44850100875146
20270000,40540.00000734158,-52928.61676151879,298.5500554405956
20275000,40550.00000734362,-53034.628411936836,291.5782934326223
20280000,40560.000007345654,-52647.63142801073,298.09687324795317
20285000,40570.00000734769,-52659.431171175645,305.77322527901515
20290000,40580.00000734973,-52943.645352797495,297.719390839355
20295000,40590.000007351766,-52862.14637323198,297.3506835106705
20300000,40600.0000073538,-52902.83564655573,291.24295849185876
20305000,40610.00000735584,-53305.30570241358,293.56027648863267
20310000,40620.00000735788,-52863.027411506744,307.2451971209198
20315000,40630.000007359915,-52782.302969324635,297.3863749186373
20320000,40640.00000736195,-53380.756635609374,302.17592607974024
20325000,40650.00000736399,-52824.098597389035,294.7740593033756
20330000,40660.00000736603,-53277.09943967228,303.70592660108196
20335000,40670.000007368064,-53055.80672359231,292.4725097868911
20340000,40680.0000073701,-53164.664324898564,298.2473325398591
20345000,40690.00000737214,-52799.734448615985,295.1229825391665
20350000,40700.000007374176,-52648.90480932855,299.4080820277044
20355000,40710.00000737621,-53429.10629271314,299.2359271508322
20360000,40720.00000737825,-53653.22637112078,301.9858092427649
20365000,40730.00000738029,-53346.269600745494,294.55411722661734
20370000,40740.000007382325,-53151.8393202014,298.6751341115837
20375000,40750.00000738436,-52779.50744074746,298.1987869945176
20380000,40760.0000073864,-53136.28605137509,305.5538534156545
20385000,40770.00000738844,-53112.55606677651,297.158750459851
20390000,40780.000007390474,-53064.178893742326,296.2935672884663
20395000,40790.00000739251,-52959.5769793675,300.49743804681617
20400000,40800.00000739455,-52907.95586854615,306.3170427738965
20405000,40810.000007396586,-52784.54629352203,309.5668719884306
20410000,40820.00000739862,-53427.225296117016,299.1859577663944
20415000,40830.00000740066,-52946.42094638062,291.15980528522954
20420000,40840.0000074027,-52624.46711650927,298.2626752254957
20425000,40850.000007404735,-53323.18149934188,294.5032792293425
20430000,40860.00000740677,-53141.019105704385,292.61909160821773
20435000,40870.00000740881,-53066.83672808256,293.2486748393532
20440000,40880.00000741085,-53128.015086790925,299.5810911768805
20445000,40890.000007412884,-52803.08605426992,300.84726906031494
20450000,40900.00000741492,-53313.24424138223,303.636775528041
20455000,40910.00000741696,-52737.848804820445,300.72153921406084
20460000,40920.000007418996,-52951.96798460424,303.6304080032182
20465000,40930.00000742103,-52848.19447683453,298.04359628086894
20470000,40940.00000742307,-52913.87098671298,295.42080237455343
20475000,40950.00000742511,-52820.39675187663,296.16239787046806
20480000,40960.000007427145,-53234.77382327916,306.02999112377006
20485000,40970.00000742918,-53030.85460831027,297.4920642549436
20490000,40980.00000743122,-52911.93368503262,287.5249575229161
20495000,40990.00000743326,-52881.416097567766,298.76795846653823
20500000,41000.000007435294,-53079.9688194468,293.29624659664705
20505000,41010.00000743733,-52963.54111840151,303.68635401355107
20510000,41020.00000743937,-53170.12680875283,303.8079726632343
20515000,41030.000007441406,-53698.68760466701,309.580402558848
20520000,41040.00000744344,-52883.530750659236,293.8255745872164
20525000,41050.00000744548,-53194.395183562854,295.1821068877888
20530000,41060.00000744752,-53484.17090416406,296.00759682216693
20535000,41070.000007449555,-53070.220870702615,296.49755343104533
20540000,41080.00000745159,-53070.19498262624,303.34188517881853
20545000,41090.00000745363,-53010.60120210983,296.12527318339903
20550000,41100.00000745567,-52989.86035508136,303.2332200877313
20555000,41110.000007457704,-52810.754837628134,297.61723558527194
20560000,41120.00000745974,-53043.128051692154,302.74342368011355
20565000,41130.00000746178,-53060.05783841372,295.0015448675942
20570000,41140.000007463816,-53045.388140029565,306.64389197272857
20575000,41150.00000746585,-53049.291544772044,298.57157271744376
20580000,41160.00000746789,-53248.0484492706,295.4327021885698
20585000,41170.00000746993,-52919.07569544215,299.52298553021035
20590000,41180.000007471965,-53347.79444624722,296.8187401848608
20595000,41190.000007474,-53221.40958932525,296.95936751734286
20600000,41200.00000747604,-53191.28620974772,287.4836702659576
20605000,41210.00000747808,-53153.63361352452,302.3095487613349
20610000,41220.000007480114,-53069.13454584137,291.57991936844496
20615000,41230.00000748215,-53137.589300726424,299.3709041587304
20620000,41240.00000748419,-53011.23126946099,297.6028777704006
20625000,41250.000007486226,-53242.463170767995,299.8757852860675
20630000,41260.00000748826,-52931.526009718946,291.77440193867903
20635000,41270.0000074903,-53332.76821146248,293.9382227873642
20640000,41280.00000749234,-52909.29476231386,297.00226888784124
20645000,41290.000007494375,-52939.587510944664,301.54076928476434
20650000,41300.00000749641,-53408.39974893705,299.2524656001174
20655000,41310.00000749845,-53364.914972465194,293.4972122438618
20660000,41320.00000750049,-53217.82080066606,294.5127936680554
20665000,41330.000007502524,-53104.462589165894,300.87639059680026
20670000,41340.00000750456,-53018.58451331791,298.9722448626544
20675000,41350.0000075066,-52962.49587538277,290.50942390215164
20680000,41360.000007508635,-53183.11517782093,294.01174590011414
20685000,41370.00000751067,-52899.409240251785,295.2312131870348
20690000,41380.00000751271,-53017.3590151011,301.13545425533596
20695000,41390.00000751475,-53043.34300098938,291.1359330702468
20700000,41400.000007516785,-53097.18298673254,298.9649458605989
20705000,41410.00000751882,-52953.67112877022,297.9173029508939
20710000,41420.00000752086,-52518.27142271868,298.95776012983356
20715000,41430.000007522896,-53153.07146784154,303.76577883035065
20720000,41440.00000752493,-52909.54711846472,295.4595736931349
20725000,41450.00000752697,-53649.07401306063,293.1632616667367
20730000,41460.00000752901,-53311.65554886422,300.6300247382421
20735000,41470.000007531045,-53016.47978707071,299.5806008626368
20740000,41480.00000753308,-53164.14098082419,289.6917237942454
20745000,41490.00000753512,-52650.77876957884,304.7427904941726
20750000,41500.00000753716,-52795.56232079683,294.73915665831566
20755000,41510.000007539194,-52915.76625721215,294.8706443783237
20760000,41520.00000754123,-52840.35774348758,292.20807598207045
20765000,41530.00000754327,-53156.577413688065,299.2224481630094
20770000,41540.000007545306,-53052.69952303619,293.239672732553
20775000,41550.00000754734,-53001.48696367722,296.76372169520687
20780000,41560.00000754938,-52976.96591889317,293.83152053593153
20785000,41570.00000755142,-53014.285237679374,297.4994565901213
20790000,41580.000007553455,-52991.42737561598,303.6791425534195
20795000,41590.00000755549,-53445.16145958926,292.15825630048516
20800000,41600.00000755753,-52849.470559964946,305.5671417955842
20805000,41610.00000755957,-53045.14654325615,292.89243770001707
20810000,41620.000007561604,-52462.79637865216,309.5058108091888
20815000,41630.00000756364,-52995.475977926864,298.91904040374015
20820000,41640.00000756568,-52626.16327916825,303.777067451227
20825000,41650.000007567716,-53477.6898725568,304.0027422396823
20830000,41660.00000756975,-53084.02145830172,297.14198749859895
20835000,41670.00000757179,-53293.25404106555,296.657452035249
20840000,41680.00000757383,-53003.466851533536,306.4605653223362
20845000,41690.000007575865,-52881.28399544381,301.8412570869669
20850000,41700.0000075779,-52943.32872427517,298.9310616062864
20855000,41710.00000757994,-53179.59931397607,300.7963442342339
20860000,41720.00000758198,-52930.50725212172,296.9950365942996
20865000,41730.000007584014,-52800.955366636044,295.51016921934274
20870000,41740.00000758605,-52964.52526008291,298.23482546680503
20875000,41750.00000758809,-52941.886088951986,297.87169946286616
20880000,41760.000007590126,-53014.180933403346,303.15538771580987
20885000,41770.00000759216,-53199.50158668074,304.97171107563094
20890000,41780.0000075942,-53285.47493146709,297.531186207476
20895000,41790.00000759624,-53036.75524181669,287.97099770472715
20900000,41800.000007598275,-52869.44818374631,298.7930211753271
20905000,41810.00000760031,-53379.308347004175,304.14142033074086
20910000,41820.00000760235,-53197.32823222541,300.3827942653205
20915000,41830.00000760439,-53284.848342225305,302.9846667972526
20920000,41840.000007606424,-53054.86078544089,296.2854280075753
20925000,41850.00000760846,-52716.39061878249,298.7231723519946
20930000,41860.0000076105,-52859.621368615015,295.5073583288507
20935000,41870.000007612536,-53255.975393037166,294.9179271381935
20940000,41880.00000761457,-53297.50033423578,300.137090645766
20945000,41890.00000761661,-52999.36831086886,299.3017990550829
20950000,41900.00000761865,-53183.0032314643,299.89268482310234
20955000,41910.000007620685,-52832.87494494644,300.9295022147665
20960000,41920.00000762272,-53103.55968007207,291.51742241422744
20965000,41930.00000762476,-52771.76013014294,299.3823160247067
20970000,41940.0000076268,-53104.76286855203,297.8606300159392
20975000,41950.000007628834,-53150.015976523515,296.4211596090579
20980000,41960.00000763087,-53012.59875247185,306.70767396261317
20985000,41970.00000763291,-53192.31130130144,301.00451035233664
20990000,41980.000007634946,-52987.6454663889,297.5774553320649
20995000,41990.00000763698,-53128.330820187024,299.96014435936365
21000000,42000.00000763902,-52995.93316902657,298.8374501330161
21005000,42010.00000764106,-53180.862218115595,299.52285434306026
21010000,42020.000007643095,-52594.90769806871,296.4751033289999
21015000,42030.00000764513,-52714.701765018486,301.9439530460592
21020000,42040.00000764717,-53214.36706544648,293.7810449821496
21025000,42050.00000764921,-53066.38147058431,302.89658767806765
21030000,42060.000007651244,-53240.342139578046,301.0610128806311
21035000,42070.00000765328,-53510.55437339336,294.4157348172698
21040000,42080.00000765532,-53124.24835318446,295.25161410831134
21045000,42090.000007657356,-52743.059166317806,296.222307096136
21050000,42100.00000765939,-53066.394544163864,305.7811825620383
21055000,42110.00000766143,-52759.20961402508,300.3470714479842
21060000,42120.00000766347,-52792.572681165766,294.8252537201443
21065000,42130.000007665505,-53008.95595430714,301.0082727437996
21070000,42140.00000766754,-52957.00309951612,299.455315092809
21075000,42150.00000766958,-53060.92705271678,298.36156484314847
21080000,42160.00000767162,-53234.24315520906,293.6740704899184
21085000,42170.000007673654,-52571.03395332061,298.7651057822991
21090000,42180.00000767569,-53236.61322061755,302.31811048258083
21095000,42190.00000767773,-53381.47783760357,300.23264222311485
21100000,42200.000007679766,-52711.712745061785,305.7465726519564
21105000,42210.0000076818,-52942.36674721987,297.4670038420292
21110000,42220.00000768384,-53210.95149825135,295.57154010260064
21115000,42230.00000768588,-52588.527826221776,302.7323361680214
21120000,42240.000007687915,-52949.367477840045,303.5031364627671
21125000,42250.00000768995,-52891.61270780786,297.4396437856989
21130000,42260.00000769199,-52673.711678982305,297.62205777862096
21135000,42270.00000769403,-52726.80705815891,292.969386076
21140000,42280.000007696064,-53293.132430665515,295.64638523569903
21145000,42290.0000076981,-53292.85999346193,303.1286786318623
21150000,42300.00000770014,-53332.13066555219,292.5213948636897
21155000,42310.000007702176,-53119.540221667674,299.203629713268
21160000,42320.00000770421,-53010.69700468422,302.42869233900495
21165000,42330.00000770625,-52952.46493489915,290.2825235678573
21170000,42340.00000770829,-52964.25094245575,295.1732307147558
21175000,42350.000007710325,-53043.201703863975,302.45824183046784
21180000,42360.00000771236,-52870.21032482991,294.76145305739766
21185000,42370.0000077144,-53459.653447860095,292.89262394770367
21190000,42380.00000771644,-53395.73670617447,290.30380772901606
21195000,42390.000007718474,-53344.642311405914,296.20191914329496
21200000,42400.00000772051,-53036.81923267536,292.70464394195335
21205000,42410.00000772255,-53056.80719418748,297.26246657381313
21210000,42420.000007724586,-53053.462780069356,305.65583423294737
21215000,42430.00000772662,-52944.71164587472,293.72498935772865
21220000,42440.00000772866,-53252.56044406025,302.6466675856934
21225000,42450.0000077307,-53064.88718521007,298.60049415593653
21230000,42460.000007732735,-53110.6505358211,301.70667324139794
21235000,42470.00000773477,-52873.0496114112,304.45066660378063
21240000,42480.00000773681,-52849.26574717957,306.40211618842494
21245000,42490.00000773885,-52966.22057942976,297.3337524797899
21250000,42500.000007740884,-53287.02763533848,298.49296735257093
21255000,42510.00000774292,-52789.09657515967,293.39443816208586
21260000,42520.00000774496,-53145.15441403189,299.0964346117518
21265000,42530.000007746996,-53083.952115767344,303.28882653639823
21270000,42540.00000774903,-53156.22714636245,304.92798763802153
21275000,42550.00000775107,-53157.501799751684,292.4924531330974
21280000,42560.00000775311,-52898.59212482057,299.6730945034107
21285000,42570.000007755145,-52828.134436198074,303.40767183435264
21290000,42580.00000775718,-52798.54811298728,302.57960125609117
21295000,42590.00000775922,-52930.15843370382,299.77229871560235
21300000,42600.00000776126,-53449.87815354229,303.94618188411647
21305000,42610.000007763294,-53090.33970070636,297.93127408217737
21310000,42620.00000776533,-53047.85258318597,298.9719069326081
21315000,42630.00000776737,-52680.40551413305,291.82298813854953
21320000,42640.000007769406,-53160.87032468233,296.83701232179334
21325000,42650.00000777144,-53028.78299231772,300.7925350698891
21330000,42660.00000777348,-53371.24648182816,302.24460843432314
21335000,42670.00000777552,-52892.864757341915,295.42669497327455
21340000,42680.000007777555,-52850.35418085742,299.778886277314
21345000,42690.00000777959,-53200.99308334294,302.8643993694426
21350000,42700.00000778163,-53141.406029773556,297.3592756225199
21355000,42710.00000778367,-52818.96689250466,300.76325924557165
21360000,42720.000007785704,-53175.67090773463,299.91940614933804
21365000,42730.00000778774,-52876.89088947122,299.88920101096755
21370000,42740.00000778978,-53257.33624749395,304.44334224316884
21375000,42750.000007791816,-53645.728365625284,293.87919535812756
21380000,42760.00000779385,-53453.18148702796,291.4529343728681
21385000,42770.00000779589,-53081.33291477928,296.2673785297312
21390000,42780.00000779793,-52729.589773654414,293.4499088600249
21395000,42790.000007799965,-53328.61944227206,298.0925712364185
21400000,42800.000007802,-52984.90066878151,297.8068598195292
21405000,42810.00000780404,-53260.57233589442,296.21764272912986
21410000,42820.00000780608,-53408.732154475525,295.32893410910634
21415000,42830.000007808114,-53098.916512850585,295.3727618650578
21420000,42840.00000781015,-52948.29799168467,298.2716766403301
21425000,42850.00000781219,-53305.64690567576,299.64437454339156
21430000,42860.000007814226,-53254.2141921508,303.08932305567583
21435000,42870.00000781626,-53210.228511794616,300.6426651991793
21440000,42880.0000078183,-53028.38556593505,299.2571815991726
21445000,42890.00000782034,-52795.89756917613,299.16182911731397
21450000,42900.000007822375,-53225.02198549057,302.0249995040083
21455000,42910.00000782441,-53539.74652986502,297.2227397844708
21460000,42920.00000782645,-53109.31750031377,287.5624213590543
21465000,42930.00000782849,-52819.03383886753,290.50078631425697
21470000,42940.000007830524,-53264.97899816904,298.5818960202858
21475000,42950.00000783256,-52857.60727515633,304.0594633193626
21480000,42960.0000078346,-52551.379236836336,306.42526557754127
21485000,42970.000007836636,-53583.99555563662,299.8971824110757
21490000,42980.00000783867,-53386.3817422023,295.1725404927964
21495000,42990.00000784071,-53500.73686379712,308.9328549085026
21500000,43000.00000784275,-53254.30793873902,301.048716068581
21505000,43010.000007844785,-53042.94545046959,307.9866867920297
21510000,43020.00000784682,-52952.00388544149,297.8724730483256
21515000,43030.00000784886,-53291.268946191616,298.4712927760726
21520000,43040.0000078509,-53446.816202714894,294.9268378056859
21525000,43050.000007852934,-53053.16741062145,294.7342465016523
21530000,43060.00000785497,-53028.39763955781,303.45912025267285
21535000,43070.00000785701,-53009.667680165585,301.5218527995372
21540000,43080.000007859046,-53123.51840659263,297.966999899575
21545000,43090.00000786108,-52860.19273361517,294.04523576409713
21550000,43100.00000786312,-52953.38199717627,298.17248061457275
21555000,43110.00000786516,-53137.18071380153,295.0517649590573
21560000,43120.000007867195,-53033.645657665096,298.9951075969319
21565000,43130.00000786923,-52959.042840112874,296.31262360711406
21570000,43140.00000787127,-52844.20546404034,296.64905127931695
21575000,43150.00000787331,-53010.80542317839,286.78658390490267
21580000,43160.000007875344,-52579.66768888291,282.09708611624444
21585000,43170.00000787738,-53235.532509969984,305.40881719688923
21590000,43180.00000787942,-53173.45411841347,295.86005765512374
21595000,43190.000007881456,-53460.64579686051,302.97343426685757
21600000,43200.00000788349,-53412.54772205674,303.8686962535334
21605000,43210.00000788553,-53111.91288480515,297.88892983659304
21610000,43220.00000788757,-53460.5880461465,295.3330104557029
21615000,43230.000007889605,-52883.2380631844,302.8107858008891
21620000,43240.00000789164,-53099.21017925607,288.0106509334401
21625000,43250.00000789368,-53086.910224181425,298.0800132095532
21630000,43260.00000789572,-53215.85393592197,303.33703926674247
21635000,43270.000007897754,-52891.16972456031,299.2366601822371
21640000,43280.00000789979,-52879.38815102377,292.2069084925546
21645000,43290.00000790183,-52910.45472005714,307.0730255739892
21650000,43300.000007903865,-52722.68549985814,301.0835020095198
21655000,43310.0000079059,-52805.10262024129,299.29886413246203
21660000,43320.00000790794,-52875.6472026055,289.1339589021726
21665000,43330.00000790998,-52826.448626216996,299.13886915643144
21670000,43340.000007912015,-52837.235844351875,294.42910489752046
21675000,43350.00000791405,-52818.479920739686,300.7237657091656
21680000,43360.00000791609,-52829.56839322354,290.0085799024085
21685000,43370.000007918126,-53241.25065246297,297.41959092485496
21690000,43380.00000792016,-53227.33834499589,300.2062344734491
21695000,43390.0000079222,-53328.84379937459,302.4746665144524
21700000,43400.00000792424,-52849.118219882395,295.87856982120974
21705000,43410.000007926275,-53015.079649208375,291.9396431584037
21710000,43420.00000792831,-53041.545920078526,301.12871941657534
21715000,43430.00000793035,-52756.61207551911,292.46042789495266
21720000,43440.00000793239,-52815.27211404586,294.7878301335264
21725000,43450.000007934425,-53214.88547962345,292.52491537247977
21730000,43460.00000793646,-53246.30664371446,302.86748003582227
21735000,43470.0000079385,-52892.04254844552,299.637453093213
21740000,43480.000007940536,-53141.37010314714,291.8629150274139
21745000,43490.00000794257,-53267.42227666697,296.87835701125346
21750000,43500.00000794461,-53242.61866064466,301.9120279153207
21755000,43510.00000794665,-53187.04191240051,299.89454621208694
21760000,43520.000007948685,-52807.335919873876,297.74967824466006
21765000,43530.00000795072,-53017.91006698602,302.4546259707255
21770000,43540.00000795276,-52789.85597781962,299.8363398098821
21775000,43550.0000079548,-53265.306676829874,302.0812869822831
21780000,43560.000007956834,-52881.23876228457,308.7457284640796
21785000,43570.00000795887,-52837.079757658736,296.3882424620893
21790000,43580.00000796091,-53069.86834010939,297.2349413088056
21795000,43590.000007962946,-53107.44158362271,293.21445618756303
21800000,43600.00000796498,-52934.470831136656,297.37964727307764
21805000,43610.00000796702,-52962.32631321266,294.3681925959379
21810000,43620.00000796906,-53263.53525316535,298.84676126476523
21815000,43630.000007971095,-52983.24995056761,300.52643327612407
21820000,43640.00000797313,-53030.23347669712,304.0154947237375
21825000,43650.00000797517,-53137.28945771215,297.9654104760474
21830000,43660.00000797721,-53055.83982800189,298.00122277185164
21835000,43670.000007979244,-53046.798733612406,299.60622001407245
21840000,43680.00000798128,-52959.74924838584,301.362396824397
21845000,43690.00000798332,-53041.5901400157,297.46044717665995
21850000,43700.000007985356,-53172.95159317058,296.88818309844726
21855000,43710.00000798739,-53202.714437099814,302.900485571235
21860000,43720.00000798943,-52933.12960983132,296.7607683848828
21865000,43730.00000799147,-52986.41699924256,300.294796754864
21870000,43740.000007993505,-53062.22575837109,296.93649042447396
21875000,43750.00000799554,-53171.32145044705,297.5393299497496
21880000,43760.00000799758,-53478.36035809925,300.1900771662758
21885000,43770.00000799962,-53032.12784765317,294.84100825792865
21890000,43780.000008001654,-53276.482742806256,295.6925638961402
21895000,43790.00000800369,-53353.01406372152,290.10988224242226
21900000,43800.00000800573,-52835.59406744753,293.1410389874111
21905000,43810.000008007766,-53073.38292408775,300.3888237752672
21910000,43820.0000080098,-53119.94132229345,303.9374607137765
21915000,43830.00000801184,-53177.221923175355,299.769552428418
21920000,43840.00000801388,-52830.10443106847,305.6936268604852
21925000,43850.000008015915,-53234.93570509102,300.34320375112736
21930000,43860.00000801795,-52890.673040901165,298.7234811509197
21935000,43870.00000801999,-52917.456289209134,289.0634800356004
21940000,43880.00000802203,-53149.31361857016,303.3221531543794
21945000,43890.000008024064,-52721.022055825335,300.4212948569272
21950000,43900.0000080261,-53340.7766643927,300.26912764037104
21955000,43910.00000802814,-52843.20862053352,298.5952492142493
21960000,43920.000008030176,-53074.5876334339,294.3262796153506
21965000,43930.00000803221,-52857.93442297308,297.89171958111507
21970000,43940.00000803425,-52670.86953889279,297.9288741726613
21975000,43950.00000803629,-52809.85969050042,296.2263727378045
21980000,43960.000008038325,-52606.236263219645,297.55827127904115
21985000,43970.00000804036,-53487.02903279237,291.53357497503265
21990000,43980.0000080424,-53146.843086711655,301.32997883640763
21995000,43990.00000804444,-53215.20194106706,305.2312426425879
22000000,44000.000008046474,-53320.6231647298,298.8355276219805
22005000,44010.00000804851,-52726.783738498314,301.38814649843334
22010000,44020.00000805055,-53103.11496707614,292.8342519434601
22015000,44030.000008052586,-52719.933703685936,304.429196961436
22020000,44040.00000805462,-53212.46245180146,292.419838964012
22025000,44050.00000805666,-53024.23681135688,294.00711609449075
22030000,44060.0000080587,-52992.1333287188,308.63871034291475
22035000,44070.000008060735,-53515.53839853377,290.2603264841794
22040000,44080.00000806277,-52916.70867186296,298.39090611746377
22045000,44090.00000806481,-52801.48888445404,297.30017040767166
22050000,44100.00000806685,-53559.78511440038,295.0100421580916
22055000,44110.000008068884,-52978.232740815525,305.8266128249807
22060000,44120.00000807092,-53133.93115125701,297.44690682097223
22065000,44130.00000807296,-52713.27854359598,297.70391333359726
22070000,44140.000008074996,-53144.338482075575,306.1795346844467
22075000,44150.00000807703,-53535.43223114952,301.7291333042058
22080000,44160.00000807907,-53304.21506540096,298.79876882209186
22085000,44170.00000808111,-53137.04007412793,302.76294951179216
22090000,44180.000008083145,-53117.25463979834,306.4049888108607
22095000,44190.00000808518,-53295.30354322205,300.83223510872165
22100000,44200.00000808722,-53186.828188421205,297.1845706231642
22105000,44210.00000808926,-52905.563866813085,303.5404650462494
22110000,44220.000008091294,-53185.06852143546,302.8879825746011
22115000,44230.00000809333,-53174.69159635971,308.71979544766134
22120000,44240.00000809537,-53084.49663306613,295.6900744648934
22125000,44250.000008097406,-52956.45633712565,295.1605018216771
22130000,44260.00000809944,-52875.37511428687,293.62275227141174
22135000,44270.00000810148,-53507.674516001774,298.2659325491555
22140000,44280.00000810352,-53307.939180767455,293.2769664888206
22145000,44290.000008105555,-52630.25291679491,293.54195805776374
22150000,44300.00000810759,-53154.82795581946,302.71791825454665
22155000,44310.00000810963,-53151.90981152878,302.7821285872356
22160000,44320.00000811167,-52772.757543880754,304.7235111937928
22165000,44330.000008113704,-52835.97614625946,300.2804486083096
22170000,44340.00000811574,-53293.9553032892,298.47836549424477
22175000,44350.00000811778,-52890.77487251299,301.5142663334806
22180000,44360.000008119816,-53296.30326278575,296.1991851402112
22185000,44370.00000812185,-53397.1833176871,302.9732029834648
22190000,44380.00000812389,-52827.82784142945,300.2252486359964
22195000,44390.00000812593,-53319.96649135207,297.88460852498787
22200000,44400.000008127965,-53041.97460203781,299.5384515289397
22205000,44410.00000813,-52953.366072323115,304.1166730122752
22210000,44420.00000813204,-52834.770763508684,295.80432678749145
22215000,44430.00000813408,-52801.99393156613,296.3961911390305
22220000,44440.000008136114,-52780.1390361003,292.2500743407931
22225000,44450.00000813815,-53315.46901597551,294.05731947565175
22230000,44460.00000814019,-53393.378787555936,305.69590918740016
22235000,44470.000008142226,-53088.290581043024,303.68751523780037
22240000,44480.00000814426,-53223.73644170971,293.9411810051421
22245000,44490.0000081463,-53070.17025522789,287.8691371717067
22250000,44500.00000814834,-52979.560984396725,306.6919556847117
22255000,44510.000008150375,-52739.01005252026,303.84852780082895
22260000,44520.00000815241,-52961.99040318627,307.2554815032136
22265000,44530.00000815445,-52714.42658146328,299.7215264493965
22270000,44540.00000815649,-53268.8074269926,298.09918901082546
22275000,44550.000008158524,-53187.80131076413,303.670456728653
22280000,44560.00000816056,-52912.87447178573,294.512670128573
22285000,44570.0000081626,-53399.558783816,299.3967113059348
22290000,44580.000008164636,-53081.31549276272,298.07568640495157
22295000,44590.00000816667,-52798.42843425833,297.7501086568256
22300000,44600.00000816871,-53112.94364706043,302.1292628673657
22305000,44610.00000817075,-52964.17617555868,310.2026293892243
22310000,44620.000008172785,-53203.58490113792,298.2962832976585
22315000,44630.00000817482,-53171.955085786176,295.9250717198214
22320000,44640.00000817686,-52694.31057726132,296.18618999418993
22325000,44650.0000081789,-52845.66797634412,296.67719387756654
22330000,44660.000008180934,-52955.267450038955,302.4047627272897
22335000,44670.00000818297,-53387.824968328,295.07139600428627
22340000,44680.00000818501,-53353.47250358309,299.72349729246946
22345000,44690.000008187046,-53129.7459973745,297.6055956068054
22350000,44700.00000818908,-52783.48748743546,297.0789818522501
22355000,44710.00000819112,-53095.86235431238,294.2322968727158
22360000,44720.00000819316,-52770.84064178297,308.3627722981581
22365000,44730.000008195195,-52777.77697597479,290.2716910844419
22370000,44740.00000819723,-52665.64087797617,305.79598473123025
22375000,44750.00000819927,-52534.941073651135,297.41801736963936
22380000,44760.00000820131,-53383.56110723814,300.63907016912754
22385000,44770.000008203344,-52901.567509385204,300.53880665057886
22390000,44780.00000820538,-52934.59979004841,297.79522605318056
22395000,44790.00000820742,-52847.50451836572,294.8292882377417
22400000,44800.000008209456,-52913.50334761094,291.8248084509584
22405000,44810.00000821149,-52819.959327761404,291.8064551735214
22410000,44820.00000821353,-52962.59936349993,302.01824059933614
22415000,44830.00000821557,-53115.595594770246,292.9342765923871
22420000,44840.000008217605,-53264.38928302328,305.000580440662
22425000,44850.00000821964,-53412.859031479544,292.43411505622015
22430000,44860.00000822168,-52820.840910974104,291.95521893484573
22435000,44870.00000822372,-52930.18783899848,298.0562557694503
22440000,44880.000008225754,-53032.68729261041,297.06833608680853
22445000,44890.00000822779,-52760.14399403514,303.87761830642785
22450000,44900.00000822983,-52600.676923426305,302.8846585635253
22455000,44910.000008231866,-53256.17408275083,300.3522517926715
22460000,44920.0000082339,-52938.39675339684,296.6054506937551
22465000,44930.00000823594,-53106.18290225204,294.0241520914567
22470000,44940.00000823798,-53296.26283574817,299.2519524990066
22475000,44950.000008240015,-52458.126357322995,304.2418315779196
22480000,44960.00000824205,-53127.96765747768,299.7559783088452
22485000,44970.00000824409,-53331.1627594725,289.5560024173743
22490000,44980.00000824613,-53325.03801984459,292.8956157640907
22495000,44990.000008248164,-53325.97056332455,299.55870658555284
22500000,45000.0000082502,-53036.36750479654,304.5941598414824
22505000,45010.00000825224,-52949.782993900444,299.9668579102408
22510000,45020.000008254276,-53226.12504540695,301.1710525016264
22515000,45030.00000825631,-53163.71867466849,291.48020765551047
22520000,45040.00000825835,-52836.82202209061,293.29052746815154
22525000,45050.00000826039,-53176.09083455108,301.6014267812812
22530000,45060.000008262425,-52910.4736063008,299.42398896940153
22535000,45070.00000826446,-52756.43004697765,295.94758332160046
22540000,45080.0000082665,-52719.258583380724,299.1254076790738
22545000,45090.00000826854,-52679.39816506344,301.4448922587388
22550000,45100.000008270574,-52878.191855659534,288.969388166437
22555000,45110.00000827261,-53134.569813978684,285.2873246017723
22560000,45120.00000827465,-53405.938224632235,295.57804955788407
22565000,45130.000008276686,-53346.87718898087,298.216756595298
22570000,45140.00000827872,-53198.95038905245,299.2071749994123
22575000,45150.00000828076,-53077.2013875414,298.97538996378387
22580000,45160.0000082828,-52566.071656148735,297.64426840721814
22585000,45170.000008284835,-52771.60651130308,293.46441804185247
22590000,45180.00000828687,-53035.25464757718,292.26049072512325
22595000,45190.00000828891,-53097.2906127717,304.6071320265948
22600000,45200.00000829095,-52889.40235745476,295.53427947029013
22605000,45210.000008292984,-53250.65223574138,298.0212456840037
22610000,45220.00000829502,-52994.16211389005,303.6651882719779
22615000,45230.00000829706,-53500.88538709699,297.04112404200725
22620000,45240.000008299095,-53160.99479471397,294.31334212727575
22625000,45250.00000830113,-52950.108842821006,301.8663166061857
22630000,45260.00000830317,-52901.46865465041,288.66193920586846
22635000,45270.00000830521,-52949.00082302469,292.4895214672536
22640000,45280.000008307245,-53354.65418297262,288.24748570928614
22645000,45290.00000830928,-53121.67537190259,296.321365577572
22650000,45300.00000831132,-53496.02378881286,298.68397554497653
22655000,45310.00000831336,-52598.24002250549,300.55113888448074
22660000,45320.000008315394,-52944.283291159256,296.67849825639064
22665000,45330.00000831743,-53294.39861288355,294.8001196705572
22670000,45340.00000831947,-53360.73710789817,307.7001065310121
22675000,45350.000008321505,-53440.572478308866,296.9722362950895
22680000,45360.00000832354,-52976.642908894864,303.9002112652513
22685000,45370.00000832558,-53209.53862809515,291.4286032401955
22690000,45380.00000832762,-52744.03358704812,299.19837322941476
22695000,45390.000008329655,-52875.69756696455,298.8942690460531
22700000,45400.00000833169,-53382.78642738925,305.77014196665885
22705000,45410.00000833373,-52958.660966989206,290.93585556873387
22710000,45420.000008335766,-52899.31494089245,303.7360580292236
22715000,45430.0000083378,-53531.51335848865,301.1942386392475
22720000,45440.00000833984,-52871.019237643224,289.52281146207866
22725000,45450.00000834188,-53177.68247028842,298.1239810376325
22730000,45460.000008343915,-53497.39313964531,300.46564022626814
22735000,45470.00000834595,-52988.705125654145,298.4241821398301
22740000,45480.00000834799,-53251.92975531684,296.42198986856073
22745000,45490.00000835003,-53136.90640404698,306.5998746037408
22750000,45500.000008352064,-52707.968657245394,292.25428424666705
22755000,45510.0000083541,-53280.352443046926,298.7115159621293
22760000,45520.00000835614,-53181.78954337316,304.0260073013986
22765000,45530.000008358176,-53169.73147669219,292.9824309949698
22770000,45540.00000836021,-52829.71739079527,294.64855501152255
22775000,45550.00000836225,-53299.1653349495,301.0370602056588
22780000,45560.00000836429,-52782.604110270186,298.69752938652266
22785000,45570.000008366325,-53025.03510043837,293.49622297474593
22790000,45580.00000836836,-53290.19663298121,299.3758159845077
22795000,45590.0000083704,-53383.04166987867,303.45420382853894
22800000,45600.00000837244,-53204.57879333795,299.40484641384313
22805000,45610.000008374474,-53364.09112362971,296.44628043585897
22810000,45620.00000837651,-53071.50563086028,297.3543719800214
22815000,45630.00000837855,-52975.88436644047,294.8217943225078
22820000,45640.000008380586,-53096.23229576007,299.94330765212203
22825000,45650.00000838262,-52807.29704813112,304.933901980375
22830000,45660.00000838466,-52729.933454047365,298.73013717649815
22835000,45670.0000083867,-53099.32995020345,301.45098714385483
22840000,45680.000008388735,-53067.10797497418,293.9391256164681
22845000,45690.00000839077,-53060.9982240501,300.962461125255
22850000,45700.00000839281,-53065.49092540197,298.9291811185627
22855000,45710.00000839485,-52990.73769831969,288.1128847501486
22860000,45720.000008396884,-53272.917531701416,303.9594942568874
22865000,45730.00000839892,-53296.973189299635,298.37878125899164
22870000,45740.00000840096,-53081.76646492191,288.86436619299053
22875000,45750.000008402996,-52874.10695690877,300.56341934249474
22880000,45760.00000840503,-53144.4660665422,297.1094180357229
22885000,45770.00000840707,-52937.12221221789,298.1421025344034
22890000,45780.00000840911,-53434.394808128854,294.23392319979024
22895000,45790.000008411145,-53164.31212923996,299.8231353151267
22900000,45800.00000841318,-53006.200745110924,299.8599358097079
22905000,45810.00000841522,-53263.97826186032,303.18159967582085
22910000,45820.00000841726,-53220.31031196215,297.25462289159765
22915000,45830.000008419294,-52762.48072541453,304.02750806284206
22920000,45840.00000842133,-52834.8817410777,301.3454058893744
22925000,45850.00000842337,-53243.976208156586,305.1778976647091
22930000,45860.000008425406,-52477.449106353975,302.3756537231332
22935000,45870.00000842744,-53229.16878390621,300.0500578552046
22940000,45880.00000842948,-53013.355131308286,295.63343533285337
22945000,45890.00000843152,-52679.76393030179,299.4800282877321
22950000,45900.000008433555,-53167.13308568607,299.73842462684735
22955000,45910.00000843559,-53153.27444744308,297.43577451083087
22960000,45920.00000843763,-53170.951939594874,296.58162872771356
22965000,45930.00000843967,-53160.74603131914,294.8020704484022
22970000,45940.000008441704,-53412.71023273803,300.39388092162756
22975000,45950.00000844374,-53142.51146059262,301.3037635533826
22980000,45960.00000844578,-52809.406075573264,296.2719081344479
22985000,45970.000008447816,-53226.60929630519,301.278747817872
22990000,45980.00000844985,-52986.306127523974,293.66039185645207
22995000,45990.00000845189,-52790.69421026105,302.84720461911866
23000000,46000.00000845393,-52717.46198993831,290.17276385846577
23005000,46010.000008455965,-52733.30918348543,306.3692943923302
23010000,46020.000008458,-53229.77759602168,302.74538851040194
23015000,46030.00000846004,-52908.214931763476,307.00929487769275
23020000,46040.00000846208,-52896.92821028919,294.07740330937423
23025000,46050.000008464114,-53087.53674562706,301.27119073129427
23030000,46060.00000846615,-53147.85475470146,304.5493973993334
23035000,46070.00000846819,-52967.09728317906,297.4009386440048
23040000,46080.000008470226,-52840.086505473155,296.78967978116793
23045000,46090.00000847226,-52882.595079526945,297.6091678476216
23050000,46100.0000084743,-53015.58266632893,296.5289728046322
23055000,46110.00000847634,-52869.406647097145,303.1498477517009
23060000,46120.000008478375,-53352.813907817384,293.74769681666197
23065000,46130.00000848041,-53399.191184910014,294.4535731315684
23070000,46140.00000848245,-53103.95600632063,299.5837757816207
23075000,46150.00000848449,-52774.46298848721,291.67512899844644
23080000,46160.000008486524,-53275.7796895573,301.20897108258737
23085000,46170.00000848856,-53112.80555301142,304.8904386801984
23090000,46180.0000084906,-53355.217108880024,292.20195768671664
23095000,46190.000008492636,-53267.331158961635,298.838524627769
23100000,46200.00000849467,-52822.80052519296,295.7905590472565
23105000,46210.00000849671,-52871.05939831521,296.98084969811987
23110000,46220.00000849875,-52872.87259143387,302.82306791462173
23115000,46230.000008500785,-52883.760927971074,300.15140737458324
23120000,46240.00000850282,-53118.21732531334,288.68473851973795
23125000,46250.00000850486,-53031.095529423794,306.2445742997604
23130000,46260.0000085069,-53364.06477916319,295.3729840454052
23135000,46270.000008508934,-53186.550676160055,303.44202590249853
23140000,46280.00000851097,-52869.8193353301,300.99302051105224
23145000,46290.00000851301,-52987.56982140284,294.41137413690683
23150000,46300.000008515046,-53610.40020300544,288.79119117138725
23155000,46310.00000851708,-53129.690943945025,303.5665814744926
23160000,46320.00000851912,-53154.1671906407,294.1506410683807
23165000,46330.00000852116,-52832.02809922796,297.1468120247062
23170000,46340.000008523195,-52825.3088025582,297.3740688473596
23175000,46350.00000852523,-53121.91097785576,290.0388718517403
23180000,46360.00000852727,-52995.42825220892,298.3320807265508
23185000,46370.00000852931,-53256.93136098818,288.7942218814425
23190000,46380.000008531344,-53024.54622155585,299.72143679186837
23195000,46390.00000853338,-53128.89120361302,305.5718950781953
23200000,46400.00000853542,-53114.72536604115,296.9369864254629
23205000,46410.000008537456,-53297.1709114862,297.62615367234775
23210000,46420.00000853949,-53315.36972875788,292.30901568920257
23215000,46430.00000854153,-53398.554184882494,293.7613434712131
23220000,46440.00000854357,-52889.75257736599,306.75031097884084
23225000,46450.000008545605,-52721.19133406266,300.0625780828277
23230000,46460.00000854764,-52967.442224574916,297.4632035235664
23235000,46470.00000854968,-53087.19429424091,303.03360687688786
23240000,46480.00000855172,-53296.8746879478,312.4663294861839
23245000,46490.000008553754,-53273.58543456852,304.10827144302783
23250000,46500.00000855579,-52951.35241375351,289.3322911928331
23255000,46510.00000855783,-53561.08454972872,301.1316342372485
23260000,46520.000008559866,-52714.32855895109,294.3831390464405
23265000,46530.0000085619,-52827.62446597224,296.67034705724944
23270000,46540.00000856394,-53136.402684753295,292.81846061567825
23275000,46550.00000856598,-53434.572502317606,294.49007554410247
23280000,46560.000008568015,-53461.26520564183,301.09446976932503
23285000,46570.00000857005,-52864.459419252555,296.0634904672644
23290000,46580.00000857209,-52838.460504180286,293.93448470360255
23295000,46590.00000857413,-53094.55422246165,307.2359128176722
23300000,46600.000008576164,-52526.08539300019,294.1561746625431
23305000,46610.0000085782,-52832.35046475334,293.8297114580659
23310000,46620.00000858024,-52756.36165247482,300.2777992801781
23315000,46630.000008582276,-53161.8774305422,295.2109524817751
23320000,46640.00000858431,-53182.72561203409,298.7053640594591
23325000,46650.00000858635,-52880.94452610618,300.41973862606585
23330000,46660.00000858839,-53245.80367756431,299.12773846448295
23335000,46670.000008590425,-53305.60501676885,300.4210945582246
23340000,46680.00000859246,-52812.65233705891,307.9245557841287
23345000,46690.0000085945,-53254.09594038449,295.0540603715891
23350000,46700.00000859654,-52963.72397747947,300.0463943320745
23355000,46710.000008598574,-53101.86653815184,291.060964636834
23360000,46720.00000860061,-53091.30141649512,303.44181072847095
23365000,46730.00000860265,-52899.06564175687,296.6830084251094
23370000,46740.000008604686,-52937.61913718755,295.71327997717077
23375000,46750.00000860672,-52538.21307639498,298.27779602329963
23380000,46760.00000860876,-52573.12714721708,301.8558881453744
23385000,46770.0000086108,-53016.33267144812,304.56726704046235
23390000,46780.000008612835,-52934.27179035652,297.7284726482105
23395000,46790.00000861487,-52941.25250814628,290.1526854255166
23400000,46800.00000861691,-52787.958284216176,296.82450969111824
23405000,46810.00000861895,-53111.02048197345,300.21257571955243
23410000,46820.000008620984,-52930.19852678446,300.5030695389398
23415000,46830.00000862302,-53016.72003472538,294.45713302899685
23420000,46840.00000862506,-52749.747800652985,301.556813418874
23425000,46850.000008627096,-53144.211135440244,301.65126896361556
23430000,46860.00000862913,-52922.26625344716,302.4153951861699
23435000,46870.00000863117,-53203.24874445764,299.7281461638188
23440000,46880.00000863321,-53018.39495773148,300.1865273795237
23445000,46890.000008635245,-52930.04663128266,304.6534838992962
23450000,46900.00000863728,-53187.311451031186,297.330588898503
23455000,46910.00000863932,-53486.39445283549,301.8624500832257
23460000,46920.00000864136,-52939.98639367873,297.34540402855094
23465000,46930.000008643394,-53207.4797506966,308.2863953356236
23470000,46940.00000864543,-53185.802371985425,298.46641889247917
23475000,46950.00000864747,-53167.120215904,299.82862296820736
23480000,46960.000008649506,-53218.421190033696,290.60303633765506
23485000,46970.00000865154,-52973.67673317314,289.874647810465
23490000,46980.00000865358,-53384.48889037006,300.2667961086486
23495000,46990.00000865562,-53105.78512319163,297.3072574130291
23500000,47000.000008657655,-52739.41922441806,297.4863040750928
23505000,47010.00000865969,-53006.07145565323,295.0582852026343
23510000,47020.00000866173,-53527.58472605058,294.382389765524
23515000,47030.00000866377,-52923.59748981238,291.9570869530824
23520000,47040.000008665804,-52879.27188748884,298.5996103686397
23525000,47050.00000866784,-53071.7039560253,292.4055533029562
23530000,47060.00000866988,-52841.75738526537,295.5487430887555
23535000,47070.000008671916,-52652.41110981422,307.87903233352
23540000,47080.00000867395,-53217.80148406653,290.91267425517367
23545000,47090.00000867599,-52947.514346021286,300.9948391567947
23550000,47100.00000867803,-53019.13741579326,298.10953798158016
23555000,47110.000008680065,-53424.11779732449,305.1426713516054
23560000,47120.0000086821,-53522.73080623901,289.8695301533023
23565000,47130.00000868414,-53306.30832609942,299.3583489983662
23570000,47140.00000868618,-52949.45932964963,294.5709425319978
23575000,47150.000008688214,-52750.041567241045,295.25674798827805
23580000,47160.00000869025,-53006.48940076161,294.7416386219695
23585000,47170.00000869229,-53303.20878923172,299.725466037183
23590000,47180.000008694326,-53227.767656072625,299.73547584431975
23595000,47190.00000869636,-53410.03814893021,291.9993965094513
23600000,47200.0000086984,-53146.81850200548,295.4476314099866
23605000,47210.00000870044,-53001.982139333006,299.60579837480265
23610000,47220.000008702475,-52944.84725342924,301.5283230928426
23615000,47230.00000870451,-53143.65913978507,295.99504459747567
23620000,47240.00000870655,-53192.46297593051,295.5350640561198
23625000,47250.00000870859,-52965.21994390813,303.3771642388931
23630000,47260.000008710624,-52920.55576218225,290.48516398215963
23635000,47270.00000871266,-52470.5818227086,294.4371057422176
23640000,47280.0000087147,-53298.68999938163,301.9418392637037
23645000,47290.000008716735,-53136.43030034,296.70433824760556
23650000,47300.00000871877,-53365.10029103956,296.1010500334887
23655000,47310.00000872081,-53280.46341965179,300.49469705823265
23660000,47320.00000872285,-53262.55042562183,295.83621687543643
23665000,47330.000008724885,-53017.66662682858,296.0836818945806
23670000,47340.00000872692,-53157.00112044814,295.66036151837136
23675000,47350.00000872896,-52846.94556093615,299.3893773937013
23680000,47360.000008730996,-53064.59683716431,300.04797924063115
23685000,47370.00000873303,-52873.421595408116,297.18317289077606
23690000,47380.00000873507,-53047.8466703381,299.4233347713171
23695000,47390.00000873711,-53022.13672351584,305.9256462789976
23700000,47400.000008739145,-53049.65274007566,302.22331124794044
23705000,47410.00000874118,-53023.325538844976,299.6885576945695
23710000,47420.00000874322,-52774.47828940049,301.3847775305878
23715000,47430.00000874526,-52967.5656081186,305.7633207281774
23720000,47440.000008747294,-53399.84710949051,299.90096481719183
23725000,47450.00000874933,-52797.059824056516,301.6906721500028
23730000,47460.00000875137,-53309.45019103793,299.83911089207857
23735000,47470.000008753406,-52846.605093120714,307.48263160293027
23740000,47480.00000875544,-53014.416340235155,300.3870570445422
23745000,47490.00000875748,-52999.20153060471,295.54656703602285
23750000,47500.00000875952,-52906.752534579515,300.1211096527869
23755000,47510.000008761555,-52757.30158025419,299.92873669025
23760000,47520.00000876359,-52966.13469325236,301.03912496075907
23765000,47530.00000876563,-53203.2186733461,299.89445196454506
23770000,47540.00000876767,-52836.49072770466,299.4794672896455
23775000,47550.000008769704,-52672.33344781297,297.4532680634601
23780000,47560.00000877174,-53320.31923519471,299.8471760957446
23785000,47570.00000877378,-53130.106013771,300.3078466461626
23790000,47580.000008775816,-52939.41893341899,297.3521124362041
23795000,47590.00000877785,-53278.558796976606,298.78611561086865
23800000,47600.00000877989,-52944.8222434067,298.0679913740447
23805000,47610.00000878193,-53329.45566835339,291.00196284989437
23810000,47620.000008783965,-52696.64848460886,294.3767535994337
23815000,47630.000008786,-52975.14132293197,308.8620752452029
23820000,47640.00000878804,-53116.62102643016,305.1067837469746
23825000,47650.00000879008,-52885.06287761597,295.44939727685966
23830000,47660.000008792114,-53478.37907172041,300.7795588308827
23835000,47670.00000879415,-52972.76278573368,300.84726709200095
23840000,47680.00000879619,-53294.864360887266,291.4181190934052
23845000,47690.000008798226,-52904.09501158219,296.2584634736149
23850000,47700.00000880026,-53467.545959831914,305.4033329151409
23855000,47710.0000088023,-53294.0478588081,303.2281015190963
23860000,47720.00000880434,-52946.41575202299,297.9466456245589
23865000,47730.000008806375,-53036.90963298449,299.40389368628706
23870000,47740.00000880841,-52935.7007706266,297.5757731398025
23875000,47750.00000881045,-52937.22096077734,297.83312468136626
23880000,47760.00000881249,-53020.797745226504,296.13121497854394
23885000,47770.000008814524,-53338.55782573472,301.6948563033172
23890000,47780.00000881656,-52872.335127911676,295.6108199312451
23895000,47790.0000088186,-52852.71176627479,301.050727351042
23900000,47800.000008820636,-52935.52533599801,301.58521281170994
23905000,47810.00000882267,-53323.8033782508,298.81134031505314
23910000,47820.00000882471,-52945.61754110543,299.2168936718109
23915000,47830.00000882675,-53453.788062575826,304.82912724799536
23920000,47840.000008828785,-53066.50517132363,297.9329725602244
23925000,47850.00000883082,-53117.52917909715,294.37826021015536
23930000,47860.00000883286,-52845.44503520307,287.28294474701937
23935000,47870.0000088349,-52870.95195658336,302.35102437456544
23940000,47880.000008836934,-52954.51418121983,302.2536160951011
23945000,47890.00000883897,-53449.89938659614,298.9205309156119
23950000,47900.00000884101,-52619.9121285376,304.95659500282295
23955000,47910.000008843046,-53387.000815542415,299.72138551171474
23960000,47920.00000884508,-53523.8017349072,291.84847361637856
23965000,47930.00000884712,-53237.33451891213,299.7732168796815
23970000,47940.00000884916,-53240.589512846374,299.01968692246834
23975000,47950.000008851195,-52826.15393796589,299.9333703521702
23980000,47960.00000885323,-52967.87729848249,297.31176007292856
23985000,47970.00000885527,-52871.7201453406,301.7683384494471
23990000,47980.00000885731,-53338.969409978454,304.8146258818451
23995000,47990.000008859344,-53080.723052615824,300.18108746354113
24000000,48000.00000886138,-52953.28595593374,301.54627760760354
24005000,48010.00000886342,-53046.84095775653,303.1871654101976
24010000,48020.000008865456,-53152.261712787935,291.2381631365995
24015000,48030.00000886749,-53286.099527993065,293.55647305540316
24020000,48040.00000886953,-52721.807214878674,296.5567200615539
24025000,48050.00000887157,-53220.19507843105,301.28760785936566
24030000,48060.000008873605,-53343.32614539971,293.00778083877896
24035000,48070.00000887564,-53342.14000337757,300.32799975742347
24040000,48080.00000887768,-52950.20681095662,302.83405871721175
24045000,48090.00000887972,-52782.925771371054,303.6149596952156
24050000,48100.000008881754,-52822.45128392687,296.1772106540771
24055000,48110.00000888379,-53011.088564478996,299.02108966492057
24060000,48120.00000888583,-52937.99073443381,295.23365125786995
24065000,48130.000008887866,-53566.87988681276,303.6157401532691
24070000,48140.0000088899,-52969.450777592894,297.9302331408754
24075000,48150.00000889194,-52877.79406651505,292.52227572232334
24080000,48160.00000889398,-53229.64710806991,295.09834191290184
24085000,48170.000008896015,-52743.562992136634,299.3249865450775
24090000,48180.00000889805,-53221.53129755388,299.32676589982657
24095000,48190.00000890009,-53016.0117990156,298.5930229064209
24100000,48200.00000890213,-53261.20239659102,305.25019419914463
24105000,48210.000008904164,-53381.717805426306,294.8703545148991
24110000,48220.0000089062,-53331.64508879589,298.3758273073185
24115000,48230.00000890824,-53167.01969339122,290.8200272007318
24120000,48240.000008910276,-53491.50346511649,302.4416159340515
24125000,48250.00000891231,-53048.160006649094,303.44612101376896
24130000,48260.00000891435,-52951.690740291786,298.90060033104004
24135000,48270.00000891639,-53028.11731891209,306.8311278430563
24140000,48280.000008918425,-53211.744811341516,296.60286132494036
24145000,48290.00000892046,-52995.44747158376,296.6037653968051
24150000,48300.0000089225,-52885.467261580954,293.2340571431995
24155000,48310.00000892454,-53114.71202411421,299.052626608506
24160000,48320.000008926574,-53208.15893810429,299.82710436156606
24165000,48330.00000892861,-53003.666566689266,301.4706583974321
24170000,48340.00000893065,-53057.52920027409,302.7983638662337
24175000,48350.000008932686,-53214.84652143769,303.3020631112485
24180000,48360.00000893472,-53182.26946143163,294.7409590613554
24185000,48370.00000893676,-52812.806023380515,303.83977622661484
24190000,48380.0000089388,-53442.93171649228,292.6503816231589
24195000,48390.000008940835,-52932.946183437656,292.42671601449644
24200000,48400.00000894287,-53465.98788513924,296.84688113835375
24205000,48410.00000894491,-53233.20337278128,304.38055438659904
24210000,48420.00000894695,-53008.11832037693,299.24084724680904
24215000,48430.000008948984,-53270.63389359377,306.30456554614324
24220000,48440.00000895102,-52900.79023346436,301.91292729713007
24225000,48450.00000895306,-53255.3444766544,303.84753415237634
24230000,48460.000008955096,-53138.71473612121,298.1075413904838
24235000,48470.00000895713,-53041.03731978941,296.00462703761013
24240000,48480.00000895917,-53263.02908858954,299.87750237434915
24245000,48490.00000896121,-53077.19531393846,299.7260189794285
24250000,48500.000008963245,-53068.98972535145,295.896985978217
24255000,48510.00000896528,-52811.47631440795,299.0756725031309
24260000,48520.00000896732,-53089.31231893238,297.4922587237244
24265000,48530.00000896936,-52975.18170307705,295.39049034079534
24270000,48540.000008971394,-53114.79651750886,297.7893341924538
24275000,48550.00000897343,-53263.69155899019,303.8279473335895
24280000,48560.00000897547,-53245.050530841865,296.1856106168062
24285000,48570.000008977506,-53166.77376098794,297.0328157759969
24290000,48580.00000897954,-53245.83099841728,298.38072938606655
24295000,48590.00000898158,-53259.25135331342,296.5573647943596
24300000,48600.00000898362,-53126.91676754976,297.2065077204299
24305000,48610.000008985655,-52979.4388378594,296.0173069411043
24310000,48620.00000898769,-52659.241908238386,294.9636855188522
24315000,48630.00000898973,-53093.6021738773,301.64089491817043
24320000,48640.00000899177,-53503.64102364017,299.0780939582656
24325000,48650.000008993804,-53561.71159665633,300.5076119506619
24330000,48660.00000899584,-52710.70032829215,297.7731279197174
24335000,48670.00000899788,-53275.97952599157,297.3322243689244
24340000,48680.000008999916,-52555.8281625293,304.8670112014665
24345000,48690.00000900195,-52867.66508428042,304.20827701173647
24350000,48700.00000900399,-52925.36876976321,302.18621174076054
24355000,48710.00000900603,-52948.123231694626,301.04971625063
24360000,48720.000009008065,-52821.38105216349,292.68613435406905
24365000,48730.0000090101,-52808.266152152006,288.95131341189386
24370000,48740.00000901214,-52915.15971626574,285.9596515420018
24375000,48750.00000901418,-52883.92855110913,298.1706047455841
24380000,48760.000009016214,-52890.1625440027,295.82191595377134
24385000,48770.00000901825,-53009.64261333487,297.0524623787559
24390000,48780.00000902029,-53112.731746739795,296.57320715437334
24395000,48790.000009022326,-53357.388925996114,292.4282408238825
24400000,48800.00000902436,-53089.34952564447,292.41616166046055
24405000,48810.0000090264,-52748.71058441716,295.9968623071622
24410000,48820.00000902844,-52956.05020102268,299.0050802979211
24415000,48830.000009030475,-52724.98368548753,302.092084844999
24420000,48840.00000903251,-52843.41616019473,302.87431425191045
24425000,48850.00000903455,-53372.294678685634,300.6370788676226
24430000,48860.00000903659,-52755.10028626607,294.79885420645974
24435000,48870.000009038624,-53239.60529666318,299.00149294333045
24440000,48880.00000904066,-52828.05839843475,299.54451279273934
24445000,48890.0000090427,-53177.09232749953,298.97192150520385
24450000,48900.000009044736,-52986.46385602819,300.2278239880334
24455000,48910.00000904677,-53100.17372991418,298.460478382089
24460000,48920.00000904881,-52839.672569044575,309.056673703859
24465000,48930.00000905085,-52678.182882461144,301.5862788697712
24470000,48940.000009052885,-53144.263618773286,298.8046407240504
24475000,48950.00000905492,-52768.144558322354,294.45288896920385
24480000,48960.00000905696,-53240.75795641402,299.1836014266684
24485000,48970.000009059,-53274.31446479252,300.96333626031753
24490000,48980.000009061034,-53093.76980067408,301.4518604895683
24495000,48990.00000906307,-53000.497994142235,298.5684695941317
24500000,49000.00000906511,-53275.64330338605,302.64396768365367
24505000,49010.000009067146,-52702.87451175181,297.7878988287938
24510000,49020.00000906918,-53139.62050610749,298.5833428168036
24515000,49030.00000907122,-53232.159204403055,296.29693353039465
24520000,49040.00000907326,-53212.159964614664,303.552331930657
24525000,49050.000009075295,-53209.220477420546,306.1715078075132
24530000,49060.00000907733,-53232.3468059742,294.7226059940277
24535000,49070.00000907937,-53093.35003792684,292.3138357078541
24540000,49080.00000908141,-53017.03605430445,291.86621481706834
24545000,49090.000009083444,-53280.018647518475,292.4338789630415
24550000,49100.00000908548,-53284.19926023585,291.48781590682813
24555000,49110.00000908752,-52953.44920950002,300.1966208782085
24560000,49120.000009089556,-53205.821118156426,292.8496835941519
24565000,49130.00000909159,-53342.49257893197,293.9402273238177
24570000,49140.00000909363,-52529.77085651987,301.04879998303466
24575000,49150.00000909567,-53077.625683629856,292.39713621515057
24580000,49160.000009097705,-52639.44756727698,301.26148000165153
24585000,49170.00000909974,-53133.045764675684,300.9660412183515
24590000,49180.00000910178,-52923.554070540325,301.2099456366219
24595000,49190.00000910382,-53387.43717717295,297.1988072804931
24600000,49200.000009105854,-53498.10972003802,296.76596538495954
24605000,49210.00000910789,-52959.503557417134,298.2375155476439
24610000,49220.00000910993,-53300.231461612886,292.88651308612293
24615000,49230.000009111965,-52940.69905294594,292.60382073122844
24620000,49240.000009114,-52923.17373213111,294.4308921703289
24625000,49250.00000911604,-52975.25835097229,294.6022163418415
24630000,49260.00000911808,-52860.33145003638,297.3238546488759
24635000,49270.000009120115,-53642.78945194525,305.8027051932302
24640000,49280.00000912215,-52894.72365971675,306.4632345627297
24645000,49290.00000912419,-52842.27863519403,295.3829744859379
24650000,49300.000009126226,-53048.132348175306,297.3305688079022
24655000,49310.00000912826,-53289.24514120238,294.8225505807992
24660000,49320.0000091303,-53110.79274683038,295.0340208092103
24665000,49330.00000913234,-53112.38088212209,302.9166155120188
24670000,49340.000009134375,-53050.87202803677,292.1603942699931
24675000,49350.00000913641,-53105.37975501886,290.5798752930073
24680000,49360.00000913845,-52858.9032253467,297.5920993089756
24685000,49370.00000914049,-53142.62517758738,303.92097467165445
24690000,49380.000009142525,-53111.75471305018,302.904945649573
24695000,49390.00000914456,-53200.97846907712,298.9952556722947
24700000,49400.0000091466,-52968.098547046335,301.7180518257076
24705000,49410.000009148636,-53171.723859908176,305.12207296039026
24710000,49420.00000915067,-53224.778660871496,302.73010881885483
24715000,49430.00000915271,-53195.56236958946,306.87052559717245
24720000,49440.00000915475,-53047.92711419685,302.7888658664431
24725000,49450.000009156785,-53286.80132998404,303.7721735045493
24730000,49460.00000915882,-53543.91989833966,292.47881880668444
24735000,49470.00000916086,-53356.60181213374,295.68002538415317
24740000,49480.0000091629,-53187.304053564905,295.24867846355545
24745000,49490.000009164934,-53056.64376850217,298.6304235885539
24750000,49500.00000916697,-53399.83636912622,295.9286720933558
24755000,49510.00000916901,-53172.10435663242,298.189095311321
24760000,49520.000009171046,-53198.23249532713,311.445162293433
24765000,49530.00000917308,-53082.09390270966,292.9177367538692
24770000,49540.00000917512,-53270.30525332704,297.88310371608804
24775000,49550.00000917716,-53152.092467521754,297.50142293848114
24780000,49560.000009179195,-52938.59130391717,299.09532551936536
24785000,49570.00000918123,-52898.831531458476,290.4789881911299
24790000,49580.00000918327,-53156.09849147446,294.630407501283
24795000,49590.00000918531,-53108.24967462756,305.4442117137329
24800000,49600.000009187344,-53169.93268767066,295.09974722472884
24805000,49610.00000918938,-53089.349261629715,293.09760642313546
24810000,49620.00000919142,-52942.55748228202,299.31610823516513
24815000,49630.000009193456,-52783.21662746419,299.8345664931074
24820000,49640.00000919549,-52814.924448679434,305.4884935532615
24825000,49650.00000919753,-52926.12015510403,296.1548362435437
24830000,49660.00000919957,-53250.48785981923,291.126692460209
24835000,49670.000009201605,-52784.170578648744,297.43579806747175
24840000,49680.00000920364,-52886.318698108196,296.7774791249494
24845000,49690.00000920568,-52735.13251169119,294.08810617252544
24850000,49700.00000920772,-53578.93804732285,300.2541567782259
24855000,49710.000009209754,-53077.56713070304,302.7764192695262
24860000,49720.00000921179,-52941.22624103204,305.38790337768097
24865000,49730.00000921383,-52883.612673383206,299.15530554448793
24870000,49740.000009215866,-53351.57121535021,304.58243882202
24875000,49750.0000092179,-52934.22101358831,300.500250105482
24880000,49760.00000921994,-53087.09354167839,296.98210137218774
24885000,49770.00000922198,-53138.67729213895,302.7945613903912
24890000,49780.000009224015,-53000.560452781356,298.15932144187735
24895000,49790.00000922605,-53283.367386077385,299.8697989538043
24900000,49800.00000922809,-52824.50386624984,294.74943654386766
24905000,49810.00000923013,-53097.90759311375,303.28685581022296
24910000,49820.000009232164,-52843.09736459193,299.70057738041294
24915000,49830.0000092342,-52946.775811099156,289.99631617442583
24920000,49840.00000923624,-53172.28945258749,303.1892296658495
24925000,49850.000009238276,-53244.07528588749,304.19864742442985
24930000,49860.00000924031,-53441.230393524835,302.6481223827081
24935000,49870.00000924235,-53150.653960912634,296.3301111670526
24940000,49880.00000924439,-52655.288876402105,298.6950363910749
24945000,49890.000009246425,-53004.48450698613,293.24265380065503
24950000,49900.00000924846,-52991.79901298956,299.43999738762847
24955000,49910.0000092505,-53065.515105790226,285.967299106221
24960000,49920.00000925254,-53149.89975409015,289.67570689623045
24965000,49930.000009254574,-53180.54855144283,294.1042107175326
24970000,49940.00000925661,-52982.90636013271,311.84614809838376
24975000,49950.00000925865,-52881.17471468134,294.8913975468395
24980000,49960.000009260686,-53349.420748769684,309.2062687011581
24985000,49970.00000926272,-52895.36586364551,297.3379367398838
24990000,49980.00000926476,-53121.63827826464,286.49097196172465
24995000,49990.0000092668,-53042.44726018404,298.9533581660165
25000000,50000.000009268835,-53223.68738661488,299.55327172640517
