#"Step","Time (ps)","Potential Energy (kJ/mole)","Temperature (K)"
5000,10.000000000000009,-53287.59558355453,302.6662427487058
10000,19.999999999999794,-52951.78503304484,296.1947713945471
15000,29.99999999999425,-52840.74595160401,296.16724537748223
20000,40.00000000000292,-52879.117335320945,288.41385714119883
25000,50.00000000001514,-53230.441811925615,297.9507431332759
30000,60.00000000002736,-52873.69189172221,299.0112916531484
35000,70.00000000001826,-52942.04964204584,303.6421346999729
40000,79.99999999999496,-53320.23735845863,302.6624390131988
45000,89.99999999997165,-52814.76535247598,299.2968089964598
50000,99.99999999994834,-53242.11284019367,297.88366483582064
55000,109.99999999992504,-52850.28336763929,294.6722215873831
60000,119.99999999990173,-53113.44131665441,298.5004400314031
65000,129.99999999989262,-53280.48157921387,291.520614025387
70000,139.99999999994037,-53246.98216964927,304.2171414900627
75000,149.99999999998812,-52944.152606618736,305.1393906117838
80000,160.00000000003587,-52830.47852127493,307.24715211925627
85000,170.00000000008362,-53084.339487372345,293.54498158851703
90000,180.00000000013137,-52998.571906283614,300.9121378969405
95000,190.0000000001791,-53267.62225076312,293.54369196888706
100000,200.00000000022686,-52939.77688534916,298.1471286104676
105000,210.0000000002746,-53403.07918954408,306.6274646180988
110000,220.00000000032236,-52996.31078244871,297.8134472012143
115000,230.0000000003701,-53223.85917964231,297.4557043163661
120000,240.00000000041786,-52659.921649210504,299.47023228236793
125000,250.0000000004656,-52798.426793726074,307.3399945016237
130000,260.00000000051335,-53174.1910610972,303.56207042677494
135000,270.0000000005611,-52661.75148863532,298.7185309176581
140000,280.00000000060885,-52865.42894369198,311.532867703877
145000,290.0000000006566,-52789.726550048625,291.1324124309397
150000,300.00000000070435,-53359.55864885915,299.7327390894102
155000,310.0000000007521,-53050.392648433975,304.3263282756559
160000,320.00000000079984,-53016.19146158878,300.0862537124286
165000,330.0000000008476,-53004.05267863229,296.5978084662141
170000,340.00000000089534,-53041.41726556257,296.25720868888203
175000,350.0000000009431,-52270.984161734785,299.60700609563224
180000,360.00000000099084,-53278.441160564835,300.9239290564098
185000,370.0000000010386,-52831.58052322062,305.072707159329
190000,380.00000000108633,-52909.70307277728,295.67594711963
195000,390.0000000011341,-53011.31939647312,296.4237454808358
200000,400.00000000118183,-53098.27571381902,300.39128434807907
205000,410.0000000012296,-52818.10877305819,292.9105722432703
210000,420.00000000127733,-52754.09342440494,294.420039552758
215000,430.0000000013251,-52843.68949004874,292.3510198182628
220000,440.0000000013728,-53033.7101012987,288.12384298274657
225000,450.0000000014206,-52809.82018135078,301.1385531242761
230000,460.0000000014683,-52889.604175283224,303.27330688279704
235000,470.00000000151607,-53039.242923811806,298.4746724519359
240000,480.0000000015638,-52982.83277146245,301.84004491108965
245000,490.00000000161157,-52919.93881352179,293.44691033574844
250000,500.0000000016593,-52802.09901554874,294.4876065641835
255000,510.00000000170706,-52939.111600325356,293.1499497308051
260000,520.0000000015274,-52649.22293573542,296.3211985628
265000,530.0000000012909,-52940.110178767674,296.78327541055364
270000,540.0000000010544,-53026.238095167966,299.31560100617014
275000,550.000000000818,-53085.650119153404,294.15695268291415
280000,560.0000000005815,-52872.59838299567,294.84518254944356
285000,570.000000000345,-53034.346512314834,299.48898083679035
290000,580.0000000001086,-52577.91065140639,296.8885976080001
295000,589.9999999998721,-53119.31560725451,296.77071984161654
300000,599.9999999996356,-52920.90361271726,291.85064916421237
305000,609.9999999993992,-53379.45830830111,303.54155558023973
310000,619.9999999991627,-52955.439954665344,304.2175931979799
315000,629.9999999989262,-53053.60218279748,300.8453064374818
320000,639.9999999986898,-53088.27343467419,295.1819413025821
325000,649.9999999984533,-53068.47103181822,296.3564391203862
330000,659.9999999982168,-53289.18776039468,291.4024122132093
335000,669.9999999979804,-53018.68425744239,300.0280941365751
340000,679.9999999977439,-52980.31674694325,305.71377001684283
345000,689.9999999975074,-52977.08004912964,300.4668421720951
350000,699.999999997271,-52864.75637629896,296.89742797918086
355000,709.9999999970345,-53186.31075406558,294.3719425286688
360000,719.999999996798,-52823.470938359096,296.4281448718951
365000,729.9999999965615,-52962.543447435484,296.54582669449906
370000,739.9999999963251,-52927.43613567916,310.62359593140826
375000,749.9999999960886,-52682.80389500593,294.28648620899185
380000,759.9999999958521,-52827.511742763396,301.52377510249283
385000,769.9999999956157,-52959.80672643235,297.8635813929199
390000,779.9999999953792,-53011.93412946648,293.4162619046991
395000,789.9999999951427,-52958.88586799087,295.2288129011405
400000,799.9999999949063,-53027.57466455092,301.303704996721
405000,809.9999999946698,-52856.28694507925,291.0289366256842
410000,819.9999999944333,-52613.74262955581,293.44897034959797
415000,829.9999999941969,-53100.82038424219,298.4098528865903
420000,839.9999999939604,-53119.88420185723,299.7068821077658
425000,849.9999999937239,-52820.154066778254,299.32962772956216
430000,859.9999999934874,-53289.996427273436,306.6847850133398
435000,869.999999993251,-53194.51614851269,293.0520742634714
440000,879.9999999930145,-53037.56282301113,301.85799539696166
445000,889.999999992778,-53258.57016052521,294.38999731664194
450000,899.9999999925416,-52735.24950513663,296.75913373504335
455000,909.9999999923051,-52826.1511719932,297.90466841850247
460000,919.9999999920686,-53151.98932291023,290.48291585751525
465000,929.9999999918322,-53086.931797922734,295.57455591533835
470000,939.9999999915957,-52690.51600892795,307.66906769899214
475000,949.9999999913592,-52962.74604393085,302.1097514851556
480000,959.9999999911228,-52944.50034431863,298.89062304875546
485000,969.9999999908863,-53225.990253200114,300.094848459363
490000,979.9999999906498,-53431.33445105696,296.265493522956
495000,989.9999999904134,-53486.57956437033,302.2758859087042
500000,999.9999999901769,-53316.25432186469,292.4629181118118
505000,1009.9999999899404,-53251.1115213992,294.234993302587
510000,1019.999999989704,-52667.8175033392,294.97942624722975
515000,1029.9999999894676,-53209.4241250522,294.8088218279294
520000,1039.9999999892311,-52826.8587866789,297.24373054229494
525000,1049.9999999889947,-52896.71640325908,307.79620233568966
530000,1059.9999999887582,-52425.261307743494,302.8736632556555
535000,1069.9999999885217,-52995.05922848056,296.4874877631283
540000,1079.9999999882853,-53240.582622368354,299.8503719759096
545000,1089.9999999880488,-52803.993032480765,301.46771321696116
550000,1099.9999999878123,-53217.242379048635,285.7872056195593
555000,1109.9999999875758,-52778.27957170087,304.0659720065387
560000,1119.9999999873394,-52726.596511861135,296.1738529805788
565000,1129.999999987103,-52318.30114358151,300.6318282084912
570000,1139.9999999868664,-53317.24933508778,293.4669798615406
575000,1149.99999998663,-52745.33535778473,294.5225886280654
580000,1159.9999999863935,-52904.033468659414,300.02617418635606
585000,1169.999999986157,-53134.11334883311,300.6129944257345
590000,1179.9999999859206,-52630.66086330457,308.7074432925858
595000,1189.999999985684,-53050.54464172505,303.3083267571702
600000,1199.9999999854476,-53146.218743652804,297.12837631638797
605000,1209.9999999852112,-52801.891057639004,293.66094368560647
610000,1219.9999999849747,-52834.40766547932,293.9777748863213
615000,1229.9999999847382,-53275.52390688541,294.4989499940219
620000,1239.9999999845018,-52854.628206778405,300.5078470489805
625000,1249.9999999842653,-53017.43402285161,302.59477280135275
630000,1259.9999999840288,-53336.24904317531,301.34737824059295
635000,1269.9999999837923,-53005.05818005436,294.99692317956595
640000,1279.9999999835559,-52966.03009848698,306.83562150850594
645000,1289.9999999833194,-52608.34558910993,297.3194094194086
650000,1299.999999983083,-53482.23239985024,305.0733085934578
655000,1309.9999999828465,-53216.822778608475,290.7449254300776
660000,1319.99999998261,-53007.57006656393,305.27166109299867
665000,1329.9999999823735,-52880.11891446193,298.2407907192912
670000,1339.999999982137,-53051.073642092175,302.61062216242374
675000,1349.9999999819006,-52919.05581730718,311.1730768915184
680000,1359.9999999816641,-53297.56212302015,288.2033234743506
685000,1369.9999999814277,-52932.22161846841,287.27433551939765
690000,1379.9999999811912,-52894.14272884664,301.7374020898302
695000,1389.9999999809547,-52771.84759425372,307.56229060874676
700000,1399.9999999807183,-52823.55809518101,294.3722292902853
705000,1409.9999999804818,-52831.05715082414,305.8817412197692
710000,1419.9999999802453,-53060.90457582116,301.75230852503546
715000,1429.9999999800089,-53102.26554533854,304.625281739783
720000,1439.9999999797724,-52795.42025157815,297.65462384946267
725000,1449.999999979536,-53138.70037699686,297.7106353965637
730000,1459.9999999792994,-53207.651632917084,309.11872382248987
735000,1469.999999979063,-52729.90791930127,293.6116719762813
740000,1479.9999999788265,-53125.83980014114,285.9156696561212
745000,1489.99999997859,-52968.1178779804,299.9720824643361
750000,1499.9999999783536,-52647.15579358145,298.16368605821356
755000,1509.999999978117,-52716.200992174505,296.76197345591515
760000,1519.9999999778806,-52609.64775671478,299.71930865813215
765000,1529.9999999776442,-53124.9478708136,297.0844465145389
770000,1539.9999999774077,-53136.17097912406,295.81030083077917
775000,1549.9999999771712,-52855.54585005148,302.2191223305761
780000,1559.9999999769348,-52722.55730575882,304.55859776847547
785000,1569.9999999766983,-53120.94242607654,292.70319676025156
790000,1579.9999999764618,-53406.11707691569,299.0131839260454
795000,1589.9999999762254,-53191.08479721789,301.45283292512823
800000,1599.9999999759889,-52985.95969959465,302.27405619440555
805000,1609.9999999757524,-53091.93702739081,287.1226529226468
810000,1619.999999975516,-53332.71915535297,299.9379748598325
815000,1629.9999999752795,-52994.323837321106,293.5599247533176
820000,1639.999999975043,-53066.18154312603,297.4524409095147
825000,1649.9999999748065,-52938.631837613095,299.10381091008253
830000,1659.99999997457,-53001.497320305614,295.52580385820227
835000,1669.9999999743336,-52662.76864690019,290.6219343416302
840000,1679.9999999740971,-53206.622040171176,299.2044266972102
845000,1689.9999999738607,-52997.15456291384,300.75201588371465
850000,1699.9999999736242,-52761.471576823504,297.4490674275744
855000,1709.9999999733877,-53041.07888137366,300.48892812695084
860000,1719.9999999731513,-52562.71498103268,297.63317782205246
865000,1729.9999999729148,-52828.26728024785,303.24029976967546
870000,1739.9999999726783,-52988.92766634008,302.54547443118645
875000,1749.9999999724419,-53129.34840378471,288.3262070100843
880000,1759.9999999722054,-53492.78780582966,302.04139642630776
885000,1769.999999971969,-52908.858470945095,300.77315660005144
890000,1779.9999999717324,-52646.23443126638,297.11347861411724
895000,1789.999999971496,-53461.17075419132,307.28414657187705
900000,1799.9999999712595,-52877.247577713715,296.08840013951095
905000,1809.999999971023,-52753.84834595406,306.32574042976154
910000,1819.9999999707866,-53062.24689086451,300.41213097529186
915000,1829.99999997055,-53072.35936029878,298.435345750259
920000,1839.9999999703136,-53021.88461176827,303.8808982534593
925000,1849.9999999700772,-52705.27164518315,299.15056262054543
930000,1859.9999999698407,-52791.03579796417,305.2083966868008
935000,1869.9999999696042,-52992.50609914167,297.03843028058634
940000,1879.9999999693678,-53030.04926007945,292.9031644746837
945000,1889.9999999691313,-53077.07258361159,301.1988449616846
950000,1899.9999999688948,-53365.303068506735,298.6992161791617
955000,1909.9999999686584,-52683.84393744648,305.0433318123279
960000,1919.999999968422,-52986.28064466073,296.0543856606943
965000,1929.9999999681854,-52958.30466214387,298.39346333364284
970000,1939.999999967949,-52465.01350025085,294.43511717371274
975000,1949.9999999677125,-53028.168112096784,301.764753085411
980000,1959.999999967476,-52959.124094340834,295.7138932841241
985000,1969.9999999672395,-53310.873129238666,294.5522875486394
990000,1979.999999967003,-52981.82693839923,300.9165923830004
995000,1989.9999999667666,-53024.2466010777,298.33550536689535
1000000,1999.9999999665301,-52889.69000095804,305.4703189915306
1005000,2009.9999999662937,-53094.49077837251,296.4633225737063
1010000,2019.9999999660572,-53086.86940714944,296.91622120051375
1015000,2029.9999999658207,-52897.50483405893,296.7579304120819
1020000,2039.9999999655843,-52733.45549851141,294.74556012330504
1025000,2049.999999965348,-52698.6400791397,302.5009193387688
1030000,2059.9999999651113,-53184.73953630906,303.7919590522314
1035000,2069.999999964875,-53114.07994475032,301.67714422442157
1040000,2079.9999999646384,-52802.756572296,298.22343793441013
1045000,2089.999999964402,-52637.0275551739,298.2357820222894
1050000,2099.9999999641655,-52727.60567050343,297.27216317771365
1055000,2109.999999963929,-53027.95987087683,298.072129704861
1060000,2119.9999999636925,-53197.77899360366,297.9607425031955
1065000,2129.999999963456,-52897.68696504299,298.64451026272457
1070000,2139.9999999632196,-53282.5645929428,297.7796493081462
1075000,2149.999999962983,-53003.834026373515,294.78097814782706
1080000,2159.9999999627466,-52953.2147020408,305.48042704528984
1085000,2169.99999996251,-53196.45755299833,303.83981869885616
1090000,2179.9999999622737,-52707.373776634224,299.9346979094992
1095000,2189.9999999620372,-53192.21663001491,296.5389429258321
1100000,2199.9999999618008,-52957.24910538242,298.15002152303134
1105000,2209.9999999615643,-52893.44187033785,299.4027589465873
1110000,2219.999999961328,-52713.38299762696,304.32715502038076
1115000,2229.9999999610914,-53430.81060916878,303.3342081173637
1120000,2239.999999960855,-53268.83604291521,293.4013923837186
1125000,2249.9999999606184,-53160.405416716094,292.67632752144965
1130000,2259.999999960382,-52863.63267389411,302.72595423728853
1135000,2269.9999999601455,-53303.57829998311,294.30047623323634
1140000,2279.999999959909,-52829.571408507356,298.9133598537398
1145000,2289.9999999596726,-53054.573865254555,295.45960699276804
1150000,2299.999999959436,-52974.37417451161,300.03138177770273
1155000,2309.9999999591996,-52982.35260271083,297.350545213595
1160000,2319.999999958963,-53127.37587569081,298.7630216056458
1165000,2329.9999999587267,-52878.15423057944,298.4347098945042
1170000,2339.99999995849,-52780.694709574105,292.61745473572086
1175000,2349.9999999582537,-53189.02167546342,294.86595518663256
1180000,2359.9999999580173,-53029.466331746575,293.3420392940377
1185000,2369.999999957781,-53128.06751991194,306.6701585578567
1190000,2379.9999999575443,-52857.33941382737,303.3255781987262
1195000,2389.999999957308,-53225.058006218256,296.3339447905109
1200000,2399.9999999570714,-52828.908997128194,298.24665616959356
1205000,2409.999999956835,-53119.8006417054,303.39689718976297
1210000,2419.9999999565985,-53060.47041883436,308.8441753592065
1215000,2429.999999956362,-52585.71986780432,294.6543452217723
1220000,2439.9999999561255,-52880.23931989184,298.79539119092095
1225000,2449.999999955889,-52910.018358211935,299.7188801016285
1230000,2459.9999999556526,-53079.59342108233,305.919497803675
1235000,2469.999999955416,-52817.745714844554,296.46603199738587
1240000,2479.9999999551796,-53104.15135248189,302.1509095130826
1245000,2489.999999954943,-52776.156954214326,306.64944272538327
1250000,2499.9999999547067,-52858.37343835115,294.99459460490374
1255000,2509.9999999544702,-53102.006213828456,298.7477173335759
1260000,2519.9999999542338,-53245.22109210078,294.2181028252791
1265000,2529.9999999539973,-52950.46353872999,302.5538419070076
1270000,2539.999999953761,-53274.21435368585,298.2132433496562
1275000,2549.9999999535244,-53206.6697677045,299.5055690984431
1280000,2559.999999953288,-53305.10601054714,301.0231793079378
1285000,2569.9999999530514,-52541.49825095324,296.1972473076851
1290000,2579.999999952815,-53191.68053843858,299.9834974069259
1295000,2589.9999999525785,-53003.64609875364,298.826903159868
1300000,2599.999999952342,-52816.33852113539,296.11863095440094
1305000,2609.9999999521056,-52823.98060555977,300.1135208187039
1310000,2619.999999951869,-52829.286156854156,293.3529986374261
1315000,2629.9999999516326,-53303.45146514953,294.012338244711
1320000,2639.999999951396,-52835.32086492586,300.35532847597113
1325000,2649.9999999511597,-52371.422834815894,298.25970193240045
1330000,2659.999999950923,-52867.9675100302,292.38750884738454
1335000,2669.9999999506867,-53571.10547778249,297.3537520936621
1340000,2679.9999999504503,-53224.43131417406,299.38007420500645
1345000,2689.999999950214,-52956.07043784406,300.30500041784495
1350000,2699.9999999499773,-52982.505446603085,304.36554614804965
1355000,2709.999999949741,-52821.85194700523,288.897379684898
1360000,2719.9999999495044,-53172.25356041765,307.37893719576635
1365000,2729.999999949268,-52836.775032803096,298.08229088464856
1370000,2739.9999999490315,-52838.13744823876,292.3475086789107
1375000,2749.999999948795,-53169.58292524313,299.7651654931361
1380000,2759.9999999485585,-53009.05560774694,295.76345029132597
1385000,2769.999999948322,-53056.62581297447,295.6779829217619
1390000,2779.9999999480856,-52697.005755940976,301.5431326913077
1395000,2789.999999947849,-53233.56214293619,302.63219704803794
1400000,2799.9999999476127,-53000.45171668407,294.93915195629734
1405000,2809.999999947376,-53359.83910962532,301.7835804120114
1410000,2819.9999999471397,-53287.06961332713,289.0123226728727
1415000,2829.9999999469032,-52629.911031744705,298.99490013678445
1420000,2839.999999946667,-53231.47088110942,293.8253333939241
1425000,2849.9999999464303,-53336.275361709675,300.85483905312225
1430000,2859.999999946194,-52776.13867102889,298.1647986909273
1435000,2869.9999999459574,-53022.57768218382,299.0597113628635
1440000,2879.999999945721,-53524.68006318185,303.37575944135256
1445000,2889.9999999454844,-53012.2148927011,304.2414315397008
1450000,2899.999999945248,-52752.36638653072,299.38683112159987
1455000,2909.9999999450115,-52801.99276955717,301.29743175633604
1460000,2919.999999944775,-53168.085452993866,289.03354442953736
1465000,2929.9999999445386,-52988.25674882697,296.17483654873786
1470000,2939.999999944302,-53494.74742783804,297.6702838865424
1475000,2949.9999999440656,-53175.162751533324,296.1663076142436
1480000,2959.999999943829,-52297.98917857386,294.94764800194343
1485000,2969.9999999435927,-53207.42054549325,299.54924988928434
1490000,2979.999999943356,-52800.959064374765,298.68825932599566
1495000,2989.9999999431197,-53016.83944740283,295.12977102978414
1500000,2999.9999999428833,-53050.081696111156,304.7982593667892
1505000,3009.999999942647,-52837.19348838378,300.29152009961587
1510000,3019.9999999424103,-52856.67062057319,302.48537415718
1515000,3029.999999942174,-53219.561760694865,305.58302650643157
1520000,3039.9999999419374,-53291.12195141235,296.0345890510973
1525000,3049.999999941701,-52920.54119683863,305.0823905258044
1530000,3059.9999999414645,-53047.995837596885,296.0125995424939
1535000,3069.999999941228,-52637.87628954687,296.3640900515755
1540000,3079.9999999409915,-52717.762955327344,300.265856104256
1545000,3089.999999940755,-52955.53224893636,297.31649163569045
1550000,3099.9999999405186,-53077.92281230705,306.44034776033243
1555000,3109.999999940282,-53101.99147762777,297.52143738242745
1560000,3119.9999999400457,-53014.80928354757,292.82926251707033
1565000,3129.999999939809,-53144.80211608377,297.69580632077503
1570000,3139.9999999395727,-52810.521215551154,297.76040232100183
1575000,3149.9999999393362,-53032.89452562592,301.79018811855985
1580000,3159.9999999391,-53199.30123371273,304.6967110235284
1585000,3169.9999999388633,-52538.478342706716,302.16050178806347
1590000,3179.999999938627,-52690.474122394546,307.6738152381653
1595000,3189.9999999383904,-52896.67382728771,300.61092746834163
1600000,3199.999999938154,-52644.5490004872,305.19924961532735
1605000,3209.9999999379174,-52714.9135547702,308.5539678264486
1610000,3219.999999937681,-52530.00308732662,304.80661654367236
1615000,3229.9999999374445,-52732.31864778625,301.4986654842388
1620000,3239.999999937208,-52743.53246280708,297.1209477244398
1625000,3249.9999999369716,-52722.311973595875,296.97678150008244
1630000,3259.999999936735,-53199.16437119688,301.11642484016835
1635000,3269.9999999364986,-53210.99636708072,293.2514181230443
1640000,3279.999999936262,-52837.18261689597,296.04881022660754
1645000,3289.9999999360257,-52888.76869940423,294.995764318664
1650000,3299.999999935789,-52811.27943076793,299.7780850149342
1655000,3309.9999999355528,-52799.29474122854,299.10421692467867
1660000,3319.9999999353163,-53168.635665783804,294.38427979298865
1665000,3329.99999993508,-52674.02927390265,299.39079651864307
1670000,3339.9999999348433,-53131.30611922394,301.82113778097687
1675000,3349.999999934607,-53044.80532065901,299.99901302119474
1680000,3359.9999999343704,-53352.73319781525,301.7285221570112
1685000,3369.999999934134,-53050.59259871318,296.85062022625954
1690000,3379.9999999338975,-52841.15484812428,298.87405081116003
1695000,3389.999999933661,-52813.799350594374,297.81065810718076
1700000,3399.9999999334245,-52885.58527479146,297.0124768745025
1705000,3409.999999933188,-52869.68987529812,293.2099624149692
1710000,3419.9999999329516,-52837.52283315256,299.86477928851605
1715000,3429.999999932715,-52736.06711570709,296.2728553768638
1720000,3439.9999999324787,-53450.48867073341,302.86495881610756
1725000,3449.999999932242,-53148.95416162186,298.07626565717584
1730000,3459.9999999320057,-53113.772890689,294.2485799937395
1735000,3469.9999999317693,-53282.443960881705,296.4583592163681
1740000,3479.999999931533,-52869.77246936172,307.983818799406
1745000,3489.9999999312963,-52824.62328527137,299.9082236543243
1750000,3499.99999993106,-53150.88174413738,298.1933917707731
1755000,3509.9999999308234,-53118.963977127336,299.7074591652132
1760000,3519.999999930587,-53060.12565971137,302.0098993938966
1765000,3529.9999999303504,-52779.883650415926,296.79246013831374
1770000,3539.999999930114,-52805.695622280124,301.4555662170327
1775000,3549.9999999298775,-53131.94011166046,297.39546596455
1780000,3559.999999929641,-52881.32808707966,295.9006057359549
1785000,3569.9999999294046,-53016.499446554924,298.971184690255
1790000,3579.999999929168,-52680.8191304832,306.15813993745246
1795000,3589.9999999289316,-52922.59453549917,302.2092540998893
1800000,3599.999999928695,-52940.50128993098,298.7827397661415
1805000,3609.9999999284587,-53259.640101914585,304.716840786255
1810000,3619.999999928222,-53141.598839495215,289.0871732142514
1815000,3629.9999999279858,-52882.97275269663,300.8755388047195
1820000,3639.9999999277493,-53142.45534034603,293.26438451719633
1825000,3649.999999927513,-53194.208392026165,299.9452125286278
1830000,3659.9999999272763,-52834.590435897466,298.1117322813184
1835000,3669.99999992704,-52666.59555166954,297.09795662487306
1840000,3679.9999999268034,-52901.09037194602,301.81770794957697
1845000,3689.999999926567,-52982.48270822689,299.71969386516196
1850000,3699.9999999263305,-52753.25487178666,305.6234433846018
1855000,3709.999999926094,-52889.08491453371,298.6388647867482
1860000,3719.9999999258575,-53205.17494542501,292.7327568911557
1865000,3729.999999925621,-52848.4343297788,303.7085922724517
1870000,3739.9999999253846,-53104.202334898204,301.830888184879
1875000,3749.999999925148,-52568.069485805376,289.7267050391134
1880000,3759.9999999249117,-52883.7889427802,297.9265816430677
1885000,3769.999999924675,-52792.93080703553,303.0031679093457
1890000,3779.9999999244387,-52853.934162303514,294.82658948460147
1895000,3789.9999999242023,-53419.30000327603,297.13772412970417
1900000,3799.999999923966,-53060.912036524154,307.39626366566245
1905000,3809.9999999237293,-53270.79019853272,308.8034510133743
1910000,3819.999999923493,-53197.581339861266,304.9198898760178
1915000,3829.9999999232564,-52806.64235221309,304.9383587414769
1920000,3839.99999992302,-52927.68664023149,293.1052098103628
1925000,3849.9999999227834,-53100.92932248127,293.1436993840651
1930000,3859.999999922547,-52691.00771946029,299.5470871076218
1935000,3869.9999999223105,-53003.63373766531,303.8635511598366
1940000,3879.999999922074,-53023.3764199829,297.95216871357303
1945000,3889.9999999218376,-53230.617557160964,299.4955264871347
1950000,3899.999999921601,-53002.45388934802,310.2419340432101
1955000,3909.9999999213646,-53079.61005571287,295.06467011936235
1960000,3919.999999921128,-52750.000582193315,292.06600286595057
1965000,3929.9999999208917,-53044.97166512741,300.7366373466481
1970000,3939.9999999206552,-53174.61290671473,298.6682122686868
1975000,3949.9999999204188,-52831.65925908272,301.2370473805317
1980000,3959.9999999201823,-53053.47980910531,296.82712668058366
1985000,3969.999999919946,-53359.78959327715,291.2040088305878
1990000,3979.9999999197094,-53111.43729999673,299.92299314133834
1995000,3989.999999919473,-52778.18521292874,298.5713841738704
2000000,3999.9999999192364,-53425.70469448826,294.5428701506247
2005000,4009.999999919,-52543.30188949357,298.2334934269246
2010000,4019.9999999187635,-52966.231544982846,297.2163631602062
2015000,4029.999999918527,-53184.95940876863,305.8349515343237
2020000,4039.9999999182905,-52734.395741157554,300.46443280533964
2025000,4049.999999918054,-53014.42875640074,290.86599229474194
2030000,4059.9999999178176,-53727.29283379577,301.5918347528042
2035000,4069.999999917581,-52772.820140009135,297.64865849096225
2040000,4079.9999999173447,-52935.10175806505,302.56154596312894
2045000,4089.999999917108,-52710.49593899216,297.02712663484306
2050000,4099.999999917781,-52831.251009438914,301.60956321192765
2055000,4109.999999919818,-52310.809897634754,301.03768261041836
2060000,4119.999999921855,-53159.36833764397,305.1852643442091
2065000,4129.999999923893,-52563.43501585105,297.99644828810034
2070000,4139.99999992593,-53055.36287001078,299.49737847524676
2075000,4149.999999927967,-52976.540397137054,298.0838102845089
2080000,4159.999999930004,-52798.61472409489,291.66455377461114
2085000,4169.999999932042,-52753.0773474834,305.83870865258143
2090000,4179.999999934079,-52819.36802372572,298.4481478197905
2095000,4189.999999936116,-52829.28232431601,295.6592779345481
2100000,4199.999999938153,-52910.42061317735,297.5952660484665
2105000,4209.999999940191,-53066.213266500155,307.2704817617336
2110000,4219.999999942228,-53058.244185688,294.3716785796888
2115000,4229.999999944265,-53013.75755459117,297.94335386920204
2120000,4239.9999999463025,-52860.87363959674,294.8537040694039
2125000,4249.99999994834,-52562.56782959445,301.93543117166354
2130000,4259.999999950377,-52982.381227968785,296.218905521552
2135000,4269.999999952414,-52960.8349523372,300.52482361861735
2140000,4279.999999954452,-52777.55034997573,305.7472058433865
2145000,4289.999999956489,-53172.32209188992,296.515929494098
2150000,4299.999999958526,-52940.80617976672,294.82743750748057
2155000,4309.999999960563,-53081.97103800342,304.0439846647051
2160000,4319.999999962601,-52652.208189927216,301.12241630745956
2165000,4329.999999964638,-52749.28755153439,295.39419726526336
2170000,4339.999999966675,-52929.39449603413,302.7858964410704
2175000,4349.9999999687125,-53015.226207580126,298.0890533475952
2180000,4359.99999997075,-53179.25822722929,297.18367952479224
2185000,4369.999999972787,-52924.50820251749,294.85215096177126
2190000,4379.999999974824,-53207.25691570839,301.3748426629166
2195000,4389.999999976862,-53045.23324639042,289.7154195373052
2200000,4399.999999978899,-53145.70443291872,299.2035808555034
2205000,4409.999999980936,-52708.15280127758,298.1088227605309
2210000,4419.999999982973,-52941.45797045372,298.56985137256214
2215000,4429.999999985011,-52915.27295651563,310.62991913039247
2220000,4439.999999987048,-53024.58378307082,301.7648170606172
2225000,4449.999999989085,-52757.794790244836,299.97076680974436
2230000,4459.999999991122,-53106.22395082121,300.02836391645246
2235000,4469.99999999316,-52950.19695726794,299.24666561523065
2240000,4479.999999995197,-52907.86557124776,292.10678782410105
2245000,4489.999999997234,-52676.79072333124,291.3321664630412
2250000,4499.9999999992715,-53067.35808419375,293.7138169001392
2255000,4510.000000001309,-53123.12120279603,301.5890439668325
2260000,4520.000000003346,-53015.40541888168,304.7093242820607
2265000,4530.000000005383,-52791.48625862147,293.1582953798115
2270000,4540.000000007421,-53013.56012680096,294.38152572368415
2275000,4550.000000009458,-53132.0621138319,289.98131434855975
2280000,4560.000000011495,-52964.348836788326,302.7140131669372
2285000,4570.000000013532,-53184.08555431859,296.0695771834224
2290000,4580.00000001557,-52949.10134677956,293.45139635737655
2295000,4590.000000017607,-52589.22593671203,295.6726175090609
2300000,4600.000000019644,-53239.420589078014,293.25919126405665
2305000,4610.000000021681,-52802.13062973964,303.8769885343924
2310000,4620.000000023719,-53176.58423560191,295.4213466017619
2315000,4630.000000025756,-52895.52560925632,301.89222746734146
2320000,4640.000000027793,-53093.46309070912,298.51343339590534
2325000,4650.0000000298305,-53036.55548302966,299.8630304995515
2330000,4660.000000031868,-52923.36881312961,307.03385988507796
2335000,4670.000000033905,-52698.89069799124,300.70724905452613
2340000,4680.000000035942,-53185.16651801858,300.7968853267399
2345000,4690.00000003798,-52929.17760210685,295.426747415296
2350000,4700.000000040017,-52696.769535843836,294.2844896834399
2355000,4710.000000042054,-52801.98330955958,301.5120842993463
2360000,4720.000000044091,-52973.807734018046,291.13750522809755
2365000,4730.000000046129,-52586.048803396,301.0382535242544
2370000,4740.000000048166,-52987.48330854863,301.80938499261083
2375000,4750.000000050203,-52865.0327354038,295.7364463750913
2380000,4760.0000000522405,-53145.91705384682,304.4873883106485
2385000,4770.000000054278,-53004.046800370794,299.2567232752074
2390000,4780.000000056315,-53191.60245220523,302.21340084525434
2395000,4790.000000058352,-52852.94084564861,295.0300476142177
2400000,4800.0000000603895,-52755.48400989213,308.9463367961262
2405000,4810.000000062427,-52929.06255006493,290.56440532816504
2410000,4820.000000064464,-53251.19748625532,297.6656926709391
2415000,4830.000000066501,-52844.45102957974,291.089310449725
2420000,4840.000000068539,-52901.180650484486,297.87456846805924
2425000,4850.000000070576,-52988.99692039256,292.17671040717244
2430000,4860.000000072613,-52950.477270205534,299.2856857565014
2435000,4870.00000007465,-52974.42754380172,294.5351862863601
2440000,4880.000000076688,-53079.861383139156,301.84164823395105
2445000,4890.000000078725,-52914.790440009325,285.7039515848947
2450000,4900.000000080762,-53229.60305403182,303.40871048408735
2455000,4910.0000000827995,-52758.64628522651,291.7486306465101
2460000,4920.000000084837,-53200.576183500525,293.99564260853657
2465000,4930.000000086874,-53028.89221904683,294.13499815423796
2470000,4940.000000088911,-52977.93799508424,295.7784477209618
2475000,4950.000000090949,-52437.937212791585,294.6346117762985
2480000,4960.000000092986,-53254.36930967297,300.65985884519836
2485000,4970.000000095023,-52976.62930864026,305.7180740350493
2490000,4980.00000009706,-52789.024234590994,299.8106667706727
2495000,4990.000000099098,-52712.40198488801,292.36253058693615
2500000,5000.000000101135,-52968.2172030927,290.3893680657069
2505000,5010.000000103172,-52919.59052227595,309.0144256448465
2510000,5020.000000105209,-53211.40172295683,301.3594748577017
2515000,5030.000000107247,-53164.059050647076,305.64612777954505
2520000,5040.000000109284,-53105.98677534066,294.0799697204713
2525000,5050.000000111321,-53105.33318948813,306.62891241654324
2530000,5060.0000001133585,-53299.479336868855,299.3583351197809
2535000,5070.000000115396,-52858.883560189104,299.68489573300957
2540000,5080.000000117433,-52791.64998311986,310.7004223853907
2545000,5090.00000011947,-52822.412131847144,299.0895585013901
2550000,5100.000000121508,-52950.343894609105,296.9543330793942
2555000,5110.000000123545,-52630.62077507176,303.93206766009774
2560000,5120.000000125582,-53194.064118772396,304.82778325699087
2565000,5130.000000127619,-53032.90970288124,309.5818390527688
2570000,5140.000000129657,-53242.91107230529,299.46408196210524
2575000,5150.000000131694,-52857.746387844,290.68591765941676
2580000,5160.000000133731,-53320.29472513043,304.22523777565897
2585000,5170.0000001357685,-52911.33989188855,296.7432651468202
2590000,5180.000000137806,-53295.45864917783,301.8129475437623
2595000,5190.000000139843,-52808.55291864506,297.74143681651765
2600000,5200.00000014188,-52733.056839128025,295.19660119603645
2605000,5210.0000001439175,-53155.475708703045,304.95027957543857
2610000,5220.000000145955,-52800.35424442074,296.56098833018183
2615000,5230.000000147992,-53351.99491704718,296.91866885355586
2620000,5240.000000150029,-52791.12180545041,298.12075774085554
2625000,5250.000000152067,-52612.31702279401,289.0312184060049
2630000,5260.000000154104,-53168.265118813666,302.01387755298254
2635000,5270.000000156141,-52866.35661354527,301.45069662213245
2640000,5280.000000158178,-52819.776179564244,301.6308860781082
2645000,5290.000000160216,-53299.50957636861,298.20827737635557
2650000,5300.000000162253,-52694.42540622596,298.70569794219614
2655000,5310.00000016429,-52869.971119474474,299.7226130320075
2660000,5320.0000001663275,-52886.24099920664,299.0646998062294
2665000,5330.000000168365,-53306.292590604804,294.3411679590301
2670000,5340.000000170402,-52853.10397188057,301.4989914231242
2675000,5350.000000172439,-52997.518182920554,300.30635784356804
2680000,5360.000000174477,-53301.39267231722,307.4379281592104
2685000,5370.000000176514,-52969.54927637585,298.22017529921885
2690000,5380.000000178551,-53329.97753488677,294.74719371223364
2695000,5390.000000180588,-52889.453031649056,294.1909679076533
2700000,5400.000000182626,-52543.613485985465,299.3323394921283
2705000,5410.000000184663,-52743.93144179933,300.8406195634882
2710000,5420.0000001867,-52925.852190825244,292.6894476477207
2715000,5430.000000188737,-52714.775805698504,301.04803453753397
2720000,5440.000000190775,-52894.502424873586,309.18415165319175
2725000,5450.000000192812,-53000.20823839682,295.6275353973955
2730000,5460.000000194849,-53445.36700893339,290.9330312750491
2735000,5470.0000001968865,-53018.14829158498,294.66330567268125
2740000,5480.000000198924,-52674.09817240678,299.63676947752833
2745000,5490.000000200961,-52714.39938024839,303.79762577088746
2750000,5500.000000202998,-52896.77600533489,306.6754778213169
2755000,5510.000000205036,-52832.39042263539,295.25623272007203
2760000,5520.000000207073,-53153.34209180606,300.9868728371142
2765000,5530.00000020911,-53305.132950260624,297.5788492561968
2770000,5540.000000211147,-52804.557004109054,294.908658933004
2775000,5550.000000213185,-52880.96459091001,299.21404059508154
2780000,5560.000000215222,-53061.13100304495,296.33821089249057
2785000,5570.000000217259,-53153.4594158915,296.91512295565394
2790000,5580.000000219296,-53140.713796936936,297.8411135488235
2795000,5590.000000221334,-52861.65940647866,307.7325249266144
2800000,5600.000000223371,-53142.11993550492,295.2539754383955
2805000,5610.000000225408,-53026.16256010134,301.5742292642677
2810000,5620.0000002274455,-53030.17813398992,299.50518057326644
2815000,5630.000000229483,-52984.678062811756,303.5485001002631
2820000,5640.00000023152,-52957.1121964661,292.52528177648014
2825000,5650.000000233557,-52981.86987834348,294.033203785805
2830000,5660.000000235595,-53061.272644200886,300.49019266155506
2835000,5670.000000237632,-52959.44849907656,290.81491106402893
2840000,5680.000000239669,-53069.01658700811,297.54484225693665
2845000,5690.000000241706,-52913.700872682704,294.60137651931103
2850000,5700.000000243744,-53249.46272471215,297.0182002439223
2855000,5710.000000245781,-52602.43598393924,293.03266390678544
2860000,5720.000000247818,-52712.01307121164,291.1358272197785
2865000,5730.0000002498555,-53437.76581157831,304.6168704697665
2870000,5740.000000251893,-53141.482426751405,298.2369593261537
2875000,5750.00000025393,-53074.11062755299,305.5333705974815
2880000,5760.000000255967,-52793.57134961695,302.8916772127138
2885000,5770.000000258005,-53358.859543794824,301.3484081618021
2890000,5780.000000260042,-52968.498743588396,290.51762943214425
2895000,5790.000000262079,-53134.124616780435,302.8669836652932
2900000,5800.000000264116,-53001.33666725052,296.850224253026
2905000,5810.000000266154,-53081.66160038256,294.67225212751094
2910000,5820.000000268191,-52846.97394364735,302.82427689049894
2915000,5830.000000270228,-53078.26933562927,299.79296346901265
2920000,5840.000000272265,-52604.11949904091,304.2361493532809
2925000,5850.000000274303,-53179.64735621173,301.8318355037689
2930000,5860.00000027634,-52520.24098954169,296.8008368925538
2935000,5870.000000278377,-52734.121526532894,287.76101303156906
2940000,5880.0000002804145,-52736.319983014546,295.7567193774019
2945000,5890.000000282452,-53201.30919348751,303.0167338723909
2950000,5900.000000284489,-52502.14766396815,301.21385863354953
2955000,5910.000000286526,-52777.89997382532,300.0835954150076
2960000,5920.000000288564,-52428.8377916778,299.72712681534665
2965000,5930.000000290601,-52951.74996067272,301.67375063962254
2970000,5940.000000292638,-52818.085968426254,305.59886263669114
2975000,5950.000000294675,-53214.90765368429,304.6073097072248
2980000,5960.000000296713,-52437.133723958774,292.67395500322095
2985000,5970.00000029875,-53125.28633836424,298.06840620859106
2990000,5980.000000300787,-52937.84195652616,299.59044092450995
2995000,5990.000000302824,-53160.27171473403,293.63883319453726
3000000,6000.000000304862,-53313.08655387588,307.79846193821595
3005000,6010.000000306899,-52899.78718596834,293.59712406484437
3010000,6020.000000308936,-52845.071951578924,304.03512364098066
3015000,6030.0000003109735,-52800.659625885106,296.1598001765166
3020000,6040.000000313011,-52848.85759035288,300.3105078910842
3025000,6050.000000315048,-52847.04258515246,298.1342655896593
3030000,6060.000000317085,-52950.042108760565,300.69147581610804
3035000,6070.000000319123,-53290.76971692382,296.1022879236089
3040000,6080.00000032116,-52650.64533916465,295.8393724368073
3045000,6090.000000323197,-53278.792799238174,296.9167986537599
3050000,6100.000000325234,-52648.78406418883,302.92520863536396
3055000,6110.000000327272,-53141.03636367034,303.2051066946313
3060000,6120.000000329309,-53027.55861242357,298.7003887662802
3065000,6130.000000331346,-52719.348824762885,297.9931454126685
3070000,6140.0000003333835,-53135.07860839862,299.0837917023472
3075000,6150.000000335421,-53022.364196833165,299.0743406743053
3080000,6160.000000337458,-52887.828541684605,302.1879790874307
3085000,6170.000000339495,-52650.08911405975,301.0502939207571
3090000,6180.0000003415325,-53362.842749066884,300.84541457566553
3095000,6190.00000034357,-53321.59673677711,295.4546027505701
3100000,6200.000000345607,-52721.771077002486,294.97564148653225
3105000,6210.000000347644,-53345.33757672235,305.2985933473779
3110000,6220.000000349682,-53237.75729726808,300.86068204573365
3115000,6230.000000351719,-53175.68447978969,303.11850732992275
3120000,6240.000000353756,-52861.512306204124,296.85844907397484
3125000,6250.000000355793,-52748.296660109394,299.52081298083186
3130000,6260.000000357831,-52568.79076158791,299.28459840293516
3135000,6270.000000359868,-52824.3747294638,292.62018778115777
3140000,6280.000000361905,-52930.452687060606,286.9256456724564
3145000,6290.0000003639425,-53070.67263017359,300.6645906880612
3150000,6300.00000036598,-52857.606085010775,291.6294093475197
3155000,6310.000000368017,-53246.8202934993,302.66252232478234
3160000,6320.000000370054,-52724.21346719714,302.726407587015
3165000,6330.000000372092,-52647.46464427153,305.618298465991
3170000,6340.000000374129,-52979.153272594645,296.72579208955017
3175000,6350.000000376166,-52496.8524005698,298.4687434535992
3180000,6360.000000378203,-52936.53118462046,300.03228620403735
3185000,6370.000000380241,-52653.23671529812,300.02607611750796
3190000,6380.000000382278,-53245.81029913883,299.2349536735205
3195000,6390.000000384315,-53367.08351353032,304.0640540510138
3200000,6400.000000386352,-53036.75758790618,288.39570337698586
3205000,6410.00000038839,-53007.92489097899,302.40559244033517
3210000,6420.000000390427,-52774.092735121056,296.0108526931297
3215000,6430.000000392464,-53007.65908516015,296.4148407598166
3220000,6440.0000003945015,-53057.205843310454,296.40958975391
3225000,6450.000000396539,-52513.5828654705,299.7115146215504
3230000,6460.000000398576,-53176.27726656018,295.22849246579887
3235000,6470.000000400613,-52806.4829898185,296.574051679204
3240000,6480.000000402651,-52631.25713227384,295.6741913445805
3245000,6490.000000404688,-53288.1218067765,293.421462641148
3250000,6500.000000406725,-52838.550979414606,299.05429706161596
3255000,6510.000000408762,-53123.047849938856,296.9946191121847
3260000,6520.0000004108,-52879.01628732486,303.545576580697
3265000,6530.000000412837,-53245.45775937702,293.8231008486871
3270000,6540.000000414874,-52957.158254479116,300.47495276812566
3275000,6550.0000004169115,-52929.37698513456,298.7011304015202
3280000,6560.000000418949,-53162.515461962175,307.01141527434345
3285000,6570.000000420986,-53139.59437755897,301.89544883629196
3290000,6580.000000423023,-53108.49824018424,301.96540683409006
3295000,6590.0000004250605,-53237.781309704296,292.3393781376571
3300000,6600.000000427098,-53420.12467324146,298.1555872600543
3305000,6610.000000429135,-52883.049205954274,294.2866723784882
3310000,6620.000000431172,-53066.88363460722,295.95735034764755
3315000,6630.00000043321,-52605.86581232844,304.0792522555504
3320000,6640.000000435247,-53046.20252098871,297.56376165176835
3325000,6650.000000437284,-53022.47635606077,295.5372246972984
3330000,6660.000000439321,-52826.712364127365,307.33020282536967
3335000,6670.000000441359,-53001.59380452914,299.69281040935954
3340000,6680.000000443396,-53242.086193974596,293.6295665334468
3345000,6690.000000445433,-53094.90888660817,296.5512262889791
3350000,6700.0000004474705,-53271.99173191178,296.0595494945905
3355000,6710.000000449508,-52787.52368359818,295.20327505725766
3360000,6720.000000451545,-53157.4896729,299.26163778710327
3365000,6730.000000453582,-52972.811282463954,293.1667026425653
3370000,6740.00000045562,-52842.001541806094,299.6794780189818
3375000,6750.000000457657,-53072.755533246964,306.49002311475795
3380000,6760.000000459694,-52895.06409994216,292.2866984787134
3385000,6770.000000461731,-53131.27452750073,302.6501000335844
3390000,6780.000000463769,-52855.78646875417,294.3331271877111
3395000,6790.000000465806,-52850.504392839386,295.3680743518784
3400000,6800.000000467843,-53254.51229308924,293.53210458920194
3405000,6810.00000046988,-53227.545817501144,300.82220447085854
3410000,6820.000000471918,-52951.047522186505,299.88250705073324
3415000,6830.000000473955,-52953.91335529345,295.1257318565312
3420000,6840.000000475992,-53155.56694097401,296.37213005704393
3425000,6850.0000004780295,-52677.290990009526,297.74136037280516
3430000,6860.000000480067,-52974.355440426065,296.0565143066951
3435000,6870.000000482104,-53009.24772696887,300.8328329869521
3440000,6880.000000484141,-52593.09385271318,296.3876764084401
3445000,6890.000000486179,-52844.064261589694,300.1981685380746
3450000,6900.000000488216,-53102.79966309373,293.93142466384217
3455000,6910.000000490253,-52728.781210725225,299.4026753991964
3460000,6920.00000049229,-52419.51864917166,297.9014620017616
3465000,6930.000000494328,-53022.40796373109,297.97286255005366
3470000,6940.000000496365,-52737.679189458664,302.3736970698037
3475000,6950.000000498402,-52865.90764717251,297.4368201807443
3480000,6960.0000005004395,-52970.58601190359,294.66821483699243
3485000,6970.000000502477,-52892.03373378326,291.94394506576947
3490000,6980.000000504514,-52711.260070457414,303.9815251762841
3495000,6990.000000506551,-52739.76508605518,299.6823089580922
3500000,7000.0000005085885,-52809.612697890465,299.6285772991558
3505000,7010.000000510626,-53090.49709956179,295.0863979564636
3510000,7020.000000512663,-52645.81590821559,301.16672755121465
3515000,7030.0000005147,-52872.84144991287,295.5784515659154
3520000,7040.000000516738,-52637.144498842885,298.9117117201489
3525000,7050.000000518775,-53083.37761967635,301.9602708078216
3530000,7060.000000520812,-52695.80597229698,305.0481359858331
3535000,7070.000000522849,-52982.31301236857,289.98801238727384
3540000,7080.000000524887,-52901.21513441575,289.36287898044424
3545000,7090.000000526924,-53066.25264892349,291.06328188132903
3550000,7100.000000528961,-52987.844440326764,300.34199716124465
3555000,7110.0000005309985,-53105.90771481191,295.5210318476954
3560000,7120.000000533036,-52892.17868502377,299.70011445168933
3565000,7130.000000535073,-53037.207171359565,297.0214659261795
3570000,7140.00000053711,-53009.32896180218,305.1022186564574
3575000,7150.000000539148,-52695.984571412555,300.28843438193394
3580000,7160.000000541185,-52903.73264592624,299.0080847476924
3585000,7170.000000543222,-53068.67461780214,301.58102186982217
3590000,7180.000000545259,-53563.199201127776,299.11983261717194
3595000,7190.000000547297,-52897.212327335146,294.3839194693662
3600000,7200.000000549334,-52928.11385996404,305.1879198680486
3605000,7210.000000551371,-53089.728668166936,300.8330591145004
3610000,7220.000000553408,-52980.878906459606,304.32335041030893
3615000,7230.000000555446,-53110.84007391514,302.455333547504
3620000,7240.000000557483,-53242.38544855948,301.8821959470589
3625000,7250.00000055952,-52923.10567894278,300.1389374071276
3630000,7260.0000005615575,-52995.2345182843,304.334638917337
3635000,7270.000000563595,-52910.633130497066,292.4159238871579
3640000,7280.000000565632,-53003.73774204866,302.2545895738025
3645000,7290.000000567669,-53067.544544233184,293.1160638780376
3650000,7300.000000569707,-52995.07078634604,295.92149371605035
3655000,7310.000000571744,-53001.65734698641,296.38053816619805
3660000,7320.000000573781,-52964.39202262959,295.5417689955969
3665000,7330.000000575818,-52696.25838542031,294.3488360796264
3670000,7340.000000577856,-52854.07748539615,299.75220557312247
3675000,7350.000000579893,-52831.58422988371,305.2166150624039
3680000,7360.00000058193,-53122.967473636556,295.7819090727642
3685000,7370.000000583967,-53007.66466926638,298.5459816344315
3690000,7380.000000586005,-53141.19971263633,301.596479520401
3695000,7390.000000588042,-53001.72223692585,298.77384053387595
3700000,7400.000000590079,-52896.88793032488,304.33012640130784
3705000,7410.0000005921165,-52973.56540585388,303.22681739252596
3710000,7420.000000594154,-53014.25279620584,296.2905576557022
3715000,7430.000000596191,-53013.867209999415,294.09773037328114
3720000,7440.000000598228,-52637.34992367652,301.80599295106293
3725000,7450.000000600266,-52696.50283566574,297.5388973660603
3730000,7460.000000602303,-53146.06780291509,291.7006678922847
3735000,7470.00000060434,-52857.784962353646,295.5802853024671
3740000,7480.000000606377,-52916.72751192903,294.8014823772324
3745000,7490.000000608415,-52891.24495701725,290.68619757269283
3750000,7500.000000610452,-52908.70089489859,293.5704089857786
3755000,7510.000000612489,-52785.44997471775,298.29913649593016
3760000,7520.0000006145265,-53386.02772501172,303.4794745123387
3765000,7530.000000616564,-52802.145330372354,290.3095772549195
3770000,7540.000000618601,-52843.143666521704,299.4204782152867
3775000,7550.000000620638,-53109.38197315278,298.4458589911813
3780000,7560.0000006226755,-53050.63690498582,296.03740885680156
3785000,7570.000000624713,-52923.11569140031,301.0602152349423
3790000,7580.00000062675,-53056.584778646036,301.26775294629255
3795000,7590.000000628787,-52985.195190822036,294.5177083317644
3800000,7600.000000630825,-52816.44338161443,307.38935554684895
3805000,7610.000000632862,-52839.81086757881,293.5228200196888
3810000,7620.000000634899,-53466.569930045924,299.689632373171
3815000,7630.000000636936,-52910.81206676373,304.10535252991315
3820000,7640.000000638974,-53383.051025696215,306.38418604229923
3825000,7650.000000641011,-52551.14897023566,305.1777930413757
3830000,7660.000000643048,-52786.70420519795,297.5311938738554
3835000,7670.0000006450855,-53300.46424517929,292.37332570116325
3840000,7680.000000647123,-52875.46375732773,296.5840976952167
3845000,7690.00000064916,-52845.77863288406,294.9506221189635
3850000,7700.000000651197,-53113.13323216702,295.77439633376525
3855000,7710.000000653235,-53204.405997346854,291.7983227037761
3860000,7720.000000655272,-53071.156101291504,297.1787961804969
3865000,7730.000000657309,-52990.446347860445,302.3462100250716
3870000,7740.000000659346,-53063.95326290495,306.9971123765589
3875000,7750.000000661384,-52750.0941483652,290.3260522137136
3880000,7760.000000663421,-53131.479698590265,302.6753041338014
3885000,7770.000000665458,-52999.516536795505,301.6099233811345
3890000,7780.000000667495,-52510.792417669145,293.95101681267766
3895000,7790.000000669533,-53144.33430802444,301.4625379273938
3900000,7800.00000067157,-52813.70408295654,303.981669051883
3905000,7810.000000673607,-52802.17731631044,285.2031821756286
3910000,7820.0000006756445,-53038.93924874667,295.8167432412485
3915000,7830.000000677682,-53107.32116899494,306.23625862033174
3920000,7840.000000679719,-53068.588543037884,294.6597808660795
3925000,7850.000000681756,-53126.48603598954,299.11360668418024
3930000,7860.000000683794,-52497.15780430968,301.88481892687025
3935000,7870.000000685831,-53036.85718374056,299.6634407706542
3940000,7880.000000687868,-53529.80111711947,303.0167802039173
3945000,7890.000000689905,-52540.537065520504,304.7873598054844
3950000,7900.000000691943,-53155.190070877376,296.90415630321326
3955000,7910.00000069398,-52926.897305190214,294.6277318881535
3960000,7920.000000696017,-52952.21500105891,298.81140208854373
3965000,7930.0000006980545,-52912.07665762174,299.75632553776137
3970000,7940.000000700092,-52865.725128133316,298.8805480785697
3975000,7950.000000702129,-52907.40365831563,304.38564165219987
3980000,7960.000000704166,-52472.81452867552,289.91197938801247
3985000,7970.0000007062035,-52983.99293156603,303.5414414969626
3990000,7980.000000708241,-52712.296997883066,304.85303731717323
3995000,7990.000000710278,-52974.999752571806,294.1986002760345
4000000,8000.000000712315,-52870.75048662498,289.82394143710974
4005000,8010.000000714353,-52988.560723843664,307.69634638979915
4010000,8020.00000071639,-52548.75501412348,300.97721647679896
4015000,8030.000000718427,-52984.92192729504,295.92476049020684
4020000,8040.000000720464,-52618.084555345675,303.7260155136795
4025000,8050.000000722502,-53061.8398944308,303.3994282170124
4030000,8060.000000724539,-52537.06402820788,290.3998882728778
4035000,8070.000000726576,-53041.409869367344,296.17037253931846
4040000,8080.0000007286135,-53018.133258712565,294.4882117620129
4045000,8090.000000730651,-52926.80513842532,294.21970126766
4050000,8100.000000732688,-53063.9644908451,289.1595464220048
4055000,8110.000000734725,-53003.71346428082,294.20134783536935
4060000,8120.000000736763,-52618.716681995546,293.19407585648867
4065000,8130.0000007388,-52984.16996709138,294.0963672480853
4070000,8140.000000740837,-53093.39012008748,300.29255035426667
4075000,8150.000000742874,-52864.70209990011,295.22252250453556
4080000,8160.000000744912,-52764.37102152829,292.96773205400103
4085000,8170.000000746949,-53486.66533870049,307.11582137695063
4090000,8180.000000748986,-53119.21901469445,299.6316272473297
4095000,8190.000000751023,-52323.378922647214,292.89998595756305
4100000,8200.00000075306,-52940.747138872975,292.4738495013698
4105000,8210.000000755097,-53317.94248712325,306.022397865556
4110000,8220.000000757134,-52711.35070902918,299.3001008371321
4115000,8230.000000759172,-52959.347946777416,300.989715813585
4120000,8240.000000761209,-53225.59680160531,301.99553008879377
4125000,8250.000000763246,-52754.6081965261,294.89017633154845
4130000,8260.000000765283,-53002.764041607385,299.16617119939065
4135000,8270.00000076732,-53502.670182966685,290.9820350119055
4140000,8280.000000769358,-52725.798401756794,295.14575141992833
4145000,8290.000000771395,-53279.44912437309,296.1213317285218
4150000,8300.000000773432,-52527.370304159354,289.8901872623888
4155000,8310.00000077547,-53152.373675036826,286.55266280759116
4160000,8320.000000777507,-53465.920440783084,295.37739520646846
4165000,8330.000000779544,-53105.14308000787,299.586902460895
4170000,8340.000000781582,-52826.86920070689,297.41219333652083
4175000,8350.000000783619,-53462.19866884529,301.64304709434964
4180000,8360.000000785656,-52707.51771464679,301.67051486383053
4185000,8370.000000787693,-52583.27704168542,303.97214254893674
4190000,8380.00000078973,-53057.78901952115,300.9447194880958
4195000,8390.000000791768,-52939.468214233406,299.6993657160361
4200000,8400.000000793805,-53012.21297208159,297.7068414309102
4205000,8410.000000795842,-52857.89004968523,296.6067645218387
4210000,8420.00000079788,-53038.752231556806,300.7292508664641
4215000,8430.000000799917,-53037.20624692438,292.8483917489323
4220000,8440.000000801954,-53338.499192311574,294.98446136544123
4225000,8450.000000803991,-53009.597625399474,301.32629941156756
4230000,8460.000000806029,-52634.68977922652,294.90985583908474
4235000,8470.000000808066,-52868.43886981497,294.6371345814919
4240000,8480.000000810103,-53110.74568573071,305.3584321423853
4245000,8490.00000081214,-52675.800753249205,295.08167765061256
4250000,8500.000000814178,-52843.622343651194,294.6483457463816
4255000,8510.000000816215,-52999.48074056994,307.4901569449647
4260000,8520.000000818252,-53253.410221278755,295.9276994618558
4265000,8530.00000082029,-52971.01509347989,302.9890904356649
4270000,8540.000000822327,-52998.5221367866,296.4001736330544
4275000,8550.000000824364,-52890.659777158435,294.25173477577357
4280000,8560.000000826401,-52877.05587565509,300.8374178218587
4285000,8570.000000828439,-53168.12042779286,299.8976077673849
4290000,8580.000000830476,-53180.810221764434,299.24277504591936
4295000,8590.000000832513,-52625.89251203713,292.51460886760844
4300000,8600.00000083455,-52948.04688211798,293.69371662907827
4305000,8610.000000836588,-53227.8668702665,300.1801207825724
4310000,8620.000000838625,-53113.45673983541,295.7118245755443
4315000,8630.000000840662,-53251.06509385246,302.66357386391985
4320000,8640.0000008427,-52913.94217836327,297.4392346429489
4325000,8650.000000844737,-52939.06179862676,304.7549857693492
4330000,8660.000000846774,-52664.14138585189,297.55984458261645
4335000,8670.000000848811,-52894.11130143964,302.39587807013
4340000,8680.000000850849,-52822.32468763643,306.08127327714305
4345000,8690.000000852886,-52564.4911371982,293.74769160732757
4350000,8700.000000854923,-52734.46712631863,294.57049038559893
4355000,8710.00000085696,-52760.52894144409,298.21187323891354
4360000,8720.000000858998,-53040.105058101006,293.26728124261837
4365000,8730.000000861035,-53105.97695398287,289.5568226950629
4370000,8740.000000863072,-53108.16048374341,295.64199724838795
4375000,8750.00000086511,-52700.91615479137,290.1945701785842
4380000,8760.000000867147,-52412.97996776542,302.88572863184135
4385000,8770.000000869184,-53171.85107604851,298.5158388524548
4390000,8780.000000871221,-52879.83147359028,294.7322115052894
4395000,8790.000000873259,-53145.29476032223,298.08693147905535
4400000,8800.000000875296,-52762.268162443244,298.5810307351867
4405000,8810.000000877333,-53144.78524080728,294.69930698027713
4410000,8820.00000087937,-53081.11408439654,301.1971523466086
4415000,8830.000000881408,-53095.018496883364,294.6599022666404
4420000,8840.000000883445,-53191.0183346018,296.43563441109796
4425000,8850.000000885482,-53033.7124150256,294.79284220352923
4430000,8860.00000088752,-52629.13777773554,299.8811651101778
4435000,8870.000000889557,-52907.67707150261,292.167518705402
4440000,8880.000000891594,-53036.68025755501,296.81832792180944
4445000,8890.000000893631,-53040.66648711037,297.4900101929681
4450000,8900.000000895669,-52968.031407116156,289.4078166023336
4455000,8910.000000897706,-53328.90766568555,295.52683106759395
4460000,8920.000000899743,-52823.63981122107,293.77719645163194
4465000,8930.00000090178,-53254.017879978695,297.8293697313428
4470000,8940.000000903818,-52804.346303425904,291.42199569165956
4475000,8950.000000905855,-52702.25402100943,292.3867722751356
4480000,8960.000000907892,-53061.37681024306,299.3415678348853
4485000,8970.00000090993,-52585.63120031479,298.6925172063026
4490000,8980.000000911967,-52436.67552185833,303.7722674744251
4495000,8990.000000914004,-52779.83640791805,306.12163856240664
4500000,9000.000000916041,-53004.379917099635,301.58873012639947
4505000,9010.000000918079,-53083.75892940216,304.47212710800153
4510000,9020.000000920116,-53139.07062159554,290.3182459695668
4515000,9030.000000922153,-53245.628300932294,290.48515612033117
4520000,9040.00000092419,-52863.24621378729,292.4374247563853
4525000,9050.000000926228,-52745.8222233796,296.63787844505754
4530000,9060.000000928265,-53027.41157981206,287.3715017847724
4535000,9070.000000930302,-52862.35973451455,298.13323389709257
4540000,9080.00000093234,-52667.285130040604,302.1113753540455
4545000,9090.000000934377,-53206.91148003403,302.4482410676289
4550000,9100.000000936414,-52989.917729604174,298.3800757907101
4555000,9110.000000938451,-53133.20751812993,303.77037475028277
4560000,9120.000000940488,-52495.950678318215,301.6417499498561
4565000,9130.000000942526,-53148.65310089986,296.7623636731716
4570000,9140.000000944563,-52682.951538029534,297.12310501845565
4575000,9150.0000009466,-53127.35490381328,299.62903495392794
4580000,9160.000000948638,-53001.78709710369,304.8421526049005
4585000,9170.000000950675,-52747.22961773194,304.9284457498877
4590000,9180.000000952712,-53096.134384234814,301.559870785084
4595000,9190.00000095475,-53123.40737940039,292.9354993560706
4600000,9200.000000956787,-52798.115783130634,290.0909832225065
4605000,9210.000000958824,-52755.331406072946,298.56645020349896
4610000,9220.000000960861,-53156.22260212834,302.69255971065553
4615000,9230.000000962898,-52677.71465216647,295.71334552754735
4620000,9240.000000964936,-53277.09509201028,295.3681148288578
4625000,9250.000000966973,-52963.385654295795,289.969792310129
4630000,9260.00000096901,-52963.58702127286,302.7481818941521
4635000,9270.000000971047,-53490.42800062115,302.3534468449685
4640000,9280.000000973085,-53169.908029891725,291.22734810296987
4645000,9290.000000975122,-53003.0712887838,303.90902804058
4650000,9300.00000097716,-53153.20225516122,294.77031450678595
4655000,9310.000000979197,-52738.89248961155,285.7888638728854
4660000,9320.000000981234,-52986.181384580705,301.81657571593047
4665000,9330.000000983271,-52979.19206993672,300.6631719761009
4670000,9340.000000985308,-52941.16983295028,300.3195694826064
4675000,9350.000000987346,-52942.57898279079,296.7403001194721
4680000,9360.000000989383,-52314.445370607486,296.69144858395373
4685000,9370.00000099142,-53069.5304379813,308.69083857729754
4690000,9380.000000993457,-52946.47071815003,301.52263854335314
4695000,9390.000000995495,-52995.63916735578,294.4357912028356
4700000,9400.000000997532,-52562.0685999594,300.77075668673564
4705000,9410.00000099957,-53190.33116980459,303.5959285695335
4710000,9420.000001001607,-53029.50323989248,293.19722549613664
4715000,9430.000001003644,-52768.20368070499,300.11261630223254
4720000,9440.000001005681,-52713.44984841277,300.84865570806886
4725000,9450.000001007718,-53094.340521485195,299.4463025684562
4730000,9460.000001009756,-52954.04561525353,301.58955504161247
4735000,9470.000001011793,-52705.85601658202,298.43578611471895
4740000,9480.00000101383,-53074.327548460715,303.41110030806976
4745000,9490.000001015867,-52863.36154813209,306.8240248680438
4750000,9500.000001017905,-53451.50940472435,293.0891386705452
4755000,9510.000001019942,-52948.560058377654,302.421439262565
4760000,9520.00000102198,-52993.14273272225,300.3176181591882
4765000,9530.000001024016,-53313.23510912899,308.70963937536277
4770000,9540.000001026054,-53254.923052646394,304.8679966387194
4775000,9550.000001028091,-52900.944268038525,302.48827780843874
4780000,9560.000001030128,-52984.52225797757,287.7060395894233
4785000,9570.000001032166,-53220.397300462384,300.71537517344177
4790000,9580.000001034203,-53180.07860695259,297.5305127215828
4795000,9590.00000103624,-53111.44046198035,297.91838995326754
4800000,9600.000001038277,-53243.42351284469,302.4667574424719
4805000,9610.000001040315,-53235.175995287136,307.0411011433399
4810000,9620.000001042352,-53198.54127939869,306.8380238716244
4815000,9630.00000104439,-53030.96411698341,292.80788142739686
4820000,9640.000001046426,-53036.89723459905,297.5348341357344
4825000,9650.000001048464,-53381.2879159757,289.6908172690987
4830000,9660.000001050501,-52982.18373355776,298.7924661349354
4835000,9670.000001052538,-53280.140501988586,296.0973112334369
4840000,9680.000001054575,-53398.85311989393,296.9832574378559
4845000,9690.000001056613,-53154.306915152556,294.8910079914944
4850000,9700.00000105865,-53053.05311077114,289.94896306245454
4855000,9710.000001060687,-53102.08114396155,303.2761401633086
4860000,9720.000001062725,-53269.0363319247,296.2491693442354
4865000,9730.000001064762,-53522.04668794188,296.8046233171627
4870000,9740.000001066799,-53082.267308462964,305.19915725741316
4875000,9750.000001068836,-53409.128452176694,302.8828699800418
4880000,9760.000001070874,-52967.360834392486,297.9267359865085
4885000,9770.00000107291,-52756.215253447706,298.0915641081973
4890000,9780.000001074948,-53006.370543572266,297.03776836726405
4895000,9790.000001076985,-52858.33865090215,306.72779416459446
4900000,9800.000001079023,-53378.28618931165,301.9199091001571
4905000,9810.00000108106,-52993.77155028048,297.3207896541138
4910000,9820.000001083097,-52833.36686803031,296.9821145682162
4915000,9830.000001085134,-52834.73588608159,304.7927082101707
4920000,9840.000001087172,-53130.52988054263,300.06339057147414
4925000,9850.000001089209,-53071.56511667941,293.8205155438578
4930000,9860.000001091246,-52915.32896107974,297.1353270026524
4935000,9870.000001093284,-53091.971271699644,300.40510279735634
4940000,9880.00000109532,-52781.27458072407,291.271418921399
4945000,9890.000001097358,-53031.5909520429,305.64652244716615
4950000,9900.000001099395,-53176.79444263381,304.4462775820638
4955000,9910.000001101433,-52792.13861453117,290.0028315386694
4960000,9920.00000110347,-52855.4757761299,304.3528196973906
4965000,9930.000001105507,-53131.41316985592,307.3241886005987
4970000,9940.000001107544,-53296.3988971542,290.23489110395127
4975000,9950.000001109582,-53002.02866258673,297.0574873073797
4980000,9960.000001111619,-53204.082627509604,292.2382777810242
4985000,9970.000001113656,-52599.10514738617,294.9154948323878
4990000,9980.000001115694,-52934.03226295457,300.04430256873906
4995000,9990.00000111773,-52829.01273975044,307.4953167471279
5000000,10000.000001119768,-53075.684877105174,299.11713178573643
5005000,10010.000001121805,-53435.89394717378,293.50334768355907
5010000,10020.000001123843,-52640.78797225334,296.8381834230806
5015000,10030.00000112588,-52897.66437419984,293.35670621103463
5020000,10040.000001127917,-53087.21008735793,293.4040460332434
5025000,10050.000001129954,-53090.24176860257,301.3327346624117
5030000,10060.000001131992,-52742.09550112233,309.7314115580462
5035000,10070.000001134029,-52788.0263622998,292.5714299998666
5040000,10080.000001136066,-52614.46628193822,297.872885357415
5045000,10090.000001138103,-53062.419776718074,294.6997474917232
5050000,10100.00000114014,-52876.55849702604,290.99259523414884
5055000,10110.000001142178,-53105.02492076435,302.0218193255585
5060000,10120.000001144215,-53179.7705024005,295.41814367297314
5065000,10130.000001146253,-53036.859439376625,291.21407836724137
5070000,10140.00000114829,-53166.4713973967,295.96701774109215
5075000,10150.000001150327,-52818.28129958472,300.7342926902066
5080000,10160.000001152364,-52498.799604283646,296.7115395227178
5085000,10170.000001154402,-53161.06261944739,293.13966532345194
5090000,10180.000001156439,-52798.42325744411,300.39967555580216
5095000,10190.000001158476,-52745.056187767856,302.94817240923913
5100000,10200.000001160513,-52426.670598184835,302.7347527718531
5105000,10210.00000116255,-53014.32081523564,293.1830569567594
5110000,10220.000001164588,-52928.25730886278,295.50546834615807
5115000,10230.000001166625,-52847.238929967425,300.712812775683
5120000,10240.000001168662,-53143.26950085157,298.7020173740803
5125000,10250.0000011707,-52981.90792120973,301.28969190135916
5130000,10260.000001172737,-52798.601447758585,295.78372277105177
5135000,10270.000001174774,-52731.50296389681,299.0253036506897
5140000,10280.000001176812,-53282.814534633886,299.6382558130065
5145000,10290.000001178849,-53342.60547746043,303.11357785174783
5150000,10300.000001180886,-53072.29370326223,299.78737027485533
5155000,10310.000001182923,-52845.82083589898,289.26806075774607
5160000,10320.00000118496,-53100.16160378966,288.2316281046645
5165000,10330.000001186998,-52926.41384772357,302.802402637463
5170000,10340.000001189035,-52924.23942042218,295.329344915769
5175000,10350.000001191072,-53182.330210981134,293.18931235686426
5180000,10360.00000119311,-52758.15482077902,302.79352168287113
5185000,10370.000001195147,-53394.45647877085,295.7690332518848
5190000,10380.000001197184,-52995.792866241594,299.67744490612444
5195000,10390.000001199222,-52685.990756473446,289.223157250832
5200000,10400.000001201259,-52787.847774578724,300.001268344394
5205000,10410.000001203296,-52953.95826300894,291.0081063428669
5210000,10420.000001205333,-53391.37273832178,299.40538230347204
5215000,10430.00000120737,-52721.981098782504,303.24407657274946
5220000,10440.000001209408,-52525.441326690314,295.92308484429316
5225000,10450.000001211445,-53178.253062359785,294.9722224365216
5230000,10460.000001213482,-52638.107776406454,291.40764925319917
5235000,10470.00000121552,-52915.57219133535,293.6202591508208
5240000,10480.000001217557,-52942.958263012,303.6546597538261
5245000,10490.000001219594,-52961.51394340367,300.2427539372802
5250000,10500.000001221631,-53029.42939393062,299.38060875573666
5255000,10510.000001223669,-52952.68259574566,303.45284513011677
5260000,10520.000001225706,-52512.12622476005,303.3506992329126
5265000,10530.000001227743,-53373.590546558145,302.1576203615448
5270000,10540.00000122978,-53005.520294356626,298.8851633336685
5275000,10550.000001231818,-52935.888171944156,303.06172880814694
5280000,10560.000001233855,-52890.16134354152,297.2910836228811
5285000,10570.000001235892,-53055.76629750541,292.118435938999
5290000,10580.00000123793,-52834.59379756884,298.66871368149276
5295000,10590.000001239967,-53261.61770071229,301.829827398557
5300000,10600.000001242004,-52802.86906630546,299.22573801118733
5305000,10610.000001244041,-52948.443373370596,297.78597546982934
5310000,10620.000001246079,-52834.99530693126,302.02237472430056
5315000,10630.000001248116,-53443.50329537911,296.6028109295255
5320000,10640.000001250153,-52850.20349051594,300.1127219330782
5325000,10650.00000125219,-53077.679967910604,303.4610593231287
5330000,10660.000001254228,-52896.37259255396,304.7418521683244
5335000,10670.000001256265,-52977.03511491389,296.7860684969202
5340000,10680.000001258302,-53135.45558501655,291.23384600292377
5345000,10690.00000126034,-52925.37196382467,305.20057026333353
5350000,10700.000001262377,-52809.39275062102,294.4034016921812
5355000,10710.000001264414,-52858.23722868721,298.91696090220375
5360000,10720.000001266451,-52901.87967692135,297.25062546493126
5365000,10730.000001268489,-53061.32929742083,300.2883956346033
5370000,10740.000001270526,-52881.65773223367,298.53851078103366
5375000,10750.000001272563,-52829.52105409387,293.61059035284666
5380000,10760.0000012746,-53108.18843593309,298.8701650535004
5385000,10770.000001276638,-52752.95723925615,297.03578019764427
5390000,10780.000001278675,-52680.44081148808,298.6671762159775
5395000,10790.000001280712,-53310.661302039196,299.0376845465834
5400000,10800.00000128275,-52985.311027844495,300.10634203521084
5405000,10810.000001284787,-52928.22483202955,297.6599079043913
5410000,10820.000001286824,-53040.793469774624,307.28751240493403
5415000,10830.000001288861,-52701.92058840318,293.8581215302693
5420000,10840.000001290899,-53107.19299499312,299.3349790967797
5425000,10850.000001292936,-52985.87772303494,296.6683833464806
5430000,10860.000001294973,-52946.24800437695,300.9612309329404
5435000,10870.00000129701,-52904.208138893766,310.9967048419481
5440000,10880.000001299048,-53138.3427983837,303.3869929650721
5445000,10890.000001301085,-52831.93136090407,298.9311932791021
5450000,10900.000001303122,-52707.79174570489,289.1096973513174
5455000,10910.00000130516,-52096.6410187287,294.3827577798498
5460000,10920.000001307197,-52927.29594464367,298.11847557068324
5465000,10930.000001309234,-52718.54974134467,301.0769364997937
5470000,10940.000001311271,-53015.6269370667,297.8349393749631
5475000,10950.000001313309,-52959.20194125874,299.25713677562396
5480000,10960.000001315346,-53019.43760358612,304.30228710232774
5485000,10970.000001317383,-52827.32706453424,287.62604739816277
5490000,10980.00000131942,-52677.45021903125,296.0908753967984
5495000,10990.000001321458,-52733.88029959635,289.7959470144796
5500000,11000.000001323495,-52853.682855210325,298.3347765742563
5505000,11010.000001325532,-53249.056347194244,296.4329369630711
5510000,11020.00000132757,-52962.31925085993,299.81329748880967
5515000,11030.000001329607,-53043.45702997004,303.0219367612539
5520000,11040.000001331644,-53015.80228699584,295.3641285591878
5525000,11050.000001333681,-53070.8222978063,304.896973041891
5530000,11060.000001335718,-52838.42855711118,284.20317823255004
5535000,11070.000001337756,-52752.57224307611,299.2914615474409
5540000,11080.000001339793,-52630.01146611327,302.68293322422113
5545000,11090.00000134183,-52804.24681300722,300.19698270043267
5550000,11100.000001343868,-52694.19875886434,303.1544368434132
5555000,11110.000001345905,-52784.00677548337,291.56813683885423
5560000,11120.000001347942,-53294.291427057644,295.46218121753645
5565000,11130.00000134998,-52743.28613075547,299.27659136042604
5570000,11140.000001352017,-53431.51132320412,291.545543534161
5575000,11150.000001354054,-52843.69533723645,298.6245799207703
5580000,11160.000001356091,-52574.801448390266,294.9360923192616
5585000,11170.000001358128,-53120.059633624245,300.17818534311715
5590000,11180.000001360166,-53332.7352229174,309.8819262749725
5595000,11190.000001362203,-53480.46194592683,298.96456199786195
5600000,11200.00000136424,-52923.35599018997,300.17079040145376
5605000,11210.000001366278,-53103.363519354025,294.83708164675323
5610000,11220.000001368315,-52770.32670583023,296.40948834616734
5615000,11230.000001370352,-52930.65662434674,301.15144287502136
5620000,11240.00000137239,-53180.46561588274,300.96527122405223
5625000,11250.000001374427,-52594.461771760165,297.3736112950879
5630000,11260.000001376464,-52964.816534732294,303.71250946135297
5635000,11270.000001378501,-53030.36350341141,302.74624356883913
5640000,11280.000001380538,-52619.355587814294,303.8497762600545
5645000,11290.000001382576,-52795.378520367056,301.64102312598595
5650000,11300.000001384613,-53427.4336616713,299.12714207894885
5655000,11310.00000138665,-52797.96984635791,297.0541877187018
5660000,11320.000001388687,-52297.55861858773,299.3654796011377
5665000,11330.000001390725,-52903.64630411696,299.7412552518148
5670000,11340.000001392762,-53230.63125262069,305.5850541454127
5675000,11350.0000013948,-52805.28322841064,296.7956559174283
5680000,11360.000001396837,-52809.41577438029,304.1723668689172
5685000,11370.000001398874,-53253.70108183165,302.9524388995453
5690000,11380.000001400911,-52863.53488540952,293.04328745749535
5695000,11390.000001402948,-52612.60918868138,304.9862396600082
5700000,11400.000001404986,-52567.7773211952,300.23049299308155
5705000,11410.000001407023,-53063.58149741992,292.2758879041238
5710000,11420.00000140906,-52882.96848825051,295.2483582154911
5715000,11430.000001411097,-52609.82018622858,287.6741663017596
5720000,11440.000001413135,-52766.492672000546,297.352833437451
5725000,11450.000001415172,-52883.56138205659,303.33290989584265
5730000,11460.00000141721,-52759.3035225927,301.6116559405518
5735000,11470.000001419246,-53179.628603792604,296.56735536538633
5740000,11480.000001421284,-52972.536798933,295.2639651985269
5745000,11490.000001423321,-53039.595926413196,288.66742858926796
5750000,11500.000001425358,-52717.19199643712,298.55032020624725
5755000,11510.000001427396,-52880.582069587224,297.1195386404363
5760000,11520.000001429433,-52762.549267643306,291.6444777594959
5765000,11530.00000143147,-52916.519547666016,298.4160873218843
5770000,11540.000001433507,-53088.062649640226,296.9677601580363
5775000,11550.000001435545,-53268.47608732534,304.8127926306507
5780000,11560.000001437582,-52853.644803100295,296.4348587509461
5785000,11570.00000143962,-52797.97172556294,302.0970145191234
5790000,11580.000001441656,-52502.28543147465,286.77802896750194
5795000,11590.000001443694,-52872.727473621024,305.01769402618675
5800000,11600.000001445731,-52804.87133625825,304.9448168139311
5805000,11610.000001447768,-52834.59700021549,296.8602686653636
5810000,11620.000001449805,-52940.266064686526,295.56275395085163
5815000,11630.000001451843,-52920.03009057525,298.52540519212835
5820000,11640.00000145388,-53249.35799340333,306.22042325471926
5825000,11650.000001455917,-52976.22535508755,303.20515035305857
5830000,11660.000001457955,-52981.069253426744,295.43601340850074
5835000,11670.000001459992,-52729.76138278929,297.4221412859705
5840000,11680.00000146203,-53111.2567027093,296.9609663692444
5845000,11690.000001464066,-53252.07145468073,299.32329290643537
5850000,11700.000001466104,-52742.8707107965,304.3575095009124
5855000,11710.00000146814,-52834.8014051104,288.9288877871265
5860000,11720.000001470178,-52923.03234218981,299.02288152875104
5865000,11730.000001472215,-53047.03142322379,300.28575838961774
5870000,11740.000001474253,-52650.25214414927,298.5040919235334
5875000,11750.00000147629,-53092.83157376907,302.6804585140965
5880000,11760.000001478327,-53267.559569577046,304.24862736077665
5885000,11770.000001480365,-53272.17723133031,287.6053985380061
5890000,11780.000001482402,-52846.54066279926,295.3419866479502
5895000,11790.000001484439,-52699.79396299008,295.42549584544855
5900000,11800.000001486476,-53163.36487624579,294.8990352900363
5905000,11810.000001488514,-52738.14515528429,290.8279276066604
5910000,11820.00000149055,-53038.27273435707,293.52785062387613
5915000,11830.000001492588,-52822.367188717064,297.8345992671442
5920000,11840.000001494625,-53098.08044894005,293.5157138130376
5925000,11850.000001496663,-52962.88651296246,294.4706139894177
5930000,11860.0000014987,-52961.07996126794,299.91092176348104
5935000,11870.000001500737,-52798.97543518047,296.9464496361134
5940000,11880.000001502774,-52596.34033521684,300.91943828591195
5945000,11890.000001504812,-52980.09680216381,303.41032434025175
5950000,11900.000001506849,-53021.2533912776,301.91829075593785
5955000,11910.000001508886,-53334.04056808047,302.02117742360673
5960000,11920.000001510924,-52517.18598299415,296.98953397284504
5965000,11930.00000151296,-52699.43004636356,298.58121765318515
5970000,11940.000001514998,-53206.41688012722,296.3618039121196
5975000,11950.000001517035,-52886.84506422267,294.44260304642535
5980000,11960.000001519073,-53249.03826887376,300.672582717913
5985000,11970.00000152111,-52960.37943809957,299.89229280097015
5990000,11980.000001523147,-52631.522714223654,297.82990122098437
5995000,11990.000001525184,-52440.24737668582,303.9974218324937
6000000,12000.000001527222,-52771.21923095937,295.54152589079945
6005000,12010.000001529259,-52991.41674416454,298.60945488735524
6010000,12020.000001531296,-53059.142120054516,295.02509260085293
6015000,12030.000001533333,-52760.978443156055,292.48803585308264
6020000,12040.00000153537,-53284.443229709315,302.43535269759656
6025000,12050.000001537408,-53311.66780541086,299.92432492986444
6030000,12060.000001539445,-53155.26182495803,296.2287659207668
6035000,12070.000001541483,-52767.60584958014,295.22153267354156
6040000,12080.00000154352,-53196.854409775086,297.5682672478327
6045000,12090.000001545557,-52888.75595761341,296.4249316856625
6050000,12100.000001547594,-53191.0419702986,302.3996492284427
6055000,12110.000001549632,-52618.80502465536,299.59019869032517
6060000,12120.000001551669,-53015.71097346672,300.110906493407
6065000,12130.000001553706,-53193.985879800486,286.16842511273495
6070000,12140.000001555743,-53165.210981430835,289.43836164008087
6075000,12150.00000155778,-52884.11876912019,292.3321613660258
6080000,12160.000001559818,-53051.645788263966,304.3600779284184
6085000,12170.000001561855,-52590.20025422354,301.919449927067
6090000,12180.000001563893,-52904.722809809144,297.96150043170064
6095000,12190.00000156593,-53130.81882155794,297.578966880041
6100000,12200.000001567967,-53000.77747570962,297.1305504423203
6105000,12210.000001570004,-53213.18106208538,301.1321569518305
6110000,12220.000001572042,-53109.452151484555,291.9203919493664
6115000,12230.000001574079,-52811.74526672327,300.4952534646665
6120000,12240.000001576116,-52933.97514048466,291.6325793243711
6125000,12250.000001578153,-53159.786048600625,298.015782007314
6130000,12260.00000158019,-52724.88461961012,300.9771356905681
6135000,12270.000001582228,-52978.82480348641,299.2376705170088
6140000,12280.000001584265,-53485.638887713896,300.349697105883
6145000,12290.000001586302,-53194.52529238816,303.51110308929265
6150000,12300.00000158834,-52626.859577059746,293.8615069808103
6155000,12310.000001590377,-52437.54250587063,287.5190033459332
6160000,12320.000001592414,-52886.9314648337,297.3207956895276
6165000,12330.000001594452,-52841.924665347906,290.2813270838444
6170000,12340.000001596489,-53016.911749651015,298.06665329434287
6175000,12350.000001598526,-52796.06677996353,302.42091465774956
6180000,12360.000001600563,-53128.72460055305,294.4746487362622
6185000,12370.0000016026,-53117.22882216671,304.13734790683293
6190000,12380.000001604638,-52883.57862531976,295.3767209423372
6195000,12390.000001606675,-52566.37629007816,297.73659098225534
6200000,12400.000001608712,-53130.457676143094,307.6071938215309
6205000,12410.00000161075,-52925.82921859078,303.56273930874744
6210000,12420.000001612787,-53107.51205369664,298.39924824291796
6215000,12430.000001614824,-53318.440485965344,299.09682213899947
6220000,12440.000001616861,-53183.46006775921,295.98973106005326
6225000,12450.000001618899,-52907.32916520268,301.1375928802665
6230000,12460.000001620936,-53134.90500055152,294.19803510217605
6235000,12470.000001622973,-52622.181346018886,299.477946701227
6240000,12480.00000162501,-52985.22445454664,295.51926669278976
6245000,12490.000001627048,-53243.30070219957,297.58182193519764
6250000,12500.000001629085,-52857.353951993166,296.44603752880175
6255000,12510.000001631122,-53004.569355407206,296.0521208011879
6260000,12520.00000163316,-52777.477913109295,297.47496895525296
6265000,12530.000001635197,-53131.88501679644,296.1010461613135
6270000,12540.000001637234,-53019.754271328246,295.32957422848045
6275000,12550.000001639271,-52889.88058220016,294.89648836594534
6280000,12560.000001641309,-52661.08364635735,299.8450243949887
6285000,12570.000001643346,-52917.78628874887,293.2311606529541
6290000,12580.000001645383,-53400.386290514434,294.2503608282546
6295000,12590.00000164742,-53338.340086262004,303.6893445269143
6300000,12600.000001649458,-53048.86779394615,300.5917149190143
6305000,12610.000001651495,-52642.08564736982,291.20296194226916
6310000,12620.000001653532,-53000.66112841337,296.037948897115
6315000,12630.00000165557,-52760.42053882236,292.5500255908514
6320000,12640.000001657607,-52992.8421165522,310.4207799724397
6325000,12650.000001659644,-52905.564322291786,285.757617668993
6330000,12660.000001661681,-53154.21394224471,305.33864984702274
6335000,12670.000001663719,-53004.35627261791,295.79666591831244
6340000,12680.000001665756,-53030.313283255324,305.2405546718167
6345000,12690.000001667793,-53053.9902133118,292.86894364141057
6350000,12700.00000166983,-52923.73513376631,301.351506602295
6355000,12710.000001671868,-52722.071876913775,302.2947016102242
6360000,12720.000001673905,-53048.3425223759,296.2590586762704
6365000,12730.000001675942,-52802.45377572812,299.5475912663311
6370000,12740.00000167798,-53004.83969454578,299.6527982014968
6375000,12750.000001680017,-53131.996329788904,299.7121760790603
6380000,12760.000001682054,-53043.20194975645,299.4413822867179
6385000,12770.000001684091,-53178.8530524401,299.79599929792926
6390000,12780.000001686129,-53187.088270335254,308.8491071018209
6395000,12790.000001688166,-53020.00531109169,298.7458214106463
6400000,12800.000001690203,-52684.92847200873,296.045469443719
6405000,12810.00000169224,-52904.64020774717,298.01627223656794
6410000,12820.000001694278,-53379.382745875075,298.2635212925128
6415000,12830.000001696315,-53039.27581651727,289.91974345854646
6420000,12840.000001698352,-53145.00441309536,291.5659564263064
6425000,12850.00000170039,-52727.891293320194,296.99299246900364
6430000,12860.000001702427,-53055.13107985354,291.46156032599106
6435000,12870.000001704464,-53132.25468998944,301.92038944438724
6440000,12880.000001706501,-53421.14906508822,299.5854592604703
6445000,12890.000001708539,-52756.73646458474,302.73009080551697
6450000,12900.000001710576,-52718.253492343705,296.5831279027869
6455000,12910.000001712613,-52896.96258958394,294.1591092966411
6460000,12920.00000171465,-52996.60002594249,300.31167124537865
6465000,12930.000001716688,-53099.027442532446,292.79464428425507
6470000,12940.000001718725,-53175.12337976019,302.6068721890774
6475000,12950.000001720762,-53190.08192707246,296.95839159532636
6480000,12960.0000017228,-52716.71781621192,294.19952473146026
6485000,12970.000001724837,-52937.07905039363,301.6574234037383
6490000,12980.000001726874,-52612.52212867455,298.4519793896721
6495000,12990.000001728911,-53083.74761616552,303.4445894749668
6500000,13000.000001730948,-52875.65007098651,298.10162226834507
6505000,13010.000001732986,-53042.93376379908,301.7788176477548
6510000,13020.000001735023,-52952.38916627815,302.2108110121994
6515000,13030.00000173706,-52901.032910905284,300.03422645284604
6520000,13040.000001739098,-53053.45875601709,302.0300829661845
6525000,13050.000001741135,-53029.43557923782,306.497640526516
6530000,13060.000001743172,-52884.65171049727,309.74601079661
6535000,13070.00000174521,-53310.75598726346,294.47689119987695
6540000,13080.000001747247,-53167.30783273603,302.62126146029254
6545000,13090.000001749284,-52814.502422312624,308.5367687785705
6550000,13100.000001751321,-53234.5441520068,303.3864521795946
6555000,13110.000001753358,-53140.507794199686,291.7613180113663
6560000,13120.000001755396,-52916.686656138365,294.02862922196755
6565000,13130.000001757433,-53101.39450882029,301.8854169261796
6570000,13140.00000175947,-53281.98459108459,297.25416430562905
6575000,13150.000001761508,-53225.48291729257,298.7677639875271
6580000,13160.000001763545,-52905.48058287907,292.50112312509754
6585000,13170.000001765582,-53065.738654781744,304.3116772261881
6590000,13180.00000176762,-52818.3281806868,298.4023006145058
6595000,13190.000001769657,-52998.78001948449,298.48337671667144
6600000,13200.000001771694,-52880.862986816675,298.428450868548
6605000,13210.000001773731,-52924.47737780641,299.9723896880038
6610000,13220.000001775768,-53352.39607428905,301.4144490513076
6615000,13230.000001777806,-52948.04365463057,299.60078035447606
6620000,13240.000001779843,-53035.79300908581,295.6401519267759
6625000,13250.00000178188,-52995.2812800582,306.3846432093568
6630000,13260.000001783917,-53365.50914343819,297.74378052713945
6635000,13270.000001785955,-53410.71346307796,298.89415054752567
6640000,13280.000001787992,-53078.28021858705,303.7712612241897
6645000,13290.00000179003,-53235.07849641112,303.5661970060061
6650000,13300.000001792067,-52718.12180507145,299.8358890359321
6655000,13310.000001794104,-53403.93523974018,292.58227814126855
6660000,13320.000001796141,-52941.82374475553,303.5998341066192
6665000,13330.000001798178,-53225.973045072606,303.64136537194145
6670000,13340.000001800216,-53125.9696010843,291.74433299097603
6675000,13350.000001802253,-52675.82521573256,300.55058853378137
6680000,13360.00000180429,-52949.93235427854,300.56018960817835
6685000,13370.000001806327,-52986.5347594973,301.7506231634624
6690000,13380.000001808365,-53508.055085254455,290.2717977135409
6695000,13390.000001810402,-52972.31714527478,300.06190878767137
6700000,13400.00000181244,-52908.796409771225,304.12407476657484
6705000,13410.000001814476,-53258.19354452571,290.2833560673314
6710000,13420.000001816514,-52949.31802130048,296.0822848838248
6715000,13430.000001818551,-52815.10777037163,299.5387616351389
6720000,13440.000001820588,-52931.38072816649,302.0590640079462
6725000,13450.000001822626,-52901.29414426713,295.3040064563835
6730000,13460.000001824663,-52968.25560229263,297.9849239773948
6735000,13470.0000018267,-52636.69407638931,293.60795668218793
6740000,13480.000001828737,-53314.93827807196,299.9583711912741
6745000,13490.000001830775,-52980.44121509275,301.4872267314037
6750000,13500.000001832812,-53194.86449776526,297.95143880254045
6755000,13510.00000183485,-53006.46674117766,303.9301430197312
6760000,13520.000001836886,-52997.82182611636,288.21037535739316
6765000,13530.000001838924,-53108.18320720122,297.92214550680063
6770000,13540.000001840961,-52826.97773184252,296.436683594612
6775000,13550.000001842998,-53015.672734574706,298.8909374213461
6780000,13560.000001845036,-53167.16629098862,290.9829547046308
6785000,13570.000001847073,-52901.0637567603,297.46817041237244
6790000,13580.00000184911,-52556.55738634695,295.4276348207942
6795000,13590.000001851147,-53153.0151583454,302.38708320992254
6800000,13600.000001853185,-52973.615246120666,300.5982113461602
6805000,13610.000001855222,-52824.649177561456,290.65544306159956
6810000,13620.00000185726,-53256.85652878918,301.3289313116519
6815000,13630.000001859296,-53295.581191055535,300.2063193045205
6820000,13640.000001861334,-52766.23096913553,301.9326977738841
6825000,13650.000001863371,-53064.56854915645,300.41147816900946
6830000,13660.000001865408,-53339.956171392114,294.16012242188634
6835000,13670.000001867445,-53384.16917540465,299.4707674923342
6840000,13680.000001869483,-53204.370307107194,298.5158663541702
6845000,13690.00000187152,-53147.04619663005,301.6240608317294
6850000,13700.000001873557,-52887.610191708896,299.73165988072395
6855000,13710.000001875595,-53099.483079952915,298.37495278938513
6860000,13720.000001877632,-52946.02860876973,299.40072890990194
6865000,13730.000001879669,-52707.97848283546,289.0291233331006
6870000,13740.000001881706,-52688.374111076526,297.9247361638502
6875000,13750.000001883744,-53109.091850017256,298.0482503663294
6880000,13760.00000188578,-53382.31957120015,298.4935454116932
6885000,13770.000001887818,-52994.868676628685,300.2113311863814
6890000,13780.000001889855,-52611.01461262099,299.9755224102342
6895000,13790.000001891893,-52681.06583186559,296.9718077762472
6900000,13800.00000189393,-52828.844787243754,304.2993721114874
6905000,13810.000001895967,-52530.09258662921,304.9760092590204
6910000,13820.000001898004,-52838.87288759259,294.93149425596874
6915000,13830.000001900042,-52829.87760826861,300.19817335799326
6920000,13840.000001902079,-52770.40309510031,297.15122702338806
6925000,13850.000001904116,-53181.59371965335,301.0437271507035
6930000,13860.000001906154,-53147.11436785024,294.3115045209338
6935000,13870.00000190819,-53321.59770758895,297.0031328580614
6940000,13880.000001910228,-53201.91103409845,301.1543319074364
6945000,13890.000001912265,-53011.8874539301,294.88897941124293
6950000,13900.000001914303,-52952.58293831063,307.1087561019588
6955000,13910.00000191634,-52867.52564566728,300.35140568019364
6960000,13920.000001918377,-53045.04065647992,299.136757274984
6965000,13930.000001920414,-53140.461577721464,298.76468240060643
6970000,13940.000001922452,-52617.01994207865,298.6357115879353
6975000,13950.000001924489,-53339.57221863905,303.9737937839435
6980000,13960.000001926526,-52645.15277537404,293.096740871957
6985000,13970.000001928564,-52834.404521045304,286.43639201482824
6990000,13980.0000019306,-52759.094328456355,297.7192155594938
6995000,13990.000001932638,-52738.068591169955,300.1926449420443
7000000,14000.000001934675,-53190.29144810076,298.26063675433437
7005000,14010.000001936713,-52701.73766406599,301.72147860708947
7010000,14020.00000193875,-52424.18205787457,305.3537529684743
7015000,14030.000001940787,-53168.96561839088,296.92998067391966
7020000,14040.000001942824,-53735.033466904744,304.9522047593493
7025000,14050.000001944862,-52894.92046761044,293.48333858272525
7030000,14060.000001946899,-53086.18715647311,293.60793973705006
7035000,14070.000001948936,-52831.65517891932,290.7285382054072
7040000,14080.000001950973,-53068.87055829313,297.03131910105077
7045000,14090.00000195301,-53020.22987093107,296.31076740130123
7050000,14100.000001955048,-53046.90341013204,300.008046987977
7055000,14110.000001957085,-53271.04355746496,302.6823172528268
7060000,14120.000001959123,-52974.64373149921,301.4598629367177
7065000,14130.00000196116,-52977.545659213036,289.02417632759773
7070000,14140.000001963197,-52898.81798988386,296.93056704116856
7075000,14150.000001965234,-53082.02535476728,294.8892352755487
7080000,14160.000001967272,-52990.89159805968,296.0773630613669
7085000,14170.000001969309,-52758.92474003389,306.12714687760916
7090000,14180.000001971346,-52798.70349831367,298.4276702983397
7095000,14190.000001973383,-52952.6424965169,299.57276716022176
7100000,14200.00000197542,-52932.163457862625,297.47986800031754
7105000,14210.000001977458,-53054.982848303305,302.6753400729078
7110000,14220.000001979495,-53100.46866598015,297.5237498013206
7115000,14230.000001981532,-52706.33318120972,302.7514523098978
7120000,14240.00000198357,-52740.34105306881,295.428928993501
7125000,14250.000001985607,-52885.436908992095,296.49293657030677
7130000,14260.000001987644,-53152.704538808495,298.8331630011291
7135000,14270.000001989682,-52921.71940890237,297.3482099795389
7140000,14280.000001991719,-52797.23186912769,290.55895642690564
7145000,14290.000001993756,-52763.080498685886,299.0798478064701
7150000,14300.000001995793,-53110.78530663438,291.07146135423346
7155000,14310.00000199783,-52804.1491324426,298.89847695337716
7160000,14320.000001999868,-52799.70809248884,301.23029581262847
7165000,14330.000002001905,-53122.63435256612,299.83611758564416
7170000,14340.000002003942,-53309.0854278121,301.3942151643033
7175000,14350.00000200598,-53085.698074261425,291.8516506048828
7180000,14360.000002008017,-53009.61672655947,309.56053012847775
7185000,14370.000002010054,-52909.179502985935,283.6939708993286
7190000,14380.000002012091,-53038.64568606077,304.43155480609744
7195000,14390.000002014129,-53352.19771014928,293.4367792659102
7200000,14400.000002016166,-53316.58429420332,300.16408975901356
7205000,14410.000002018203,-53304.53417975124,301.09813939759994
7210000,14420.00000202024,-52885.06016672461,295.5261343932639
7215000,14430.000002022278,-53244.283485455555,303.1396311617056
7220000,14440.000002024315,-52744.66765468396,302.33120448845614
7225000,14450.000002026352,-53135.89757114404,292.7069714612493
7230000,14460.00000202839,-52806.90962182806,301.3043180061767
7235000,14470.000002030427,-52735.01677106146,297.6781341844805
7240000,14480.000002032464,-53080.07264088391,298.3481961316751
7245000,14490.000002034501,-52974.098002383194,298.9408982644183
7250000,14500.000002036539,-53008.02371645346,291.1299235655943
7255000,14510.000002038576,-52995.1752637031,298.1708632865343
7260000,14520.000002040613,-52753.25310601751,299.23601121716945
7265000,14530.00000204265,-52915.95448831332,289.67189552808475
7270000,14540.000002044688,-52891.43642531836,299.28584029173294
7275000,14550.000002046725,-52417.80568212469,308.2989415601702
7280000,14560.000002048762,-52909.00167309874,305.3232331056562
7285000,14570.0000020508,-52988.35080760121,305.87130100836055
7290000,14580.000002052837,-52922.37423350854,298.2926196159126
7295000,14590.000002054874,-53117.29882049389,303.05084715950966
7300000,14600.000002056911,-52844.52857686716,302.28137789829384
7305000,14610.000002058949,-52740.975030191476,294.8326520114545
7310000,14620.000002060986,-52575.65034851339,292.68799441595866
7315000,14630.000002063023,-53056.513469993835,300.7467066470131
7320000,14640.00000206506,-52580.28283245111,294.1624104141275
7325000,14650.000002067098,-53035.789675032545,293.9702463882706
7330000,14660.000002069135,-52939.14195128149,306.52256822887085
7335000,14670.000002071172,-52919.418579660996,297.9902211634184
7340000,14680.00000207321,-53068.898194565496,298.8739909234282
7345000,14690.000002075247,-52957.3865496463,298.1675636082269
7350000,14700.000002077284,-53140.82945001163,295.05157597738264
7355000,14710.000002079321,-52796.851797535,294.176388920483
7360000,14720.000002081359,-52984.21890677896,293.84787198485304
7365000,14730.000002083396,-53114.114319890214,288.9447185513303
7370000,14740.000002085433,-52772.54092553453,303.1582774069384
7375000,14750.00000208747,-52757.64226698986,298.18660929728884
7380000,14760.000002089508,-52822.43898728042,299.9289781654107
7385000,14770.000002091545,-52756.45359748995,294.7958783796523
7390000,14780.000002093582,-53087.43438024359,304.8861908179892
7395000,14790.00000209562,-53216.794234504225,295.316361704199
7400000,14800.000002097657,-52624.12407714376,296.95345060652
7405000,14810.000002099694,-53034.524040127086,297.6870802081641
7410000,14820.000002101731,-52547.511604577594,301.64873745587425
7415000,14830.000002103769,-52986.16875749643,300.06639261707346
7420000,14840.000002105806,-52675.69277933467,301.7379626503903
7425000,14850.000002107843,-53308.161355928285,302.8821992940784
7430000,14860.00000210988,-53203.31667709848,306.14681839749164
7435000,14870.000002111918,-52928.215698481625,296.23171048545436
7440000,14880.000002113955,-52959.483313697885,303.325801098695
7445000,14890.000002115992,-52912.71672890161,302.2592425573711
7450000,14900.00000211803,-53132.104226559255,298.7415133358957
7455000,14910.000002120067,-52857.675844062964,306.7405702955823
7460000,14920.000002122104,-52523.487586508214,304.8865000951122
7465000,14930.000002124141,-52990.53452289532,301.9269652653155
7470000,14940.000002126179,-53013.387465460604,307.6669202091063
7475000,14950.000002128216,-52760.958795745944,299.3828183841813
7480000,14960.000002130253,-53277.35917471559,296.36523696548375
7485000,14970.00000213229,-52975.336041707924,294.45015306500966
7490000,14980.000002134328,-53089.35781981604,301.57622802931814
7495000,14990.000002136365,-53105.40237960697,293.92003955365976
7500000,15000.000002138402,-53004.91153207727,301.4672221112682
7505000,15010.00000214044,-52995.86161686311,301.95794958188236
7510000,15020.000002142477,-52976.0370316894,300.6172530671679
7515000,15030.000002144514,-53073.415152896545,296.87949327313754
7520000,15040.000002146551,-53013.87091315587,296.394646013415
7525000,15050.000002148588,-52633.629900769505,293.136092995236
7530000,15060.000002150626,-52678.42665704005,298.48375178785267
7535000,15070.000002152663,-52973.28973257111,302.2425269904629
7540000,15080.0000021547,-53315.973607997614,294.5053703925777
7545000,15090.000002156738,-52887.34573279493,307.02157227014646
7550000,15100.000002158775,-53052.44710388858,289.3897468253062
7555000,15110.000002160812,-52641.56272789635,293.85228403541583
7560000,15120.00000216285,-53008.502960076876,300.88390802105266
7565000,15130.000002164887,-52946.945969214954,298.2194777407726
7570000,15140.000002166924,-52860.60168103821,298.3008413852772
7575000,15150.000002168961,-52991.742439590045,313.94272979112424
7580000,15160.000002170998,-52882.77397909743,297.01109940838194
7585000,15170.000002173036,-52919.58269282206,296.95071099828334
7590000,15180.000002175073,-52551.381103210995,302.0600393415475
7595000,15190.00000217711,-52358.30880262301,301.29190031441993
7600000,15200.000002179147,-52976.03393533459,299.83508910771
7605000,15210.000002181185,-52996.92620427371,297.7922510037239
7610000,15220.000002183222,-53062.613558710116,298.235334413645
7615000,15230.00000218526,-52569.11042506163,296.6826416459913
7620000,15240.000002187297,-52943.76756410397,306.70129895411236
7625000,15250.000002189334,-52740.708227152645,297.6012629970888
7630000,15260.000002191371,-53009.124916536966,300.2131714433485
7635000,15270.000002193408,-53079.84766935979,306.9937878031951
7640000,15280.000002195446,-53563.96828029593,295.8265258662283
7645000,15290.000002197483,-53204.40407283057,299.07899431254623
7650000,15300.00000219952,-53077.03717368643,294.58379734102436
7655000,15310.000002201557,-53228.498472309264,298.2767586531953
7660000,15320.000002203595,-53062.725059893884,299.4576431953853
7665000,15330.000002205632,-52775.733768798586,290.36888527384775
7670000,15340.00000220767,-53372.449302474095,298.03501370784954
7675000,15350.000002209707,-53116.19847599996,306.5902645000054
7680000,15360.000002211744,-53023.65479122012,302.27064120088824
7685000,15370.000002213781,-53179.447388540546,301.26044223315733
7690000,15380.000002215818,-52944.169237608905,292.29205955665225
7695000,15390.000002217856,-53109.3462446942,295.4091547192114
7700000,15400.000002219893,-53134.28045737339,296.62309288155507
7705000,15410.00000222193,-53261.472610464785,295.56175312287854
7710000,15420.000002223967,-52830.51629763472,294.46083893998616
7715000,15430.000002226005,-52976.0420037923,297.3527898537137
7720000,15440.000002228042,-52966.50893114455,295.4154352376442
7725000,15450.00000223008,-52987.23124372252,300.1942592158851
7730000,15460.000002232116,-53363.51233083295,305.5393803992591
7735000,15470.000002234154,-52918.81027194319,299.20081364010196
7740000,15480.000002236191,-53110.864932492346,304.38852176828124
7745000,15490.000002238228,-53064.08635622414,300.0782562524003
7750000,15500.000002240266,-52552.37661051523,304.490001445113
7755000,15510.000002242303,-52947.79886388598,296.39639698825715
7760000,15520.00000224434,-53167.694149827934,291.8868204882093
7765000,15530.000002246377,-52931.12553593895,295.42751078084785
7770000,15540.000002248415,-52997.77507365972,303.8951885392625
7775000,15550.000002250452,-52918.29010027129,297.356968904852
7780000,15560.00000225249,-52863.89465984487,294.07912298491186
7785000,15570.000002254526,-53000.65573821199,295.7603659988727
7790000,15580.000002256564,-53118.7706990648,302.30163466204976
7795000,15590.000002258601,-53499.32673421732,302.26623722223707
7800000,15600.000002260638,-52578.22379234331,301.36402230089936
7805000,15610.000002262675,-52259.02349038192,293.3245511346731
7810000,15620.000002264713,-52712.40931220923,291.42273393045656
7815000,15630.00000226675,-52589.34178015235,294.32886003883596
7820000,15640.000002268787,-52911.47469672019,302.97991877531456
7825000,15650.000002270825,-52891.74094615993,299.8834932338093
7830000,15660.000002272862,-53168.89103331676,294.9015242554354
7835000,15670.000002274899,-52372.2402426441,297.3730597277734
7840000,15680.000002276936,-53470.96714510588,304.4955716860636
7845000,15690.000002278974,-53418.68106037806,296.6504267195464
7850000,15700.00000228101,-52862.52759129394,305.6795027234411
7855000,15710.000002283048,-53143.17102380376,298.3779937172676
7860000,15720.000002285085,-52763.30241242371,308.7562083111203
7865000,15730.000002287123,-53047.368890554615,298.227568490761
7870000,15740.00000228916,-53395.36417975323,305.2136748974263
7875000,15750.000002291197,-53204.17092926614,294.8849973153544
7880000,15760.000002293235,-52777.478960637556,293.89300572528333
7885000,15770.000002295272,-52861.714672398724,296.958704071558
7890000,15780.000002297309,-52925.74858810645,290.6093730652188
7895000,15790.000002299346,-53165.58872101261,301.1510174468386
7900000,15800.000002301384,-53101.34251318066,294.65479490151614
7905000,15810.00000230342,-52895.4844039813,302.63230873445667
7910000,15820.000002305458,-52895.675602395204,295.92513198018435
7915000,15830.000002307495,-53040.3759361711,293.4737762835591
7920000,15840.000002309533,-52898.10517768847,294.4655889990928
7925000,15850.00000231157,-53143.5149527459,298.84700531866855
7930000,15860.000002313607,-52914.41338544499,296.7483621721278
7935000,15870.000002315644,-52899.04217829293,295.8488990062473
7940000,15880.000002317682,-53127.37524343666,293.4270484817426
7945000,15890.000002319719,-52986.02841909445,302.074822613606
7950000,15900.000002321756,-52882.01011459067,300.3157390054465
7955000,15910.000002323794,-52821.81124112458,307.62373986735724
7960000,15920.00000232583,-52785.47825586214,305.2712255295162
7965000,15930.000002327868,-53011.22353886388,296.3290905837275
7970000,15940.000002329905,-52907.246230743476,302.53983001309604
7975000,15950.000002331943,-52762.25269725878,307.9117057838835
7980000,15960.00000233398,-53165.322241759015,300.0523862404463
7985000,15970.000002336017,-52970.031666401774,301.7718331592102
7990000,15980.000002338054,-53286.356206993776,294.60664496139657
7995000,15990.000002340092,-53001.080939379404,303.15723901900174
8000000,16000.000002342129,-53302.22452682018,296.2117523983225
8005000,16010.000002344166,-52864.462780675094,288.4049690839013
8010000,16020.000002346203,-53224.95363202726,301.56874841027536
8015000,16030.00000234824,-53037.33065935798,299.6645312806117
8020000,16040.000002350278,-52911.73956666753,298.35697468254347
8025000,16050.000002352315,-52832.984410971665,298.81299778097787
8030000,16060.000002354353,-52855.365349568776,293.73008664639906
8035000,16070.00000235639,-53277.22319447703,292.1920937549401
8040000,16080.000002358427,-53043.87016023538,298.31972849076385
8045000,16090.000002360464,-52913.42181537839,296.23393251098094
8050000,16100.000002362502,-53127.590563018486,297.63481973146804
8055000,16110.000002364539,-52684.49900009445,296.42960587941997
8060000,16120.000002366576,-52973.60695255664,299.54805937612
8065000,16130.000002368613,-53173.003273755865,298.0109329044604
8070000,16140.00000237065,-52690.5823728641,304.1646015234426
8075000,16150.000002372688,-52673.157554262696,295.3971498526012
8080000,16160.000002374725,-52808.0699690083,295.31669377491784
8085000,16170.000002376762,-53103.74738440811,298.31333415341237
8090000,16180.0000023788,-53090.37203502367,304.7723104803009
8095000,16190.000002380837,-52796.45074200828,298.646625261692
8100000,16200.000002382874,-53052.316917605436,295.699559184135
8105000,16210.000002384912,-53061.35413293299,294.3073008114825
8110000,16220.000002386949,-52883.616434033,299.00102171015817
8115000,16230.000002388986,-52998.97312795889,304.9218439748564
8120000,16240.000002391023,-52731.536500308226,297.7612508086598
8125000,16250.00000239306,-53121.52228110627,305.6593296391571
8130000,16260.000002395098,-52892.659575340746,303.78907234837556
8135000,16270.000002397135,-52930.158551986504,300.1250650457737
8140000,16280.000002399172,-52968.18198505294,288.47376277351884
8145000,16290.00000240121,-52927.21709223531,300.7814449521713
8150000,16300.000002403247,-53189.74567021322,299.38610477350534
8155000,16310.000002405284,-53245.77872100816,301.0693694854861
8160000,16320.000002407322,-53010.541090787854,292.9390439156033
8165000,16330.000002409359,-53032.97654400696,298.99475866960984
8170000,16340.000002411396,-52534.228582233336,297.38563965152736
8175000,16350.000002413433,-53210.27700936762,302.4407049572061
8180000,16360.00000241547,-52647.5219086571,289.79404701677504
8185000,16370.000002417508,-52994.94807755976,295.66101508006227
8190000,16380.000002419545,-52717.07724910352,296.1365420909189
8195000,16390.00000242158,-53341.21501395802,297.45028257981176
8200000,16400.000002423618,-53122.71490999946,293.80037512992834
8205000,16410.000002425655,-52930.151010176516,304.0305307841145
8210000,16420.000002427692,-53047.21546199973,300.39772660930925
8215000,16430.00000242973,-52697.63225898982,291.809669453889
8220000,16440.000002431767,-53097.172426765144,293.7842648422563
8225000,16450.000002433804,-53078.13375146457,293.14712405984744
8230000,16460.00000243584,-52728.22183495949,302.4293026464892
8235000,16470.00000243788,-52798.67747366417,293.56647903770227
8240000,16480.000002439916,-52977.74163876334,303.0662121074286
8245000,16490.000002441953,-52491.598149703,296.61924642018556
8250000,16500.00000244399,-53172.6061676805,298.84580594897426
8255000,16510.000002446028,-53037.30862552085,297.6846359410606
8260000,16520.000002448065,-52866.83726238538,295.32458136038696
8265000,16530.000002450102,-52722.2647275342,294.74353238046126
8270000,16540.00000245214,-53258.4950473567,299.06945973030884
8275000,16550.000002454177,-52622.28026454535,299.6371944464224
8280000,16560.000002456214,-52751.678143844794,297.7687229402801
8285000,16570.00000245825,-53228.03991478213,293.35180099345945
8290000,16580.00000246029,-52597.52798645428,302.702984746981
8295000,16590.000002462326,-52820.71581146747,287.8088542231287
8300000,16600.000002464363,-53104.49762392149,299.5894533564127
8305000,16610.0000024664,-53321.68225849458,299.7323172855499
8310000,16620.000002468438,-52983.2139917594,295.16360082261053
8315000,16630.000002470475,-53291.91291612759,296.7307821625551
8320000,16640.000002472512,-53133.83677345293,302.5826953678827
8325000,16650.00000247455,-52732.800438317354,303.6045214917356
8330000,16660.000002476587,-53021.177942297974,299.12005023936047
8335000,16670.000002478624,-53053.70710553008,298.7052186138798
8340000,16680.00000248066,-52577.85250461451,292.77475216051585
8345000,16690.0000024827,-53128.092519054626,300.7651014006416
8350000,16700.000002484736,-53052.961657115986,296.2325082042765
8355000,16710.000002486773,-53110.1278862218,297.43833747950873
8360000,16720.00000248881,-52883.562595868076,290.73980691161063
8365000,16730.000002490848,-53019.72035775549,297.51053772380635
8370000,16740.000002492885,-53124.96340184656,292.9762840378595
8375000,16750.000002494922,-52755.384519911575,296.68509468359554
8380000,16760.00000249696,-53290.70885633549,300.68309852842583
8385000,16770.000002498997,-52783.54309697269,300.8509423805347
8390000,16780.000002501034,-52872.49932597001,307.80298034717123
8395000,16790.00000250307,-52881.83410292011,301.2814082344578
8400000,16800.00000250511,-52982.37839571427,302.46666106059786
8405000,16810.000002507146,-52925.72413789196,300.8943867477558
8410000,16820.000002509183,-52995.36357130256,296.76800213078235
8415000,16830.00000251122,-53022.322481591895,303.38161930419216
8420000,16840.000002513258,-52972.70381806826,307.1993764833429
8425000,16850.000002515295,-52974.815482866456,304.36276873870247
8430000,16860.000002517332,-52865.54788339554,298.29086344817813
8435000,16870.00000251937,-52965.475423196185,302.33775316919963
8440000,16880.000002521407,-53374.66702647993,291.6682400873438
8445000,16890.000002523444,-53040.66103180355,293.5909677523811
8450000,16900.00000252548,-52572.74734330026,296.02583359656626
8455000,16910.00000252752,-53157.1940252927,300.03615547684245
8460000,16920.000002529556,-53326.80347332134,299.7763465439922
8465000,16930.000002531593,-53031.89265577239,298.3619248276438
8470000,16940.00000253363,-52904.10109362684,292.91979422648745
8475000,16950.000002535668,-53404.175470353744,301.0709343888214
8480000,16960.000002537705,-52630.75531406904,304.5457417032284
8485000,16970.000002539742,-52832.739182013116,294.10001798949816
8490000,16980.00000254178,-53228.80885539937,296.41850100632274
8495000,16990.000002543817,-52802.66529926,297.6456535020532
8500000,17000.000002545854,-53285.15621882299,286.50066033672294
8505000,17010.00000254789,-53319.43449900433,293.1530559070559
8510000,17020.00000254993,-52921.922902626335,293.98019587898415
8515000,17030.000002551966,-53016.11329991187,295.55759688687226
8520000,17040.000002554003,-52901.52050865503,297.7645352582082
8525000,17050.00000255604,-53109.868623612565,303.0907069723418
8530000,17060.000002558078,-52999.18818598456,296.1989967863219
8535000,17070.000002560115,-53122.90676105436,293.92326973781036
8540000,17080.000002562152,-52599.21242996075,295.6479432225919
8545000,17090.00000256419,-53417.94327589104,297.8152694781914
8550000,17100.000002566227,-52991.03745575441,303.3211244854309
8555000,17110.000002568264,-52744.11796433988,299.75318727686516
8560000,17120.0000025703,-52708.444163058826,295.8563837937799
8565000,17130.00000257234,-52942.589454406756,291.043081672171
8570000,17140.000002574376,-52721.328994535696,291.8673945348503
8575000,17150.000002576413,-53041.756761126744,295.54149855426397
8580000,17160.00000257845,-52658.39758629259,290.5899326634643
8585000,17170.000002580487,-53192.66003659164,301.57272344952526
8590000,17180.000002582525,-53568.97736405983,295.2631663890238
8595000,17190.000002584562,-52676.215789993235,300.1003090499325
8600000,17200.0000025866,-52925.58489460475,297.6231833933005
8605000,17210.000002588637,-52829.546095336,300.9050532522516
8610000,17220.000002590674,-52509.5170049264,295.4125109951178
8615000,17230.00000259271,-52909.09803022831,301.1100813162119
8620000,17240.00000259475,-53139.379300726956,292.497676154984
8625000,17250.000002596786,-52657.9691298611,293.80912865272154
8630000,17260.000002598823,-53061.66858343981,296.1940371421827
8635000,17270.00000260086,-53085.10936020783,297.4777319038079
8640000,17280.000002602897,-52992.050707646296,306.8594617294723
8645000,17290.000002604935,-53279.67203248851,293.63262588549287
8650000,17300.000002606972,-52838.22690702911,299.56640179430747
8655000,17310.00000260901,-52919.60582756283,300.70500123695456
8660000,17320.000002611047,-52965.75572411565,300.50817582558335
8665000,17330.000002613084,-52863.896261088055,298.53400334295543
8670000,17340.00000261512,-52502.38407713614,303.38334783067273
8675000,17350.00000261716,-53189.071079377434,297.6878047004073
8680000,17360.000002619196,-52803.969743357186,300.8093718450867
8685000,17370.000002621233,-52824.98450158659,299.5917744969392
8690000,17380.00000262327,-52751.52625064849,299.71789859817835
8695000,17390.000002625307,-52789.548377010506,301.6738321312656
8700000,17400.000002627345,-53072.180662366154,307.30127570038957
8705000,17410.000002629382,-52769.94034691685,292.93785252914427
8710000,17420.00000263142,-53169.216762467404,304.6962952603208
8715000,17430.000002633456,-53000.35525829508,301.01811204789755
8720000,17440.000002635494,-52830.40011799161,300.8967117637848
8725000,17450.00000263753,-52804.47527607082,299.6028876197826
8730000,17460.00000263957,-52797.44585555501,293.1969227736025
8735000,17470.000002641606,-53006.37650244951,299.1010723966949
8740000,17480.000002643643,-52705.226360946486,297.0403286104847
8745000,17490.00000264568,-52893.33438965748,285.13331991066235
8750000,17500.000002647717,-52807.22030092866,306.9998305556402
8755000,17510.000002649755,-53056.13131069188,287.3061598873476
8760000,17520.000002651792,-52644.37900854228,295.4120330959355
8765000,17530.00000265383,-52934.98553669563,300.1396207982121
8770000,17540.000002655866,-52815.2631138819,295.1333337132063
8775000,17550.000002657904,-52919.66765659276,296.7690455167104
8780000,17560.00000265994,-52980.69860738839,297.62989015218216
8785000,17570.00000266198,-52877.39987247664,296.30080231594474
8790000,17580.000002664015,-53253.05396567317,301.4704116644431
8795000,17590.000002666053,-53180.83059480661,302.179921578483
8800000,17600.00000266809,-53252.08904643246,290.41051305826517
8805000,17610.000002670127,-52732.91071301713,294.7939355830046
8810000,17620.000002672165,-52961.26737026396,289.77032136572325
8815000,17630.000002674202,-53124.12349171724,288.8851321158757
8820000,17640.00000267624,-52336.603402995854,310.9209074258912
8825000,17650.000002678276,-52709.59431790636,302.15134890957506
8830000,17660.000002680314,-52630.77446192951,302.9501645773689
8835000,17670.00000268235,-52934.22114622401,291.81176783992737
8840000,17680.000002684388,-53038.81540203595,307.496360013585
8845000,17690.000002686425,-53144.092710283556,291.08725697517735
8850000,17700.000002688463,-53200.49247900146,298.83552557916386
8855000,17710.0000026905,-53087.96849579722,294.0003225371578
8860000,17720.000002692537,-52773.012890375714,294.05354270292463
8865000,17730.000002694575,-53009.454849614354,299.64785876405296
8870000,17740.00000269661,-53565.87063466929,295.57213470355555
8875000,17750.00000269865,-52907.4998908696,297.9331187237559
8880000,17760.000002700686,-53155.75981267911,293.39831979211476
8885000,17770.000002702724,-53048.318379198376,297.12798371832025
8890000,17780.00000270476,-53002.74478530075,296.12410029920267
8895000,17790.000002706798,-52685.83472673109,289.12593425400485
8900000,17800.000002708835,-52908.12788040764,294.4024959936425
8905000,17810.000002710873,-52964.494002443214,297.9035815893433
8910000,17820.00000271291,-52814.55367267053,294.2823338899486
8915000,17830.000002714947,-52910.670711251354,296.3498350946919
8920000,17840.000002716984,-53050.9151817738,295.48031873914124
8925000,17850.00000271902,-52547.48513765517,298.3051956790781
8930000,17860.00000272106,-53044.424532893085,294.6539875562966
8935000,17870.000002723096,-52686.086610592,303.1096711696802
8940000,17880.000002725134,-53057.66250037533,297.0045144393812
8945000,17890.00000272717,-52620.13350922978,299.6860831922463
8950000,17900.000002729208,-52837.68208766819,297.4142881836255
8955000,17910.000002731245,-53066.29571083278,304.4631061340526
8960000,17920.000002733283,-52850.992057701165,298.21264966979453
8965000,17930.00000273532,-53055.97192127336,301.41129726239456
8970000,17940.000002737357,-52725.088724928966,293.76679332022394
8975000,17950.000002739394,-53314.892961707956,299.1925728010667
8980000,17960.00000274143,-53239.330948070536,296.68043587316424
8985000,17970.00000274347,-53068.23347801232,301.5692353616253
8990000,17980.000002745506,-53290.10024472914,296.66953071524927
8995000,17990.000002747543,-53105.49551884708,295.4908971335269
9000000,18000.00000274958,-53065.87675186907,299.6292858919479
9005000,18010.000002751618,-53048.7873278436,296.23146719062805
9010000,18020.000002753655,-52969.353298360686,293.50341713365935
9015000,18030.000002755693,-53014.27241833889,300.0571951612282
9020000,18040.00000275773,-52577.59664252569,295.6700634503693
9025000,18050.000002759767,-52966.944823259604,296.5666559373495
9030000,18060.000002761804,-53184.23011826351,290.10987508848575
9035000,18070.00000276384,-52746.251988563396,305.3084020131148
9040000,18080.00000276588,-53147.597469145665,291.9936316243703
9045000,18090.000002767916,-52802.06519186974,290.1245335738831
9050000,18100.000002769953,-53019.920598539175,306.002329042999
9055000,18110.00000277199,-52786.547700454714,302.0820159967782
9060000,18120.000002774028,-53092.01521949278,300.526392849647
9065000,18130.000002776065,-53005.056741085806,298.2090547549263
9070000,18140.000002778102,-53012.48907589249,296.41109217590537
9075000,18150.00000278014,-52688.79578861676,299.896682153063
9080000,18160.000002782177,-52930.9255116026,290.2081027975442
9085000,18170.000002784214,-53170.02611750638,295.68580624474765
9090000,18180.00000278625,-52754.773887313844,289.4096218953109
9095000,18190.00000278829,-53090.663417549105,308.5901486442108
9100000,18200.000002790326,-52926.03259172381,295.0143448191826
9105000,18210.000002792363,-52579.0900336013,302.14926261919305
9110000,18220.0000027944,-53364.67510439415,303.16534964699844
9115000,18230.000002796438,-52432.818681842036,297.33211454437674
9120000,18240.000002798475,-53178.93613535486,300.1725061763129
9125000,18250.000002800512,-53152.784374380164,290.6366021588934
9130000,18260.00000280255,-52851.54448433957,295.68840585775337
9135000,18270.000002804587,-52746.28207976345,299.13023395055404
9140000,18280.000002806624,-52771.98412003677,304.9845295259835
9145000,18290.00000280866,-53094.35630626953,295.92192600392116
9150000,18300.0000028107,-53309.8641099846,298.37390363135245
9155000,18310.000002812736,-53273.522107436846,294.5663540443317
9160000,18320.000002814773,-52606.93060831379,300.6686545181693
9165000,18330.00000281681,-52958.19135099216,293.39848231703434
9170000,18340.000002818848,-53107.094782871136,306.09464364496563
9175000,18350.000002820885,-52836.46725885451,300.37691500555417
9180000,18360.000002822922,-52945.33386420936,300.45229026949
9185000,18370.00000282496,-53110.79559046496,302.885013402876
9190000,18380.000002826997,-53103.06929957846,294.22212550253425
9195000,18390.000002829034,-52671.21739631327,297.98726502094377
9200000,18400.00000283107,-53178.28380841733,290.4750264712051
9205000,18410.00000283311,-52904.616595966916,297.2781897017186
9210000,18420.000002835146,-53275.963427377894,292.027118046659
9215000,18430.000002837183,-52541.280607042136,297.9460721563894
9220000,18440.00000283922,-52676.17518574966,293.7721069624834
9225000,18450.000002841258,-52888.92457715058,295.29147687129483
9230000,18460.000002843295,-52966.18829364746,286.61505036544975
9235000,18470.000002845332,-53148.13173923592,300.9009253753577
9240000,18480.00000284737,-52659.02499587959,298.28265810671496
9245000,18490.000002849407,-53273.23027274842,295.35272702416506
9250000,18500.000002851444,-52516.17795199793,296.65479949015474
9255000,18510.00000285348,-53230.69125403781,297.56078556801657
9260000,18520.00000285552,-52732.368004442775,292.99781474219355
9265000,18530.000002857556,-53166.68256633519,301.2863086764103
9270000,18540.000002859593,-52927.94136315078,301.863526881868
9275000,18550.00000286163,-53047.49074451029,297.3197547357056
9280000,18560.000002863668,-53124.138715539186,297.20995178754043
9285000,18570.000002865705,-52918.5569743049,302.85892645849754
9290000,18580.000002867742,-53009.109822206956,297.4091412588796
9295000,18590.00000286978,-53138.40900826242,299.3293071132328
9300000,18600.000002871817,-52544.19267678945,300.8772865017703
9305000,18610.000002873854,-52916.54097525039,299.9543051172656
9310000,18620.00000287589,-52949.41430858878,302.1337340316504
9315000,18630.00000287793,-52765.22402040183,289.32788134447725
9320000,18640.000002879966,-52712.21798010147,300.79712559987087
9325000,18650.000002882003,-52479.28266716024,299.57963479293545
9330000,18660.00000288404,-52887.347695530974,294.5792098209593
9335000,18670.000002886078,-53094.04332365541,298.12672399666735
9340000,18680.000002888115,-53030.724410919414,298.2807823789521
9345000,18690.000002890152,-53000.46204173128,300.130403141745
9350000,18700.00000289219,-52603.79345536293,289.68430629222183
9355000,18710.000002894227,-53149.05349219171,294.2405987004407
9360000,18720.000002896264,-53277.59365216832,297.6040604347278
9365000,18730.0000028983,-52859.70923382454,299.973858660868
9370000,18740.00000290034,-52959.428135663125,300.0371014166399
9375000,18750.000002902376,-53015.76648965245,293.29002043014066
9380000,18760.000002904413,-53020.70482245882,303.31785440377257
9385000,18770.00000290645,-53183.21046816051,301.43919143162185
9390000,18780.000002908488,-53508.64183810458,295.77677206398715
9395000,18790.000002910525,-53198.485897112114,305.4746458198717
9400000,18800.000002912562,-52862.26233120065,296.7339278699523
9405000,18810.0000029146,-53171.6240531964,285.33202235378604
9410000,18820.000002916637,-53047.13318724162,302.22536319163333
9415000,18830.000002918674,-53061.21832578309,295.2470424619984
9420000,18840.00000292071,-52920.9686695594,306.87169985427124
9425000,18850.00000292275,-52883.51795725763,294.0528048025495
9430000,18860.000002924786,-52819.31495826997,300.0839181345562
9435000,18870.000002926823,-53067.01026374698,295.8001711223839
9440000,18880.00000292886,-52977.91437383933,303.34079751790665
9445000,18890.000002930898,-52998.40458025754,296.0089879541956
9450000,18900.000002932935,-53340.28005920962,299.8934368967667
9455000,18910.000002934972,-53307.56333500298,300.96248538488425
9460000,18920.00000293701,-52428.800489675195,299.61426719599143
9465000,18930.000002939047,-53040.870023947326,289.255324613237
9470000,18940.000002941084,-53309.35861838638,302.30844966367096
9475000,18950.00000294312,-52947.05464598455,289.1819859494656
9480000,18960.00000294516,-53312.40576153243,302.0723268488683
9485000,18970.000002947196,-53202.91351664066,304.3790771797549
9490000,18980.000002949233,-52878.44557903474,301.88536840388036
9495000,18990.00000295127,-52921.06337701512,299.8102168544141
9500000,19000.000002953308,-52991.280644227285,294.26489388948045
9505000,19010.000002955345,-52748.773224836244,299.5756811808108
9510000,19020.000002957382,-52873.27090216853,299.651539685936
9515000,19030.00000295942,-53249.77976558529,303.88452110100707
9520000,19040.000002961457,-52435.55855811882,298.58192633079506
9525000,19050.000002963494,-53239.31129637855,298.70561155991805
9530000,19060.00000296553,-53053.428868847725,304.4060794026124
9535000,19070.00000296757,-52852.8147386745,295.8133980568507
9540000,19080.000002969606,-53137.840873771056,299.3353532208322
9545000,19090.000002971643,-52815.33876795319,293.5564263571811
9550000,19100.00000297368,-53131.036039315804,293.6201541746577
9555000,19110.000002975718,-53137.323753204604,300.1351261897635
9560000,19120.000002977755,-53002.3650886635,299.3470145192144
9565000,19130.000002979792,-52489.981378260796,296.48533221985423
9570000,19140.00000298183,-52749.73056530216,304.4964217165757
9575000,19150.000002983867,-53201.843711164955,298.59764028616064
9580000,19160.000002985904,-53014.44053720325,291.3008879616766
9585000,19170.00000298794,-52906.59869436655,305.5491086601503
9590000,19180.00000298998,-52496.12347927794,300.5459490535503
9595000,19190.000002992016,-52661.889452863514,288.2752676542577
9600000,19200.000002994053,-52805.8103428444,303.2117788825071
9605000,19210.00000299609,-52629.932073996664,288.2882533648307
9610000,19220.000002998127,-52998.62940165744,299.99453484010616
9615000,19230.000003000165,-52867.4328070363,299.4442079472298
9620000,19240.000003002202,-53275.565226262144,303.512407484907
9625000,19250.00000300424,-52926.34822877325,288.1952777650198
9630000,19260.000003006277,-52703.0621884116,302.82506256727464
9635000,19270.000003008314,-52828.077289144014,294.128659742378
9640000,19280.00000301035,-52887.15641501744,298.07114465704785
9645000,19290.00000301239,-53056.50894485618,303.55549429312845
9650000,19300.000003014426,-52962.779322384245,304.64843548706085
9655000,19310.000003016463,-53110.92592049559,291.3549039952223
9660000,19320.0000030185,-52759.75895034138,299.24635009744094
9665000,19330.000003020537,-52827.18042365069,299.155936696304
9670000,19340.000003022575,-52706.7366259706,299.16719224293666
9675000,19350.000003024612,-53287.85195676581,298.49644805043005
9680000,19360.00000302665,-53215.07136064279,290.9003307669331
9685000,19370.000003028686,-53062.75882666744,307.98949576299293
9690000,19380.000003030724,-52820.71707622029,302.9463616112512
9695000,19390.00000303276,-52848.554044283635,296.1414565549105
9700000,19400.0000030348,-52639.174601915816,299.2037295510574
9705000,19410.000003036836,-53069.557732745045,296.0558282664793
9710000,19420.000003038873,-52719.92161725531,296.9277202552466
9715000,19430.00000304091,-52698.8375715978,296.0788052907374
9720000,19440.000003042947,-52991.55810415791,300.45904147720955
9725000,19450.000003044985,-52398.25124130852,301.8777540775399
9730000,19460.000003047022,-53043.341292510275,298.30067683309403
9735000,19470.00000304906,-53221.52125830806,300.8380851847936
9740000,19480.000003051096,-53185.349340959976,299.52197929219733
9745000,19490.000003053134,-53083.104669286055,295.34168017707657
9750000,19500.00000305517,-53224.649255635915,296.35654783538035
9755000,19510.00000305721,-53239.1282418686,295.31964431760827
9760000,19520.000003059246,-52960.2743455458,290.78739256251725
9765000,19530.000003061283,-52967.420457689645,297.98049221444586
9770000,19540.00000306332,-52763.389289483166,289.74618311635413
9775000,19550.000003065357,-52751.42088758171,300.28685522348076
9780000,19560.000003067395,-52818.2702486715,298.733797360248
9785000,19570.000003069432,-53205.4014643103,286.7548639394593
9790000,19580.00000307147,-52751.45773067075,300.5346568276974
9795000,19590.000003073506,-53007.80355773473,303.2638650676563
9800000,19600.000003075544,-53018.063098984654,302.5546905895358
9805000,19610.00000307758,-52905.67544267123,304.4672350589625
9810000,19620.00000307962,-53102.642610625015,293.25110712043147
9815000,19630.000003081655,-52959.935790578165,289.241029885903
9820000,19640.000003083693,-52952.229114174086,297.1696054905691
9825000,19650.00000308573,-52863.371350893256,295.7838262330036
9830000,19660.000003087767,-52916.76119462753,298.90234296954804
9835000,19670.000003089805,-53061.97542296167,304.1630695784383
9840000,19680.00000309184,-52815.43291611143,299.27553252614905
9845000,19690.00000309388,-53018.42712109652,290.9725614719843
9850000,19700.000003095916,-53183.08845076358,300.1149563338493
9855000,19710.000003097954,-53165.51082140906,298.26752185936766
9860000,19720.00000309999,-52752.67813589593,298.58366906187604
9865000,19730.000003102028,-52836.40475514508,303.22202354082697
9870000,19740.000003104065,-53134.97185110266,296.45764832134455
9875000,19750.000003106103,-52792.489106487046,299.77070417305225
9880000,19760.00000310814,-53381.904403578665,301.815537839186
9885000,19770.000003110177,-53008.15808402197,296.2485499928805
9890000,19780.000003112214,-52551.81317773051,307.90413535566336
9895000,19790.00000311425,-52815.48977997099,293.77980272762477
9900000,19800.00000311629,-52842.19454908601,297.07502925308404
9905000,19810.000003118326,-53012.505808158836,296.06214034132734
9910000,19820.000003120364,-52746.347345536225,297.16702874179896
9915000,19830.0000031224,-53023.457476980955,305.9013354744228
9920000,19840.000003124438,-52965.590649799065,301.7515391294974
9925000,19850.000003126475,-52832.41238480684,297.15439827033214
9930000,19860.000003128513,-52996.23560323665,309.25025478502045
9935000,19870.00000313055,-52972.37647431472,298.84302848605125
9940000,19880.000003132587,-52736.35597782931,297.0585931229202
9945000,19890.000003134624,-52851.23200679335,297.59355419729036
9950000,19900.00000313666,-53073.84168917811,296.9034371598281
9955000,19910.0000031387,-52564.478397400875,300.7837371396975
9960000,19920.000003140736,-52850.166281047015,299.69318719419357
9965000,19930.000003142773,-52783.33260440233,296.26154980971205
9970000,19940.00000314481,-52871.47799750103,294.324413159411
9975000,19950.000003146848,-52915.361950666265,304.9809379352052
9980000,19960.000003148885,-52824.30907397141,299.2292396967038
9985000,19970.000003150923,-53344.99230085447,300.3795949158212
9990000,19980.00000315296,-53097.88141295052,298.94973360135117
9995000,19990.000003154997,-52826.8091905654,295.4991655553878
10000000,20000.000003157034,-53169.751658455294,297.4019783495393
10005000,20010.00000315907,-52661.58211042572,295.2488813905355
10010000,20020.00000316111,-52680.8757490704,306.93341377613945
10015000,20030.000003163146,-52715.03240373015,296.9916703954586
10020000,20040.000003165183,-52767.086520703975,293.6359662027754
10025000,20050.00000316722,-52731.94409378775,301.0786385191831
10030000,20060.000003169258,-53093.90513295127,286.3148646360143
10035000,20070.000003171295,-52584.20594049114,301.5884697318563
10040000,20080.000003173333,-52815.324041726824,296.85390759149334
10045000,20090.00000317537,-53339.06321496036,300.88302678207214
10050000,20100.000003177407,-52875.84385997936,300.1572168586665
10055000,20110.000003179444,-52656.45461866059,289.97412394381956
10060000,20120.00000318148,-53061.43218016537,296.73219613728827
10065000,20130.00000318352,-52916.30399266066,297.46511770699743
10070000,20140.000003185556,-52917.09262284305,297.36268109983007
10075000,20150.000003187593,-52852.084660744265,289.377053350184
10080000,20160.00000318963,-52883.64240626007,301.5239065664919
10085000,20170.000003191668,-52925.08438966793,306.4305574777848
10090000,20180.000003193705,-53087.92751221004,288.09322321856405
10095000,20190.000003195742,-52705.97622493628,307.69426323514085
10100000,20200.00000319778,-52485.94306123056,300.1504940678322
10105000,20210.000003199817,-53020.098037245974,299.9578800815119
10110000,20220.000003201854,-52734.94842975901,296.1394236021778
10115000,20230.00000320389,-52667.77289881889,296.95426015175053
10120000,20240.00000320593,-52464.39750704201,299.31715958868654
10125000,20250.000003207966,-53418.36842624549,303.43761114092047
10130000,20260.000003210003,-53132.22931113906,303.29540953911203
10135000,20270.00000321204,-52652.28503646652,296.1728059783024
10140000,20280.000003214078,-52816.71746242224,296.8254128626918
10145000,20290.000003216115,-52974.23939603963,294.5015748795283
10150000,20300.000003218152,-53225.07985031817,293.1648353205465
10155000,20310.00000322019,-53010.485217242676,293.00396958734154
10160000,20320.000003222227,-52862.348999381415,296.2449911412791
10165000,20330.000003224264,-52722.34822368744,289.5423001639576
10170000,20340.0000032263,-53521.41011339298,295.71618814141806
10175000,20350.00000322834,-53414.38714260209,294.0663263506866
10180000,20360.000003230376,-53218.86046901127,300.3092895906022
10185000,20370.000003232413,-53620.512078933854,297.77497312736654
10190000,20380.00000323445,-52806.68548789996,296.8495116575714
10195000,20390.000003236488,-52997.2333613385,290.36982314451456
10200000,20400.000003238525,-52801.55823113545,294.0518741776733
10205000,20410.000003240562,-52897.36091075576,307.85373151452785
10210000,20420.0000032426,-52966.90472575629,302.2747104690233
10215000,20430.000003244637,-52915.38213647081,305.3738890974356
10220000,20440.000003246674,-52968.86723988649,292.75041867819294
10225000,20450.00000324871,-53121.8723803763,293.2711491723079
10230000,20460.00000325075,-52687.46432275348,295.21307865937325
10235000,20470.000003252786,-52676.94733254358,292.91922054597813
10240000,20480.000003254823,-52918.1994036331,294.1028689702717
10245000,20490.00000325686,-52832.10555664101,297.60744483822344
10250000,20500.000003258898,-53149.55991535913,289.7209824086853
10255000,20510.000003260935,-52837.65422925251,294.2192789781773
10260000,20520.000003262972,-52616.637851430336,301.76892594887966
10265000,20530.00000326501,-52764.18930221381,301.390881879543
10270000,20540.000003267047,-53036.18197994985,295.7639820843567
10275000,20550.000003269084,-52894.03147060293,297.63748483664716
10280000,20560.00000327112,-53054.410479059356,301.71123998286964
10285000,20570.00000327316,-53077.13744217713,308.63351698802455
10290000,20580.000003275196,-52759.2490951966,295.10528598266023
10295000,20590.000003277233,-52664.60666268543,302.4842648057566
10300000,20600.00000327927,-53500.66777454567,296.0023852755544
10305000,20610.000003281308,-52959.89645064634,300.5365745743318
10310000,20620.000003283345,-53190.34112209268,304.0157928395921
10315000,20630.000003285382,-53291.66855446377,294.7711797957445
10320000,20640.00000328742,-53183.058401213406,298.65958760960945
10325000,20650.000003289457,-52939.085584692046,291.4617157352587
10330000,20660.000003291494,-53055.58375205743,300.1852702694967
10335000,20670.00000329353,-53194.35787740574,304.14497671692465
10340000,20680.00000329557,-52871.824916854704,295.70795029383305
10345000,20690.000003297606,-53027.18283192199,298.5553880177685
10350000,20700.000003299643,-52705.21051681784,295.9953715331577
10355000,20710.00000330168,-53092.07550314508,295.1962718974066
10360000,20720.000003303718,-53356.81393356671,295.5266261918749
10365000,20730.000003305755,-53339.17605274997,296.58399948145524
10370000,20740.000003307792,-52829.537901906035,294.6987235542502
10375000,20750.00000330983,-53166.455356897844,302.796791001793
10380000,20760.000003311867,-52977.213943445735,306.8433964915477
10385000,20770.000003313904,-53003.0669491126,296.6494390395871
10390000,20780.00000331594,-52508.173712761316,297.83245812853494
10395000,20790.00000331798,-52338.58225702922,300.151391182452
10400000,20800.000003320016,-52699.23341217736,304.18821462929213
10405000,20810.000003322053,-52854.17974178007,288.04396014455426
10410000,20820.00000332409,-53022.59553348235,292.5746050400509
10415000,20830.000003326128,-53125.672948966065,309.7071674878064
10420000,20840.000003328165,-52807.93511767237,296.2564176403383
10425000,20850.000003330202,-52908.54929063481,297.4671513195446
10430000,20860.00000333224,-52855.94135592235,297.16251149401967
10435000,20870.000003334277,-53181.1092477107,298.79396163502037
10440000,20880.000003336314,-52907.83513954299,302.7244721798058
10445000,20890.00000333835,-52909.69962446828,304.5964925553307
10450000,20900.00000334039,-52698.30624508552,297.87174075650853
10455000,20910.000003342426,-52986.51796092247,294.12246029308574
10460000,20920.000003344463,-53010.90645022708,301.4262802470077
10465000,20930.0000033465,-52873.679318700626,302.5674303555118
10470000,20940.000003348538,-52862.12265606254,302.2828730689334
10475000,20950.000003350575,-53162.65891233616,295.2723382944342
10480000,20960.000003352612,-53103.73086097263,304.2003807280799
10485000,20970.00000335465,-53021.64842398529,299.3625948771675
10490000,20980.000003356687,-52634.067581943935,300.2353696689745
10495000,20990.000003358724,-52898.177562278,299.66547903720505
10500000,21000.00000336076,-53001.43869413374,296.69134034015303
10505000,21010.0000033628,-53605.91375696359,298.0042067383638
10510000,21020.000003364836,-53161.77186833724,298.2594907852963
10515000,21030.000003366873,-53351.49086620018,298.9241064387604
10520000,21040.00000336891,-53553.67775916541,301.9230037947333
10525000,21050.000003370948,-53013.90588835339,297.47950740875206
10530000,21060.000003372985,-52986.02766750692,303.039115410561
10535000,21070.000003375022,-53173.54069526261,295.5648595940136
10540000,21080.00000337706,-52806.331065163075,308.26353167031124
10545000,21090.000003379097,-53041.05992989743,292.37161704209
10550000,21100.000003381134,-52730.078015953244,297.67006687007887
10555000,21110.00000338317,-52896.42783480641,309.00182079408194
10560000,21120.00000338521,-52731.963653358485,304.83072927000586
10565000,21130.000003387246,-52615.840313461376,296.85765078832804
10570000,21140.000003389283,-52942.67778927312,295.09174490410504
10575000,21150.00000339132,-53197.1914553543,296.59573801731744
10580000,21160.000003393357,-53000.694346044416,300.99538838934495
10585000,21170.000003395395,-52881.527305743715,295.7274215785334
10590000,21180.000003397432,-52649.616303307295,307.44453323301207
10595000,21190.00000339947,-52760.71491149446,304.1523305304773
10600000,21200.000003401507,-52806.86552706061,299.20482547491594
10605000,21210.000003403544,-53217.847599367,292.0764717602898
10610000,21220.00000340558,-52721.79789468547,304.00346858473637
10615000,21230.00000340762,-52610.54536654343,298.2445535298838
10620000,21240.000003409656,-52872.1851404215,297.501763915731
10625000,21250.000003411693,-53058.59204790392,292.0079155440961
10630000,21260.00000341373,-52715.89844319172,303.2010312086506
10635000,21270.000003415767,-52596.18956280709,301.86635945391987
10640000,21280.000003417805,-52649.845403727784,298.2906763599677
10645000,21290.000003419842,-52783.377376073535,305.2063925244262
10650000,21300.00000342188,-52719.53180543776,296.98635416937384
10655000,21310.000003423916,-52909.2643346712,301.9535714789591
10660000,21320.000003425954,-52864.680693945615,300.2291743424632
10665000,21330.00000342799,-53346.756216278794,298.60023119580626
10670000,21340.00000343003,-53389.873425511,298.4108356914282
10675000,21350.000003432066,-52814.40173915835,300.45204935891616
10680000,21360.000003434103,-53083.71293424943,297.5361887633734
10685000,21370.00000343614,-53029.51187465264,305.34214253766277
10690000,21380.000003438177,-53249.60106777013,300.51181282071013
10695000,21390.000003440215,-53111.941999603994,292.4325910184015
10700000,21400.000003442252,-53296.83181868927,295.48401473991817
10705000,21410.00000344429,-52811.78744130515,307.4373015020417
10710000,21420.000003446326,-52974.041305638035,297.9072548174477
10715000,21430.000003448364,-53167.6013081526,293.24847549053857
10720000,21440.0000034504,-52760.401661531476,299.3777101971762
10725000,21450.00000345244,-53201.3739782598,302.1374136602091
10730000,21460.000003454476,-52901.45923924161,303.0995819771961
10735000,21470.000003456513,-53106.96322897106,295.7847146949562
10740000,21480.00000345855,-52464.525108286645,296.13656571192604
10745000,21490.000003460587,-53205.919248604565,299.96829528441225
10750000,21500.000003462625,-53049.756542763964,305.35221041982066
10755000,21510.000003464662,-53200.99986034565,293.1490487229443
10760000,21520.0000034667,-52958.74498130186,292.37216357907624
10765000,21530.000003468736,-53230.77138415683,299.4700308895096
10770000,21540.000003470774,-52632.28382671438,291.3687701310655
10775000,21550.00000347281,-52980.05753825902,302.0987244597932
10780000,21560.00000347485,-52904.042888642114,284.6419670928717
10785000,21570.000003476885,-53029.82781748695,295.4210941575389
10790000,21580.000003478923,-53074.588838886964,304.9467762725157
10795000,21590.00000348096,-52938.32533015634,294.6809929953897
10800000,21600.000003482997,-52900.79805275789,296.1933765739365
10805000,21610.000003485035,-52691.89477851591,306.28817993765944
10810000,21620.00000348707,-52488.76856587871,308.0195235424661
10815000,21630.00000348911,-52900.24930858973,301.38556428951307
10820000,21640.000003491146,-52692.991939510626,310.3688545979227
10825000,21650.000003493184,-52897.46088377762,298.91056628099494
10830000,21660.00000349522,-53184.20528227673,300.4937142984349
10835000,21670.000003497258,-53123.14365379556,300.5455060132251
10840000,21680.000003499295,-52677.54994360873,292.748366750102
10845000,21690.000003501333,-53022.45048303416,306.01285066078026
10850000,21700.00000350337,-52944.30661629376,303.30504681422804
10855000,21710.000003505407,-52614.616701575345,291.63677211697694
10860000,21720.000003507444,-53306.909817906795,290.36031671844063
10865000,21730.00000350948,-52999.24307096357,304.68540653340125
10870000,21740.00000351152,-52920.511174923624,297.8573854733621
10875000,21750.000003513556,-52830.73629144617,300.3790764965949
10880000,21760.000003515594,-52639.588764175714,290.5765161932232
10885000,21770.00000351763,-52696.619270492025,298.4815175045813
10890000,21780.000003519668,-52766.79084261466,301.85083126575336
10895000,21790.000003521705,-53271.41910160775,295.28742558890036
10900000,21800.000003523743,-52571.242894597235,297.771750726174
10905000,21810.00000352578,-53120.61589861623,294.31942823847044
10910000,21820.000003527817,-52618.166266885964,296.50289195909284
10915000,21830.000003529854,-52921.55787362758,297.4048347350642
10920000,21840.00000353189,-52937.245681162894,301.2557965148503
10925000,21850.00000353393,-53174.35816867565,296.1993321779144
10930000,21860.000003535966,-52437.51067212195,296.5749552948383
10935000,21870.000003538004,-53278.20697134387,289.5090212460879
10940000,21880.00000354004,-53164.058355206245,292.2952228912509
10945000,21890.000003542078,-53099.66511819285,299.170783753293
10950000,21900.000003544115,-53046.480707295064,298.8786675429295
10955000,21910.000003546153,-53184.67433660859,294.3667604742788
10960000,21920.00000354819,-52842.21018625636,296.6793109398173
10965000,21930.000003550227,-52691.18342510227,302.0563986381852
10970000,21940.000003552264,-53073.18277104609,291.91799729864425
10975000,21950.0000035543,-52947.08503134822,304.77313867472265
10980000,21960.00000355634,-52771.41502136324,303.65182585073364
10985000,21970.000003558376,-53162.68287742467,303.7538144089977
10990000,21980.000003560413,-53200.49451086178,294.4370718031297
10995000,21990.00000356245,-53052.662732302124,293.2973503192896
11000000,22000.000003564488,-52985.13932046134,300.48318483600826
11005000,22010.000003566525,-53118.590777289006,298.6514840745375
11010000,22020.000003568563,-53038.61821174124,291.8477686280807
11015000,22030.0000035706,-53137.80074807195,298.49628494526314
11020000,22040.000003572637,-53019.8320842456,304.5023912184986
11025000,22050.000003574674,-53049.96665643406,303.8725499146035
11030000,22060.00000357671,-52594.405869390874,300.1641724251316
11035000,22070.00000357875,-52903.79251126503,294.3813248987594
11040000,22080.000003580786,-53012.70100304796,301.02320911127583
11045000,22090.000003582823,-52938.800297145324,305.0156430379379
11050000,22100.00000358486,-53083.23064463862,301.2797910956339
11055000,22110.000003586898,-52915.961325709795,292.04725046408214
11060000,22120.000003588935,-52986.036279800435,294.7247343496931
11065000,22130.000003590972,-52772.99079316185,307.6031726116952
11070000,22140.00000359301,-52563.65213166777,288.10066477498543
11075000,22150.000003595047,-52809.43835783907,300.32811584152125
11080000,22160.000003597084,-53157.58767872979,299.644429284583
11085000,22170.00000359912,-53032.682002095506,300.917355817591
11090000,22180.00000360116,-52706.447950842354,289.599755805303
11095000,22190.000003603196,-52956.98383738549,301.84772593084864
11100000,22200.000003605233,-53114.71017472056,299.0205846141274
11105000,22210.00000360727,-53027.60961180698,293.85251097447673
11110000,22220.000003609308,-52830.29837773982,300.680629791299
11115000,22230.000003611345,-53161.61189732392,291.684916576703
11120000,22240.000003613382,-53442.141713083896,297.9546701104837
11125000,22250.00000361542,-52860.35619396769,299.88597811623936
11130000,22260.000003617457,-52984.53676375316,306.1805429145316
11135000,22270.000003619494,-53114.457866979355,298.20480314058767
11140000,22280.00000362153,-52967.63756917094,296.0570990198179
11145000,22290.00000362357,-52590.048276108166,302.3116410917634
11150000,22300.000003625606,-52516.242653921654,301.45396012716645
11155000,22310.000003627643,-53145.81476709232,302.67747673557614
11160000,22320.00000362968,-53049.72270377161,302.1225901883277
11165000,22330.000003631718,-52989.4732685319,304.73642438859355
11170000,22340.000003633755,-52861.1637851198,301.5542927395156
11175000,22350.000003635792,-53125.05106751213,300.82744034688017
11180000,22360.00000363783,-53137.60187284276,291.09196467527136
11185000,22370.000003639867,-53117.4993811594,304.0053273882964
11190000,22380.000003641904,-53091.836353190505,301.21653118549307
11195000,22390.00000364394,-53102.73351685997,289.3829591767802
11200000,22400.00000364598,-53214.84532945545,304.3762487643857
11205000,22410.000003648016,-52756.345575793704,297.50746356125666
11210000,22420.000003650053,-52746.71335248111,296.7771196134285
11215000,22430.00000365209,-52470.69684070576,300.8075797652147
11220000,22440.000003654128,-53425.89809397425,302.47888879029324
11225000,22450.000003656165,-53027.09421787216,298.9112276616532
11230000,22460.000003658202,-52985.74863858032,294.73326321970495
11235000,22470.00000366024,-52919.24459219861,300.78826515695357
11240000,22480.000003662277,-52828.07660576084,294.5371403450426
11245000,22490.000003664314,-53124.8121397419,298.51734551832794
11250000,22500.00000366635,-53028.708416771406,301.7141189578812
11255000,22510.00000366839,-52716.14038052701,289.04813015706367
11260000,22520.000003670426,-53129.067832765955,299.16082068165076
11265000,22530.000003672463,-52719.45060347236,298.4313307759086
11270000,22540.0000036745,-52939.55408109032,295.7616091141499
11275000,22550.000003676538,-53143.70055399195,300.4640353049121
11280000,22560.000003678575,-52950.94672706508,301.38599299662053
11285000,22570.000003680612,-53132.46435877061,295.6205196835778
11290000,22580.00000368265,-53023.887673372694,291.8293759156711
11295000,22590.000003684687,-53105.25285999788,296.864520434741
11300000,22600.000003686724,-52927.88223350141,299.8475455788786
11305000,22610.00000368876,-53032.15212444484,299.0758846464074
11310000,22620.0000036908,-52893.1676555115,300.0964846426492
11315000,22630.000003692836,-52852.64320589183,290.50140960780215
11320000,22640.000003694873,-53192.062659394665,302.57078517668515
11325000,22650.00000369691,-52608.70860603714,302.79505168489396
11330000,22660.000003698948,-52792.11107658048,297.49452172488367
11335000,22670.000003700985,-52759.94012872598,292.6547984213644
11340000,22680.000003703022,-53244.17076398083,299.9532591381838
11345000,22690.00000370506,-52721.58669588494,296.5995253870973
11350000,22700.000003707097,-53094.787654436455,302.3198126158222
11355000,22710.000003709134,-53285.35727322873,304.362931250162
11360000,22720.00000371117,-53135.49772068148,301.77899388201797
11365000,22730.00000371321,-53229.97155574715,298.52168770251956
11370000,22740.000003715246,-52948.38143089271,290.0670802719279
11375000,22750.000003717283,-53345.14467034134,292.75209197793924
11380000,22760.00000371932,-52823.318199575675,297.8866768996892
11385000,22770.000003721358,-53413.186060772045,301.3342261167078
11390000,22780.000003723395,-52955.96240941109,294.73312718863156
11395000,22790.000003725432,-52689.55112792505,301.48816643163434
11400000,22800.00000372747,-53269.59372925258,298.07067046668027
11405000,22810.000003729507,-52919.6292042518,296.27613964443276
11410000,22820.000003731544,-53146.556789970666,303.7247385789276
11415000,22830.00000373358,-53049.73477447548,302.6045419450883
11420000,22840.00000373562,-52438.06344493944,297.7049538241726
11425000,22850.000003737656,-53441.39369132585,297.5634870194817
11430000,22860.000003739693,-52889.1834692182,296.61753875423005
11435000,22870.00000374173,-52886.619385188766,302.5843526846065
11440000,22880.000003743768,-53286.19511085609,300.3767470528693
11445000,22890.000003745805,-53055.11073121845,293.83048534062016
11450000,22900.000003747842,-52916.333591855044,295.5128956273399
11455000,22910.00000374988,-52927.962014219316,302.72867890506785
11460000,22920.000003751917,-53202.02036943214,295.92029471377845
11465000,22930.000003753954,-53440.906143378175,304.66221171788106
11470000,22940.00000375599,-53019.49914835542,302.44003754417446
11475000,22950.00000375803,-52708.07347687325,293.99366859070307
11480000,22960.000003760066,-52680.16753457114,293.4905582120126
11485000,22970.000003762103,-52541.105541668774,297.81415634484927
11490000,22980.00000376414,-53514.73186333469,297.7275733102293
11495000,22990.000003766178,-53054.70737463122,299.6416204818917
11500000,23000.000003768215,-53337.782266643946,300.17765379168617
11505000,23010.000003770252,-52996.56401270794,296.77058905183776
11510000,23020.00000377229,-53291.152015658095,290.5043454843087
11515000,23030.000003774327,-53285.02438619177,295.9550563211894
11520000,23040.000003776364,-53002.12333788327,289.0601982853211
11525000,23050.0000037784,-53091.762707502145,301.3379816327272
11530000,23060.00000378044,-52581.78268412448,290.502777340431
11535000,23070.000003782476,-52724.929207834066,298.64250331224594
11540000,23080.000003784513,-52985.18369104754,302.0620329985071
11545000,23090.00000378655,-52608.696211538045,298.44715757604433
11550000,23100.000003788587,-53065.09576391385,293.5674103529158
11555000,23110.000003790625,-53235.19959876733,299.9196514228308
11560000,23120.000003792662,-52355.738852378825,293.2103461596211
11565000,23130.0000037947,-52916.363849923946,300.0749032017147
11570000,23140.000003796737,-52799.64462715635,299.82188284828237
11575000,23150.000003798774,-53189.297087411134,293.9804445985442
11580000,23160.00000380081,-52675.20223446717,302.730705937766
11585000,23170.00000380285,-52707.230156613456,303.7697918699275
11590000,23180.000003804886,-53073.988612168556,293.55986900545344
11595000,23190.000003806923,-52904.006260966504,297.2964926283234
11600000,23200.00000380896,-53193.51538674586,298.56275009716427
11605000,23210.000003810997,-52900.907161163486,295.56354300031865
11610000,23220.000003813035,-52556.08659962923,296.94968868080514
11615000,23230.000003815072,-53095.48298686897,299.6502377400475
11620000,23240.00000381711,-52997.22977813764,296.11659748079416
11625000,23250.000003819147,-53242.318951325375,292.57480191698886
11630000,23260.000003821184,-52987.880699914094,299.2897196112598
11635000,23270.00000382322,-53377.261845309666,302.3290877580071
11640000,23280.00000382526,-53176.271204142366,298.92362683033696
11645000,23290.000003827296,-52984.33582132001,293.31391785736116
11650000,23300.000003829333,-52998.68877463168,296.97517259008225
11655000,23310.00000383137,-52875.10152329394,291.2984963023177
11660000,23320.000003833407,-52896.20274373633,303.06296447154426
11665000,23330.000003835445,-53103.80150494503,300.68043449270607
11670000,23340.000003837482,-53047.546459674166,290.161145996812
11675000,23350.00000383952,-52878.95388050456,300.2149955206662
11680000,23360.000003841556,-52438.15351261373,307.6558201522087
11685000,23370.000003843594,-52646.15190431225,295.08561720175067
11690000,23380.00000384563,-52880.323066938494,295.857213887177
11695000,23390.00000384767,-53181.58077678087,301.07431948727964
11700000,23400.000003849706,-53140.76102448543,292.02790701072564
11705000,23410.000003851743,-52995.56557732483,289.1870507062653
11710000,23420.00000385378,-52911.67572418816,301.32653044141813
11715000,23430.000003855817,-53110.82702578168,293.7738203498641
11720000,23440.000003857855,-52776.50131766006,299.6951918655066
11725000,23450.000003859892,-52721.847980647464,288.72301693317434
11730000,23460.00000386193,-53083.5425908881,297.02761870578786
11735000,23470.000003863966,-53229.60786663776,296.11893748104217
11740000,23480.000003866004,-53122.96318049816,298.8859624948338
11745000,23490.00000386804,-53130.224810489075,296.59620032070336
11750000,23500.00000387008,-52914.485669713176,298.6253966049276
11755000,23510.000003872115,-53234.37706483266,295.2118808156993
11760000,23520.000003874153,-53141.37059943535,295.37010051111235
11765000,23530.00000387619,-53409.26982251415,293.8898766841763
11770000,23540.000003878227,-52888.94867486623,293.63797255444024
11775000,23550.000003880265,-53247.968324220245,299.6920756891331
11780000,23560.000003882302,-53178.11614495219,302.4107909076668
11785000,23570.00000388434,-53087.124594790774,293.1865468937322
11790000,23580.000003886376,-53390.32704467862,294.68976635936747
11795000,23590.000003888414,-52843.51371509521,301.4056427741174
11800000,23600.00000389045,-52889.393581555516,294.36517044181085
11805000,23610.000003892488,-52911.25226464259,296.9431455080197
11810000,23620.000003894525,-53130.374625312135,299.52258665019554
11815000,23630.000003896563,-53269.77891409685,300.0287840302774
11820000,23640.0000038986,-53108.59670832177,305.2088705495702
11825000,23650.000003900637,-52744.22727663367,301.174749070218
11830000,23660.000003902675,-52706.96072595235,299.8016026622378
11835000,23670.00000390471,-52965.814472771046,298.627436366821
11840000,23680.00000390675,-53124.57563665061,305.0691492391534
11845000,23690.000003908786,-52849.86777517322,300.0607789426948
11850000,23700.000003910824,-53194.38483321067,297.8170065116699
11855000,23710.00000391286,-52991.47766103502,305.6086867132876
11860000,23720.000003914898,-53279.29523688383,296.700060590213
11865000,23730.000003916935,-53022.78910390881,301.6770147843023
11870000,23740.000003918973,-53166.578275847365,292.28671913016024
11875000,23750.00000392101,-52967.59857118761,306.17622109398167
11880000,23760.000003923047,-52791.71710553646,299.51598805384936
11885000,23770.000003925084,-52929.03803070047,297.1762719229104
11890000,23780.00000392712,-53174.87351614723,292.1228263859647
11895000,23790.00000392916,-52987.233803486655,296.27134635728936
11900000,23800.000003931196,-53120.13536028945,291.1374827635169
11905000,23810.000003933234,-52720.57539681278,291.84784405128954
11910000,23820.00000393527,-53182.8743999381,301.12428041377797
11915000,23830.000003937308,-53103.60270871248,289.7562719035055
11920000,23840.000003939345,-53067.865161845024,300.5282459520378
11925000,23850.000003941383,-52815.56667407113,297.48171743547897
11930000,23860.00000394342,-52879.51282462251,295.23499436916075
11935000,23870.000003945457,-52945.24713658274,291.1014670816428
11940000,23880.000003947494,-52816.681373815314,300.7529015990286
11945000,23890.00000394953,-52716.43858441262,292.63096959543515
11950000,23900.00000395157,-52846.44027912925,299.35861219454836
11955000,23910.000003953606,-53077.84936923775,298.09110776903367
11960000,23920.000003955643,-53156.81193334825,305.62451418748356
11965000,23930.00000395768,-52738.065318599285,301.1989282659303
11970000,23940.000003959718,-52458.1781526531,302.2014783645751
11975000,23950.000003961755,-52837.1181197956,290.7578196193566
11980000,23960.000003963793,-52568.5489414543,304.4048913321553
11985000,23970.00000396583,-53002.20612658447,299.21987837548926
11990000,23980.000003967867,-53044.88906643508,295.8653922856348
11995000,23990.000003969904,-52594.298698381,293.60959480783805
12000000,24000.00000397194,-52812.32192152462,300.74517626897193
12005000,24010.00000397398,-52630.87599991672,304.03520256897576
12010000,24020.000003976016,-53317.37926789821,297.9680339782927
12015000,24030.000003978053,-52516.97325022865,299.49043532797805
12020000,24040.00000398009,-52990.01836241377,297.29493206966345
12025000,24050.000003982128,-52890.287600889074,287.3412050831106
12030000,24060.000003984165,-53160.034676590905,305.7224075201989
12035000,24070.000003986203,-53013.18608927884,299.1223335488446
12040000,24080.00000398824,-52722.54941307139,293.10514063334875
12045000,24090.000003990277,-52888.52138251939,297.2703609539682
12050000,24100.000003992314,-53352.13367009585,301.12382584163964
12055000,24110.00000399435,-52934.519817163935,293.4740420320056
12060000,24120.00000399639,-52681.73193218265,300.15924167502897
12065000,24130.000003998426,-52791.69320995823,313.11386740062085
12070000,24140.000004000463,-52996.960245902534,294.774522110042
12075000,24150.0000040025,-52991.67369529442,294.79052734990523
12080000,24160.000004004538,-52592.36446342687,296.70820490282284
12085000,24170.000004006575,-52798.403694981884,302.0397377574476
12090000,24180.000004008612,-52614.9908187328,294.82345883998795
12095000,24190.00000401065,-53048.99267574289,300.6110276527648
12100000,24200.000004012687,-52863.577181080094,296.9347895502917
12105000,24210.000004014724,-52713.591558502114,303.0594661708757
12110000,24220.00000401676,-52751.36857067645,298.2310059639841
12115000,24230.0000040188,-53010.00085926452,310.0436135379684
12120000,24240.000004020836,-52865.738727664226,292.85161649136677
12125000,24250.000004022873,-52925.96917195304,298.404431472822
12130000,24260.00000402491,-52983.60902739965,295.44979066168236
12135000,24270.000004026948,-52662.046196206444,301.3227368124728
12140000,24280.000004028985,-52911.65629864909,299.5090539565158
12145000,24290.000004031022,-53001.399682253454,294.7740959021204
12150000,24300.00000403306,-52784.87649862451,299.07950081460467
12155000,24310.000004035097,-52933.894951926486,293.5428728651603
12160000,24320.000004037134,-52916.498025473295,304.3556140031847
12165000,24330.00000403917,-53143.78281390804,290.46513147650796
12170000,24340.00000404121,-53082.07118015527,304.3062249961518
12175000,24350.000004043246,-53121.4761637887,303.4943161265876
12180000,24360.000004045283,-53012.309839217836,295.7107623693551
12185000,24370.00000404732,-53213.71757598306,297.0092420058025
12190000,24380.000004049358,-52968.716766133206,303.944032325188
12195000,24390.000004051395,-52832.81257298699,301.8004457057575
12200000,24400.000004053432,-52878.75602089922,303.48090778966287
12205000,24410.00000405547,-53631.00594575645,292.9096675210566
12210000,24420.000004057507,-52744.24674937778,291.9571532405569
12215000,24430.000004059544,-53013.03963571176,303.1532308409931
12220000,24440.00000406158,-52634.674402574194,303.4659435457588
12225000,24450.00000406362,-53178.10798871092,301.63667082246815
12230000,24460.000004065656,-52898.730051209655,300.74237901230646
12235000,24470.000004067693,-52736.059454992035,303.0589080547717
12240000,24480.00000406973,-53235.001096672,295.7248964189018
12245000,24490.000004071768,-52860.26703999299,300.34115378137074
12250000,24500.000004073805,-53592.12088547085,296.6193881663129
12255000,24510.000004075842,-53142.70524019707,299.4844365697542
12260000,24520.00000407788,-53606.096904355974,288.7830153162031
12265000,24530.000004079917,-53198.268723991554,290.99141088999585
12270000,24540.000004081954,-53220.901617176365,300.1433135502001
12275000,24550.00000408399,-53000.49924689889,298.42730824206524
12280000,24560.00000408603,-52833.65065446694,299.1830232294352
12285000,24570.000004088066,-52897.322928696085,303.01388532366536
12290000,24580.000004090103,-52602.327211843745,296.755104047825
12295000,24590.00000409214,-53126.01076070609,298.8147994753975
12300000,24600.000004094178,-53242.239146824024,297.75184408147146
12305000,24610.000004096215,-52887.60068414436,291.2166970073026
12310000,24620.000004098252,-52963.27740380523,293.38116309407474
12315000,24630.00000410029,-52976.721078105096,304.2643426647717
12320000,24640.000004102327,-53001.70342776363,300.6862872045663
12325000,24650.000004104364,-53012.662266680505,295.10103740758274
12330000,24660.0000041064,-53075.84587268927,298.825599432028
12335000,24670.00000410844,-53210.645634230576,297.748113191108
12340000,24680.000004110476,-52891.43674743225,299.644571098576
12345000,24690.000004112513,-53003.025705709355,295.90133417683666
12350000,24700.00000411455,-52636.45730464868,300.51447322520045
12355000,24710.000004116588,-52652.95228049671,298.4714820406321
12360000,24720.000004118625,-52890.98779417921,293.9923862569347
12365000,24730.000004120662,-53025.07957052393,296.55924659033457
12370000,24740.0000041227,-52671.72560389165,300.906839951327
12375000,24750.000004124737,-52795.50744595754,294.45130147929495
12380000,24760.000004126774,-52958.496580261795,298.78922132936793
12385000,24770.00000412881,-52910.7612004088,293.0258957246514
12390000,24780.00000413085,-52873.81303459924,294.66963295138186
12395000,24790.000004132886,-53233.13634466281,298.8792081226021
12400000,24800.000004134923,-53038.877252355654,294.86950325571297
12405000,24810.00000413696,-52612.46685030541,290.44251287657926
12410000,24820.000004138998,-52524.74336658057,302.95815090769804
12415000,24830.000004141035,-52813.69132588082,295.04414243583614
12420000,24840.000004143072,-53062.15098731182,291.4977165722916
12425000,24850.00000414511,-53342.08671014052,301.2448445216087
12430000,24860.000004147147,-53056.11813313092,307.92801544996763
12435000,24870.000004149184,-52935.25387428084,303.0056826125251
12440000,24880.00000415122,-53040.15514840663,301.89991347280164
12445000,24890.00000415326,-53085.49468558858,299.9310375381608
12450000,24900.000004155296,-52702.291637094546,298.9767196254963
12455000,24910.000004157333,-52375.645043706434,294.0120115288261
12460000,24920.00000415937,-53199.52411359124,303.82686001289215
12465000,24930.000004161408,-52655.328685230226,298.96640739231304
12470000,24940.000004163445,-53200.15137589697,306.5190568985273
12475000,24950.000004165482,-53092.709476765565,302.5785575475057
12480000,24960.00000416752,-52836.83523361891,295.12017214004777
12485000,24970.000004169557,-52813.54550889955,297.34679622022566
12490000,24980.000004171594,-52800.43685292697,302.6994238091627
12495000,24990.00000417363,-52955.59059939068,294.53192820216447
12500000,25000.00000417567,-52775.22852308024,296.83683235289953
12505000,25010.000004177706,-52360.84410842159,305.95069395127564
12510000,25020.000004179743,-53198.289346932346,308.6309328885962
12515000,25030.00000418178,-52406.444383396796,303.0837570776917
12520000,25040.000004183818,-52725.43104778422,301.4162032376211
12525000,25050.000004185855,-52968.91586242916,296.4904466211175
12530000,25060.000004187892,-53093.259261891886,300.07467515183873
12535000,25070.00000418993,-53264.7219601837,295.2853834475633
12540000,25080.000004191967,-52957.88791427782,299.08616271717847
12545000,25090.000004194004,-52946.17621330515,292.06175431334185
12550000,25100.00000419604,-53129.67236712633,295.41890624585375
12555000,25110.00000419808,-53317.91706344191,300.26096154856737
12560000,25120.000004200116,-52901.08894579805,305.6726772656266
12565000,25130.000004202153,-52667.111611275235,306.8053612225589
12570000,25140.00000420419,-52986.39372368489,304.5721707432148
12575000,25150.000004206227,-52956.60599773427,309.67721626185204
12580000,25160.000004208265,-52523.90413290405,298.646356588304
12585000,25170.000004210302,-52749.76675869836,291.4350484990612
12590000,25180.00000421234,-52845.68542191977,297.5327639850475
12595000,25190.000004214377,-52761.23486407759,292.73179558782425
12600000,25200.000004216414,-53124.847586917866,293.89677850601197
12605000,25210.00000421845,-53104.35067560521,303.23445241781076
12610000,25220.00000422049,-52971.222094327124,302.65792521200484
12615000,25230.000004222526,-53448.812266074616,292.0219639906788
12620000,25240.000004224563,-53026.12021348861,304.9504196044262
12625000,25250.0000042266,-52858.07214867152,297.0862487110001
12630000,25260.000004228637,-52898.26141487039,298.27437743835156
12635000,25270.000004230675,-52930.358578831336,288.75752845634986
12640000,25280.000004232712,-52958.28035457022,297.4097913794902
12645000,25290.00000423475,-53037.59090871978,308.88005433406795
12650000,25300.000004236786,-52945.58241211754,296.7883300702909
12655000,25310.000004238824,-53274.189095728856,292.427790225353
12660000,25320.00000424086,-53023.62776341746,302.8925131642039
12665000,25330.0000042429,-52930.47375997019,291.7002921043925
12670000,25340.000004244936,-53428.60349033738,302.8713310474756
12675000,25350.000004246973,-52970.844127929624,297.96078420567693
12680000,25360.00000424901,-52923.42828808297,299.28419744771367
12685000,25370.000004251047,-52797.47738680319,287.075997811451
12690000,25380.000004253085,-52812.53441924261,292.2356334585241
12695000,25390.000004255122,-53061.891296902846,303.24563246987094
12700000,25400.00000425716,-53170.97510650518,299.364184790251
12705000,25410.000004259196,-53341.97723519942,299.87667764545535
12710000,25420.000004261234,-53097.201218540315,303.9202193952279
12715000,25430.00000426327,-53161.74444887668,303.6885694176977
12720000,25440.00000426531,-53252.32624230534,291.9732121630666
12725000,25450.000004267346,-52916.846492975805,291.75273669600773
12730000,25460.000004269383,-52764.25235905347,302.0309942323199
12735000,25470.00000427142,-52706.96487621896,303.17470568374586
12740000,25480.000004273457,-52749.08740488067,296.8022941457102
12745000,25490.000004275495,-52744.91465906691,300.66788928073174
12750000,25500.000004277532,-52549.462569040945,299.3882770482552
12755000,25510.00000427957,-52895.44300850059,297.3882162393249
12760000,25520.000004281606,-53079.189427719364,303.5992653677345
12765000,25530.000004283644,-53048.6642218538,303.2200016971611
12770000,25540.00000428568,-53424.33321063261,299.02170425296225
12775000,25550.00000428772,-52802.335682904115,301.8717972017534
12780000,25560.000004289755,-52643.2589663376,291.70186757250895
12785000,25570.000004291793,-52846.53437817673,297.6587631280592
12790000,25580.00000429383,-53256.4265773441,290.3978324413382
12795000,25590.000004295867,-52648.51723507271,296.7400688767416
12800000,25600.000004297905,-53032.31044779875,298.17744119261323
12805000,25610.00000429994,-52765.9102683377,296.1281333182584
12810000,25620.00000430198,-53271.0453997766,300.04459097631235
12815000,25630.000004304016,-53055.94771952892,305.0546027578909
12820000,25640.000004306054,-52490.87398744677,293.2525993921706
12825000,25650.00000430809,-52950.62444457039,309.43218661914636
12830000,25660.000004310128,-53365.61765920525,297.20503652203314
12835000,25670.000004312165,-53033.34396651329,298.9069631690957
12840000,25680.000004314203,-53269.22631410294,295.98419748129317
12845000,25690.00000431624,-53097.365917154966,302.3009173038956
12850000,25700.000004318277,-52807.26533914119,299.7681999812084
12855000,25710.000004320314,-53408.432494572975,306.20999418906246
12860000,25720.00000432235,-52727.498186975135,293.37024319670223
12865000,25730.00000432439,-52895.219825292676,302.5694734083619
12870000,25740.000004326426,-52894.7698655063,298.6309926462361
12875000,25750.000004328464,-53609.682852023834,294.5719126079834
12880000,25760.0000043305,-53420.4290151335,292.34275804127367
12885000,25770.000004332538,-53103.61650319406,292.3988533218727
12890000,25780.000004334575,-52889.08291308975,311.49833501522676
12895000,25790.000004336613,-52739.580634071695,294.0162325129594
12900000,25800.00000433865,-53154.274209708296,298.3130781243388
12905000,25810.000004340687,-52687.20123500962,293.5776085673293
12910000,25820.000004342724,-53233.405066469364,300.09907052090404
12915000,25830.00000434476,-53391.864827134326,299.89056531393896
12920000,25840.0000043468,-53000.76397174009,304.46849566390614
12925000,25850.000004348836,-52926.1656419262,303.2431611713815
12930000,25860.000004350873,-53042.728344485775,301.0196166360188
12935000,25870.00000435291,-52439.89445325994,293.77618568964795
12940000,25880.000004354948,-52992.022096012486,290.9882054569933
12945000,25890.000004356985,-52981.325278083736,292.2044493659146
12950000,25900.000004359023,-53075.230864865414,297.5307926525563
12955000,25910.00000436106,-52997.723454091814,295.2888608068477
12960000,25920.000004363097,-52973.168394076376,293.22134033449055
12965000,25930.000004365134,-52985.28914042335,291.4958592650615
12970000,25940.00000436717,-52873.165938344435,296.6780065537767
12975000,25950.00000436921,-53037.86023470474,297.3222940324146
12980000,25960.000004371246,-52807.44269495772,301.86325865290604
12985000,25970.000004373283,-53185.09237808379,294.20334041053155
12990000,25980.00000437532,-53431.37800913761,297.4684704385241
12995000,25990.000004377358,-52768.80917327042,288.7199971665964
13000000,26000.000004379395,-53070.43667319926,296.59775709837805
13005000,26010.000004381433,-52742.41476888349,293.97151193196066
13010000,26020.00000438347,-52515.66182415551,303.3974068868572
13015000,26030.000004385507,-52837.93852827308,299.15290926417384
13020000,26040.000004387544,-53121.13953133402,300.6933453589369
13025000,26050.00000438958,-53143.74404510233,306.70655959996066
13030000,26060.00000439162,-52681.35018816893,292.43004340157245
13035000,26070.000004393656,-52946.39253590969,299.7247630116337
13040000,26080.000004395693,-52723.13988919617,295.3556516833873
13045000,26090.00000439773,-52872.52293198227,298.5682448242112
13050000,26100.000004399768,-52988.226647965086,297.6929714346353
13055000,26110.000004401805,-52559.56943727005,296.00227617607743
13060000,26120.000004403842,-53232.42737328325,300.5839800261296
13065000,26130.00000440588,-53025.186366053706,303.73850830482456
13070000,26140.000004407917,-52772.689205631585,305.76565006184376
13075000,26150.000004409954,-52871.647423041955,300.0172544377906
13080000,26160.00000441199,-52872.82190828805,299.3463794227844
13085000,26170.00000441403,-52874.00317513035,295.4781401465101
13090000,26180.000004416066,-52920.13852359005,300.0051837444108
13095000,26190.000004418103,-52743.55569600355,296.8767836084006
13100000,26200.00000442014,-53142.52265682796,304.57620547948176
13105000,26210.000004422178,-52750.94376729627,298.9877306095859
13110000,26220.000004424215,-52667.19669074597,289.3945262623894
13115000,26230.000004426252,-52807.25286314695,301.1422807909185
13120000,26240.00000442829,-53093.47491323788,304.54700654145057
13125000,26250.000004430327,-53016.628815962205,305.2582991300268
13130000,26260.000004432364,-52930.443963429774,299.8921106207154
13135000,26270.0000044344,-52872.625082630606,290.6807715727456
13140000,26280.00000443644,-52975.733576842846,296.9641283202899
13145000,26290.000004438476,-52982.95483146634,305.96169995126706
13150000,26300.000004440513,-52994.516786010296,294.4869019038854
13155000,26310.00000444255,-52853.9978005368,301.13134085144816
13160000,26320.000004444588,-52568.036888145754,289.9206663158503
13165000,26330.000004446625,-52756.12281637752,300.2582021317354
13170000,26340.000004448662,-53298.684968862624,294.25576627083103
13175000,26350.0000044507,-53413.932791585365,304.5537971358682
13180000,26360.000004452737,-52908.72132416174,302.9384468822716
13185000,26370.000004454774,-53258.829514224344,292.825558560184
13190000,26380.00000445681,-52700.45637273448,298.9420275444811
13195000,26390.00000445885,-52708.70133352213,304.49848273006165
13200000,26400.000004460886,-52974.981109073444,307.9707783944711
13205000,26410.000004462923,-52735.29069573202,295.5271201804376
13210000,26420.00000446496,-52934.704942859214,294.19263597539424
13215000,26430.000004466998,-53235.541338312934,307.7463377571354
13220000,26440.000004469035,-53204.45940918141,293.6152009473499
13225000,26450.000004471072,-53167.78853993697,290.94915237317707
13230000,26460.00000447311,-52679.20128485549,302.45292845678637
13235000,26470.000004475147,-53077.10486659687,301.9224216765641
13240000,26480.000004477184,-52879.859517041536,295.1750826257413
13245000,26490.00000447922,-53199.14154798779,301.5759904132433
13250000,26500.00000448126,-52599.112476078095,297.7344008540496
13255000,26510.000004483296,-53056.23078374597,301.76485205362684
13260000,26520.000004485333,-52784.33183687742,300.67347954955125
13265000,26530.00000448737,-53247.96604452055,306.83389809641073
13270000,26540.000004489408,-53097.60859170271,298.38559799431425
13275000,26550.000004491445,-52985.766283885634,304.20314279621067
13280000,26560.000004493482,-52704.82623631027,294.773500953562
13285000,26570.00000449552,-53161.00606691881,296.5245461869459
13290000,26580.000004497557,-52998.13371977728,295.0703759948998
13295000,26590.000004499594,-52903.44155000721,300.51159004367213
13300000,26600.00000450163,-53003.799700653064,292.5671933101721
13305000,26610.00000450367,-52907.63742441707,295.3717687121577
13310000,26620.000004505706,-53015.905581139086,293.5309779515366
13315000,26630.000004507743,-52842.01011997991,302.4713868039092
13320000,26640.00000450978,-52726.926674658345,302.19344947608244
13325000,26650.000004511818,-52844.45550296444,301.9748531379767
13330000,26660.000004513855,-52992.483319625026,296.80311078586817
13335000,26670.000004515892,-53157.547613864124,291.8736526507531
13340000,26680.00000451793,-52737.615554501186,295.838901716298
13345000,26690.000004519967,-52939.765090581175,298.47531636066714
13350000,26700.000004522004,-52958.82332099415,299.21722239914664
13355000,26710.00000452404,-52763.21885078438,294.5382428735093
13360000,26720.00000452608,-52805.41720384016,301.00598160751963
13365000,26730.000004528116,-53146.4366269132,301.9497534627178
13370000,26740.000004530153,-53174.64493335932,306.4963754587027
13375000,26750.00000453219,-52881.830132720876,301.5942217432975
13380000,26760.000004534228,-52740.81130524946,297.8296303217302
13385000,26770.000004536265,-52709.11764341706,300.2812978260029
13390000,26780.000004538302,-53088.79049201141,300.6645943159415
13395000,26790.00000454034,-52913.783595197485,295.54250934390626
13400000,26800.000004542377,-53139.55056275887,297.77117450551486
13405000,26810.000004544414,-53247.00967559207,296.6589985842567
13410000,26820.00000454645,-53105.48169899985,307.5576600140607
13415000,26830.00000454849,-52865.44978469639,309.0042521273017
13420000,26840.000004550526,-53329.83991953425,307.7431608421143
13425000,26850.000004552563,-52912.520599668904,300.18096874003896
13430000,26860.0000045546,-52992.73550701019,298.1347911909314
13435000,26870.000004556638,-52853.76855225628,291.214570266119
13440000,26880.000004558675,-52770.38480306239,294.21500074840907
13445000,26890.000004560712,-53307.32955253747,306.1811196300154
13450000,26900.00000456275,-53025.03761946171,297.6769040480924
13455000,26910.000004564787,-52800.222615955514,308.43371355655023
13460000,26920.000004566824,-52946.722103296255,297.42756497469406
13465000,26930.00000456886,-53179.9313705494,295.40311953930336
13470000,26940.0000045709,-52995.16085015173,293.98918989099633
13475000,26950.000004572936,-53239.25718645699,296.5908677713488
13480000,26960.000004574973,-52693.29953295653,296.3389489688371
13485000,26970.00000457701,-53098.73704573646,300.7366212453548
13490000,26980.000004579048,-52925.77974234021,297.6977005583923
13495000,26990.000004581085,-53231.89235496466,296.8256676411223
13500000,27000.000004583122,-52745.26513624977,301.01242046337694
13505000,27010.00000458516,-53352.94174963879,294.99482182353876
13510000,27020.000004587197,-52968.59095576522,294.6758031508083
13515000,27030.000004589234,-52788.03350128449,299.26076825101336
13520000,27040.00000459127,-52969.23058897522,309.2718541101937
13525000,27050.00000459331,-52884.04430667433,289.22282368148774
13530000,27060.000004595346,-53091.16862740801,292.87104254226597
13535000,27070.000004597383,-52794.274934674526,295.503602600905
13540000,27080.00000459942,-52954.62579535419,293.2660378020861
13545000,27090.000004601457,-53230.82753499196,299.7521938225549
13550000,27100.000004603495,-53000.71711201576,297.0623651206102
13555000,27110.000004605532,-52908.61667329204,289.3652970511891
13560000,27120.00000460757,-52935.4807006568,298.04860589558746
13565000,27130.000004609607,-53629.78758753557,303.19167682241203
13570000,27140.000004611644,-53002.82283987146,297.84411838526023
13575000,27150.00000461368,-52804.870206501335,295.4520234499037
13580000,27160.00000461572,-52653.67616944606,306.06941510551854
13585000,27170.000004617756,-53073.47090659896,298.4529583247209
13590000,27180.000004619793,-53007.44638365577,295.5094815079159
13595000,27190.00000462183,-53175.14433009195,294.6928910847809
13600000,27200.000004623867,-53186.92416897279,299.00259929721926
13605000,27210.000004625905,-52686.923133365985,291.03779116191726
13610000,27220.000004627942,-52710.13909463989,303.43876706637
13615000,27230.00000462998,-52604.202956268855,299.7592405763213
13620000,27240.000004632016,-53176.22566645505,298.73583881123807
13625000,27250.000004634054,-53304.60899295614,297.4629091443987
13630000,27260.00000463609,-52969.44073787125,293.3258821026058
13635000,27270.00000463813,-52906.798135676654,304.3705666007845
13640000,27280.000004640166,-52826.30422765465,296.67990746038447
13645000,27290.000004642203,-53046.43597912867,292.72357549955984
13650000,27300.00000464424,-53075.31635277148,297.6305037938403
13655000,27310.000004646277,-52675.66698909615,289.7521484901822
13660000,27320.000004648315,-53091.30991925456,295.7338378335395
13665000,27330.000004650352,-53159.02250168385,303.53584184972664
13670000,27340.00000465239,-52807.87966463587,287.3790666534651
13675000,27350.000004654426,-52910.84051724753,302.0679713750777
13680000,27360.000004656464,-53097.94288813896,298.7475033120401
13685000,27370.0000046585,-53142.5004600714,301.7765027887202
13690000,27380.00000466054,-53271.41812337583,292.51343749241187
13695000,27390.000004662576,-52835.77679882897,293.2951522518243
13700000,27400.000004664613,-53215.21327233291,297.46287279201186
13705000,27410.00000466665,-53466.80500049109,294.5636594369227
13710000,27420.000004668687,-53250.93942721732,294.50304935339943
13715000,27430.000004670725,-53067.01552771166,292.952803311542
13720000,27440.000004672762,-52764.36901882055,290.7649502016213
13725000,27450.0000046748,-52990.95482327469,297.0349248079438
13730000,27460.000004676836,-53061.12852205607,301.1530090494785
13735000,27470.000004678874,-52944.101765046944,301.0722368239679
13740000,27480.00000468091,-53369.849442969105,298.3635674771253
13745000,27490.00000468295,-52842.965171376214,290.3506146267674
13750000,27500.000004684985,-52802.91232197467,298.7827915983474
13755000,27510.000004687023,-52717.75808583404,304.58097476710407
13760000,27520.00000468906,-53235.16027687688,303.6172595154356
13765000,27530.000004691097,-53207.94201833045,299.0752957581745
13770000,27540.000004693135,-52879.563689970644,305.4728382144866
13775000,27550.00000469517,-53135.96878574687,292.98255346166354
13780000,27560.00000469721,-52850.543225510715,296.45893647375425
13785000,27570.000004699246,-52965.434256542125,298.6221692968965
13790000,27580.000004701284,-53037.46539809604,294.7076626206754
13795000,27590.00000470332,-52337.536378599965,295.78667665314185
13800000,27600.000004705358,-53159.32225110417,300.6369449409102
13805000,27610.000004707395,-52868.30350860476,299.86337122023
13810000,27620.000004709433,-53005.90605394749,305.1475562345114
13815000,27630.00000471147,-52742.100646149134,299.586219975093
13820000,27640.000004713507,-53233.33474787293,293.1863670680671
13825000,27650.000004715544,-52996.73370529889,298.40175931259824
13830000,27660.00000471758,-52970.9276005931,295.5523743317831
13835000,27670.00000471962,-52950.185993756866,300.9149006750727
13840000,27680.000004721656,-52801.25084263898,292.94872677607896
13845000,27690.000004723694,-53162.06181268644,299.3325331727121
13850000,27700.00000472573,-52665.54620462828,289.48584108919044
13855000,27710.000004727768,-52543.91846408835,295.6403645268108
13860000,27720.000004729805,-52909.880494871875,292.61537063904444
13865000,27730.000004731843,-53041.4962385355,293.5395801995169
13870000,27740.00000473388,-53280.327113256586,299.5142023135865
13875000,27750.000004735917,-52801.67036130844,293.26199895197954
13880000,27760.000004737954,-52776.55874979045,298.09012414388786
13885000,27770.00000473999,-53157.79631117504,301.74183980548213
13890000,27780.00000474203,-52978.5804445869,294.36992338160024
13895000,27790.000004744066,-52791.140192241815,306.13879896945815
13900000,27800.000004746104,-53159.997860373376,297.83770930489135
13905000,27810.00000474814,-52782.84043091524,298.6491910075765
13910000,27820.000004750178,-52842.243526964536,301.228792922056
13915000,27830.000004752215,-53369.62172253855,303.19365290235186
13920000,27840.000004754253,-52999.55379545747,296.46432324847586
13925000,27850.00000475629,-52785.402003074356,296.916529904062
13930000,27860.000004758327,-52721.566105521924,289.00924677098084
13935000,27870.000004760364,-52957.76961996258,295.63824915632716
13940000,27880.0000047624,-52666.04701128983,298.1611871385464
13945000,27890.00000476444,-52795.63243150097,292.50749327414724
13950000,27900.000004766476,-52871.679268408276,295.47640288746686
13955000,27910.000004768513,-52915.59161363993,297.08898171849864
13960000,27920.00000477055,-52913.978326883545,301.1747677298078
13965000,27930.000004772588,-53271.04999857742,293.7581522545154
13970000,27940.000004774625,-52793.47361516551,301.0144605218224
13975000,27950.000004776663,-52910.20874666536,299.5458479295708
13980000,27960.0000047787,-52924.36796590156,294.849707985998
13985000,27970.000004780737,-52872.247114908096,296.9984450720736
13990000,27980.000004782774,-52929.655001174135,291.08516920106763
13995000,27990.00000478481,-53159.80578452899,299.0401126876464
14000000,28000.00000478685,-53135.80327024049,309.34528999623944
14005000,28010.000004788886,-52667.30333067081,297.49337558254336
14010000,28020.000004790923,-52874.145826671825,295.0877876568792
14015000,28030.00000479296,-53328.62005413923,300.3543564514035
14020000,28040.000004794998,-52811.938872930274,308.2276086683344
14025000,28050.000004797035,-52853.47741298837,299.5238561638509
14030000,28060.000004799072,-53010.15868810547,297.8126419395336
14035000,28070.00000480111,-52563.8005822174,299.7604666385762
14040000,28080.000004803147,-52883.04019523758,303.22220478455716
14045000,28090.000004805184,-52956.35109575128,289.7384594860997
14050000,28100.00000480722,-52866.78109342055,294.96083194559304
14055000,28110.00000480926,-53348.21801278685,298.2839318519592
14060000,28120.000004811296,-53142.4474580595,303.3550419773262
14065000,28130.000004813333,-52908.815456702636,298.09408913096047
14070000,28140.00000481537,-52850.435064400925,304.2444830883649
14075000,28150.000004817408,-53350.02351875868,295.1955613891451
14080000,28160.000004819445,-52860.667085668945,295.2981209266877
14085000,28170.000004821482,-52519.612336780934,301.8589602765343
14090000,28180.00000482352,-52946.66755962305,296.85178545723005
14095000,28190.000004825557,-52804.16340282507,297.4032116575357
14100000,28200.000004827594,-52930.74870308346,294.36387097161924
14105000,28210.00000482963,-53224.778764117305,305.41636191935714
14110000,28220.00000483167,-52764.67111685418,289.6662446186702
14115000,28230.000004833706,-53070.24768283358,293.5420597223542
14120000,28240.000004835743,-52484.44261278736,291.22929919605605
14125000,28250.00000483778,-53032.065614693216,293.3151772303499
14130000,28260.000004839818,-53206.63479832135,298.9404518288556
14135000,28270.000004841855,-53053.747594905464,298.10285794847715
14140000,28280.000004843892,-52979.56737591259,298.94678773799575
14145000,28290.00000484593,-52911.65146439828,302.8350577997915
14150000,28300.000004847967,-52958.17599149421,293.6711734498195
14155000,28310.000004850004,-52749.23735021992,294.64692125722263
14160000,28320.00000485204,-52723.93083657531,290.89265952789174
14165000,28330.00000485408,-53083.770044775505,300.10748887904094
14170000,28340.000004856116,-53071.4903699258,306.0589635823676
14175000,28350.000004858153,-53122.510573207954,300.8568343847089
14180000,28360.00000486019,-53020.36593254481,295.87051752299726
14185000,28370.000004862228,-52945.07135159182,295.10541414099157
14190000,28380.000004864265,-52963.193883681786,300.6255645375599
14195000,28390.000004866302,-53233.44531423846,299.23104721981724
14200000,28400.00000486834,-52685.96559942074,296.08750363951975
14205000,28410.000004870377,-53227.37199779163,298.9336009394677
14210000,28420.000004872414,-53090.71255039686,301.96216087659343
14215000,28430.00000487445,-52828.33096067459,302.9581784749699
14220000,28440.00000487649,-53068.20777591545,304.2956700235932
14225000,28450.000004878526,-53265.738357917115,288.76498747329566
14230000,28460.000004880563,-53227.27233898881,298.11767113206724
14235000,28470.0000048826,-53100.02345867318,307.3518929043317
14240000,28480.000004884638,-52768.92578706864,304.11027239571916
14245000,28490.000004886675,-52712.598914143135,299.20699489216656
14250000,28500.000004888712,-52948.31389964637,298.1704463759058
14255000,28510.00000489075,-53375.28016970292,291.80065509455676
14260000,28520.000004892787,-52727.66767211372,296.5419621519522
14265000,28530.000004894824,-52990.06513466631,296.3146851968163
14270000,28540.00000489686,-52836.48210068044,300.05011294721777
14275000,28550.0000048989,-53287.20565326506,304.0705277406547
14280000,28560.000004900936,-52735.84839557845,307.21980592710605
14285000,28570.000004902973,-52717.87409177853,291.75457925699055
14290000,28580.00000490501,-53133.727330969385,304.34290305524667
14295000,28590.000004907048,-52757.387281385425,298.88785977873493
14300000,28600.000004909085,-52999.65192687107,303.13580383137867
14305000,28610.000004911122,-53143.92311160441,296.48810439247217
14310000,28620.00000491316,-53140.78818455932,285.91312850703446
14315000,28630.000004915197,-53426.519324126275,292.4956840587087
14320000,28640.000004917234,-52769.98297792455,298.6856149604233
14325000,28650.00000491927,-53234.17924132157,294.02692399702056
14330000,28660.00000492131,-52930.455703851185,303.40485609613387
14335000,28670.000004923346,-52751.49039163324,297.84547554603756
14340000,28680.000004925383,-52715.84547177734,302.62387527490733
14345000,28690.00000492742,-52685.248773772066,292.8401056930145
14350000,28700.000004929458,-53122.16642742272,293.05464702583794
14355000,28710.000004931495,-53092.405619118595,305.0893282403954
14360000,28720.000004933532,-52778.58747054968,301.2866875251724
14365000,28730.00000493557,-52987.36950288329,294.43854198363005
14370000,28740.000004937607,-53193.65987431916,286.90555742007706
14375000,28750.000004939644,-53043.73973597336,293.31560767708714
14380000,28760.00000494168,-53187.31337903041,305.83720878442625
14385000,28770.00000494372,-53201.80691614724,300.0162879635801
14390000,28780.000004945756,-52680.92293480379,287.1779538117938
14395000,28790.000004947793,-52806.0879520663,299.28842559637116
14400000,28800.00000494983,-52910.94547759625,303.79890936961635
14405000,28810.000004951868,-52994.4195031148,301.0951999972106
14410000,28820.000004953905,-53046.78455697544,294.0928973560476
14415000,28830.000004955942,-52646.492208095326,292.4712126028828
14420000,28840.00000495798,-53397.76072436769,299.79659286287466
14425000,28850.000004960017,-53081.74661186928,297.1818129073668
14430000,28860.000004962054,-53079.04110362215,292.93149184138906
14435000,28870.00000496409,-53073.105416672915,299.55006480945985
14440000,28880.00000496613,-53296.92892732215,298.25773032132827
14445000,28890.000004968166,-53263.7643256443,304.07473917702686
14450000,28900.000004970203,-53045.10830535795,297.6640818847637
14455000,28910.00000497224,-53008.3106583225,295.2225181018803
14460000,28920.000004974278,-52968.23703005913,298.8549044583894
14465000,28930.000004976315,-52987.43004645829,297.82743453472074
14470000,28940.000004978352,-52937.880776477774,294.97301401529194
14475000,28950.00000498039,-52869.80582955858,299.71962489040305
14480000,28960.000004982427,-52742.69171129505,288.48564008719217
14485000,28970.000004984464,-52927.80383027039,303.0188175311917
14490000,28980.0000049865,-53185.30340794925,297.1244066347834
14495000,28990.00000498854,-52764.338752320444,302.35354999988454
14500000,29000.000004990576,-52580.49610595999,295.29048361017817
14505000,29010.000004992613,-52817.76952843685,293.52229879541744
14510000,29020.00000499465,-53062.97198524629,303.3816547082194
14515000,29030.000004996687,-53051.2689152112,293.19520613185756
14520000,29040.000004998725,-53060.645670066384,297.5660370405279
14525000,29050.000005000762,-52985.474103165994,297.7586243065755
14530000,29060.0000050028,-53117.02734977106,304.9180976293267
14535000,29070.000005004837,-53004.97195726671,291.2815434671767
14540000,29080.000005006874,-52913.55216156048,300.90304599655747
14545000,29090.00000500891,-52779.308887694904,284.26464174929924
14550000,29100.00000501095,-52844.337847247574,300.6737137520498
14555000,29110.000005012986,-52853.842736516264,295.2815879809316
14560000,29120.000005015023,-52868.04381624289,296.3429830188357
14565000,29130.00000501706,-53045.380547018256,293.44700524150767
14570000,29140.000005019097,-52532.39228999382,298.1385571684078
14575000,29150.000005021135,-53196.92412463087,301.3322986117434
14580000,29160.000005023172,-52993.5603859933,296.2579512229606
14585000,29170.00000502521,-52753.887745872664,305.66015555229825
14590000,29180.000005027247,-52481.89157845633,296.88011455990795
14595000,29190.000005029284,-53302.08110962456,294.80125299020193
14600000,29200.00000503132,-52779.77148586558,304.110652775142
14605000,29210.00000503336,-53135.370316884655,303.2002848082841
14610000,29220.000005035396,-52882.169206619,294.25224365174097
14615000,29230.000005037433,-52726.80117309035,303.1066505854252
14620000,29240.00000503947,-53049.02623414446,293.57335507136435
14625000,29250.000005041507,-53120.20517556253,288.0732618529918
14630000,29260.000005043545,-52973.18726190826,302.1835794438458
14635000,29270.000005045582,-52728.17938243225,298.719326796859
14640000,29280.00000504762,-52979.697855594626,296.85196633451994
14645000,29290.000005049656,-52965.065441429964,299.7734232708734
14650000,29300.000005051694,-53245.425148281705,296.7502309692129
14655000,29310.00000505373,-52775.46374522851,306.43202083480054
14660000,29320.00000505577,-53116.45540674392,290.8181074088721
14665000,29330.000005057806,-53165.13941251565,290.1560412582127
14670000,29340.000005059843,-52906.08516059379,301.2440960380467
14675000,29350.00000506188,-53004.20710808295,303.2953895927012
14680000,29360.000005063917,-52911.25264668616,298.62334807710556
14685000,29370.000005065955,-53274.4562750115,293.2600673377435
14690000,29380.000005067992,-53216.696487803536,295.40073092602114
14695000,29390.00000507003,-52504.69876478895,300.17578031457685
14700000,29400.000005072066,-53120.05498216604,304.37384464423894
14705000,29410.000005074104,-53034.71294522524,298.4867797875161
14710000,29420.00000507614,-52751.67942924233,294.64686066523285
14715000,29430.00000507818,-53043.94741776746,295.9748685476896
14720000,29440.000005080215,-53099.11326276325,303.91312203323656
14725000,29450.000005082253,-52727.51104930241,300.8033654627789
14730000,29460.00000508429,-52700.57861756359,301.6376473780855
14735000,29470.000005086327,-53112.945181783114,299.6656535858829
14740000,29480.000005088365,-52552.05681871288,298.5316487641004
14745000,29490.000005090402,-53155.18275795199,296.480827609634
14750000,29500.00000509244,-52852.95100166483,300.61193190339685
14755000,29510.000005094476,-52944.46990071851,294.1907599510511
14760000,29520.000005096514,-53059.34428714184,300.4029922227659
14765000,29530.00000509855,-53079.065277785994,289.8019322388392
14770000,29540.000005100588,-53126.14850845002,297.31370360614505
14775000,29550.000005102625,-52765.07988948998,299.9090382565356
14780000,29560.000005104663,-53051.253530615155,299.6662977463258
14785000,29570.0000051067,-53222.19208937234,299.8368714548639
14790000,29580.000005108737,-53105.39962773601,302.89098097719244
14795000,29590.000005110775,-53309.4703764313,307.48423369680233
14800000,29600.00000511281,-52707.386526858,296.41918872262534
14805000,29610.00000511485,-52831.4992730541,293.8277197484468
14810000,29620.000005116886,-52775.74479591346,298.78310204203797
14815000,29630.000005118924,-52784.00380072906,291.421390840309
14820000,29640.00000512096,-52963.02923611729,301.1430866301418
14825000,29650.000005122998,-52903.51937935568,296.83021554715606
14830000,29660.000005125035,-53192.24561985518,304.5115775948911
14835000,29670.000005127073,-52800.19674239232,294.53968396710343
14840000,29680.00000512911,-52845.445174322726,299.72902991314237
14845000,29690.000005131147,-53135.30821581243,297.618181404932
14850000,29700.000005133184,-53002.38345031149,292.3279437941136
14855000,29710.00000513522,-53048.69262092514,305.1469451561279
14860000,29720.00000513726,-53076.97115930726,298.6627575525597
14865000,29730.000005139296,-53202.64765850347,309.67548472061173
14870000,29740.000005141334,-52934.1842673959,301.44615441841245
14875000,29750.00000514337,-52743.60269584163,297.6283864330032
14880000,29760.000005145408,-53317.358533457125,297.1811787988732
14885000,29770.000005147445,-52964.292933186545,303.8841886548881
14890000,29780.000005149483,-53091.946290206804,303.22135918861045
14895000,29790.00000515152,-52749.553045469744,303.483713212713
14900000,29800.000005153557,-53036.40430876828,301.99719369910815
14905000,29810.000005155594,-53164.89799082908,293.16151038238604
14910000,29820.00000515763,-52699.87855188886,297.39854484686026
14915000,29830.00000515967,-52827.58761626636,300.1633610113702
14920000,29840.000005161706,-53034.58041320037,292.09690417312015
14925000,29850.000005163743,-52807.865749967896,291.8287937656133
14930000,29860.00000516578,-53292.36765982621,302.55825099072626
14935000,29870.000005167818,-53480.66906019376,292.02315550303786
14940000,29880.000005169855,-52780.73312183609,304.07032666832026
14945000,29890.000005171893,-52580.396769018844,304.55719326631106
14950000,29900.00000517393,-52785.08939418435,300.351515534485
14955000,29910.000005175967,-52739.90768802425,299.9739123308967
14960000,29920.000005178004,-52922.91905540906,300.22458788043286
14965000,29930.00000518004,-53054.6292508528,296.9498151496769
14970000,29940.00000518208,-53221.65725429775,298.0352151119569
14975000,29950.000005184116,-52891.520814785385,291.54587363622124
14980000,29960.000005186153,-52964.55723704529,301.9595804815064
14985000,29970.00000518819,-52926.72548035887,300.8338715355318
14990000,29980.000005190228,-52716.34073306742,293.80694601210047
14995000,29990.000005192265,-52845.13322834522,296.14765047091635
15000000,30000.000005194303,-52967.745150108414,300.5926256982476
15005000,30010.00000519634,-53179.67412498791,302.15932035556864
15010000,30020.000005198377,-52840.61471460204,294.4174455104356
15015000,30030.000005200414,-52820.50114034413,287.4326491814039
15020000,30040.00000520245,-52891.89415111442,302.3228242344938
15025000,30050.00000520449,-53207.467300972494,300.1901992666549
15030000,30060.000005206526,-53211.192776639014,303.47082416461933
15035000,30070.000005208563,-53136.66638716179,298.5951025943355
15040000,30080.0000052106,-52875.4887116068,293.84261007119784
15045000,30090.000005212638,-52930.01858328466,299.31331123262333
15050000,30100.000005214675,-53173.480677521846,295.2669376996901
15055000,30110.000005216712,-53324.029558779264,298.08922124413397
15060000,30120.00000521875,-53436.056092861254,298.0576860066005
15065000,30130.000005220787,-52971.069609175174,301.60462890921843
15070000,30140.000005222824,-52696.34808362831,294.4073442254132
15075000,30150.00000522486,-52771.16345920265,299.3890194571146
15080000,30160.0000052269,-52929.73542156859,295.76678374433976
15085000,30170.000005228936,-53177.12480037974,296.1124439185157
15090000,30180.000005230973,-52993.78944363666,293.5638952135229
15095000,30190.00000523301,-53072.1374644227,295.14081454689074
15100000,30200.000005235048,-52585.95850230515,299.8365821842425
15105000,30210.000005237085,-52781.630752172845,295.431813200003
15110000,30220.000005239122,-52998.31305212551,300.3195278531017
15115000,30230.00000524116,-53120.857934466214,301.68742170698255
15120000,30240.000005243197,-53041.78345279946,297.9924721245672
15125000,30250.000005245234,-52942.030629021,295.0745847975318
15130000,30260.00000524727,-53295.2870643331,296.9966527143385
15135000,30270.00000524931,-52727.02650080502,298.49336324240073
15140000,30280.000005251346,-52848.27294732371,291.9505534642835
15145000,30290.000005253383,-53189.615487111354,302.6209570984067
15150000,30300.00000525542,-53028.05604250051,299.56763042367487
15155000,30310.000005257458,-53152.35513132016,296.1048100257401
15160000,30320.000005259495,-52798.89709329986,300.4534126490078
15165000,30330.000005261532,-52932.59928922032,296.76793367385545
15170000,30340.00000526357,-53043.10687556182,307.29968617841865
15175000,30350.000005265607,-52908.75541063567,295.3736259076804
15180000,30360.000005267644,-53274.94994976677,297.46568783800456
15185000,30370.00000526968,-52795.82223855387,288.37261099527353
15190000,30380.00000527172,-53157.10257222483,298.01520446129325
15195000,30390.000005273756,-52993.46365953944,296.4105210722238
15200000,30400.000005275793,-52997.43029075494,298.8846380556475
15205000,30410.00000527783,-52724.49345108273,291.16490880268145
15210000,30420.000005279868,-52960.77477157285,296.1917452812146
15215000,30430.000005281905,-53003.35488666885,297.5845285932955
15220000,30440.000005283942,-52975.35465472049,304.5319287977219
15225000,30450.00000528598,-52936.066642185266,307.00684219883647
15230000,30460.000005288017,-53592.562855284545,299.99025498252416
15235000,30470.000005290054,-53005.6882127639,297.9959187904841
15240000,30480.00000529209,-52750.38040186121,294.69702624004407
15245000,30490.00000529413,-53039.92081620931,291.62392062807186
15250000,30500.000005296166,-52994.859040795796,285.6769996764394
15255000,30510.000005298203,-53307.230350650265,293.1788849801058
15260000,30520.00000530024,-52767.410651225015,302.30089590214646
15265000,30530.000005302278,-53165.50534997985,299.6228037076947
15270000,30540.000005304315,-52626.81889536607,296.4293522844513
15275000,30550.000005306352,-53002.40679098989,296.28364264738383
15280000,30560.00000530839,-53120.85045829127,297.79440844427097
15285000,30570.000005310427,-52937.43246292361,298.1549574236768
15290000,30580.000005312464,-53197.869587711524,289.57059536251353
15295000,30590.0000053145,-52544.540969201335,295.9495958397525
15300000,30600.00000531654,-53047.72365600921,302.17530510826504
15305000,30610.000005318576,-52954.29925937037,302.61245741660116
15310000,30620.000005320613,-52951.475855941186,299.86791476213654
15315000,30630.00000532265,-52652.05714557815,293.40101021667977
15320000,30640.000005324688,-52950.40054132807,293.1874990046264
15325000,30650.000005326725,-53064.28806880512,297.2679147938401
15330000,30660.000005328762,-52507.12134816084,301.89960695622426
15335000,30670.0000053308,-52867.58989596774,302.1624564422703
15340000,30680.000005332837,-53064.74143435052,290.9718756431958
15345000,30690.000005334874,-53052.29423768009,298.7069789929201
15350000,30700.00000533691,-53455.02944104222,301.5647933763627
15355000,30710.00000533895,-53104.307840041554,298.200712837687
15360000,30720.000005340986,-52953.224028899596,297.37134956820546
15365000,30730.000005343023,-52905.65216507856,300.41472232010796
15370000,30740.00000534506,-53099.97828977852,299.2774536309843
15375000,30750.000005347098,-53126.27942913928,295.27808043862575
15380000,30760.000005349135,-52907.34551146085,299.5916744885073
15385000,30770.000005351172,-53213.0578247091,292.7199915722239
15390000,30780.00000535321,-53078.92987256788,299.24424258072344
15395000,30790.000005355247,-53147.90830974621,298.2796630515843
15400000,30800.000005357284,-53044.081436832,300.991577783578
15405000,30810.00000535932,-53366.86498542456,304.11665624993543
15410000,30820.00000536136,-53015.52884586275,296.33099678222175
15415000,30830.000005363396,-52964.09155909027,294.4375226426887
15420000,30840.000005365433,-52780.34621989561,295.57927252594357
15425000,30850.00000536747,-53285.311014669074,299.3940571893595
15430000,30860.000005369508,-52795.552171548654,298.9196983617543
15435000,30870.000005371545,-52686.098369032436,296.29604383811755
15440000,30880.000005373582,-53076.90013327825,294.1699369676755
15445000,30890.00000537562,-52986.4895744448,303.9239492720315
15450000,30900.000005377657,-53340.47124295149,296.8797722153381
15455000,30910.000005379694,-52665.62078205787,302.73244354636984
15460000,30920.00000538173,-52957.405188725825,295.1056194517441
15465000,30930.00000538377,-52760.40915053757,299.422508465757
15470000,30940.000005385806,-53145.55773551235,297.8942704651311
15475000,30950.000005387843,-53256.27070205385,292.5822944624637
15480000,30960.00000538988,-53108.48082603855,295.59006281571135
15485000,30970.000005391918,-53303.03635899632,298.10871717336596
15490000,30980.000005393955,-52641.24544631381,295.69522667156303
15495000,30990.000005395992,-52928.34835359108,305.3554901994024
15500000,31000.00000539803,-52826.16394473193,291.32823671038557
15505000,31010.000005400067,-52761.9141605921,298.2764929153722
15510000,31020.000005402104,-52563.94979956071,286.987121052563
15515000,31030.00000540414,-52886.78140822161,291.93486355080796
15520000,31040.00000540618,-53044.51701711895,302.7336474818971
15525000,31050.000005408216,-52911.22003546613,290.5904139128674
15530000,31060.000005410253,-52860.71646007098,292.73757949808044
15535000,31070.00000541229,-53042.063437073666,298.0510315366502
15540000,31080.000005414327,-53357.266366672586,303.06489565444
15545000,31090.000005416365,-52767.883563326584,306.5507814029363
15550000,31100.000005418402,-53168.2602029081,289.90623213238877
15555000,31110.00000542044,-53279.01673821325,293.36519793062195
15560000,31120.000005422477,-53246.170732392726,303.7505714871116
15565000,31130.000005424514,-53306.028682440374,300.23526837299
15570000,31140.00000542655,-52617.964229944686,299.25672038290804
15575000,31150.00000542859,-52663.49003458978,296.1712350494637
15580000,31160.000005430626,-52993.280667757004,299.86598174345227
15585000,31170.000005432663,-53055.555732623674,298.1288304639448
15590000,31180.0000054347,-53011.98601066187,293.52035612194925
15595000,31190.000005436737,-52969.895932755695,293.89274740224926
15600000,31200.000005438775,-52933.02588392637,291.92423798374995
15605000,31210.000005440812,-52748.9777051413,298.08775897174485
15610000,31220.00000544285,-53244.5873877705,297.4240035083904
15615000,31230.000005444886,-53000.65370419543,300.44077295355333
15620000,31240.000005446924,-53075.679619108036,292.6352177337314
15625000,31250.00000544896,-52864.65690414375,303.88669965329086
15630000,31260.000005451,-52714.49697901789,302.13121632844417
15635000,31270.000005453036,-53318.210556082224,294.0176121560253
15640000,31280.000005455073,-52864.1210734077,298.1123369739444
15645000,31290.00000545711,-53038.53331049188,305.17226198685046
15650000,31300.000005459147,-52964.00497045071,308.7847627623536
15655000,31310.000005461185,-52534.026767193136,300.64568155651085
15660000,31320.000005463222,-53156.45285039817,300.7002748717579
15665000,31330.00000546526,-52736.17175795295,300.13969189003416
15670000,31340.000005467296,-53375.308715311345,299.7085556067392
15675000,31350.000005469334,-52882.13220692199,302.2282198665088
15680000,31360.00000547137,-52653.7732106302,297.42417184248905
15685000,31370.00000547341,-52837.18106044756,293.14254480686094
15690000,31380.000005475446,-53316.938364781556,289.10869885048976
15695000,31390.000005477483,-52998.04071652729,289.352582883316
15700000,31400.00000547952,-53302.93559684334,297.820083945862
15705000,31410.000005481557,-52346.22184226199,297.7267019291283
15710000,31420.000005483595,-53040.99575141494,299.8626606868843
15715000,31430.000005485632,-53276.466647036286,295.954835560768
15720000,31440.00000548767,-52739.348511820455,298.4386089276184
15725000,31450.000005489706,-52480.07896605236,302.52538490762174
15730000,31460.000005491744,-53216.674915670825,303.4960494482153
15735000,31470.00000549378,-52810.21590669552,297.14700128599566
15740000,31480.00000549582,-52718.567909140635,292.93850009706426
15745000,31490.000005497855,-52969.547725606855,301.6879375403044
15750000,31500.000005499893,-52063.6414664287,304.0832625137957
15755000,31510.00000550193,-53059.16735917883,296.0059509444436
15760000,31520.000005503967,-53292.847615115315,298.36987027491773
15765000,31530.000005506005,-52897.97758776427,302.9082831999155
15770000,31540.00000550804,-53155.73297405269,295.44104421110717
15775000,31550.00000551008,-52910.07250536734,296.4266633935092
15780000,31560.000005512116,-52567.3592095919,296.384283913829
15785000,31570.000005514154,-52929.72813332721,293.51066148483534
15790000,31580.00000551619,-52994.83513336041,298.92834691537985
15795000,31590.000005518228,-53151.82833320339,299.8273732495489
15800000,31600.000005520265,-53270.37000839738,298.53392578864384
15805000,31610.000005522303,-52841.55719312123,304.37477290070996
15810000,31620.00000552434,-52687.09487501788,300.039293072242
15815000,31630.000005526377,-52916.26483128537,292.8858615075708
15820000,31640.000005528414,-52939.33419791964,303.7285183740052
15825000,31650.00000553045,-52907.11023695924,299.1884408114809
15830000,31660.00000553249,-52935.08424583962,296.2313408763713
15835000,31670.000005534526,-53266.55590095144,298.7833955189817
15840000,31680.000005536564,-52968.020109056204,304.78706288515554
15845000,31690.0000055386,-52769.39597095706,291.9892395211352
15850000,31700.000005540638,-53080.80684471381,298.28934209103306
15855000,31710.000005542675,-52858.82982163629,299.81276270523756
15860000,31720.000005544713,-52925.42681913939,300.4958242758639
15865000,31730.00000554675,-53337.913184191624,301.7234924913677
15870000,31740.000005548787,-53227.64096033975,293.38304374684526
15875000,31750.000005550824,-53237.61165010248,296.20758178280414
15880000,31760.00000555286,-52967.98028698785,296.24225123900436
15885000,31770.0000055549,-52745.25573115895,298.711090855601
15890000,31780.000005556936,-52823.70562115367,301.6688100962352
15895000,31790.000005558973,-53197.10556895114,296.34293240937774
15900000,31800.00000556101,-53104.296543021075,293.71343259142975
15905000,31810.000005563048,-52841.521219994174,293.7489423206063
15910000,31820.000005565085,-53228.80097347553,297.3158297964495
15915000,31830.000005567123,-53019.66303683768,289.4236561375459
15920000,31840.00000556916,-53063.94519326885,292.64118070214533
15925000,31850.000005571197,-52886.68061910273,295.88838078271084
15930000,31860.000005573234,-53028.73003214176,292.8081575658436
15935000,31870.00000557527,-52952.843445074424,290.9470991334144
15940000,31880.00000557731,-53186.62643986099,310.2953913076054
15945000,31890.000005579346,-53281.789697580796,299.11109954507515
15950000,31900.000005581383,-53428.30114385995,298.74536369994763
15955000,31910.00000558342,-52895.84161592426,290.0956626439557
15960000,31920.000005585458,-52988.292501026095,302.55079575571574
15965000,31930.000005587495,-53081.56698524777,304.3155118390568
15970000,31940.000005589533,-53106.024236372294,292.6896048788523
15975000,31950.00000559157,-52397.29113325861,290.56214623926235
15980000,31960.000005593607,-52534.46123310417,298.61362406998404
15985000,31970.000005595644,-52915.89782729413,295.6371588854351
15990000,31980.00000559768,-53133.63684625202,300.2182501264604
15995000,31990.00000559972,-52824.450487698196,310.7476068632568
16000000,32000.000005601756,-53345.647893131856,291.5462048023072
16005000,32010.000005603793,-53233.77731766208,302.1942843485959
16010000,32020.00000560583,-52757.46635141462,302.01160960604795
16015000,32030.000005607868,-52944.234808377194,295.7533306206724
16020000,32040.000005609905,-52636.88462969093,293.9598457259987
16025000,32050.000005611942,-53088.73896388005,304.03786209107074
16030000,32060.00000561398,-52878.734913349734,298.27375335954036
16035000,32070.000005616017,-53160.64209650963,304.54291729662214
16040000,32080.000005618054,-53029.669078565785,305.365782655218
16045000,32090.00000562009,-52428.59693928968,295.79462874360297
16050000,32100.00000562213,-52731.83960255509,298.76481991984735
16055000,32110.000005624166,-53535.5213771477,300.10261874894775
16060000,32120.000005626203,-52375.8235423975,297.3275908810824
16065000,32130.00000562824,-52703.213245038816,298.2079895627055
16070000,32140.000005630278,-53335.186218222516,300.5297463178204
16075000,32150.000005632315,-53470.463339537964,300.9229598955029
16080000,32160.000005634352,-52693.45666427986,296.3035265314417
16085000,32170.00000563639,-52951.648870060686,294.9273485417686
16090000,32180.000005638427,-53150.35245128829,291.11829125241815
16095000,32190.000005640464,-53097.53732210773,300.63692291356676
16100000,32200.0000056425,-52484.23901931796,297.56392152592616
16105000,32210.00000564454,-52748.356633395364,293.79314839266146
16110000,32220.000005646576,-53364.289613606496,292.4690653386553
16115000,32230.000005648613,-52744.29488044334,294.0856125114216
16120000,32240.00000565065,-52940.0318089684,301.2802332086367
16125000,32250.000005652688,-53109.70252573755,290.9142123744497
16130000,32260.000005654725,-52878.60953620277,294.3791058920595
16135000,32270.000005656762,-52596.55833386941,303.32584180009763
16140000,32280.0000056588,-52750.42434443196,292.01821735711565
16145000,32290.000005660837,-53317.991446181084,301.22529225791914
16150000,32300.000005662874,-53354.3806444699,293.80667795588664
16155000,32310.00000566491,-53132.04011078933,295.5977584735154
16160000,32320.00000566695,-52913.00177892612,298.3536636402252
16165000,32330.000005668986,-53057.85117958783,300.41675793347014
16170000,32340.000005671023,-53030.262339366745,298.71486551583297
16175000,32350.00000567306,-52911.97983599402,293.04586318926016
16180000,32360.000005675098,-52931.75964180066,311.84528686868737
16185000,32370.000005677135,-53137.4102565292,294.8132144562486
16190000,32380.000005679172,-52634.497149368166,295.2844484125433
16195000,32390.00000568121,-52896.641722449334,303.8944504141522
16200000,32400.000005683247,-53232.8143009207,304.285251635118
16205000,32410.000005685284,-53259.40456484523,295.5645881318549
16210000,32420.00000568732,-52845.19282220429,297.4602206121836
16215000,32430.00000568936,-52774.0145965502,302.09890235494646
16220000,32440.000005691396,-53106.78969607985,298.084290446574
16225000,32450.000005693433,-53024.051203118084,295.7537190537831
16230000,32460.00000569547,-52717.69224316918,296.4011652778783
16235000,32470.000005697508,-52792.02861821689,301.56595067283746
16240000,32480.000005699545,-52731.265246116964,301.1049239294039
16245000,32490.000005701582,-52877.344791183685,305.4438091925931
16250000,32500.00000570362,-52756.42938317056,302.211732439216
16255000,32510.000005705657,-52831.38027563822,305.01479517207486
16260000,32520.000005707694,-53049.357135802304,293.85547064094425
16265000,32530.00000570973,-52768.23173251966,295.5266128531699
16270000,32540.00000571177,-53016.34175778116,296.39459196390294
16275000,32550.000005713806,-53281.499355286796,296.0379072000429
16280000,32560.000005715843,-53004.7789633809,298.7688140172701
16285000,32570.00000571788,-52833.716995186725,298.9085607637426
16290000,32580.000005719918,-52624.00439146755,298.99229677985903
16295000,32590.000005721955,-52779.020383196534,301.0214090435253
16300000,32600.000005723992,-52949.51437417246,297.47521397863954
16305000,32610.00000572603,-52838.25987704535,303.4708086427853
16310000,32620.000005728067,-53216.90421465141,293.83033309236106
16315000,32630.000005730104,-52949.497660820925,307.34074707874134
16320000,32640.00000573214,-53441.62113895116,289.9435273737056
16325000,32650.00000573418,-53250.287091023085,302.33173433016
16330000,32660.000005736216,-53048.72419580491,298.44420046604256
16335000,32670.000005738253,-52797.25652990141,298.5112600891224
16340000,32680.00000574029,-53409.69790371059,296.4023272649939
16345000,32690.000005742328,-52643.862913850375,300.77955613827714
16350000,32700.000005744365,-52964.43211396583,292.458125819521
16355000,32710.000005746402,-52868.06657528912,297.53758041881275
16360000,32720.00000574844,-53130.58157911571,297.60337922724193
16365000,32730.000005750477,-52379.03211244795,299.98571122021804
16370000,32740.000005752514,-52586.57151880744,302.46051139190536
16375000,32750.00000575455,-52760.49894905399,304.49667833415515
16380000,32760.00000575659,-53215.84660540824,299.0008751582912
16385000,32770.00000575862,-52774.12458022256,296.481727696861
16390000,32780.00000576066,-52477.675055384956,303.1785247558149
16395000,32790.0000057627,-53113.564520384185,295.50967417210234
16400000,32800.000005764734,-52776.76753589875,296.86049470307114
16405000,32810.00000576677,-52949.95783174742,291.4122234350374
16410000,32820.00000576881,-53059.3810532582,295.08758904867665
16415000,32830.000005770846,-53111.05961299362,283.90836469707597
16420000,32840.00000577288,-52889.83431480726,295.2783774016711
16425000,32850.00000577492,-52889.02854402448,304.46958240085695
16430000,32860.00000577696,-53178.48122779856,305.9919525623469
16435000,32870.000005778995,-53156.07421148132,305.92524160409965
16440000,32880.00000578103,-53057.919625516515,303.9729417322052
16445000,32890.00000578307,-52920.66531592654,294.64864332794906
16450000,32900.00000578511,-52923.12982497219,299.16733305482444
16455000,32910.000005787144,-53297.83228123572,299.5666414776762
16460000,32920.00000578918,-52606.68930713952,296.15652736315843
16465000,32930.00000579122,-52693.57884621355,296.3441658121171
16470000,32940.000005793256,-53008.111323758785,290.27462394032386
16475000,32950.00000579529,-52946.46438090326,307.0185373708793
16480000,32960.00000579733,-53091.83765186716,297.576381520685
16485000,32970.00000579937,-53075.14871754777,298.9233818977229
16490000,32980.000005801405,-52887.02204977351,292.2966093673013
16495000,32990.00000580344,-53095.573766388494,296.94083698072893
16500000,33000.00000580548,-52938.218584691116,297.7078998395929
16505000,33010.00000580752,-53085.13400968516,300.952951623721
16510000,33020.000005809554,-52881.251599633804,295.054484052607
16515000,33030.00000581159,-53174.267878154584,292.4446573574534
16520000,33040.00000581363,-52846.233262286056,305.0997827703016
16525000,33050.000005815666,-52880.10685828002,299.3613782437438
16530000,33060.0000058177,-53454.449069721246,300.5422826085403
16535000,33070.00000581974,-52941.21247989868,301.39321775807656
16540000,33080.00000582178,-52853.31376840916,295.093384525481
16545000,33090.000005823815,-52701.69578805112,297.855791498689
16550000,33100.00000582585,-53151.30131066544,302.41603676215976
16555000,33110.00000582789,-52900.54991226329,307.4095668062636
16560000,33120.00000582993,-52616.09155020179,294.4672408498837
16565000,33130.000005831964,-52785.76516003968,304.45760884817855
16570000,33140.000005834,-52767.65181982826,297.677672835003
16575000,33150.00000583604,-53148.60399582761,301.6593510269415
16580000,33160.000005838076,-52714.207983232685,290.8145458013814
16585000,33170.00000584011,-52579.88459010536,304.34753471262184
16590000,33180.00000584215,-52957.52911055728,298.9422635883307
16595000,33190.00000584419,-52951.07365187278,295.3774614615599
16600000,33200.000005846225,-53140.56588841311,303.1094667134807
16605000,33210.00000584826,-52926.44380796887,301.00997325343917
16610000,33220.0000058503,-53050.24165452286,296.82849922109045
16615000,33230.00000585234,-52991.116509222775,295.06092161387545
16620000,33240.000005854374,-53081.123808379954,295.0169586665953
16625000,33250.00000585641,-52955.683345213154,298.75732504811333
16630000,33260.00000585845,-52902.471715051186,291.1248124041846
16635000,33270.000005860486,-52861.4832535515,296.82720626414016
16640000,33280.00000586252,-53335.505509270035,293.8642975481807
16645000,33290.00000586456,-52998.525008405355,295.36161251819095
16650000,33300.0000058666,-52877.568739577255,299.919084842735
16655000,33310.000005868635,-52929.36908317407,301.2555359816741
16660000,33320.00000587067,-52793.2517199353,301.3481210638152
16665000,33330.00000587271,-52755.14765213174,297.0057991586935
16670000,33340.00000587475,-53013.50739703476,306.8909017655207
16675000,33350.000005876784,-52980.22367216242,299.05351839030646
16680000,33360.00000587882,-52923.352700775344,302.040025681995
16685000,33370.00000588086,-52834.50066836132,297.15455232603716
16690000,33380.000005882895,-52732.166754081525,301.0342073505681
16695000,33390.00000588493,-52770.57788443941,301.4798835832833
16700000,33400.00000588697,-53064.19991236704,304.2876552352108
16705000,33410.00000588901,-52929.01400947868,299.91783596166215
16710000,33420.000005891045,-52753.694590403,301.27587566635333
16715000,33430.00000589308,-52744.50579914925,298.19111688065755
16720000,33440.00000589512,-52378.45590021735,297.77479456077543
16725000,33450.00000589716,-52946.393812088965,298.9221568177847
16730000,33460.000005899194,-52851.02110401794,299.15336653300176
16735000,33470.00000590123,-53085.437434966734,297.541032980484
16740000,33480.00000590327,-53151.21815700547,301.81227741629056
16745000,33490.000005905305,-53180.93216303378,298.3278519441869
16750000,33500.00000590734,-53098.206622091006,305.07843798344186
16755000,33510.00000590938,-52892.246493024606,290.63453690919863
16760000,33520.00000591142,-52938.109545293,303.6609986776482
16765000,33530.000005913455,-53021.12246572788,303.103820220068
16770000,33540.00000591549,-52998.745158854785,296.72916010713016
16775000,33550.00000591753,-53161.327423272916,294.9709612533867
16780000,33560.000005919566,-52662.13158599564,300.88723654236423
16785000,33570.0000059216,-52809.18788399466,293.95561261679086
16790000,33580.00000592364,-52502.9998643249,299.47189963923137
16795000,33590.00000592568,-52872.48419516662,298.95114403757907
16800000,33600.000005927715,-53132.31800582903,293.56305207071233
16805000,33610.00000592975,-53155.34052369892,296.47963195559794
16810000,33620.00000593179,-53265.11760031653,300.35514742873636
16815000,33630.00000593383,-52729.269510602375,296.1156274291553
16820000,33640.000005935864,-53118.380567847256,304.54123743392796
16825000,33650.0000059379,-53444.14122062153,299.57808737789264
16830000,33660.00000593994,-53167.079893773946,298.79749825126476
16835000,33670.000005941976,-52929.48398918129,302.29842043650365
16840000,33680.00000594401,-53298.718725299696,301.02606706836735
16845000,33690.00000594605,-52655.1570011233,305.8208611930978
16850000,33700.00000594809,-53069.44718562599,295.10183076548554
16855000,33710.000005950125,-53287.909699396376,298.16102802565683
16860000,33720.00000595216,-53515.80892811471,307.4868654316185
16865000,33730.0000059542,-53450.78329003934,295.429927885943
16870000,33740.00000595624,-53127.40812443083,303.5163018509865
16875000,33750.000005958274,-53026.14682714053,298.69271288388427
16880000,33760.00000596031,-52839.94305107629,296.89133600124654
16885000,33770.00000596235,-52769.33789712188,296.6952344489408
16890000,33780.000005964386,-53159.519070379494,300.763765607431
16895000,33790.00000596642,-52496.67627131831,308.8134896920444
16900000,33800.00000596846,-52966.39385028978,303.3828639054803
16905000,33810.0000059705,-52802.537278134725,304.91340901784616
16910000,33820.000005972535,-53093.00946200549,297.8462809593013
16915000,33830.00000597457,-52768.0886524698,297.84764824888066
16920000,33840.00000597661,-53071.16377766998,296.94318831612264
16925000,33850.00000597865,-52862.63445278356,292.1724636337726
16930000,33860.000005980684,-52892.705398094055,300.5696445870434
16935000,33870.00000598272,-52905.4083942303,305.57655758796307
16940000,33880.00000598476,-53112.68435347051,299.4458792554309
16945000,33890.000005986796,-52962.39706630213,287.33683093603753
16950000,33900.00000598883,-53173.75620993247,297.9388712134871
16955000,33910.00000599087,-52986.203354592784,292.99915311434864
16960000,33920.00000599291,-53113.873765957804,299.6829476898686
16965000,33930.000005994945,-52980.14790297169,301.06065543056224
16970000,33940.00000599698,-53125.85235715791,291.5780539265991
16975000,33950.00000599902,-52866.299333113246,297.48144903473565
16980000,33960.00000600106,-52623.32022014237,299.2570923224916
16985000,33970.000006003094,-52874.10200076774,293.99918009146955
16990000,33980.00000600513,-52992.02959654323,294.33497499313535
16995000,33990.00000600717,-53428.70432061382,302.5039385059785
17000000,34000.000006009206,-53149.768648010824,294.7164470226964
17005000,34010.00000601124,-53026.283871507185,294.9142115748095
17010000,34020.00000601328,-53203.68145058528,297.4520853085255
17015000,34030.00000601532,-53171.511638443975,298.62548366525715
17020000,34040.000006017355,-52496.364893385035,296.5221452869093
17025000,34050.00000601939,-52923.09008912006,292.43558843270347
17030000,34060.00000602143,-52923.351426538546,298.06194227671136
17035000,34070.00000602347,-53151.260932724224,306.82320607443324
17040000,34080.000006025504,-52834.6848655724,294.9464155645494
17045000,34090.00000602754,-52741.59966731514,293.21389664330496
17050000,34100.00000602958,-52880.75456779706,297.22756892906784
17055000,34110.000006031616,-52972.75148132851,294.6545165092841
17060000,34120.00000603365,-52846.13238993817,297.40636382999605
17065000,34130.00000603569,-53007.840439846914,299.4131039422634
17070000,34140.00000603773,-52467.619985854806,304.4423527420153
17075000,34150.000006039765,-52938.312237872626,299.88483986696684
17080000,34160.0000060418,-53365.04928402143,299.25683165460237
17085000,34170.00000604384,-53156.52451610862,287.82634475829025
17090000,34180.00000604588,-52908.13460820884,300.0713179661736
17095000,34190.000006047914,-52879.6940225806,303.9720332061154
17100000,34200.00000604995,-52930.45184818708,296.3013075858517
17105000,34210.00000605199,-52850.05492213613,303.24137654857316
17110000,34220.000006054026,-52815.314290396054,295.4384517620456
17115000,34230.00000605606,-53011.053800508234,299.16818010743486
17120000,34240.0000060581,-53023.594271725655,299.8348482156412
17125000,34250.00000606014,-53207.6606191762,293.35045599611124
17130000,34260.000006062175,-52906.863645655365,294.3667209877567
17135000,34270.00000606421,-53201.57878607596,303.30290227602495
17140000,34280.00000606625,-52945.435196196195,305.1560935751044
17145000,34290.00000606829,-52982.76152926113,296.2616786531272
17150000,34300.000006070324,-53079.9769939112,298.07442927795967
17155000,34310.00000607236,-52754.086900662514,292.1458545319127
17160000,34320.0000060744,-52765.31674107583,297.6198759500653
17165000,34330.000006076436,-53202.2345703764,296.8810171864155
17170000,34340.00000607847,-52828.443857486476,290.9726657727461
17175000,34350.00000608051,-52924.714282669855,302.41373974073963
17180000,34360.00000608255,-53090.024904502,293.08794726619567
17185000,34370.000006084585,-53145.780161929,309.2674353109613
17190000,34380.00000608662,-53426.03215991138,298.17376480378846
17195000,34390.00000608866,-52861.196318071336,291.45896787377717
17200000,34400.0000060907,-53199.46477557538,300.3025461105982
17205000,34410.000006092734,-53317.533521631354,299.8671005089651
17210000,34420.00000609477,-53233.59159348102,292.8059123107795
17215000,34430.00000609681,-53278.1689000421,292.9282392442902
17220000,34440.000006098846,-52935.59509087319,292.42038605521304
17225000,34450.00000610088,-53188.95519885165,300.6925199495468
17230000,34460.00000610292,-53210.072802827635,288.6893721542986
17235000,34470.00000610496,-53136.964100102545,305.80137879095537
17240000,34480.000006106995,-53333.29918233282,301.1695443971394
17245000,34490.00000610903,-52529.005088935606,298.24509958535083
17250000,34500.00000611107,-52835.184224987635,296.1647536050842
17255000,34510.00000611311,-53139.74415645137,297.42793892785755
17260000,34520.000006115144,-52992.17599191054,294.3142306465995
17265000,34530.00000611718,-52366.90720764588,297.7508309956942
17270000,34540.00000611922,-53436.967640842544,297.70432778441267
17275000,34550.000006121256,-53220.30140855751,301.9768264155002
17280000,34560.00000612329,-52803.95753278531,295.14541719641863
17285000,34570.00000612533,-53133.7911227931,296.4887398644461
17290000,34580.00000612737,-53245.067655413266,303.3894330156406
17295000,34590.000006129405,-52976.6149053867,301.11054973388497
17300000,34600.00000613144,-52828.60369910588,297.4942090949222
17305000,34610.00000613348,-52861.66041422682,297.33899160110747
17310000,34620.00000613552,-52957.63115591009,297.2575849832364
17315000,34630.000006137554,-52899.418533222924,301.02289013104877
17320000,34640.00000613959,-52921.18700777413,300.0469332927632
17325000,34650.00000614163,-52584.26747978537,295.3237152161316
17330000,34660.000006143666,-53224.33300074583,306.56750033285283
17335000,34670.0000061457,-52995.829133594234,302.08649738493295
17340000,34680.00000614774,-53181.85549641034,297.0393522442952
17345000,34690.00000614978,-53070.804178046266,301.92140430008743
17350000,34700.000006151815,-53071.30092819495,298.65916653915053
17355000,34710.00000615385,-53413.42039731942,290.7699307013665
17360000,34720.00000615589,-52976.86664044179,291.38595415090043
17365000,34730.00000615793,-53130.05291506738,286.7574240876994
17370000,34740.000006159964,-52608.899946771446,296.79782607398107
17375000,34750.000006162,-52594.74829558001,295.72271105335903
17380000,34760.00000616404,-53009.24980876624,299.5125497043126
17385000,34770.000006166076,-52820.882551469724,295.8401264922688
17390000,34780.00000616811,-53296.78221088025,295.7284565425531
17395000,34790.00000617015,-52856.6034683983,298.37036225457757
17400000,34800.00000617219,-52967.704817320366,297.8809280956372
17405000,34810.000006174225,-52581.4898061548,298.49177649350247
17410000,34820.00000617626,-52685.85850209618,295.82708575184233
17415000,34830.0000061783,-52778.62496062188,295.36156462924146
17420000,34840.00000618034,-52446.7231907456,295.65379592303066
17425000,34850.000006182374,-53054.336691885226,294.47432004142235
17430000,34860.00000618441,-52858.07176037214,295.1042737521269
17435000,34870.00000618645,-52831.01663182274,306.4519477493012
17440000,34880.000006188486,-53295.12823252939,300.1268427019513
17445000,34890.00000619052,-52590.10505095404,299.0265275205568
17450000,34900.00000619256,-52926.49523777724,291.33610046082606
17455000,34910.0000061946,-52889.98735414015,298.44664690976015
17460000,34920.000006196635,-53110.95952013397,298.94489757801637
17465000,34930.00000619867,-52435.83017787794,296.8470916443556
17470000,34940.00000620071,-53049.855538999574,296.4573538002867
17475000,34950.00000620275,-52815.092972361075,298.72950406481544
17480000,34960.000006204784,-52993.678922223364,304.6833495713475
17485000,34970.00000620682,-53266.23554373905,293.1350309388317
17490000,34980.00000620886,-52764.7279483756,302.1664339518785
17495000,34990.000006210896,-52797.000281512155,300.4822284599687
17500000,35000.00000621293,-53000.615642564895,299.32869784669225
17505000,35010.00000621497,-53327.11953782165,303.304976798515
17510000,35020.00000621701,-53107.83457164874,291.0512927873397
17515000,35030.000006219045,-52782.94100261488,304.17956671842364
17520000,35040.00000622108,-53030.085040700884,293.8056976202331
17525000,35050.00000622312,-53058.16748195913,297.75063624111164
17530000,35060.00000622516,-52870.56712882937,290.0664117239888
17535000,35070.000006227194,-52814.701844370284,298.0707178043503
17540000,35080.00000622923,-52916.51988830275,305.5498770616071
17545000,35090.00000623127,-53234.59967057887,296.59604318778827
17550000,35100.000006233306,-52869.589310278534,305.9167223727051
17555000,35110.00000623534,-52820.33958201899,300.1954446495134
17560000,35120.00000623738,-53055.500940085156,296.5450287123488
17565000,35130.00000623942,-53264.10100101211,306.6090981696937
17570000,35140.000006241455,-52775.347389582195,302.5337134025361
17575000,35150.00000624349,-52505.06523082705,298.82949555275843
17580000,35160.00000624553,-53263.80213003766,299.897717752201
17585000,35170.00000624757,-52493.660042436386,287.9654119574739
17590000,35180.000006249604,-53131.93703999242,303.44173335718597
17595000,35190.00000625164,-53053.175146877824,286.9773253654872
17600000,35200.00000625368,-53361.49569294171,299.7116603639304
17605000,35210.000006255716,-53000.59649750174,300.3296377653908
17610000,35220.00000625775,-53340.403091305954,296.38507393228326
17615000,35230.00000625979,-53055.30277879807,291.48427231083804
17620000,35240.00000626183,-52958.58040756424,298.54517320656566
17625000,35250.000006263865,-52767.67976918549,295.6856253842217
17630000,35260.0000062659,-52833.22955582151,299.8038341370906
17635000,35270.00000626794,-53124.0619037922,292.7438176228145
17640000,35280.00000626998,-52969.03509018774,297.1037629304392
17645000,35290.000006272014,-52675.98899253129,306.6635772005435
17650000,35300.00000627405,-52851.616208059946,287.327588125917
17655000,35310.00000627609,-52739.939034646144,299.4643927351072
17660000,35320.000006278126,-53297.61943453399,294.46271091764936
17665000,35330.00000628016,-53182.64218197481,295.1102722098725
17670000,35340.0000062822,-53103.788800304144,293.69251536834224
17675000,35350.00000628424,-52992.8806103993,299.06258947355485
17680000,35360.000006286275,-52911.25779367861,301.2579423282679
17685000,35370.00000628831,-52540.876184519555,306.7384235780711
17690000,35380.00000629035,-52999.84527050439,293.76546536795564
17695000,35390.00000629239,-52887.67790716904,294.4691191934497
17700000,35400.000006294424,-53223.07357336578,298.17961069708514
17705000,35410.00000629646,-53114.121234615246,296.23916050961833
17710000,35420.0000062985,-52936.917883891874,302.50364365092025
17715000,35430.000006300535,-53079.889957645355,292.94325178803064
17720000,35440.00000630257,-52545.382498909545,300.88422003665545
17725000,35450.00000630461,-53171.37178299992,292.1384524747143
17730000,35460.00000630665,-53033.221128387115,292.0601072518056
17735000,35470.000006308685,-53374.91928436933,301.0069898010457
17740000,35480.00000631072,-52860.75886245133,298.1639226346851
17745000,35490.00000631276,-53020.80748899322,298.7091224799774
17750000,35500.000006314796,-52841.89413108502,296.4230150824238
17755000,35510.00000631683,-53160.913850624,288.52681482121386
17760000,35520.00000631887,-53016.35035884328,301.69384807694894
17765000,35530.00000632091,-53107.09276801959,298.8486436563396
17770000,35540.000006322945,-52856.93784413475,301.74935639981607
17775000,35550.00000632498,-52838.603632014245,298.47863872441735
17780000,35560.00000632702,-52628.331384685705,293.48962469428193
17785000,35570.00000632906,-52904.5105700001,293.73587754386324
17790000,35580.000006331094,-52559.402230818756,308.6839757004022
17795000,35590.00000633313,-52978.83677050733,299.6562074459656
17800000,35600.00000633517,-53054.75625050726,297.30859827410774
17805000,35610.000006337206,-52741.71593494766,297.18870854967014
17810000,35620.00000633924,-52922.76346168286,288.67200835018446
17815000,35630.00000634128,-53051.16851856306,296.93349286790385
17820000,35640.00000634332,-53150.49940556154,300.30287943054964
17825000,35650.000006345355,-52941.15646070911,301.3832378700147
17830000,35660.00000634739,-52643.96457242605,304.2861311668206
17835000,35670.00000634943,-53306.2422646895,298.4072640982728
17840000,35680.00000635147,-53099.69348518719,291.8198888045442
17845000,35690.000006353504,-52710.42603386205,294.66285718560385
17850000,35700.00000635554,-52955.595870045276,300.50042256920085
17855000,35710.00000635758,-52891.136239122105,300.29728974811263
17860000,35720.000006359616,-52932.65309561175,300.54870699708067
17865000,35730.00000636165,-53634.09466565377,298.30499061707803
17870000,35740.00000636369,-52881.7967235315,302.4414898931713
17875000,35750.00000636573,-53094.46360470125,302.35867215042197
17880000,35760.000006367765,-52892.36218708998,298.9565985344424
17885000,35770.0000063698,-52989.575261571794,298.7163339579008
17890000,35780.00000637184,-52790.240723394876,291.45006243524153
17895000,35790.00000637388,-52704.195845276234,291.10509447352706
17900000,35800.000006375914,-53249.49349223255,295.60635661696426
17905000,35810.00000637795,-52725.325350885425,302.29944332570136
17910000,35820.00000637999,-52768.503476309124,297.20764274382805
17915000,35830.000006382026,-53235.964802319475,304.3840932466917
17920000,35840.00000638406,-52874.16471872933,295.4215966211967
17925000,35850.0000063861,-52737.111187829345,293.2801635811634
17930000,35860.00000638814,-52898.484131276666,304.254840427274
17935000,35870.000006390175,-53512.91232899774,305.89474134866384
17940000,35880.00000639221,-52546.12106990954,296.0051182068381
17945000,35890.00000639425,-53234.60030569704,296.7466453541182
17950000,35900.00000639629,-52970.050575288566,300.2155441147198
17955000,35910.000006398324,-52889.993588952726,290.20245119998026
17960000,35920.00000640036,-52892.16436980522,306.2096954310549
17965000,35930.0000064024,-52847.64251508759,302.04870357909044
17970000,35940.000006404436,-53338.56849910479,301.46111905699115
17975000,35950.00000640647,-52938.35660424596,295.3409287268078
17980000,35960.00000640851,-52877.231523947965,302.441844712611
17985000,35970.00000641055,-53023.12181545593,299.9198596489067
17990000,35980.000006412585,-53209.058815023745,295.6743004779232
17995000,35990.00000641462,-53001.47246790514,298.1446921460527
18000000,36000.00000641666,-53161.46520922976,306.55546753545605
18005000,36010.0000064187,-52876.16359658897,297.8243978792167
18010000,36020.000006420734,-52873.016663846676,301.56012247135817
18015000,36030.00000642277,-52636.88033000866,291.4570046887775
18020000,36040.00000642481,-53491.52957978542,296.67132794635336
18025000,36050.000006426846,-53337.99449104868,312.8165927516512
18030000,36060.00000642888,-53161.04539864286,306.5247337544817
18035000,36070.00000643092,-52872.053946898406,297.94807431155823
18040000,36080.00000643296,-52504.87496136036,297.7443862037117
18045000,36090.000006434995,-52947.25855280974,298.83551993110046
18050000,36100.00000643703,-52761.83431879114,294.16877272649197
18055000,36110.00000643907,-53081.91316834363,300.90247053188045
18060000,36120.00000644111,-52895.345647810085,295.37416893903276
18065000,36130.000006443144,-53058.53918373241,305.7628033039056
18070000,36140.00000644518,-52955.60218795983,299.015118043062
18075000,36150.00000644722,-53118.26538750116,299.23145524357034
18080000,36160.000006449256,-53048.22251599276,297.39578571247284
18085000,36170.00000645129,-52916.44380554836,299.17296670531766
18090000,36180.00000645333,-52694.264871499385,295.7051071161875
18095000,36190.00000645537,-53284.812526605994,296.7373960613217
18100000,36200.000006457405,-52650.857606696285,299.59806152901314
18105000,36210.00000645944,-53186.111131958955,291.4920261526709
18110000,36220.00000646148,-53461.454884712235,300.167007620676
18115000,36230.00000646352,-53194.67508491734,302.3628764208942
18120000,36240.000006465554,-53000.853480056365,301.4591811843437
18125000,36250.00000646759,-52903.73754334409,295.86937583724847
18130000,36260.00000646963,-52905.84033194263,300.8030650973399
18135000,36270.000006471666,-53105.18755533744,300.6599617403408
18140000,36280.0000064737,-52841.13159114373,295.73817872228216
18145000,36290.00000647574,-53239.12622650937,294.79463143870527
18150000,36300.00000647778,-52960.11272904984,304.39558548755673
18155000,36310.000006479815,-53030.83803059964,296.4358784523882
18160000,36320.00000648185,-53058.224964611116,299.23009862443354
18165000,36330.00000648389,-52912.45231074834,300.06157422180615
18170000,36340.00000648593,-53314.89939869288,295.80429884566604
18175000,36350.000006487964,-52876.0728753538,304.3309224022211
18180000,36360.00000649,-52979.15577569656,299.6309726504534
18185000,36370.00000649204,-53361.35457368946,298.6881713737984
18190000,36380.000006494076,-53290.211028849735,289.94425267407917
18195000,36390.00000649611,-52814.70943164316,313.6188604197632
18200000,36400.00000649815,-53389.31005425862,301.4281981621032
18205000,36410.00000650019,-52713.19526866631,292.78995019813385
18210000,36420.000006502225,-53386.50218190349,294.43002886858307
18215000,36430.00000650426,-52979.44065954082,302.8480187006301
18220000,36440.0000065063,-53345.986836364376,295.19098595324584
18225000,36450.00000650834,-53137.70491887655,299.76080392827856
18230000,36460.000006510374,-53199.623429314786,296.8731034094275
18235000,36470.00000651241,-52490.85053912239,306.1040862742716
18240000,36480.00000651445,-53177.59534492128,299.5247296861161
18245000,36490.000006516486,-53159.26393743031,299.85185137968153
18250000,36500.00000651852,-52922.17061915324,303.0462400018374
18255000,36510.00000652056,-52528.01691878162,298.9757693329634
18260000,36520.0000065226,-53026.01439192676,300.3481324637021
18265000,36530.000006524635,-53245.50919207296,298.61982588192296
18270000,36540.00000652667,-52878.706501279434,302.4709148678489
18275000,36550.00000652871,-52631.239154615905,289.70382870554914
18280000,36560.00000653075,-53294.7178401853,299.49631343273194
18285000,36570.000006532784,-52980.91211022355,295.5362165082925
18290000,36580.00000653482,-53042.63319723413,299.17260750924936
18295000,36590.00000653686,-53054.91635887604,300.047563094953
18300000,36600.000006538896,-53216.13050609734,302.47776459996226
18305000,36610.00000654093,-53068.348284678505,297.4624559149876
18310000,36620.00000654297,-53053.81914480272,298.7047300347014
18315000,36630.00000654501,-52655.685978402325,293.9645575986438
18320000,36640.000006547045,-53437.37952172989,303.7858430823966
18325000,36650.00000654908,-52771.20485803834,297.31117981781694
18330000,36660.00000655112,-52713.01358997726,303.75454856796205
18335000,36670.00000655316,-53284.62876929768,288.9210031746209
18340000,36680.000006555194,-52602.5348125881,301.56035258514214
18345000,36690.00000655723,-53104.510210831126,299.7633054777842
18350000,36700.00000655927,-52645.32431614405,293.49776580694436
18355000,36710.000006561306,-52873.562146862416,293.37262717640886
18360000,36720.00000656334,-53030.414953552885,296.2572567941879
18365000,36730.00000656538,-52597.93206572207,303.36754595824186
18370000,36740.00000656742,-52827.61283717706,303.75329095100994
18375000,36750.000006569455,-52907.75703869766,300.6722553165378
18380000,36760.00000657149,-53016.320406147686,294.9310186314214
18385000,36770.00000657353,-53032.842100594135,302.20983159721135
18390000,36780.00000657557,-53209.98964872904,299.74405679548397
18395000,36790.000006577604,-53025.75755640952,296.97525774463384
18400000,36800.00000657964,-52908.41048244943,304.3766231487971
18405000,36810.00000658168,-53219.19876349773,298.76034948088284
18410000,36820.000006583716,-52979.73136696502,297.6954382663722
18415000,36830.00000658575,-53039.545415601606,297.14643707691107
18420000,36840.00000658779,-53074.924608380796,295.00238968809253
18425000,36850.00000658983,-52696.94959879969,292.99158367642957
18430000,36860.000006591865,-53182.624885273515,304.6144794409797
18435000,36870.0000065939,-52784.828222224634,297.8328415429429
18440000,36880.00000659594,-53025.949653095944,300.76197655920794
18445000,36890.00000659798,-52785.66658430366,296.36460379823325
18450000,36900.000006600014,-52945.542918074236,302.3695955096641
18455000,36910.00000660205,-52928.94297117018,292.80976185721084
18460000,36920.00000660409,-52626.89692536031,296.885420338188
18465000,36930.000006606126,-52587.02733034227,302.62485479950146
18470000,36940.00000660816,-52662.031083304406,305.541663573304
18475000,36950.0000066102,-53166.54992058888,293.243395149461
18480000,36960.00000661224,-53176.69172634272,292.0980963664871
18485000,36970.000006614275,-52957.10841079743,299.12982637179726
18490000,36980.00000661631,-53111.35271986996,305.78951219329394
18495000,36990.00000661835,-53078.64392332552,302.2283527152528
18500000,37000.00000662039,-53169.01018587465,299.3220994210248
18505000,37010.000006622424,-53018.140415273316,295.8072132943938
18510000,37020.00000662446,-52842.590344430006,309.8497550096047
18515000,37030.0000066265,-53124.47990569094,301.7140613271754
18520000,37040.000006628536,-53068.78512340094,297.3337397806377
18525000,37050.00000663057,-52895.87027128035,297.6462719832787
18530000,37060.00000663261,-53242.054687647,303.55426434782345
18535000,37070.00000663465,-52569.10068015719,301.7310084967762
18540000,37080.000006636685,-53163.48886059251,304.01364879416434
18545000,37090.00000663872,-52663.05081000988,304.4053310622756
18550000,37100.00000664076,-52804.455575870554,300.4161624024772
18555000,37110.0000066428,-52580.19355502413,294.69080861626014
18560000,37120.000006644834,-52755.33821354684,296.1360371031757
18565000,37130.00000664687,-53048.67157459134,293.4368866283484
18570000,37140.00000664891,-52661.56523408677,293.4960946824674
18575000,37150.000006650946,-53016.71345418383,294.09217598353115
18580000,37160.00000665298,-53298.88986945106,303.6082471737932
18585000,37170.00000665502,-53223.055823975505,294.3200325394697
18590000,37180.00000665706,-53246.16505016232,300.2383622702006
18595000,37190.000006659095,-52758.69442724832,297.04387772958796
18600000,37200.00000666113,-53104.5083711202,301.98136935588934
18605000,37210.00000666317,-53201.815056015446,296.2688330052676
18610000,37220.00000666521,-53165.794251397485,294.17225765227977
18615000,37230.000006667244,-52979.14047135762,300.0530905202561
18620000,37240.00000666928,-53236.28917983762,298.3858755867084
18625000,37250.00000667132,-52806.29731286934,301.494486553278
18630000,37260.000006673356,-53367.2877462013,299.15350892475016
18635000,37270.00000667539,-53212.6940785207,295.1104554293721
18640000,37280.00000667743,-52847.6137940996,300.84717512880167
18645000,37290.00000667947,-53061.652531557425,305.60537387288423
18650000,37300.000006681505,-52572.108936564415,294.974913689591
18655000,37310.00000668354,-53385.09045159101,292.9438171362072
18660000,37320.00000668558,-53121.75507142971,307.75300422075236
18665000,37330.00000668762,-53205.5161076838,295.6227187552862
18670000,37340.000006689654,-52821.19054572747,297.7269507078317
18675000,37350.00000669169,-52959.743817644485,299.0076940777545
18680000,37360.00000669373,-53162.7836487811,300.81437147015913
18685000,37370.000006695765,-53182.741877961846,290.8330602382729
18690000,37380.0000066978,-52832.239842510346,301.525853118004
18695000,37390.00000669984,-52942.6986672066,296.07748206523786
18700000,37400.00000670188,-52674.46060723922,300.6079233621123
18705000,37410.000006703915,-53632.91975950883,298.41476333362255
18710000,37420.00000670595,-53174.58497618171,292.15442253655686
18715000,37430.00000670799,-53163.47254439621,297.8416535027271
18720000,37440.000006710026,-53077.22657699115,305.3375006333026
18725000,37450.00000671206,-52635.14031809976,293.55671763862796
18730000,37460.0000067141,-52711.78260704357,298.69416540223403
18735000,37470.00000671614,-53157.58445358422,295.2228284660922
18740000,37480.000006718175,-53114.44917623099,295.2539075702892
18745000,37490.00000672021,-52787.75379068419,296.51017140528245
18750000,37500.00000672225,-52955.71012780856,295.54220218037455
18755000,37510.00000672429,-52876.91075083686,303.59807040979126
18760000,37520.000006726325,-52716.24580271571,298.94832167609235
18765000,37530.00000672836,-52847.598608014,294.23828150326125
18770000,37540.0000067304,-52694.05872641303,293.23191641525517
18775000,37550.000006732436,-53114.49085869538,292.5025675823422
18780000,37560.00000673447,-52927.46490681672,294.88577517231784
18785000,37570.00000673651,-53327.8673480328,293.5905491407163
18790000,37580.00000673855,-53116.77019627375,301.36272696549304
18795000,37590.000006740585,-52944.76264347392,299.94431273165975
18800000,37600.00000674262,-53392.71304227889,296.3568141259646
18805000,37610.00000674466,-52812.6912771379,297.74859808769486
18810000,37620.0000067467,-53002.438939643034,302.60037004438306
18815000,37630.000006748734,-53087.458353249735,288.9883403353738
18820000,37640.00000675077,-53224.53960913577,303.3929937296208
18825000,37650.00000675281,-52965.30212117103,295.6465949149272
18830000,37660.000006754846,-53251.387479372555,300.3162577795877
18835000,37670.00000675688,-53204.04087217568,296.26183296538744
18840000,37680.00000675892,-52712.929725983646,296.724041346632
18845000,37690.00000676096,-52588.459178862744,296.90122330328296
18850000,37700.000006762995,-53173.21709384481,294.19932322189106
18855000,37710.00000676503,-52774.65582033878,300.0245460734
18860000,37720.00000676707,-52817.57729870494,288.55750692357134
18865000,37730.00000676911,-52658.43226659068,296.6665755660816
18870000,37740.000006771144,-53476.77909302307,296.93327277846294
18875000,37750.00000677318,-52856.13264257577,300.21885445256044
18880000,37760.00000677522,-52931.57812125885,304.2009624725984
18885000,37770.000006777256,-53041.02669691533,290.99415647432005
18890000,37780.00000677929,-52781.01705594495,296.73551643481517
18895000,37790.00000678133,-52780.84584852666,294.6995468456343
18900000,37800.00000678337,-53089.85078643233,298.3952549814989
18905000,37810.000006785405,-53132.977740961505,300.3678747098898
18910000,37820.00000678744,-52854.01642946634,297.2904915759571
18915000,37830.00000678948,-53018.46508110853,294.09892034537313
18920000,37840.00000679152,-53259.71870506124,295.85334138679065
18925000,37850.000006793554,-53371.62980011801,304.5040970389158
18930000,37860.00000679559,-52843.460743706906,286.5526769435493
18935000,37870.00000679763,-52882.58401847296,306.08906305621576
18940000,37880.000006799666,-52928.24446394213,292.9582159830332
18945000,37890.0000068017,-52731.17651086635,301.0447096367768
18950000,37900.00000680374,-53356.8242133084,307.4895934027964
18955000,37910.00000680578,-52775.47769150903,308.63084363029407
18960000,37920.000006807815,-53177.84383970036,299.6129633502667
18965000,37930.00000680985,-53389.08279301887,301.6552646825713
18970000,37940.00000681189,-52890.02203930792,300.3646987810882
18975000,37950.00000681393,-52873.84900591479,300.1788690482993
18980000,37960.000006815964,-52604.15373758826,298.1984660372074
18985000,37970.000006818,-52779.42805055439,294.0300332553263
18990000,37980.00000682004,-52770.358790358296,299.4363457780782
18995000,37990.000006822076,-53471.274165224226,301.4697304376789
19000000,38000.00000682411,-52907.8150599777,298.8787784225325
19005000,38010.00000682615,-52992.13047031697,296.0518635817779
19010000,38020.00000682819,-52711.819354613195,302.3625007696662
19015000,38030.000006830225,-53386.38717098898,299.64919297649453
19020000,38040.00000683226,-52834.02936431236,296.1607379550884
19025000,38050.0000068343,-53903.756854602165,295.84219679055605
19030000,38060.00000683634,-52867.0020016552,307.47961417135076
19035000,38070.000006838374,-53151.66632756448,300.2097409280771
19040000,38080.00000684041,-52907.07286929482,285.27872590698024
19045000,38090.00000684245,-52801.222490033164,301.62733181688935
19050000,38100.000006844486,-53006.60610283411,293.86798962778795
19055000,38110.00000684652,-52345.938369783515,297.24654842623363
19060000,38120.00000684856,-53144.98363085842,302.5552930244591
19065000,38130.0000068506,-52956.76499781085,296.9995610429866
19070000,38140.000006852635,-52769.045203514106,301.81309907738637
19075000,38150.00000685467,-53254.07326643146,294.24486010413784
19080000,38160.00000685671,-52963.78538326081,292.1554708008802
19085000,38170.00000685875,-53015.53094647106,293.72917901648543
19090000,38180.000006860784,-53087.533680350316,295.502475148682
19095000,38190.00000686282,-52947.679608380015,298.49797334088765
19100000,38200.00000686486,-53132.472450158384,305.74797867424417
19105000,38210.000006866896,-52787.921881571616,296.35993215110136
19110000,38220.00000686893,-53233.60601044158,300.97313673767553
19115000,38230.00000687097,-53109.85650318678,296.38079604487433
19120000,38240.00000687301,-52797.02710390813,298.95481694984403
19125000,38250.000006875045,-52996.29100989719,302.3177348633062
19130000,38260.00000687708,-53062.38830659143,298.43049793113056
19135000,38270.00000687912,-52991.77383269908,294.10328424551295
19140000,38280.00000688116,-53021.218693984934,299.83865830367137
19145000,38290.000006883194,-53083.2269135924,296.55698076556763
19150000,38300.00000688523,-52969.958395878784,298.5947245644143
19155000,38310.00000688727,-53056.97648860945,306.2677294697091
19160000,38320.000006889306,-52448.47092002857,301.69331994762194
19165000,38330.00000689134,-52829.01913527504,296.38044177968453
19170000,38340.00000689338,-53258.436772902,299.835787116108
19175000,38350.00000689542,-53195.43222322129,297.41491022584967
19180000,38360.000006897455,-52773.77554205392,300.39909191025487
19185000,38370.00000689949,-53096.71778754826,296.865641553074
19190000,38380.00000690153,-53286.65471715495,297.6183275146768
19195000,38390.00000690357,-52951.258589929814,298.15315076510916
19200000,38400.000006905604,-53161.87799840077,297.31810721574345
19205000,38410.00000690764,-53110.69307572537,303.1068706312796
19210000,38420.00000690968,-53474.08590921658,303.6394736559836
19215000,38430.000006911716,-52422.074835699954,298.218734077919
19220000,38440.00000691375,-52697.43358523701,302.0147478224127
19225000,38450.00000691579,-53111.27743078483,300.10293314574665
19230000,38460.00000691783,-52790.56935202211,300.95114010596313
19235000,38470.000006919865,-53023.54687143507,292.9560306982622
19240000,38480.0000069219,-53252.254793306696,301.67762229405685
19245000,38490.00000692394,-53213.21968653111,300.54105564476225
19250000,38500.00000692598,-53147.05654571118,298.6033565492694
19255000,38510.000006928014,-53116.341081626655,303.87823574906963
19260000,38520.00000693005,-52941.00881694665,303.4907458598305
19265000,38530.00000693209,-52639.01511157924,300.1406952820189
19270000,38540.000006934126,-52581.475406119775,302.7067859135355
19275000,38550.00000693616,-52951.7696951259,294.78392300882956
19280000,38560.0000069382,-52567.54130613146,298.1243800074953
19285000,38570.00000694024,-53085.55736715329,301.2009685232162
19290000,38580.000006942275,-52762.64682420189,297.5392297549424
19295000,38590.00000694431,-52879.417348106974,301.7032119481584
19300000,38600.00000694635,-52977.547599963844,301.89889512796026
19305000,38610.00000694839,-53072.170242172404,301.5536204081471
19310000,38620.000006950424,-53258.537761763466,306.86775121799127
19315000,38630.00000695246,-53119.43198205822,300.64990943141544
19320000,38640.0000069545,-53154.16460300551,297.1618979381673
19325000,38650.000006956536,-53112.811738633725,302.012627736465
19330000,38660.00000695857,-52952.835350723064,304.8345306096836
19335000,38670.00000696061,-52755.0931061336,298.40584470186127
19340000,38680.00000696265,-53002.34724524556,299.1117371312733
19345000,38690.000006964685,-52863.05354763812,292.49028408435674
19350000,38700.00000696672,-53145.46417209605,302.0453199779142
19355000,38710.00000696876,-53120.34025628146,293.42355405565377
19360000,38720.0000069708,-52571.599503516976,299.25781570763826
19365000,38730.000006972834,-52459.73531581892,299.3904136393082
19370000,38740.00000697487,-52958.225278687896,297.52859425828376
19375000,38750.00000697691,-53128.99546392998,305.38860767706115
19380000,38760.000006978946,-52810.751841898804,296.2688062144037
19385000,38770.00000698098,-52885.13233031926,297.28115720306926
19390000,38780.00000698302,-52845.01788831051,293.7234416984807
19395000,38790.00000698506,-53156.521202875534,305.7653746284664
19400000,38800.000006987095,-53530.49528322823,295.57336895630397
19405000,38810.00000698913,-52883.91853416525,300.6482168003443
19410000,38820.00000699117,-52671.57216582805,304.945906027885
19415000,38830.00000699321,-52762.84707998307,291.9193149563306
19420000,38840.000006995244,-52911.52407303749,299.77759215016334
19425000,38850.00000699728,-53106.97320346834,292.38479313344556
19430000,38860.00000699932,-52876.63322322123,298.41612531513624
19435000,38870.000007001356,-52946.83360984232,304.0008517842333
19440000,38880.00000700339,-53237.422406214,303.21640996689274
19445000,38890.00000700543,-52857.748714245856,295.24539113189337
19450000,38900.00000700747,-53388.3137109651,306.07676943443175
19455000,38910.000007009505,-52968.598228245624,294.32184186792546
19460000,38920.00000701154,-52738.36369974032,301.46339237020044
19465000,38930.00000701358,-52841.869569288596,299.3855919816284
19470000,38940.00000701562,-52815.3782530062,301.80566000556837
19475000,38950.000007017654,-52467.41337872317,300.4371584249472
19480000,38960.00000701969,-53081.3449308775,305.10161598069067
19485000,38970.00000702173,-52965.559693751944,302.57848326807726
19490000,38980.000007023766,-53438.88128701685,302.15888213755653
19495000,38990.0000070258,-52686.10288936822,293.98238542553787
19500000,39000.00000702784,-52640.834904410236,300.36546641949695
19505000,39010.00000702988,-53227.731005173584,300.3515779627977
19510000,39020.000007031915,-52951.43215992453,294.0329361331102
19515000,39030.00000703395,-52813.10962268981,301.49275153832536
19520000,39040.00000703599,-52922.1223759038,297.91131320449335
19525000,39050.00000703803,-52819.03667303856,297.18743314820335
19530000,39060.000007040064,-52802.88795648917,302.7284611681667
19535000,39070.0000070421,-52528.803481899056,292.74917281530185
19540000,39080.00000704414,-53075.45476886298,298.35739200259957
19545000,39090.000007046176,-53023.7673410647,297.0059253195966
19550000,39100.00000704821,-53035.43492754098,290.2282480006167
19555000,39110.00000705025,-52974.17519780528,296.57355192724845
19560000,39120.00000705229,-53034.410775741795,300.1672971028063
19565000,39130.000007054325,-52982.967027149105,299.1048201206088
19570000,39140.00000705636,-53469.7080996437,299.98375197255007
19575000,39150.0000070584,-53018.12757384009,297.27708249456896
19580000,39160.00000706044,-52589.69631956323,296.0539360315434
19585000,39170.000007062474,-53054.830376115104,291.27911768398656
19590000,39180.00000706451,-53074.89458491144,306.28930189451364
19595000,39190.00000706655,-53244.73472376133,300.8657481136976
19600000,39200.000007068586,-53131.972109558585,295.16392440875507
19605000,39210.00000707062,-53149.93198511511,294.50395566917604
19610000,39220.00000707266,-52942.609949871636,297.6057930730825
19615000,39230.0000070747,-52966.459221444384,296.75419624992816
19620000,39240.000007076735,-52903.703638715495,306.2390115413749
19625000,39250.00000707877,-53084.44837797372,297.9133222594278
19630000,39260.00000708081,-53120.14945640057,299.2663297378982
19635000,39270.00000708285,-52682.06366081722,300.7907452622344
19640000,39280.000007084884,-53545.018770261784,293.76651779162546
19645000,39290.00000708692,-52596.03541652762,295.7686884337619
19650000,39300.00000708896,-53054.26129394857,293.56086387767454
19655000,39310.000007090995,-52901.428053420066,302.71300113621425
19660000,39320.00000709303,-53009.66498019188,302.09332752973717
19665000,39330.00000709507,-52843.60111548452,298.0340127831024
19670000,39340.00000709711,-53359.8957636602,296.79538531806986
19675000,39350.000007099145,-52946.78359064125,299.69873384606046
19680000,39360.00000710118,-52839.79064653814,296.6680272300235
19685000,39370.00000710322,-52685.7764451995,303.9620873276703
19690000,39380.00000710526,-53082.02233464687,299.284100054941
19695000,39390.000007107294,-52926.31596120162,299.5234455267418
19700000,39400.00000710933,-53058.125914543925,301.979696829666
19705000,39410.00000711137,-52671.62642534159,300.2250344385131
19710000,39420.000007113405,-52911.96074183175,304.46620854609705
19715000,39430.00000711544,-52864.931047347316,291.4885272464148
19720000,39440.00000711748,-52837.468412292044,304.52502136671075
19725000,39450.00000711952,-53086.29242149685,305.51624182401554
19730000,39460.000007121555,-52551.731931686896,298.9947750198824
19735000,39470.00000712359,-52930.750284202746,288.5915521153845
19740000,39480.00000712563,-53141.03830880328,301.9499083064081
19745000,39490.000007127666,-52788.978412328695,304.0760674090013
19750000,39500.0000071297,-52994.632894273,298.8836370331368
19755000,39510.00000713174,-52701.187949622865,303.10974860100765
19760000,39520.00000713378,-53388.861336069735,301.9100268388687
19765000,39530.000007135815,-53091.71569320824,296.13941488268966
19770000,39540.00000713785,-52911.9525196616,298.9597546831236
19775000,39550.00000713989,-52643.82388166111,296.9302267581254
19780000,39560.00000714193,-52650.14884202613,297.09319309941566
19785000,39570.000007143964,-53015.344895850954,290.6060840851282
19790000,39580.000007146,-52775.78052268986,296.7807984191988
19795000,39590.00000714804,-53245.294909039774,291.74966896022005
19800000,39600.000007150076,-53275.77353123529,304.7005212489898
19805000,39610.00000715211,-53106.021832023864,301.16619044231993
19810000,39620.00000715415,-52930.06735166276,303.2778609969854
19815000,39630.00000715619,-52965.81988908647,300.29296353837816
19820000,39640.000007158225,-52754.55933465183,298.524269999701
19825000,39650.00000716026,-53049.015502453665,302.8394890182142
19830000,39660.0000071623,-52894.28389870428,296.0683433254731
19835000,39670.00000716434,-53062.985874527454,299.1409014672357
19840000,39680.000007166374,-53140.275672455406,295.8225685109662
19845000,39690.00000716841,-52909.99971166902,298.0372006398074
19850000,39700.00000717045,-53230.476078637614,297.90357142598083
19855000,39710.000007172486,-52723.42801176352,300.64316218421516
19860000,39720.00000717452,-52655.36837083378,294.19929568537293
19865000,39730.00000717656,-52689.97284807748,294.7052023186645
19870000,39740.0000071786,-53023.46629851207,294.28667540172484
19875000,39750.000007180635,-52833.942814073554,296.144363733457
19880000,39760.00000718267,-53152.416489112074,297.65679426485866
19885000,39770.00000718471,-52733.12842200778,297.70674027494357
19890000,39780.00000718675,-52684.77852445131,300.562859929757
19895000,39790.000007188784,-52627.59016702903,288.1888972781441
19900000,39800.00000719082,-53369.44079075358,302.98668065573327
19905000,39810.00000719286,-52988.01067385828,298.8262856625875
19910000,39820.000007194896,-52940.438578677626,292.47473131630136
19915000,39830.00000719693,-53494.12483708345,296.98329045654776
19920000,39840.00000719897,-52922.98245442097,299.87058438172744
19925000,39850.00000720101,-52853.675675878156,296.5627831135839
19930000,39860.000007203045,-53301.84976007586,300.6920157976532
19935000,39870.00000720508,-53127.57085615327,300.9581868100837
19940000,39880.00000720712,-53219.23291927474,295.9543767898479
19945000,39890.00000720916,-52818.69572816856,298.4780897998496
19950000,39900.000007211194,-52926.22999381699,290.6854542055549
19955000,39910.00000721323,-53049.79541161767,293.6080153931723
19960000,39920.00000721527,-52987.17973419509,294.34609182677343
19965000,39930.000007217306,-52947.1951814089,294.9414229791485
19970000,39940.00000721934,-52950.95049773477,297.83762892564084
19975000,39950.00000722138,-53223.04727346095,304.0923420391189
19980000,39960.00000722342,-52652.0813398709,299.22759091317124
19985000,39970.000007225455,-53186.11164084112,294.768579964143
19990000,39980.00000722749,-52616.70322707249,291.5435297811248
19995000,39990.00000722953,-53134.85358430736,292.4466613871073
20000000,40000.00000723157,-52952.31514960647,295.21373166961735
20005000,40010.000007233604,-53069.5929746014,301.2683829750502
20010000,40020.00000723564,-52597.71268558828,287.47814760025705
20015000,40030.00000723768,-52841.340247270215,294.13172099191297
20020000,40040.000007239716,-52850.21061738921,305.4234317112441
20025000,40050.00000724175,-52540.203959482285,302.6112168499037
20030000,40060.00000724379,-52986.18149525407,295.377816641616
20035000,40070.00000724583,-52944.089730663836,305.05018912670624
20040000,40080.000007247865,-53008.5533781696,304.95568383815333
20045000,40090.0000072499,-52945.857001793745,298.86082023080496
20050000,40100.00000725194,-52912.343238275644,298.69267691008554
20055000,40110.00000725398,-53107.50535095154,302.76937083358024
20060000,40120.000007256014,-53169.788395952,295.7496812000181
20065000,40130.00000725805,-53302.0338285481,292.5502352104405
20070000,40140.00000726009,-53060.880337956856,291.7364649902281
20075000,40150.000007262126,-53074.16162039293,290.24010624139163
20080000,40160.00000726416,-52775.67267694019,303.11185567235503
20085000,40170.0000072662,-52667.67925474167,289.93738639230634
20090000,40180.00000726824,-53073.216423524544,295.28927726525023
20095000,40190.000007270275,-53127.10090418812,303.5210128904938
20100000,40200.00000727231,-52976.025895474624,290.4216548362279
20105000,40210.00000727435,-53238.60778852168,298.6608097196177
20110000,40220.00000727639,-53001.98076090167,295.66010098138764
20115000,40230.000007278424,-53006.69908193103,287.6070088988003
20120000,40240.00000728046,-52934.21503217571,296.685933025147
20125000,40250.0000072825,-53425.47007835735,299.97545256822957
20130000,40260.000007284536,-53069.39863803523,302.84265146244314
20135000,40270.00000728657,-53030.08611878232,297.73465449258396
20140000,40280.00000728861,-52878.03795488947,306.89104376032066
20145000,40290.00000729065,-52548.750008088595,296.7253608371151
20150000,40300.000007292685,-53502.973954344605,303.114922907196
20155000,40310.00000729472,-53505.54133342701,305.66837667290787
20160000,40320.00000729676,-52926.91860005719,292.8859864427165
20165000,40330.0000072988,-52943.908053887426,296.99377232390947
20170000,40340.000007300834,-53298.222139077,299.1977270566762
20175000,40350.00000730287,-53180.99007627793,299.37965074886245
20180000,40360.00000730491,-52896.6179529409,296.1724212934453
20185000,40370.000007306946,-52860.15241483267,295.29229670975474
20190000,40380.00000730898,-52880.31990646565,296.6882232541125
20195000,40390.00000731102,-53020.1503807125,296.02974040647285
20200000,40400.00000731306,-52880.950331518456,295.8362422369633
20205000,40410.000007315095,-53259.388799238455,312.65614384828024
20210000,40420.00000731713,-53122.42634930753,306.8284306240322
20215000,40430.00000731917,-53108.63752489118,298.4274705233468
20220000,40440.00000732121,-52995.55570624562,292.5770877313065
20225000,40450.000007323244,-52595.271468184685,304.37034860809615
20230000,40460.00000732528,-53003.723900381825,300.38735549577524
20235000,40470.00000732732,-53060.54400467989,304.3723864932649
20240000,40480.000007329356,-52767.17339966423,294.5937621438043
20245000,40490.00000733139,-52818.28936266227,296.6766388552615
20250000,40500.00000733343,-52983.925169158785,303.93161622129395
20255000,40510.00000733547,-53025.64403819313,304.0518266506246
20260000,40520.000007337505,-52959.182471994776,294.0772129658208
20265000,40530.00000733954,-53138.35962442547,296.068248008997
20270000,40540.00000734158,-52951.98949517956,292.8248758385875
20275000,40550.00000734362,-52617.271724995226,300.96785233916546
20280000,40560.000007345654,-52886.782193462306,300.67600621964147
20285000,40570.00000734769,-53116.025200120464,301.12352812994703
20290000,40580.00000734973,-52871.92248944886,302.4533110846473
20295000,40590.000007351766,-53085.06511215586,292.928607110412
20300000,40600.0000073538,-53248.910860464675,299.0289976025942
20305000,40610.00000735584,-52806.0701099241,296.0898459141458
20310000,40620.00000735788,-53226.630237400735,296.9375541282573
20315000,40630.000007359915,-53354.04993645311,298.67087884937615
20320000,40640.00000736195,-52920.449591254175,298.17728151916543
20325000,40650.00000736399,-53123.54581996222,289.5869324514037
20330000,40660.00000736603,-52833.18500790652,300.58855148229156
20335000,40670.000007368064,-52756.32917961897,295.6490882157987
20340000,40680.0000073701,-53416.548120820255,304.54335625438097
20345000,40690.00000737214,-53167.06522238077,307.43224736959087
20350000,40700.000007374176,-52846.10260314989,299.1467755730644
20355000,40710.00000737621,-53150.65862628352,301.4714829496871
20360000,40720.00000737825,-52886.170776150364,301.7069281620691
20365000,40730.00000738029,-52987.078872021,294.3721622331215
20370000,40740.000007382325,-52731.78959087955,301.59374183281597
20375000,40750.00000738436,-52941.12921624174,294.8848746767705
20380000,40760.0000073864,-52715.893158629886,306.668798214255
20385000,40770.00000738844,-52838.13530036379,292.54400976403974
20390000,40780.000007390474,-52558.542322340654,295.10608252735136
20395000,40790.00000739251,-53270.5629006768,303.66372733820333
20400000,40800.00000739455,-52844.134063311096,297.3877389869812
20405000,40810.000007396586,-52906.84772515923,287.36257357923375
20410000,40820.00000739862,-53105.12727430096,295.98880019120656
20415000,40830.00000740066,-52751.77467253266,293.1754575958851
20420000,40840.0000074027,-53163.131462544465,297.96611075048196
20425000,40850.000007404735,-52621.34104392177,292.09362051214964
20430000,40860.00000740677,-53046.04372769446,296.7717032257918
20435000,40870.00000740881,-53270.733996752184,293.49888601537515
20440000,40880.00000741085,-52827.301771729486,299.5475888965642
20445000,40890.000007412884,-52902.96343371921,295.6203340261428
20450000,40900.00000741492,-52767.24098134562,299.59677333653326
20455000,40910.00000741696,-53141.54932069499,309.37507443984964
20460000,40920.000007418996,-52301.928586147784,305.41728916639175
20465000,40930.00000742103,-53083.08994652753,309.288049667226
20470000,40940.00000742307,-52924.9601375231,305.75790927681913
20475000,40950.00000742511,-53360.49674487853,299.21227881137014
20480000,40960.000007427145,-53003.46051687465,298.3437654591298
20485000,40970.00000742918,-53061.281612662366,303.75732937285824
20490000,40980.00000743122,-53320.843857840286,299.3560603468593
20495000,40990.00000743326,-52886.69762395474,294.3933524007338
20500000,41000.000007435294,-53063.92027858761,293.19827802158215
20505000,41010.00000743733,-52627.25939101423,294.07334901068054
20510000,41020.00000743937,-53202.76633604744,301.6496816307085
20515000,41030.000007441406,-52712.27396371827,290.820279811394
20520000,41040.00000744344,-53055.90583918002,299.7152177292296
20525000,41050.00000744548,-52792.48187402758,293.2774080683277
20530000,41060.00000744752,-53085.59713777003,294.94892789115374
20535000,41070.000007449555,-52575.028989342885,301.8562172792245
20540000,41080.00000745159,-53058.34303907817,282.79721978395423
20545000,41090.00000745363,-52853.32682303552,296.1985467730476
20550000,41100.00000745567,-52833.35815195617,300.365050103123
20555000,41110.000007457704,-52795.780278579914,299.35976424965554
20560000,41120.00000745974,-52927.21725789961,293.75524835497754
20565000,41130.00000746178,-52874.46746285976,297.42774198870393
20570000,41140.000007463816,-53230.12156469084,293.59382316569014
20575000,41150.00000746585,-52616.552267701016,303.12803141115955
20580000,41160.00000746789,-53105.45447956314,298.2925328161823
20585000,41170.00000746993,-52821.322612255695,295.36305527792854
20590000,41180.000007471965,-52961.870043990406,298.1483057141015
20595000,41190.000007474,-53184.82523084662,292.14999130730155
20600000,41200.00000747604,-53053.12791948818,297.47528127584627
20605000,41210.00000747808,-52949.7634890296,301.31459688671816
20610000,41220.000007480114,-52902.89224388942,294.97326940277236
20615000,41230.00000748215,-52609.91096422888,298.5365262488983
20620000,41240.00000748419,-52707.54076897842,302.5368818833737
20625000,41250.000007486226,-53144.64896005095,300.12706044891064
20630000,41260.00000748826,-53459.896875464765,298.4854034406198
20635000,41270.0000074903,-53339.05712163693,300.9692067217445
20640000,41280.00000749234,-53152.01070340286,301.45251088713457
20645000,41290.000007494375,-53211.84741617978,301.1913691870622
20650000,41300.00000749641,-52987.20037850828,297.1152842402082
20655000,41310.00000749845,-52403.957220079785,307.8387591341458
20660000,41320.00000750049,-52731.32468763791,306.8509384837099
20665000,41330.000007502524,-53157.41932001297,297.6297054278044
20670000,41340.00000750456,-52875.73835750588,299.22704451969383
20675000,41350.0000075066,-52764.44912323009,306.5242778855455
20680000,41360.000007508635,-52713.13044630637,297.0702985319995
20685000,41370.00000751067,-52794.331085801765,298.8205332226215
20690000,41380.00000751271,-53397.92604780971,293.8666763213634
20695000,41390.00000751475,-53145.96446387982,294.8969963825434
20700000,41400.000007516785,-52991.57817282627,304.3109142529365
20705000,41410.00000751882,-52805.44226999418,304.5570538800612
20710000,41420.00000752086,-53222.859439011576,299.3479450831537
20715000,41430.000007522896,-52826.71651778903,303.1016650508686
20720000,41440.00000752493,-53081.006227949314,302.9124151042762
20725000,41450.00000752697,-53069.18744527467,302.07846788788527
20730000,41460.00000752901,-53054.519616184494,300.15521057433875
20735000,41470.000007531045,-53070.57493561611,301.5931229280213
20740000,41480.00000753308,-53027.83069755579,302.1239093955478
20745000,41490.00000753512,-53037.08728563317,297.84261702459776
20750000,41500.00000753716,-52608.62477904558,300.0441098799333
20755000,41510.000007539194,-53150.55078953225,305.9272477983323
20760000,41520.00000754123,-52404.950292469264,295.7245945578069
20765000,41530.00000754327,-53034.87400935788,299.28436305360697
20770000,41540.000007545306,-52756.45941254916,298.82236661340016
20775000,41550.00000754734,-53203.35823182948,305.82454735671627
20780000,41560.00000754938,-53115.80433143373,303.2648537190926
20785000,41570.00000755142,-53069.757098590344,300.6729628238705
20790000,41580.000007553455,-53172.39993470124,294.91305503710487
20795000,41590.00000755549,-53268.38486565443,307.0472233657333
20800000,41600.00000755753,-52956.74103500272,306.0822628918417
20805000,41610.00000755957,-52643.481134160626,295.9617536188036
20810000,41620.000007561604,-52836.499507994275,299.68553444088656
20815000,41630.00000756364,-53330.724842861586,302.21390074600686
20820000,41640.00000756568,-52656.6126540578,307.44248288363457
20825000,41650.000007567716,-52596.724523160665,290.4077294811387
20830000,41660.00000756975,-53498.59387325516,298.33939845040885
20835000,41670.00000757179,-52807.31194886018,291.6057739730856
20840000,41680.00000757383,-53007.13017173967,299.79074817962476
20845000,41690.000007575865,-52954.302931709215,299.53619201366865
20850000,41700.0000075779,-53126.68433957349,306.2519383686335
20855000,41710.00000757994,-53423.96784857844,291.1475213851904
20860000,41720.00000758198,-53078.60131283663,296.99461588559916
20865000,41730.000007584014,-53029.314034608076,296.4049504707464
20870000,41740.00000758605,-52949.98952817981,303.9498688690017
20875000,41750.00000758809,-52912.8443427076,299.3746105787541
20880000,41760.000007590126,-52624.395114108134,295.78757417845725
20885000,41770.00000759216,-52914.899275707576,300.2983900637938
20890000,41780.0000075942,-52690.614999120415,296.62371495870906
20895000,41790.00000759624,-52730.17918551568,306.27942833135205
20900000,41800.000007598275,-52814.34564167503,297.32680101897256
20905000,41810.00000760031,-52628.25893805921,301.67707183278674
20910000,41820.00000760235,-52779.27092502767,296.39518290260867
20915000,41830.00000760439,-52938.4057531681,300.5027072597834
20920000,41840.000007606424,-52634.5176840832,299.5158030737495
20925000,41850.00000760846,-52762.01957119923,301.88545670575945
20930000,41860.0000076105,-52954.532242621324,301.9078584394007
20935000,41870.000007612536,-52788.28069549255,300.1157091923605
20940000,41880.00000761457,-53154.79274517603,298.02685097628586
20945000,41890.00000761661,-53142.57139350631,300.1172045499661
20950000,41900.00000761865,-53437.00761017535,298.25360667001297
20955000,41910.000007620685,-52964.45974472925,297.3701098812445
20960000,41920.00000762272,-53062.19096050554,298.963114513617
20965000,41930.00000762476,-52841.85723015369,291.1754638306053
20970000,41940.0000076268,-53155.700339020346,298.1051863879883
20975000,41950.000007628834,-53063.257909811015,291.2504502541844
20980000,41960.00000763087,-52889.83988186944,307.1923466637975
20985000,41970.00000763291,-52677.309333675395,299.339999500232
20990000,41980.000007634946,-52951.57204140039,293.99973071147804
20995000,41990.00000763698,-52520.686018819775,294.67412224437516
21000000,42000.00000763902,-52832.4718403134,300.7121429516289
21005000,42010.00000764106,-53183.536148045474,294.6028952571967
21010000,42020.000007643095,-53467.77987803213,300.6302342401439
21015000,42030.00000764513,-52658.447267300595,294.06211142665245
21020000,42040.00000764717,-52957.026017311495,299.89339838022363
21025000,42050.00000764921,-52498.57284387815,296.14264492252244
21030000,42060.000007651244,-53165.13426969646,302.9561148977536
21035000,42070.00000765328,-53023.74196784827,299.4290006263376
21040000,42080.00000765532,-53109.91235744249,303.329771414564
21045000,42090.000007657356,-52887.87078619766,301.2691812659338
21050000,42100.00000765939,-53127.08095155633,298.5309998670478
21055000,42110.00000766143,-52864.33714308162,294.6646474232353
21060000,42120.00000766347,-53039.670061603014,299.00542492768125
21065000,42130.000007665505,-52997.03786686895,292.5735237563302
21070000,42140.00000766754,-52773.08169947413,296.3854999181951
21075000,42150.00000766958,-52834.57937517896,301.46712606565296
21080000,42160.00000767162,-53013.46854822108,300.2038190008082
21085000,42170.000007673654,-52762.67612779877,292.0735771346203
21090000,42180.00000767569,-53418.416206192225,291.83978494227995
21095000,42190.00000767773,-52862.644920892344,299.6648226600272
21100000,42200.000007679766,-52844.79804285269,303.25858068827966
21105000,42210.0000076818,-53175.36411718564,296.2731370835142
21110000,42220.00000768384,-53079.69186403375,303.8313841324975
21115000,42230.00000768588,-53125.38758049207,299.5495589784955
21120000,42240.000007687915,-52623.84107123557,299.66092682835574
21125000,42250.00000768995,-52825.83351243526,301.418690895221
21130000,42260.00000769199,-53329.61032777198,306.45345379627094
21135000,42270.00000769403,-53319.50517916394,288.24972743949286
21140000,42280.000007696064,-52853.52158069564,293.45381635523705
21145000,42290.0000076981,-53374.15655713435,297.45338959615884
21150000,42300.00000770014,-52700.814550816925,299.04531083515525
21155000,42310.000007702176,-53065.92935049962,301.3781502698147
21160000,42320.00000770421,-52808.09950917555,297.84785224558885
21165000,42330.00000770625,-52848.53998842137,299.85333222479227
21170000,42340.00000770829,-52788.99703992542,297.650246693667
21175000,42350.000007710325,-52765.99219181383,300.49608741587815
21180000,42360.00000771236,-52455.083177881024,299.15405691976036
21185000,42370.0000077144,-53123.422656184324,299.5447664273149
21190000,42380.00000771644,-53260.04229220885,296.507004214578
21195000,42390.000007718474,-52609.537067871715,302.11563850493593
21200000,42400.00000772051,-53188.51144159655,298.7682703353912
21205000,42410.00000772255,-53122.55667683485,298.3723283278774
21210000,42420.000007724586,-52895.898828750476,292.3800864501477
21215000,42430.00000772662,-53010.681255831034,312.2120557368108
21220000,42440.00000772866,-53044.56140981798,298.18691584042614
21225000,42450.0000077307,-53351.56721053421,303.08584611101094
21230000,42460.000007732735,-52569.49887053689,294.70583919830756
21235000,42470.00000773477,-52993.6892980705,298.26980627039535
21240000,42480.00000773681,-53123.302406684845,293.6078880853139
21245000,42490.00000773885,-52644.018712605466,292.32947005209894
21250000,42500.000007740884,-53050.32513233347,306.57005793130037
21255000,42510.00000774292,-52786.65510716132,294.86692859580256
21260000,42520.00000774496,-52800.04579405574,296.8811382191457
21265000,42530.000007746996,-52897.1339756932,296.4178187291001
21270000,42540.00000774903,-52470.451719240664,298.5199126030352
21275000,42550.00000775107,-53166.6921908308,299.7106958330303
21280000,42560.00000775311,-52483.4292922568,299.2818521743254
21285000,42570.000007755145,-53119.259436366614,296.85937805996934
21290000,42580.00000775718,-53004.9844534836,309.34859495248054
21295000,42590.00000775922,-52886.738970096136,289.85117093802114
21300000,42600.00000776126,-52818.81756499552,294.94377028663695
21305000,42610.000007763294,-52991.19835625219,298.28623130464274
21310000,42620.00000776533,-53379.44117987779,300.7593656429943
21315000,42630.00000776737,-53032.61041325296,301.83403129838615
21320000,42640.000007769406,-53038.67428988597,297.29612724449345
21325000,42650.00000777144,-52742.981196609064,292.41580991039604
21330000,42660.00000777348,-52941.63806604169,304.6259059526826
21335000,42670.00000777552,-53118.63016006682,295.42130151904263
21340000,42680.000007777555,-53118.93736255984,301.92772809732963
21345000,42690.00000777959,-53039.94182200843,304.54372326078646
21350000,42700.00000778163,-52799.96049272333,292.4027344964914
21355000,42710.00000778367,-52819.99682421866,294.3355336819555
21360000,42720.000007785704,-52905.11636934403,297.30447740464786
21365000,42730.00000778774,-53516.94267087401,299.2167413670663
21370000,42740.00000778978,-53184.9921891657,299.473676223015
21375000,42750.000007791816,-52495.57532772038,308.9591236507101
21380000,42760.00000779385,-52886.23577960412,305.8313646536242
21385000,42770.00000779589,-52808.13471393287,302.8775901593294
21390000,42780.00000779793,-53212.284028689726,300.80200608818177
21395000,42790.000007799965,-53045.449891239696,295.50343032676636
21400000,42800.000007802,-52817.406647456985,299.9706879851393
21405000,42810.00000780404,-52881.7551673227,294.01543234333406
21410000,42820.00000780608,-52998.84111514868,302.0157789703107
21415000,42830.000007808114,-53036.624948691926,304.8398252046879
21420000,42840.00000781015,-52827.74295739041,294.0658837855449
21425000,42850.00000781219,-52914.9588397381,293.18198208662096
21430000,42860.000007814226,-53170.88667471078,296.73885160640236
21435000,42870.00000781626,-52967.49694130456,289.4587587884213
21440000,42880.0000078183,-53033.51592045062,301.4920757775087
21445000,42890.00000782034,-53183.680167155864,297.3504282297543
21450000,42900.000007822375,-53011.39213095617,308.0947283545021
21455000,42910.00000782441,-52741.72763713426,305.4918781972664
21460000,42920.00000782645,-53228.17556380958,301.9685875077741
21465000,42930.00000782849,-52540.725378199015,296.9365145662907
21470000,42940.000007830524,-52936.904401712934,297.65150903946
21475000,42950.00000783256,-52783.10103812051,294.88948597671333
21480000,42960.0000078346,-53129.88131206081,309.72257814139596
21485000,42970.000007836636,-52913.21968827711,293.67343014536164
21490000,42980.00000783867,-52815.58052060584,296.2705872678049
21495000,42990.00000784071,-52981.45468760506,295.2145819379349
21500000,43000.00000784275,-52782.06057943066,303.14657798745867
21505000,43010.000007844785,-52839.56401794567,303.97977955545883
21510000,43020.00000784682,-52874.28988552719,296.03643123633424
21515000,43030.00000784886,-52772.66614959203,299.1206476774248
21520000,43040.0000078509,-52750.82647396877,304.0942403830013
21525000,43050.000007852934,-52957.924355053896,298.425303988238
21530000,43060.00000785497,-53006.94944938444,303.22845013346443
21535000,43070.00000785701,-53255.66976381268,301.1396606275693
21540000,43080.000007859046,-53051.75549900622,307.3513545799348
21545000,43090.00000786108,-53217.92963014572,302.1454684618659
21550000,43100.00000786312,-52770.75187305399,302.9295243929437
21555000,43110.00000786516,-53306.22258712191,297.794135987568
21560000,43120.000007867195,-52604.07702878135,301.0743241653041
21565000,43130.00000786923,-53165.11640354179,297.4255853757661
21570000,43140.00000787127,-52601.95786722188,294.6953264740592
21575000,43150.00000787331,-53033.02869542639,293.80191368771017
21580000,43160.000007875344,-52735.32300445193,298.51806659413074
21585000,43170.00000787738,-53351.07252927628,292.5046602394951
21590000,43180.00000787942,-53024.93918291517,295.1527460360138
21595000,43190.000007881456,-52890.06955574418,298.4023042833929
21600000,43200.00000788349,-53118.73236691224,298.53336838101603
21605000,43210.00000788553,-52798.483379776386,303.7188456201459
21610000,43220.00000788757,-52537.74750199591,295.3559322315898
21615000,43230.000007889605,-52621.13666397348,291.97056734629
21620000,43240.00000789164,-52481.82845248678,293.8386591681831
21625000,43250.00000789368,-52472.06936502681,304.78440624453174
21630000,43260.00000789572,-53235.8721192636,297.56379370337305
21635000,43270.000007897754,-52874.9542711392,301.54635303428284
21640000,43280.00000789979,-52992.46532138609,298.5747284630483
21645000,43290.00000790183,-53008.58666175019,301.03827718151723
21650000,43300.000007903865,-53076.383874997875,296.6749987324538
21655000,43310.0000079059,-52859.14718542929,297.80774400778887
21660000,43320.00000790794,-52847.247076440224,300.028953034002
21665000,43330.00000790998,-53090.36724997018,296.20483175965575
21670000,43340.000007912015,-53166.26157461203,302.1528132396886
21675000,43350.00000791405,-53013.34574088792,300.26724519244243
21680000,43360.00000791609,-53044.864059474465,299.3400475857622
21685000,43370.000007918126,-52886.91923250139,301.12751433157047
21690000,43380.00000792016,-53262.52848051567,301.5417728214848
21695000,43390.0000079222,-53355.8806629318,304.0931571176143
21700000,43400.00000792424,-52854.2415483777,293.77199856922
21705000,43410.000007926275,-52962.39869823036,290.1478714523912
21710000,43420.00000792831,-52618.11314049346,299.98749465808936
21715000,43430.00000793035,-52622.19660061624,295.77004823199474
21720000,43440.00000793239,-53145.16548951686,299.6872657808209
21725000,43450.000007934425,-52982.662885142665,302.5092611957926
21730000,43460.00000793646,-52870.68439881364,304.95532773199403
21735000,43470.0000079385,-52990.10860288708,289.657200646541
21740000,43480.000007940536,-53118.22820291942,296.9488613962065
21745000,43490.00000794257,-53061.87023182234,296.3903654116564
21750000,43500.00000794461,-52603.170398923976,303.3853429436072
21755000,43510.00000794665,-53138.5060409391,293.3964352988329
21760000,43520.000007948685,-52993.09401643515,304.16662897847306
21765000,43530.00000795072,-53063.49489498499,295.4661990042552
21770000,43540.00000795276,-53146.39344492636,293.0127837842628
21775000,43550.0000079548,-53200.953689505,301.1517435395459
21780000,43560.000007956834,-53034.492271967174,293.37572651712657
21785000,43570.00000795887,-52863.56711169402,304.6969274241452
21790000,43580.00000796091,-52960.16502958993,296.3615466194215
21795000,43590.000007962946,-52618.02846346132,291.782579152681
21800000,43600.00000796498,-52945.92294359047,299.6886020869285
21805000,43610.00000796702,-52887.92950786877,295.785677620619
21810000,43620.00000796906,-52362.47085188239,300.33913450391225
21815000,43630.000007971095,-52901.18576440052,303.22605423326513
21820000,43640.00000797313,-53028.60217573252,300.6488280562736
21825000,43650.00000797517,-52824.0719917785,303.97634049224837
21830000,43660.00000797721,-53057.88085226275,290.5173135139212
21835000,43670.000007979244,-52937.54113277368,302.8584013156888
21840000,43680.00000798128,-52917.26563685801,303.30345679073037
21845000,43690.00000798332,-52911.57754522553,288.63730509473424
21850000,43700.000007985356,-53232.82813160939,293.0311822991707
21855000,43710.00000798739,-53028.79185291243,295.72803943737233
21860000,43720.00000798943,-53286.63321249242,298.738161643366
21865000,43730.00000799147,-52644.88452239102,298.47080203931176
21870000,43740.000007993505,-53206.26529785397,300.37763528886865
21875000,43750.00000799554,-52847.42318035124,297.11983421069095
21880000,43760.00000799758,-52995.43941193144,303.04099455789435
21885000,43770.00000799962,-53142.94171644695,300.4399425051819
21890000,43780.000008001654,-53199.5874061152,295.7050940935821
21895000,43790.00000800369,-52964.443446762074,299.69231438152923
21900000,43800.00000800573,-53068.46743284381,298.97015479242503
21905000,43810.000008007766,-53562.365695504006,308.44315284707596
21910000,43820.0000080098,-52653.03383901215,292.2029850650211
21915000,43830.00000801184,-52685.12160895567,294.91130485548365
21920000,43840.00000801388,-53035.37845677379,301.1736856030614
21925000,43850.000008015915,-52860.4478025705,301.6033312579015
21930000,43860.00000801795,-53165.45877762366,300.3557550635353
21935000,43870.00000801999,-53154.714719729294,297.451556911127
21940000,43880.00000802203,-53044.75861985143,293.9367933107395
21945000,43890.000008024064,-52860.598020823294,297.2215094666376
21950000,43900.0000080261,-53243.73138943096,299.72263337650475
21955000,43910.00000802814,-53000.190446093184,304.9446423045081
21960000,43920.000008030176,-52618.44884889916,296.4381275963414
21965000,43930.00000803221,-52917.321879695635,309.44751643549614
21970000,43940.00000803425,-53562.364799775125,298.0488703566651
21975000,43950.00000803629,-52591.21306115156,294.19563967326656
21980000,43960.000008038325,-53262.20839249133,302.4641639765758
21985000,43970.00000804036,-52750.80833498432,300.60621889120785
21990000,43980.0000080424,-53176.36952499379,295.6087502817793
21995000,43990.00000804444,-52652.14299841155,299.2455739317201
22000000,44000.000008046474,-53124.82690813314,294.34929249161456
22005000,44010.00000804851,-52937.850291226525,297.8337649131784
22010000,44020.00000805055,-53092.22688657712,290.2257026895326
22015000,44030.000008052586,-52641.290268040524,294.205517773443
22020000,44040.00000805462,-52962.58109590231,294.6756254199418
22025000,44050.00000805666,-52960.95870968298,296.0699573205861
22030000,44060.0000080587,-52798.633320648514,298.0523356107938
22035000,44070.000008060735,-52860.04965532353,302.39265850469275
22040000,44080.00000806277,-53302.75689065168,302.726082235227
22045000,44090.00000806481,-52556.62060910411,297.09747732012573
22050000,44100.00000806685,-52811.226574923436,306.7495202596405
22055000,44110.000008068884,-53124.45357209569,302.37097305258897
22060000,44120.00000807092,-52915.53282635019,293.16290381888444
22065000,44130.00000807296,-53017.55725736759,305.74014271352473
22070000,44140.000008074996,-52892.386015329306,300.5114818579577
22075000,44150.00000807703,-52584.333149615966,300.4362595529383
22080000,44160.00000807907,-52793.82247147325,297.60391077024286
22085000,44170.00000808111,-52763.774081828014,302.9695171499506
22090000,44180.000008083145,-52987.41467666367,302.715846953394
22095000,44190.00000808518,-53186.64864756202,299.77514243323907
22100000,44200.00000808722,-53015.28611300961,299.69290374944995
22105000,44210.00000808926,-52820.651700656046,295.89945765043973
22110000,44220.000008091294,-52951.534024968976,297.75640751917535
22115000,44230.00000809333,-52767.912871645705,296.9947273946528
22120000,44240.00000809537,-52965.66084121974,300.6083583125959
22125000,44250.000008097406,-53076.3495011497,300.5234434463583
22130000,44260.00000809944,-52789.866715077456,297.9626606331544
22135000,44270.00000810148,-53414.69538223161,293.78018503116994
22140000,44280.00000810352,-53015.07481938362,294.4085576191924
22145000,44290.000008105555,-52827.19776582264,302.35894730699505
22150000,44300.00000810759,-52999.61086952538,294.3808322239775
22155000,44310.00000810963,-52594.39114241046,296.84488532409506
22160000,44320.00000811167,-52870.27247211634,291.5221468855661
22165000,44330.000008113704,-52984.34823979213,297.205046323942
22170000,44340.00000811574,-52777.1986171887,297.55577722353826
22175000,44350.00000811778,-53049.775473982794,299.1706494601846
22180000,44360.000008119816,-52920.334275362344,298.78998131440443
22185000,44370.00000812185,-53019.90929771442,299.1039998047018
22190000,44380.00000812389,-52867.48767811546,297.58590646628255
22195000,44390.00000812593,-53024.572966113716,294.124210565498
22200000,44400.000008127965,-53495.04753802068,298.7742805955752
22205000,44410.00000813,-52936.82826047836,296.66397702740596
22210000,44420.00000813204,-52897.34028535144,299.54578373734915
22215000,44430.00000813408,-52920.5213695798,293.39495336557655
22220000,44440.000008136114,-52956.47375006034,293.5536039367239
22225000,44450.00000813815,-52977.19292917603,300.6198854520311
22230000,44460.00000814019,-53207.16246989221,298.5175133677847
22235000,44470.000008142226,-52999.53995190648,294.1822569098851
22240000,44480.00000814426,-52794.834905895696,298.3735803885801
22245000,44490.0000081463,-52724.28061092729,305.29602501023084
22250000,44500.00000814834,-52905.15118736465,291.5451986170425
22255000,44510.000008150375,-52982.18164432421,293.089350638278
22260000,44520.00000815241,-52815.33615484138,294.8647652245944
22265000,44530.00000815445,-53006.56612739098,302.22530604934747
22270000,44540.00000815649,-52923.998558531515,306.9689585225455
22275000,44550.000008158524,-52849.57630772152,301.0080281738077
22280000,44560.00000816056,-52783.22825253266,303.4696887035019
22285000,44570.0000081626,-53090.861810191476,296.33686407784137
22290000,44580.000008164636,-52888.40273454235,298.8552122193952
22295000,44590.00000816667,-53118.66485743661,306.5778138918118
22300000,44600.00000816871,-52805.73115954673,293.5877805228507
22305000,44610.00000817075,-52807.22284248209,307.7299935865393
22310000,44620.000008172785,-53147.411751683016,292.6854277451761
22315000,44630.00000817482,-52940.79977393529,296.57063366889054
22320000,44640.00000817686,-53066.604504683055,297.93925583284135
22325000,44650.0000081789,-53101.983518389956,303.24422293139645
22330000,44660.000008180934,-52553.39706903478,296.35883509967266
22335000,44670.00000818297,-53160.251048362115,294.6650535389093
22340000,44680.00000818501,-53288.23985478585,292.8873415077891
22345000,44690.000008187046,-52870.331070071756,301.1366630304126
22350000,44700.00000818908,-52628.89169166883,305.35296305711705
22355000,44710.00000819112,-53261.89953206165,296.45734663898264
22360000,44720.00000819316,-52890.87772974733,301.66601393410485
22365000,44730.000008195195,-53293.20351747266,307.91793130973906
22370000,44740.00000819723,-52892.174755359505,304.4113790030867
22375000,44750.00000819927,-53176.08231996265,296.00986502800095
22380000,44760.00000820131,-52917.04748580963,294.03607210440384
22385000,44770.000008203344,-52725.436650828546,294.4707315813875
22390000,44780.00000820538,-52967.58760674295,314.8135731291603
22395000,44790.00000820742,-52810.49617739368,303.32866350153455
22400000,44800.000008209456,-52997.47904133765,288.2863896168129
22405000,44810.00000821149,-53110.13892561081,301.8084147825634
22410000,44820.00000821353,-53255.32643390098,295.775323301797
22415000,44830.00000821557,-52829.1469359608,306.37561620645863
22420000,44840.000008217605,-52896.29291986924,292.7624961228059
22425000,44850.00000821964,-52771.7877698456,291.72947642393143
22430000,44860.00000822168,-52522.05966210802,292.3850112305853
22435000,44870.00000822372,-53328.5331358081,297.5458525746906
22440000,44880.000008225754,-52780.18225723322,303.03973092427873
22445000,44890.00000822779,-52780.596739221946,297.50382843322507
22450000,44900.00000822983,-52856.530448163365,298.6355538123667
22455000,44910.000008231866,-53016.65704289984,293.4337369300039
22460000,44920.0000082339,-53075.41386811377,298.13555125019917
22465000,44930.00000823594,-52733.62586979376,295.3732024658891
22470000,44940.00000823798,-53006.438481544785,297.6055923398126
22475000,44950.000008240015,-52950.00265615684,303.7050747947154
22480000,44960.00000824205,-52888.3380829916,305.83127662156755
22485000,44970.00000824409,-52851.219323287514,295.1669092848223
22490000,44980.00000824613,-52945.67427269224,298.1398787209151
22495000,44990.000008248164,-52831.88435135133,295.4376844072899
22500000,45000.0000082502,-52704.483887129725,300.35923903453767
22505000,45010.00000825224,-52698.05394545669,302.2510732378963
22510000,45020.000008254276,-52985.63736086199,305.4322768568235
22515000,45030.00000825631,-52471.574599584506,293.26761649113786
22520000,45040.00000825835,-52821.199588077,296.22038725564767
22525000,45050.00000826039,-53065.81421956848,303.60476695324854
22530000,45060.000008262425,-52793.63516616385,300.36942419209396
22535000,45070.00000826446,-52998.36758378401,296.99668152533803
22540000,45080.0000082665,-52834.94238142218,296.56290317161273
22545000,45090.00000826854,-52730.092539363395,306.9630347588128
22550000,45100.000008270574,-53020.044863335934,292.93122920552133
22555000,45110.00000827261,-52899.81813348038,297.54930438783106
22560000,45120.00000827465,-53214.39776960484,304.00466765455246
22565000,45130.000008276686,-52857.312155935244,303.3948985744541
22570000,45140.00000827872,-53079.42674643081,300.2368319357897
22575000,45150.00000828076,-52724.63309735406,298.3783818206806
22580000,45160.0000082828,-52729.82940250452,297.0064355941522
22585000,45170.000008284835,-52959.31805128971,293.24793115492326
22590000,45180.00000828687,-52577.66892068053,304.99978505137534
22595000,45190.00000828891,-52674.90490807139,297.0987663570434
22600000,45200.00000829095,-53182.92403128647,306.03814402174567
22605000,45210.000008292984,-53060.22616217873,298.94528144218697
22610000,45220.00000829502,-52642.97922812088,295.7400138180813
22615000,45230.00000829706,-53144.03184161446,302.4404129833806
22620000,45240.000008299095,-52829.797779876855,307.78286498710395
22625000,45250.00000830113,-52961.04672935151,303.8564946972588
22630000,45260.00000830317,-53582.04421691352,304.272953045039
22635000,45270.00000830521,-52840.314438829955,302.57594230754614
22640000,45280.000008307245,-53073.20516578431,293.9865268090907
22645000,45290.00000830928,-52748.3126705357,300.9192731658804
22650000,45300.00000831132,-52862.99485196403,300.87144543718927
22655000,45310.00000831336,-53093.360710079694,302.80579810379527
22660000,45320.000008315394,-53112.596037023235,305.7132330213044
22665000,45330.00000831743,-52903.28545077494,304.9057811371158
22670000,45340.00000831947,-53068.345502416836,305.64312441993684
22675000,45350.000008321505,-53001.92575784592,296.5280109699858
22680000,45360.00000832354,-52868.33793772588,299.0738334081107
22685000,45370.00000832558,-53196.97305203034,298.63554638670865
22690000,45380.00000832762,-53093.75258821357,296.6300395137453
22695000,45390.000008329655,-52811.98393503175,294.1384736943551
22700000,45400.00000833169,-53048.41501113874,300.29974636116094
22705000,45410.00000833373,-53124.93089686014,295.58259866943934
22710000,45420.000008335766,-52977.33154362469,305.4639983913704
22715000,45430.0000083378,-53035.347853842104,301.7180784591632
22720000,45440.00000833984,-53108.64130942809,299.53369118524955
22725000,45450.00000834188,-53144.66876621524,295.9622340420264
22730000,45460.000008343915,-52936.978878997645,298.4728113997024
22735000,45470.00000834595,-52828.83109178391,296.5882361897227
22740000,45480.00000834799,-53149.02718337104,298.7851773495124
22745000,45490.00000835003,-52760.692251145636,293.0362893544193
22750000,45500.000008352064,-53176.81129120861,303.9129145558221
22755000,45510.0000083541,-52431.538859593886,305.28541810265995
22760000,45520.00000835614,-52929.23201633891,295.2267985100485
22765000,45530.000008358176,-52769.55528513028,300.665439223779
22770000,45540.00000836021,-52698.91885631773,306.0684567205654
22775000,45550.00000836225,-52913.29598186922,298.6673352400606
22780000,45560.00000836429,-53525.41614383631,295.5109472609068
22785000,45570.000008366325,-53065.1819505209,294.2163973860088
22790000,45580.00000836836,-52764.89082150019,295.2827496170528
22795000,45590.0000083704,-52959.29525787622,292.24064905722105
22800000,45600.00000837244,-52852.73693448369,297.64107395373225
22805000,45610.000008374474,-53208.97713367583,305.88896676520915
22810000,45620.00000837651,-52978.677897056914,295.22080103249067
22815000,45630.00000837855,-52942.4784896269,304.64446565245566
22820000,45640.000008380586,-53097.6307861502,295.10882677120793
22825000,45650.00000838262,-53207.858103823324,291.73532458472147
22830000,45660.00000838466,-52866.72894712942,299.4459726906097
22835000,45670.0000083867,-53069.81823233975,295.83953430783663
22840000,45680.000008388735,-52848.499102965754,300.8506334463737
22845000,45690.00000839077,-52938.83253720234,294.39964446753044
22850000,45700.00000839281,-53007.21326025433,302.985900523867
22855000,45710.00000839485,-52767.14258570774,305.3611280008629
22860000,45720.000008396884,-53091.74111831866,305.99530015107126
22865000,45730.00000839892,-52864.073177539336,298.96037917864203
22870000,45740.00000840096,-52884.60697950347,293.63124055138326
22875000,45750.000008402996,-53023.02728166658,302.57104954011265
22880000,45760.00000840503,-53078.05872982557,301.9587917368464
22885000,45770.00000840707,-52875.22412984411,292.3328418835219
22890000,45780.00000840911,-52944.77169040538,305.28325163456304
22895000,45790.000008411145,-53282.865580686135,301.08950007474164
22900000,45800.00000841318,-52855.00464296472,292.4521946073895
22905000,45810.00000841522,-52929.56097691631,297.82512003340366
22910000,45820.00000841726,-53033.29738487894,301.8576980793432
22915000,45830.000008419294,-53209.183084615244,295.9609623952517
22920000,45840.00000842133,-53009.88054368278,301.69718516511045
22925000,45850.00000842337,-53005.6989900177,299.11424528906576
22930000,45860.000008425406,-53143.95132197341,297.08267046050014
22935000,45870.00000842744,-52842.4616821667,293.6501864146701
22940000,45880.00000842948,-52837.69598496647,292.63133336698644
22945000,45890.00000843152,-53173.591543462215,302.09336815627194
22950000,45900.000008433555,-52676.3512164632,295.9021837751244
22955000,45910.00000843559,-53299.731518429995,299.46104730437315
22960000,45920.00000843763,-52915.143570290355,301.48817601660875
22965000,45930.00000843967,-52948.31827287015,299.90148089060074
22970000,45940.000008441704,-52939.26567373617,303.1476582876915
22975000,45950.00000844374,-53284.52758935976,287.97865689505653
22980000,45960.00000844578,-52613.88096844137,302.3682808936044
22985000,45970.000008447816,-53369.891774006945,292.59928140393737
22990000,45980.00000844985,-53091.73687454339,294.0631404932039
22995000,45990.00000845189,-52796.00422049005,302.42208702850667
23000000,46000.00000845393,-53087.77375344909,305.6857912374946
23005000,46010.000008455965,-53117.38118831493,300.9559940677838
23010000,46020.000008458,-53106.383342855406,296.4418863278681
23015000,46030.00000846004,-53334.21518313914,295.9063645476866
23020000,46040.00000846208,-52983.15722158583,298.00604866110376
23025000,46050.000008464114,-53126.15030333746,300.05108212247694
23030000,46060.00000846615,-52821.846673998516,307.5531151678519
23035000,46070.00000846819,-52995.71409099613,295.95592013801826
23040000,46080.000008470226,-53059.044097790844,299.5999105192766
23045000,46090.00000847226,-52898.790736311144,301.1766527852018
23050000,46100.0000084743,-52595.779848388105,305.900985688153
23055000,46110.00000847634,-53367.19151917499,302.6103020798325
23060000,46120.000008478375,-52927.42759281499,299.76621642149473
23065000,46130.00000848041,-52904.46620660217,301.3679637344465
23070000,46140.00000848245,-52951.90023558104,291.32496649720883
23075000,46150.00000848449,-53086.61108739901,285.68831392785404
23080000,46160.000008486524,-53220.717869261745,303.9365103066025
23085000,46170.00000848856,-52794.469502123364,296.8053394013186
23090000,46180.0000084906,-52832.53622611353,294.4694531221117
23095000,46190.000008492636,-52953.29598256684,297.4797235013085
23100000,46200.00000849467,-53025.46001334698,293.03918088473546
23105000,46210.00000849671,-53033.90719141692,301.68801747025435
23110000,46220.00000849875,-52982.53949289452,296.40736872997127
23115000,46230.000008500785,-53166.224845837045,301.36218464690955
23120000,46240.00000850282,-53030.22406347611,302.21835200191794
23125000,46250.00000850486,-52931.148349312454,296.90615133621765
23130000,46260.0000085069,-52965.43415076856,302.0757717943661
23135000,46270.000008508934,-53060.73524260425,296.64891135412086
23140000,46280.00000851097,-52862.16548155929,295.9392813249575
23145000,46290.00000851301,-53173.63442742772,300.10442139913164
23150000,46300.000008515046,-52989.336961901514,297.23812519859285
23155000,46310.00000851708,-52918.99154098885,305.19833491685034
23160000,46320.00000851912,-52937.232650492835,297.25001284961513
23165000,46330.00000852116,-53024.65338693999,294.5571860924495
23170000,46340.000008523195,-52805.8129916403,296.7320718641744
23175000,46350.00000852523,-53184.27488237765,302.5803364928674
23180000,46360.00000852727,-52740.277614248975,303.1898978611441
23185000,46370.00000852931,-52998.69757166732,298.8127889230463
23190000,46380.000008531344,-52843.675577048154,303.16811067841235
23195000,46390.00000853338,-53038.24053808712,298.93242311792176
23200000,46400.00000853542,-53105.38665487262,299.77536199585904
23205000,46410.000008537456,-53069.54868447271,301.7891239438613
23210000,46420.00000853949,-53234.973650012194,300.6250992964507
23215000,46430.00000854153,-53173.48467337157,302.6316511583537
23220000,46440.00000854357,-52944.5956591109,302.0617885622579
23225000,46450.000008545605,-52975.69760178376,299.2446195908209
23230000,46460.00000854764,-53053.86585342104,303.3722467991692
23235000,46470.00000854968,-53046.09451190621,300.19331727880905
23240000,46480.00000855172,-52541.224001668976,301.1590543868545
23245000,46490.000008553754,-53176.41134689114,298.812322831947
23250000,46500.00000855579,-53270.68174586224,295.31912461310895
23255000,46510.00000855783,-52905.85683724313,311.94179379120504
23260000,46520.000008559866,-53175.153732861276,293.7363255147266
23265000,46530.0000085619,-53104.353776093165,288.44775083894245
23270000,46540.00000856394,-53118.389095788036,298.406502569741
23275000,46550.00000856598,-53229.62203296361,302.9944043450565
23280000,46560.000008568015,-53121.48617659393,299.6116425511244
23285000,46570.00000857005,-52958.54561751516,298.5522590099589
23290000,46580.00000857209,-52756.00092483216,297.239112803935
23295000,46590.00000857413,-53291.82994840518,296.14082118543234
23300000,46600.000008576164,-53281.36616860557,294.2188960213589
23305000,46610.0000085782,-52687.23035084823,302.93458163710824
23310000,46620.00000858024,-52875.050910922204,297.4545854431007
23315000,46630.000008582276,-52816.96955203358,297.92946571871687
23320000,46640.00000858431,-52698.47008771816,300.43074817756417
23325000,46650.00000858635,-52720.24137261021,298.24691268446117
23330000,46660.00000858839,-52521.33704756547,291.25163673373055
23335000,46670.000008590425,-52756.64498935058,302.0782717051094
23340000,46680.00000859246,-53304.045569521724,293.3925182335147
23345000,46690.0000085945,-53040.908508833265,298.4292835356525
23350000,46700.00000859654,-52550.303315618425,300.1493322941495
23355000,46710.000008598574,-52746.47331359249,292.41904342865837
23360000,46720.00000860061,-52994.056872836576,298.3825044539744
23365000,46730.00000860265,-52988.9463323871,306.5652613948212
23370000,46740.000008604686,-53278.62438903691,301.7655114582426
23375000,46750.00000860672,-52968.26249295569,301.8660157726202
23380000,46760.00000860876,-53162.11543201588,296.42110977363865
23385000,46770.0000086108,-53002.03205758755,300.6398107105019
23390000,46780.000008612835,-52982.32586684541,301.0919872516814
23395000,46790.00000861487,-53063.31031976515,297.8574655153425
23400000,46800.00000861691,-53143.42082342444,293.6665874126472
23405000,46810.00000861895,-52777.39766581787,303.5609844465308
23410000,46820.000008620984,-52949.450826474174,289.54997168272456
23415000,46830.00000862302,-52850.839134314505,305.36407292733725
23420000,46840.00000862506,-53014.132146523654,305.1049320258716
23425000,46850.000008627096,-53035.777442914405,304.3202132303272
23430000,46860.00000862913,-53059.418346839026,295.1859224267181
23435000,46870.00000863117,-52990.07523805881,306.9248184195826
23440000,46880.00000863321,-53160.968486653495,301.3457362325626
23445000,46890.000008635245,-53114.70307792572,293.86790560260175
23450000,46900.00000863728,-53173.79861780233,303.26934864827723
23455000,46910.00000863932,-53124.4866691475,294.4128194925636
23460000,46920.00000864136,-52659.4330684483,298.6957446556169
23465000,46930.000008643394,-52629.89626202942,302.06060185646606
23470000,46940.00000864543,-52854.970746072184,302.1958902179832
23475000,46950.00000864747,-53311.820136003866,300.7672584103026
23480000,46960.000008649506,-52919.19499028812,296.8405938421139
23485000,46970.00000865154,-53151.84663767993,299.35110798262656
23490000,46980.00000865358,-53330.7694877483,299.97581444609165
23495000,46990.00000865562,-53022.59302281318,289.9830123485133
23500000,47000.000008657655,-52603.68503444421,291.04642956607876
23505000,47010.00000865969,-52913.83340273498,297.95761414803803
23510000,47020.00000866173,-52742.24202017073,296.69213318828236
23515000,47030.00000866377,-52452.41458806838,305.7362588997388
23520000,47040.000008665804,-53020.86208113187,294.8274167866084
23525000,47050.00000866784,-53238.7395573555,293.47060883991116
23530000,47060.00000866988,-52821.25037474942,303.5527599340497
23535000,47070.000008671916,-53237.88734473343,292.7137253782557
23540000,47080.00000867395,-53052.13304100232,297.21061733616614
23545000,47090.00000867599,-52699.1803297532,300.94920739228144
23550000,47100.00000867803,-52950.15306549313,296.4624143023609
23555000,47110.000008680065,-52775.73403637699,293.9076442246858
23560000,47120.0000086821,-53318.60157881933,299.39869973900534
23565000,47130.00000868414,-52765.76824069748,297.10558332153425
23570000,47140.00000868618,-52796.15262422906,295.5606223750858
23575000,47150.000008688214,-52844.731097499636,293.9224615790463
23580000,47160.00000869025,-53011.736570911016,312.414067867582
23585000,47170.00000869229,-53027.60591547302,292.3578119396372
23590000,47180.000008694326,-52957.4808057223,287.54602526013207
23595000,47190.00000869636,-52586.06457514007,296.0683019819061
23600000,47200.0000086984,-52766.43668326159,304.09598685117174
23605000,47210.00000870044,-52770.27780129269,298.25313842933554
23610000,47220.000008702475,-52885.36048430338,295.0589307948279
23615000,47230.00000870451,-52751.70261466704,294.9457457259536
23620000,47240.00000870655,-53058.86362596956,304.341822837452
23625000,47250.00000870859,-52952.35373711132,298.6083210442467
23630000,47260.000008710624,-53075.4063430097,301.72216908765773
23635000,47270.00000871266,-52879.13811646751,299.8389998295751
23640000,47280.0000087147,-52611.17340974699,308.3194186163559
23645000,47290.000008716735,-52917.43782637923,307.8681590481152
23650000,47300.00000871877,-52981.67089609089,308.08709956016105
23655000,47310.00000872081,-53159.91875683874,304.6012762337183
23660000,47320.00000872285,-53094.09590213254,296.78212618628123
23665000,47330.000008724885,-53342.05841670127,303.96124501945934
23670000,47340.00000872692,-52778.642291139025,301.5090892417196
23675000,47350.00000872896,-52569.14770960482,297.22496714598225
23680000,47360.000008730996,-53021.99781907862,288.192695938324
23685000,47370.00000873303,-52868.41404159114,309.5447454022862
23690000,47380.00000873507,-52838.813188122615,296.5258854359262
23695000,47390.00000873711,-52714.82190265233,298.0291597626708
23700000,47400.000008739145,-52930.280655231676,298.9415872441169
23705000,47410.00000874118,-53159.994750888145,297.77415231796164
23710000,47420.00000874322,-52614.11563133827,300.2332883142153
23715000,47430.00000874526,-52980.52479422666,294.4946526545783
23720000,47440.000008747294,-52377.25256262263,292.8568601840462
23725000,47450.00000874933,-52973.618416406796,295.2688662763932
23730000,47460.00000875137,-52975.8340565252,308.2382481439981
23735000,47470.000008753406,-52749.87780429455,297.3140563082775
23740000,47480.00000875544,-53282.94114366989,297.49060288734745
23745000,47490.00000875748,-52570.65214524718,295.26857982184765
23750000,47500.00000875952,-52937.268309896026,293.25216220372465
23755000,47510.000008761555,-53228.87596807073,293.55057053339254
23760000,47520.00000876359,-53190.75833165765,300.54804005365804
23765000,47530.00000876563,-53140.20809097457,298.0317213832037
23770000,47540.00000876767,-52802.835920799844,297.4381189252836
23775000,47550.000008769704,-52962.312432821986,301.69514957580526
23780000,47560.00000877174,-53090.423798375065,296.65056812109646
23785000,47570.00000877378,-53167.879515231994,310.0694930906623
23790000,47580.000008775816,-53277.548480359284,294.900969718174
23795000,47590.00000877785,-52942.44024548732,292.65425652375484
23800000,47600.00000877989,-53366.43949938455,300.57738682070567
23805000,47610.00000878193,-53117.99602264454,297.3439000609319
23810000,47620.000008783965,-52676.165698555735,302.57254688176624
23815000,47630.000008786,-52651.990555287746,296.1902604290304
23820000,47640.00000878804,-53227.78377051698,298.15358073006877
23825000,47650.00000879008,-53279.81431221511,305.27804956616586
23830000,47660.000008792114,-52910.48798971312,297.0012521152514
23835000,47670.00000879415,-53112.40588919155,294.37330143166145
23840000,47680.00000879619,-52800.44972449154,299.4825595140069
23845000,47690.000008798226,-53050.62849570537,294.43869153585274
23850000,47700.00000880026,-52868.55222508637,300.9282880369995
23855000,47710.0000088023,-53091.422398338065,297.6478343917063
23860000,47720.00000880434,-52788.57067377865,297.643140051829
23865000,47730.000008806375,-52512.93009037996,294.460704224432
23870000,47740.00000880841,-52699.34734312317,299.05538529052455
23875000,47750.00000881045,-53104.014935995394,289.06854719562216
23880000,47760.00000881249,-52911.93079742495,301.0538930814188
23885000,47770.000008814524,-53096.64953507742,302.2949281951586
23890000,47780.00000881656,-52930.4387681839,303.17957255395044
23895000,47790.0000088186,-53595.30279937241,307.4250448302347
23900000,47800.000008820636,-53252.67966924899,300.14744811582045
23905000,47810.00000882267,-52892.70834983481,297.32389617135266
23910000,47820.00000882471,-53054.02929925959,285.5594500303484
23915000,47830.00000882675,-52994.56661232698,300.7244439905477
23920000,47840.000008828785,-52987.57820362112,295.3019779316527
23925000,47850.00000883082,-53157.42634484178,298.9922496877073
23930000,47860.00000883286,-52936.98476093958,291.9964565673025
23935000,47870.0000088349,-52899.2830498142,301.4919598509424
23940000,47880.000008836934,-53244.946720367996,297.05360981605725
23945000,47890.00000883897,-53280.03149332461,304.86872786771846
23950000,47900.00000884101,-52926.1340727614,303.94258141409773
23955000,47910.000008843046,-52799.2811103343,300.13278911412766
23960000,47920.00000884508,-52942.46509878489,294.9130677950147
23965000,47930.00000884712,-53328.24683926851,289.6109153016617
23970000,47940.00000884916,-53339.16544489973,297.99145003945813
23975000,47950.000008851195,-52790.19095707868,299.6634044937785
23980000,47960.00000885323,-52712.693453707965,292.7695575646125
23985000,47970.00000885527,-53111.38915894774,297.89659907972555
23990000,47980.00000885731,-52896.11124981372,302.9993993289898
23995000,47990.000008859344,-52801.31815105947,300.5500409416445
24000000,48000.00000886138,-52948.10115046025,298.6350413692683
24005000,48010.00000886342,-53217.59158041654,300.94213863023907
24010000,48020.000008865456,-53255.337681662495,302.55801871299565
24015000,48030.00000886749,-52896.14199327567,299.5470974927587
24020000,48040.00000886953,-53033.3140143677,298.30924660972283
24025000,48050.00000887157,-52796.53198220712,301.0212238141381
24030000,48060.000008873605,-52681.589171373635,302.2462664745439
24035000,48070.00000887564,-53008.921538657974,306.5642640724251
24040000,48080.00000887768,-52670.231159365125,296.91279924299914
24045000,48090.00000887972,-52717.54421130053,296.3267976267431
24050000,48100.000008881754,-52965.07367847732,296.0298579459736
24055000,48110.00000888379,-53566.12536623646,294.62679742423416
24060000,48120.00000888583,-53065.57455315185,297.44881321061047
24065000,48130.000008887866,-53157.196314895846,294.7326875329399
24070000,48140.0000088899,-53086.04505392103,295.1543249668303
24075000,48150.00000889194,-52645.04156797333,305.33997670455864
24080000,48160.00000889398,-52980.01387756446,297.8108850005188
24085000,48170.000008896015,-53032.42460943872,301.27379761478596
24090000,48180.00000889805,-52843.83905284759,297.13261735844685
24095000,48190.00000890009,-53064.916108291334,305.96924750272444
24100000,48200.00000890213,-53020.2127521972,294.0798972544855
24105000,48210.000008904164,-53076.3580001801,301.62525270418536
24110000,48220.0000089062,-52844.2079195127,296.3260326292673
24115000,48230.00000890824,-52650.572111299116,296.02453817872487
24120000,48240.000008910276,-52682.199296244304,308.8328933863501
24125000,48250.00000891231,-53065.45282348627,303.4214664405157
24130000,48260.00000891435,-53252.28664726857,299.4472967651099
24135000,48270.00000891639,-52950.78676648019,297.73599044951885
24140000,48280.000008918425,-52568.011803796864,298.6568827278102
24145000,48290.00000892046,-53275.47124561036,299.19472954141844
24150000,48300.0000089225,-53117.25745929091,297.00222883393786
24155000,48310.00000892454,-52857.22550979574,295.94080781449946
24160000,48320.000008926574,-53022.939097467024,288.66614853066585
24165000,48330.00000892861,-53061.77723832254,289.61729265061905
24170000,48340.00000893065,-52836.28492638501,292.8850531591142
24175000,48350.000008932686,-52838.09765006683,293.35692450856504
24180000,48360.00000893472,-52671.29894882967,300.82967151683516
24185000,48370.00000893676,-52999.76667486172,302.830934723089
24190000,48380.0000089388,-52995.135333408136,297.3195597140903
24195000,48390.000008940835,-52984.92917897896,298.1426687608325
24200000,48400.00000894287,-52774.65848071611,297.94757953360556
24205000,48410.00000894491,-52517.00704337313,293.71710244247214
24210000,48420.00000894695,-52753.57694540848,299.9069420085698
24215000,48430.000008948984,-52959.09492905042,312.01832549413854
24220000,48440.00000895102,-53481.80429516046,294.18314490029337
24225000,48450.00000895306,-52909.972841404844,294.64159744835786
24230000,48460.000008955096,-53372.13508326377,301.58876662554934
24235000,48470.00000895713,-53064.448577991396,297.1664969446259
24240000,48480.00000895917,-52785.168318506854,295.55478334871265
24245000,48490.00000896121,-53122.71433664084,306.9960844264741
24250000,48500.000008963245,-52744.03647051481,300.5258732989124
24255000,48510.00000896528,-52804.073053234606,305.2374585822266
24260000,48520.00000896732,-52800.26194893307,299.7555868607402
24265000,48530.00000896936,-52918.04163403416,293.3903410784073
24270000,48540.000008971394,-53018.424298743426,299.1853012147766
24275000,48550.00000897343,-52892.507417357585,297.8392767774243
24280000,48560.00000897547,-53269.2023587561,291.37374258069144
24285000,48570.000008977506,-52955.95967173713,302.8842215952173
24290000,48580.00000897954,-52963.35704786255,294.5428255428007
24295000,48590.00000898158,-53168.81558309254,296.8794054966897
24300000,48600.00000898362,-53045.89683423389,298.0551202400269
24305000,48610.000008985655,-52725.113231094845,292.8771465020592
24310000,48620.00000898769,-52931.51869379243,292.06134340907676
24315000,48630.00000898973,-53481.043752561236,294.90721813231636
24320000,48640.00000899177,-52797.34782275054,292.1154320233032
24325000,48650.000008993804,-52765.883531624655,297.93921916434647
24330000,48660.00000899584,-53256.144224572054,297.053403780762
24335000,48670.00000899788,-52731.924858924525,302.5906930289715
24340000,48680.000008999916,-52818.32474504874,304.93315374387834
24345000,48690.00000900195,-53038.56602664277,294.43930043041667
24350000,48700.00000900399,-52987.213921836665,300.68891443715904
24355000,48710.00000900603,-52554.233307108545,300.92655063963144
24360000,48720.000009008065,-52975.330687836045,292.4522980907032
24365000,48730.0000090101,-53102.75753619545,299.9673465130797
24370000,48740.00000901214,-52754.93168913649,308.73072758593264
24375000,48750.00000901418,-53022.788238798676,300.6788348213244
24380000,48760.000009016214,-53060.75365069683,306.2638103367394
24385000,48770.00000901825,-52569.16834559117,302.262919443891
24390000,48780.00000902029,-52443.15836391249,298.7519190024589
24395000,48790.000009022326,-53406.47609241947,302.1829384273017
24400000,48800.00000902436,-52805.51291470381,301.17107296644275
24405000,48810.0000090264,-52432.98292632945,290.03587818878583
24410000,48820.00000902844,-53082.57430929929,297.9738160948241
24415000,48830.000009030475,-53097.37468107711,288.1250117320744
24420000,48840.00000903251,-52686.79686883144,301.8172408123278
24425000,48850.00000903455,-53177.25201426775,303.00205158420664
24430000,48860.00000903659,-53065.79454414203,298.45959255484433
24435000,48870.000009038624,-53476.72513567182,298.1627289205999
24440000,48880.00000904066,-53329.93026205161,296.64385978459836
24445000,48890.0000090427,-53698.996098919044,294.64029853553467
24450000,48900.000009044736,-53197.41985959734,298.72852155028704
24455000,48910.00000904677,-52837.12755291874,306.38967271145737
24460000,48920.00000904881,-52735.2923949018,298.17171830270786
24465000,48930.00000905085,-52852.197989977314,293.69798303695035
24470000,48940.000009052885,-52892.35813061311,296.53939846504034
24475000,48950.00000905492,-52735.487524127966,292.7947127856808
24480000,48960.00000905696,-52904.978891333565,294.1741668102305
24485000,48970.000009059,-52932.35210965481,293.6045229059608
24490000,48980.000009061034,-52510.739254878485,305.4950208934164
24495000,48990.00000906307,-52946.27707758118,305.7698323419448
24500000,49000.00000906511,-52949.07361191814,305.03171340204
24505000,49010.000009067146,-53060.641707608156,298.9727429747198
24510000,49020.00000906918,-52922.65571312889,297.1070858175625
24515000,49030.00000907122,-53152.848048932356,295.1679285960871
24520000,49040.00000907326,-53182.433487287286,299.23733119318445
24525000,49050.000009075295,-52640.51808929467,307.5793369069733
24530000,49060.00000907733,-53060.712030949944,309.01905362441136
24535000,49070.00000907937,-53188.40129366433,299.219644792619
24540000,49080.00000908141,-53145.11649272629,305.5730079267301
24545000,49090.000009083444,-53032.366699897684,291.76295930663207
24550000,49100.00000908548,-53300.17393106199,297.70683835447585
24555000,49110.00000908752,-53066.77795826687,299.39854892684696
24560000,49120.000009089556,-52830.42924531564,299.6648230408667
24565000,49130.00000909159,-52741.371198033856,305.1945709172665
24570000,49140.00000909363,-52910.12676909735,308.37785047786014
24575000,49150.00000909567,-53006.02553760755,309.37595088517463
24580000,49160.000009097705,-52849.756066317525,301.7748230798401
24585000,49170.00000909974,-52662.54869577079,293.64374444585843
24590000,49180.00000910178,-52978.016618146095,291.30127748146106
24595000,49190.00000910382,-53158.617003067775,292.26531871665605
24600000,49200.000009105854,-52962.45774911481,298.14743235203616
24605000,49210.00000910789,-53153.70107061652,292.28511373374573
24610000,49220.00000910993,-52731.68625632321,297.45334957604274
24615000,49230.000009111965,-52716.68918533923,299.25861733046094
24620000,49240.000009114,-52719.32723947489,297.9574025265464
24625000,49250.00000911604,-53272.047803422116,298.4824341774401
24630000,49260.00000911808,-53085.30727683409,302.4918006210718
24635000,49270.000009120115,-52955.162330249615,293.3172771204476
24640000,49280.00000912215,-52743.89005932707,303.513249857541
24645000,49290.00000912419,-53199.389162930835,302.8759222878113
24650000,49300.000009126226,-53038.05110574633,298.8526101347298
24655000,49310.00000912826,-52946.19038297582,300.59803956601206
24660000,49320.0000091303,-52768.10421167372,302.32744367189673
24665000,49330.00000913234,-53051.97961449274,298.0594938097513
24670000,49340.000009134375,-52915.15178347699,308.52437851912094
24675000,49350.00000913641,-52942.08507965741,299.48595132539606
24680000,49360.00000913845,-52861.2473997277,295.51001431824216
24685000,49370.00000914049,-52836.90913165425,297.57798061259524
24690000,49380.000009142525,-52711.05389563515,295.646482176484
24695000,49390.00000914456,-53077.369357770716,302.6030653434863
24700000,49400.0000091466,-53318.12166367911,301.269966595107
24705000,49410.000009148636,-52544.46160980896,296.6994434653793
24710000,49420.00000915067,-53023.47053794193,297.21837906692474
24715000,49430.00000915271,-53119.144768678234,308.27579715451833
24720000,49440.00000915475,-53088.328302280686,296.8362157770611
24725000,49450.000009156785,-52810.76024163797,303.71875598271686
24730000,49460.00000915882,-52970.54448143407,294.38876976326407
24735000,49470.00000916086,-53117.3150859522,291.90168514844885
24740000,49480.0000091629,-53268.71303508981,287.47491072556505
24745000,49490.000009164934,-53172.78020839757,296.23962301622475
24750000,49500.00000916697,-52746.51941854248,294.9157135997207
24755000,49510.00000916901,-52657.211821471195,294.5781828543725
24760000,49520.000009171046,-53322.45434666463,295.82496992752397
24765000,49530.00000917308,-52838.02544572207,300.13880105239804
24770000,49540.00000917512,-52747.934289155965,295.4484153299468
24775000,49550.00000917716,-53179.29647320858,298.0458083931157
24780000,49560.000009179195,-52811.13875523751,296.80774806618166
24785000,49570.00000918123,-53154.576262600196,298.3070022771878
24790000,49580.00000918327,-52514.3043362934,301.2757530457872
24795000,49590.00000918531,-53203.18132734345,301.6446172355625
24800000,49600.000009187344,-52984.54300057812,293.3823346148536
24805000,49610.00000918938,-52689.79431283858,300.17139057351284
24810000,49620.00000919142,-53240.10706936935,295.3694303025246
24815000,49630.000009193456,-53006.924868287984,290.44977261756185
24820000,49640.00000919549,-53339.507219063526,299.9867736695266
24825000,49650.00000919753,-53088.389078116976,302.12644341372595
24830000,49660.00000919957,-53235.9827296728,295.94074519824795
24835000,49670.000009201605,-53267.91167482082,297.3689480276587
24840000,49680.00000920364,-53128.60288805171,297.40854168323676
24845000,49690.00000920568,-52558.30288623829,300.2159609119544
24850000,49700.00000920772,-53150.71583862399,301.74683275531504
24855000,49710.000009209754,-52842.783375647734,297.62061269215445
24860000,49720.00000921179,-53016.09678849639,290.8148934635861
24865000,49730.00000921383,-53101.64453342522,303.7359811272508
24870000,49740.000009215866,-52835.429059819115,304.60046727779326
24875000,49750.0000092179,-53047.37925677546,297.0291815395109
24880000,49760.00000921994,-53159.2283211067,298.4119175253622
24885000,49770.00000922198,-53117.87828613326,297.4539830836916
24890000,49780.000009224015,-52888.529805486556,297.87563902833494
24895000,49790.00000922605,-53210.97857143899,294.9538932980115
24900000,49800.00000922809,-53210.3818690069,296.38755329003425
24905000,49810.00000923013,-52767.87845821236,302.61126690968047
24910000,49820.000009232164,-52766.42544496915,303.3060546539495
24915000,49830.0000092342,-53023.43699162631,303.61008175061096
24920000,49840.00000923624,-52673.3838389334,301.22860888857616
24925000,49850.000009238276,-52690.04527786214,294.81942861149014
24930000,49860.00000924031,-53085.2663324895,299.6995584852527
24935000,49870.00000924235,-53119.263973800815,295.46386193297286
24940000,49880.00000924439,-53067.97905445032,304.62419748539367
24945000,49890.000009246425,-53413.13589129536,301.5323305568997
24950000,49900.00000924846,-52673.40791220509,303.28032877574543
24955000,49910.0000092505,-53159.40825860223,300.3730320707287
24960000,49920.00000925254,-53226.84978763055,303.05678701940184
24965000,49930.000009254574,-52951.949593733065,296.59685849615425
24970000,49940.00000925661,-53189.43488351576,305.8335379943959
24975000,49950.00000925865,-53074.74914632033,301.7790552203539
24980000,49960.000009260686,-52539.10652991288,303.5546814133118
24985000,49970.00000926272,-52745.2627242312,295.8115163999545
24990000,49980.00000926476,-52927.034177870606,307.6105559022953
24995000,49990.0000092668,-53236.63333714419,296.74760827921926
25000000,50000.000009268835,-52664.43494350565,301.4042086544398
