#"Step","Time (ps)","Potential Energy (kJ/mole)","Temperature (K)"
5000,10.000000000000009,-23622.745916455155,313.75705578048
10000,19.999999999999794,-23632.24244867162,296.53371715889426
15000,29.99999999999425,-23797.54025404212,303.72877116393107
20000,40.00000000000292,-24134.62060570081,301.1681351978409
25000,50.00000000001514,-23831.99768390153,296.3912736874777
30000,60.00000000002736,-24152.339776339766,305.30481311013085
35000,70.00000000001826,-23799.637605300944,304.78338555781414
40000,79.99999999999496,-23844.725850007133,303.9887920620663
45000,89.99999999997165,-24060.829998834583,303.8091640371028
50000,99.99999999994834,-23855.45053624647,293.253820883288
55000,109.99999999992504,-23616.012333589955,305.95179968620886
60000,119.99999999990173,-23988.33145823689,288.48431712073926
65000,129.99999999989262,-23844.701468380255,309.10842163290346
70000,139.99999999994037,-23734.21860781571,296.7261598023552
75000,149.99999999998812,-23909.264264867146,301.78865687612495
80000,160.00000000003587,-23919.678110304696,296.6344376028457
85000,170.00000000008362,-23850.082261918622,303.7171390542348
90000,180.00000000013137,-23952.26151841742,304.93141448400206
95000,190.0000000001791,-23861.635692885888,291.1797757048298
100000,200.00000000022686,-23869.99702910724,294.5657473961927
105000,210.0000000002746,-23905.564459111818,296.6551463775136
110000,220.00000000032236,-23950.327893759444,300.09001681384325
115000,230.0000000003701,-23888.455975141507,295.4146848615906
120000,240.00000000041786,-23835.113988389232,298.3444820881277
125000,250.0000000004656,-23805.1881127402,303.1742259025514
130000,260.00000000051335,-23849.540413166163,290.6803510310571
135000,270.0000000005611,-23845.240565569795,305.4138489748859
140000,280.00000000060885,-23876.386173906445,307.5690382963633
145000,290.0000000006566,-23769.690800423035,301.04744170024145
150000,300.00000000070435,-23843.839519439265,295.447739107557
155000,310.0000000007521,-23737.052739779596,307.114372128376
160000,320.00000000079984,-23821.898835771033,308.381130824799
165000,330.0000000008476,-23917.91880947475,306.9964322134049
170000,340.00000000089534,-23640.585817250845,297.55817196555904
175000,350.0000000009431,-24016.406033813197,294.46103977610943
180000,360.00000000099084,-23635.352636468757,295.9679509337857
185000,370.0000000010386,-23981.57999106904,294.5613743142935
190000,380.00000000108633,-23746.9614426029,292.256152072275
195000,390.0000000011341,-23920.150481568562,295.4313775547015
200000,400.00000000118183,-23831.595387266774,294.1509424086762
205000,410.0000000012296,-23938.670195081082,300.5367000829352
210000,420.00000000127733,-23991.877211222527,292.0259385738288
215000,430.0000000013251,-23665.507881306374,309.16338902579713
220000,440.0000000013728,-23874.76920550021,292.50918281470763
225000,450.0000000014206,-23837.32050766307,295.3282152187545
230000,460.0000000014683,-23755.494521627115,301.8911625563507
235000,470.00000000151607,-23665.47576653032,286.14540420357287
240000,480.0000000015638,-23794.650309583318,289.84423025750556
245000,490.00000000161157,-23737.391816826363,298.25681485037387
250000,500.0000000016593,-23972.986480927168,295.480117447485
255000,510.00000000170706,-23987.28127807699,298.2985021947469
260000,520.0000000015274,-23978.199125748622,307.4804346078964
265000,530.0000000012909,-23915.594478173778,288.2657415517685
270000,540.0000000010544,-24061.27338704739,293.177739051596
275000,550.000000000818,-24006.58726273956,300.374640287541
280000,560.0000000005815,-23796.987239444876,299.01482444181784
285000,570.000000000345,-24108.593901778295,294.6810149586213
290000,580.0000000001086,-24067.890296268,293.430092033959
295000,589.9999999998721,-24061.074653913965,298.20725486291485
300000,599.9999999996356,-24003.93894851052,294.3389849596915
305000,609.9999999993992,-23660.565269715953,303.80574365240557
310000,619.9999999991627,-23826.583108747596,307.2646495866674
315000,629.9999999989262,-23771.74925964061,302.021348812112
320000,639.9999999986898,-23980.327701930117,291.7485009718209
325000,649.9999999984533,-23904.908198145844,298.7560058416651
330000,659.9999999982168,-23718.343885014052,291.41562114025953
335000,669.9999999979804,-23994.189802126857,289.1151215073654
340000,679.9999999977439,-24089.14387229357,313.11118288996363
345000,689.9999999975074,-23660.235562404632,303.5421135300342
350000,699.999999997271,-23926.968137171672,297.5029806650736
355000,709.9999999970345,-23948.287082392737,299.6112829285635
360000,719.999999996798,-23921.065913600483,301.34157155230815
365000,729.9999999965615,-23989.653903746963,298.87627033002434
370000,739.9999999963251,-23749.9038488129,296.8213894505873
375000,749.9999999960886,-23827.591837040047,308.7315693571097
380000,759.9999999958521,-23726.0259441416,300.627125814714
385000,769.9999999956157,-23732.99570101904,298.8333020276651
390000,779.9999999953792,-24039.51237795074,301.42145802020275
395000,789.9999999951427,-24022.13417223413,301.5455927170952
400000,799.9999999949063,-24040.810925428537,301.9400956378118
405000,809.9999999946698,-24076.726574770626,297.1362695059149
410000,819.9999999944333,-24102.680795015403,305.1593965876173
415000,829.9999999941969,-23923.02097067992,301.34362570634755
420000,839.9999999939604,-23855.662335208428,298.7859252320527
425000,849.9999999937239,-24145.32803699476,299.2203078366014
430000,859.9999999934874,-24053.62050241494,298.59800277900473
435000,869.999999993251,-23783.96674848422,305.1996183328636
440000,879.9999999930145,-23560.84033411408,296.4347193407915
445000,889.999999992778,-23874.461133182223,299.3247859481286
450000,899.9999999925416,-24232.10797460316,300.2914207747042
455000,909.9999999923051,-23734.11616292571,300.6864273795931
460000,919.9999999920686,-23543.922463848503,310.50851000996875
465000,929.9999999918322,-24100.557179003168,288.90548128796047
470000,939.9999999915957,-23792.46298690907,282.0315952417303
475000,949.9999999913592,-23794.3995734504,303.0119905466355
480000,959.9999999911228,-24015.249971609956,307.4203881231211
485000,969.9999999908863,-23772.55480278749,292.5577480258677
490000,979.9999999906498,-23907.36422086708,302.09461692631777
495000,989.9999999904134,-23851.02314861912,300.66272921861287
500000,999.9999999901769,-24077.333416777998,292.86709149338765
505000,1009.9999999899404,-24029.904205123312,304.92166865057084
510000,1019.999999989704,-23675.063993378368,307.4358442606785
515000,1029.9999999894676,-23996.155063502214,314.48148660785375
520000,1039.9999999892311,-24110.96142614013,299.57180614491386
525000,1049.9999999889947,-23872.696402568763,293.83587112821584
530000,1059.9999999887582,-23660.977089276377,294.11043263835825
535000,1069.9999999885217,-24083.429322553915,304.3603097887467
540000,1079.9999999882853,-23859.00755063267,293.20243143727845
545000,1089.9999999880488,-23896.344852324022,307.48854910163254
550000,1099.9999999878123,-23664.460609878297,300.0657880882891
555000,1109.9999999875758,-23642.568567412192,306.8194016682099
560000,1119.9999999873394,-23836.264996535625,297.3058072509584
565000,1129.999999987103,-23796.07045977481,305.95490602684924
570000,1139.9999999868664,-23999.100842620377,292.60394130556324
575000,1149.99999998663,-24044.03865958372,295.7955945326226
580000,1159.9999999863935,-23976.258806095866,302.2471772406485
585000,1169.999999986157,-24202.296419708087,297.4458245097878
590000,1179.9999999859206,-23968.431602774726,300.6631082550101
595000,1189.999999985684,-24114.23331878183,306.9780306514131
600000,1199.9999999854476,-23931.449798252317,283.83180649453845
605000,1209.9999999852112,-23918.507847326502,305.6940364737724
610000,1219.9999999849747,-24035.519954446252,286.5920165337263
615000,1229.9999999847382,-23617.389823389574,305.9381713020349
620000,1239.9999999845018,-24021.90401936676,309.78784350382494
625000,1249.9999999842653,-23538.774308288324,300.63684155331487
630000,1259.9999999840288,-23758.853338970104,304.696944258464
635000,1269.9999999837923,-24099.42633146906,299.17974224036436
640000,1279.9999999835559,-23951.471467791853,311.5566677658649
645000,1289.9999999833194,-24067.84544491295,296.35535282261156
650000,1299.999999983083,-23931.572717690957,286.6530925295431
655000,1309.9999999828465,-24175.09729141937,298.1310747803701
660000,1319.99999998261,-23742.678995235852,311.5431274499661
665000,1329.9999999823735,-23974.723987615012,297.0287893955831
670000,1339.999999982137,-23991.226375792467,303.46398686337255
675000,1349.9999999819006,-23787.31786957053,294.6783093568822
680000,1359.9999999816641,-23845.29772095727,295.9077397746984
685000,1369.9999999814277,-23991.445947206856,300.1805431634296
690000,1379.9999999811912,-23886.414916688096,301.9717728140936
695000,1389.9999999809547,-23954.027940071,306.2154910209402
700000,1399.9999999807183,-23900.77711676681,301.286550584075
705000,1409.9999999804818,-23965.616526001133,289.75151735760124
710000,1419.9999999802453,-23971.93585455921,299.4774148265425
715000,1429.9999999800089,-23655.991547487094,315.2673076493408
720000,1439.9999999797724,-24065.842850567802,309.19095044307187
725000,1449.999999979536,-23958.01877870786,288.10252638012514
730000,1459.9999999792994,-23865.351354177197,296.15755805507655
735000,1469.999999979063,-23925.04550176108,293.1690782820652
740000,1479.9999999788265,-23941.73909617278,302.3511268966679
745000,1489.99999997859,-24330.127622890708,293.54868862529656
750000,1499.9999999783536,-23810.778532857687,299.7695449430965
755000,1509.999999978117,-23862.980560580894,318.64158436612314
760000,1519.9999999778806,-23745.344827881432,285.89516765714325
765000,1529.9999999776442,-23681.24978277432,291.72113653815205
770000,1539.9999999774077,-23816.799191711238,297.7432991309845
775000,1549.9999999771712,-24042.026026901876,303.4225524835659
780000,1559.9999999769348,-23911.145121518348,299.11070974488695
785000,1569.9999999766983,-23986.490916193026,297.6639477534831
790000,1579.9999999764618,-23682.821363734314,305.2804954283759
795000,1589.9999999762254,-24020.89163484001,277.71932796613305
800000,1599.9999999759889,-23637.855412114077,291.0293384636811
805000,1609.9999999757524,-23771.167298921282,297.1293119887425
810000,1619.999999975516,-24036.57535892677,294.23676927767883
815000,1629.9999999752795,-23940.00818370821,292.2947046101892
820000,1639.999999975043,-23895.940155829958,304.4437095391278
825000,1649.9999999748065,-24178.1493805887,303.73849776708926
830000,1659.99999997457,-24035.056300204335,303.401911400502
835000,1669.9999999743336,-23711.468273236926,295.6829774711759
840000,1679.9999999740971,-23980.966550297046,299.21408500230325
845000,1689.9999999738607,-23808.106281797765,293.239866493623
850000,1699.9999999736242,-24013.35561164144,299.3464740238213
855000,1709.9999999733877,-24052.386339536795,291.075099179528
860000,1719.9999999731513,-23647.38811609817,289.7207609747892
865000,1729.9999999729148,-24027.54780929252,301.2120601522765
870000,1739.9999999726783,-23848.139042009032,306.46563480639645
875000,1749.9999999724419,-23822.566259797648,297.6805018057061
880000,1759.9999999722054,-23930.57352161905,296.9349581857415
885000,1769.999999971969,-23927.421906892618,293.34225692136914
890000,1779.9999999717324,-24141.795288106572,294.30536316228864
895000,1789.999999971496,-23774.157018215614,305.3021756079575
900000,1799.9999999712595,-23921.963352124425,291.1254621564935
905000,1809.999999971023,-23972.340988867523,300.4637731847742
910000,1819.9999999707866,-24173.745379246437,302.4429647275706
915000,1829.99999997055,-23806.71907221827,288.3606391335238
920000,1839.9999999703136,-23759.680517179688,286.1983482779795
925000,1849.9999999700772,-24126.6358496263,293.22189662827674
930000,1859.9999999698407,-23791.69726290999,310.7503346403871
935000,1869.9999999696042,-24194.03054061238,298.77022749252444
940000,1879.9999999693678,-23625.18532438684,294.7966143143497
945000,1889.9999999691313,-23853.003335065034,303.24818592982376
950000,1899.9999999688948,-23810.652135639248,290.0491952554494
955000,1909.9999999686584,-23846.38846239398,290.2486824442699
960000,1919.999999968422,-23992.562065043734,307.0651313157522
965000,1929.9999999681854,-23880.605753786935,298.58223332131934
970000,1939.999999967949,-23949.153936850475,304.71785219811693
975000,1949.9999999677125,-23931.902810422762,298.8639088717902
980000,1959.999999967476,-23994.8204636383,290.9605355212835
985000,1969.9999999672395,-23578.38007656453,294.82314373324516
990000,1979.999999967003,-23925.044294741543,295.68402659126633
995000,1989.9999999667666,-24062.88864057642,295.4502093609879
1000000,1999.9999999665301,-23974.6325623319,282.9294121387954
1005000,2009.9999999662937,-23706.19264398217,308.26288271209535
1010000,2019.9999999660572,-23896.833283605098,303.2160952335866
1015000,2029.9999999658207,-23977.662085302,299.8250687558624
1020000,2039.9999999655843,-23798.022554810537,298.1567901001074
1025000,2049.999999965348,-24000.096267584348,298.79392397693
1030000,2059.9999999651113,-23677.35732796855,301.04276638535697
1035000,2069.999999964875,-24006.120432900425,308.9116887050673
1040000,2079.9999999646384,-23985.817952040903,303.900731707347
1045000,2089.999999964402,-23948.472275515436,291.50044396543103
1050000,2099.9999999641655,-23630.760038112538,302.37611132097976
1055000,2109.999999963929,-23702.412184898916,301.7330365110359
1060000,2119.9999999636925,-24018.113693510095,295.40507656203897
1065000,2129.999999963456,-23667.24434555204,300.62634481486003
1070000,2139.9999999632196,-23659.925326991462,312.9381941374736
1075000,2149.999999962983,-23612.351714512028,304.2127403545556
1080000,2159.9999999627466,-23962.17838583111,313.08584235987337
1085000,2169.99999996251,-23828.410719782507,297.803547680199
1090000,2179.9999999622737,-23851.163911313575,301.3177859484226
1095000,2189.9999999620372,-23840.292451723188,307.2082155653705
1100000,2199.9999999618008,-24000.820995704038,296.98851397198257
1105000,2209.9999999615643,-23870.03419017035,288.27517223768814
1110000,2219.999999961328,-23954.022532259973,307.72495446313906
1115000,2229.9999999610914,-23767.848676399182,288.29123787954705
1120000,2239.999999960855,-23880.6478776093,305.93017419926684
1125000,2249.9999999606184,-23857.010038027147,306.0930905174677
1130000,2259.999999960382,-23811.772033887813,301.8588448258815
1135000,2269.9999999601455,-24023.439291297953,305.33436028992793
1140000,2279.999999959909,-23826.011941614648,300.79825345388883
1145000,2289.9999999596726,-23834.92858428428,294.74694652924387
1150000,2299.999999959436,-23804.468885753697,296.9213268418345
1155000,2309.9999999591996,-23990.439092676053,298.14661796650904
1160000,2319.999999958963,-24027.11767220222,289.5648546319701
1165000,2329.9999999587267,-24010.177013152308,307.6145309190029
1170000,2339.99999995849,-23785.70033052798,307.07250809413824
1175000,2349.9999999582537,-23895.896307263683,287.65471588850136
1180000,2359.9999999580173,-23893.77384656154,296.3130125891788
1185000,2369.999999957781,-24049.138626015803,295.02083711278834
1190000,2379.9999999575443,-23895.40567504018,301.4130766348617
1195000,2389.999999957308,-23982.768939876434,292.3421101551492
1200000,2399.9999999570714,-23785.87761863628,291.83486541439385
1205000,2409.999999956835,-24010.893960009955,290.4474761026613
1210000,2419.9999999565985,-23902.886136735266,301.0860902433876
1215000,2429.999999956362,-23726.33153354295,291.1735198851179
1220000,2439.9999999561255,-23541.179395917847,297.3240211205845
1225000,2449.999999955889,-23826.459302037707,299.1577457673635
1230000,2459.9999999556526,-23833.106255691528,313.07676728864493
1235000,2469.999999955416,-23867.883397000332,283.07596018904616
1240000,2479.9999999551796,-23973.06235684501,299.2726677167602
1245000,2489.999999954943,-24000.338319721544,285.96008418441545
1250000,2499.9999999547067,-23731.27862635444,290.66660040226435
1255000,2509.9999999544702,-23743.71335710508,304.67614436261294
1260000,2519.9999999542338,-24001.098849387912,290.88383448744815
1265000,2529.9999999539973,-23972.426489839083,292.90036498654626
1270000,2539.999999953761,-24107.041582989972,298.6201632831146
1275000,2549.9999999535244,-23930.736460053813,294.2886974244754
1280000,2559.999999953288,-24048.079560138824,306.9767914512171
1285000,2569.9999999530514,-23786.577883494887,298.85252927806647
1290000,2579.999999952815,-23968.49011200774,300.41689066228383
1295000,2589.9999999525785,-23903.64351713378,294.40610171186876
1300000,2599.999999952342,-24178.965787462104,311.5042550103968
1305000,2609.9999999521056,-23760.34635891921,303.55562006668305
1310000,2619.999999951869,-23773.822933671923,300.1149853708443
1315000,2629.9999999516326,-23874.15940730399,294.35647064477763
1320000,2639.999999951396,-23749.631030337405,309.5256393202287
1325000,2649.9999999511597,-23925.420244181383,299.0276048152911
1330000,2659.999999950923,-24040.168363394565,288.3005701063541
1335000,2669.9999999506867,-23775.387930413286,300.8519353404226
1340000,2679.9999999504503,-23984.92957458984,300.1339859880907
1345000,2689.999999950214,-23815.79756073054,286.9242954167146
1350000,2699.9999999499773,-23835.78868165784,300.4735124395755
1355000,2709.999999949741,-24065.490816879348,295.43889804632926
1360000,2719.9999999495044,-23941.981981391,294.0855771161175
1365000,2729.999999949268,-23965.056085019416,286.41026513664656
1370000,2739.9999999490315,-23834.739088424176,307.7732337668171
1375000,2749.999999948795,-23818.23912240911,283.93607250457836
1380000,2759.9999999485585,-24016.416080823838,296.9251151750884
1385000,2769.999999948322,-24039.612071183074,301.18317426280777
1390000,2779.9999999480856,-23971.346412794228,307.83154997320025
1395000,2789.999999947849,-23914.814670587206,292.7749964977995
1400000,2799.9999999476127,-23585.732655825705,306.28526661901225
1405000,2809.999999947376,-23793.736382100862,291.3937193803886
1410000,2819.9999999471397,-23666.207645652597,289.8238931858147
1415000,2829.9999999469032,-23945.295740576767,294.9989082027311
1420000,2839.999999946667,-23917.321405906245,307.9930776029484
1425000,2849.9999999464303,-23681.39689637348,306.38588066779585
1430000,2859.999999946194,-24003.315330115263,301.71244489814876
1435000,2869.9999999459574,-23855.678849268486,294.8049872836302
1440000,2879.999999945721,-23634.86312271122,307.61578215567124
1445000,2889.9999999454844,-23888.78222004276,300.1407159670515
1450000,2899.999999945248,-23845.758706310386,302.88396950339325
1455000,2909.9999999450115,-24325.4495594467,295.4144466942073
1460000,2919.999999944775,-23755.698749317147,307.67748082323914
1465000,2929.9999999445386,-24055.223512249664,316.15536684664613
1470000,2939.999999944302,-24020.10750248017,306.725312484835
1475000,2949.9999999440656,-23979.59737702497,291.06485370084727
1480000,2959.999999943829,-24029.94551276391,302.2237063568003
1485000,2969.9999999435927,-23693.282343476923,296.4642368791765
1490000,2979.999999943356,-23801.53740241217,296.6508247878036
1495000,2989.9999999431197,-23936.336256503768,284.73689314612614
1500000,2999.9999999428833,-23660.760261041214,296.3545824645776
1505000,3009.999999942647,-23749.223495923216,303.0949004511674
1510000,3019.9999999424103,-23771.230671961894,302.1506227542287
1515000,3029.999999942174,-24012.7752306756,311.4841625372366
1520000,3039.9999999419374,-23832.446608001745,298.9134753532788
1525000,3049.999999941701,-24316.81426595348,292.40061925036974
1530000,3059.9999999414645,-23806.441530506243,302.63628741166383
1535000,3069.999999941228,-23832.03708096889,297.2199980674194
1540000,3079.9999999409915,-23663.528228142255,301.80412752159134
1545000,3089.999999940755,-23908.9412273044,306.67582299378773
1550000,3099.9999999405186,-24074.65134535756,294.52855232177285
1555000,3109.999999940282,-23824.90162139552,297.6953073016029
1560000,3119.9999999400457,-23613.52177030522,293.7961179079353
1565000,3129.999999939809,-23757.243400993917,296.0958868006538
1570000,3139.9999999395727,-23914.878976088192,293.17509299459056
1575000,3149.9999999393362,-23836.965032754175,289.67136487254015
1580000,3159.9999999391,-23984.26142785237,291.72370228555445
1585000,3169.9999999388633,-24172.648248754616,303.90266150133465
1590000,3179.999999938627,-24041.985647377936,299.24690819673793
1595000,3189.9999999383904,-23885.27685029144,296.4689440796023
1600000,3199.999999938154,-24074.729842859408,302.46617023720887
1605000,3209.9999999379174,-23938.997614045395,299.5376927541938
1610000,3219.999999937681,-23893.106977554475,281.78953717174875
1615000,3229.9999999374445,-23994.995905959237,305.8905315216284
1620000,3239.999999937208,-23841.582343919654,305.7551787414657
1625000,3249.9999999369716,-23639.685896245384,297.5638284295739
1630000,3259.999999936735,-23922.177705794995,294.4921698753061
1635000,3269.9999999364986,-24232.938830544852,316.7480271684415
1640000,3279.999999936262,-23820.24699318735,301.25115019696045
1645000,3289.9999999360257,-23907.277449192363,295.69933309940734
1650000,3299.999999935789,-24139.034601939333,304.8183785168786
1655000,3309.9999999355528,-23680.90498266516,283.7984914916151
1660000,3319.9999999353163,-23927.41041487144,298.2052367330104
1665000,3329.99999993508,-23828.49640964727,288.7258022947327
1670000,3339.9999999348433,-23986.69122953902,299.32977265208785
1675000,3349.999999934607,-23818.7542060603,301.855823707772
1680000,3359.9999999343704,-23844.189583775442,295.78220663988867
1685000,3369.999999934134,-23946.91459445606,304.3658778773409
1690000,3379.9999999338975,-23665.057219972412,288.02589275690474
1695000,3389.999999933661,-23906.007138340865,301.51829955862706
1700000,3399.9999999334245,-23974.96750550889,302.70727097327546
1705000,3409.999999933188,-23911.202440637688,304.59918354920296
1710000,3419.9999999329516,-24064.45360808524,301.82858219981864
1715000,3429.999999932715,-23778.092343152748,306.07863342259776
1720000,3439.9999999324787,-24087.286057780977,294.91180129198204
1725000,3449.999999932242,-23872.054412827565,304.5652209477395
1730000,3459.9999999320057,-23785.773593154823,298.3313371545898
1735000,3469.9999999317693,-24127.748246941963,315.982293982045
1740000,3479.999999931533,-23811.30999039716,296.91113909421216
1745000,3489.9999999312963,-23916.66978511354,287.89867165149104
1750000,3499.99999993106,-23960.373220647904,287.60511639148535
1755000,3509.9999999308234,-23868.111985621028,287.1541140770938
1760000,3519.999999930587,-23838.9242711142,288.6278795185704
1765000,3529.9999999303504,-23958.22797651621,301.643618569505
1770000,3539.999999930114,-23915.20367867392,299.49932936782517
1775000,3549.9999999298775,-23760.056450244563,303.4714616169644
1780000,3559.999999929641,-24146.038658213423,290.75677727927666
1785000,3569.9999999294046,-23844.306985772724,306.1286049757002
1790000,3579.999999929168,-23945.78653034143,287.2466011472089
1795000,3589.9999999289316,-24037.62754753488,284.05323705106775
1800000,3599.999999928695,-23881.490180932058,288.276465621013
1805000,3609.9999999284587,-23487.156062185677,301.53529107070244
1810000,3619.999999928222,-23773.361698201785,308.87277695791687
1815000,3629.9999999279858,-23852.221480231863,289.64603520180805
1820000,3639.9999999277493,-23677.228007932354,310.0809841029845
1825000,3649.999999927513,-23600.74739110077,292.985023461588
1830000,3659.9999999272763,-23731.29831972423,304.10888429513506
1835000,3669.99999992704,-23777.256342109584,293.4466224586574
1840000,3679.9999999268034,-24093.280564177563,300.9858378943322
1845000,3689.999999926567,-23888.485324814144,297.9266473802632
1850000,3699.9999999263305,-23853.849361188593,309.6909168450901
1855000,3709.999999926094,-23811.549362047444,279.92900730109744
1860000,3719.9999999258575,-23871.41085505947,298.3557574696199
1865000,3729.999999925621,-23914.05736229522,295.9271007227551
1870000,3739.9999999253846,-24188.684974931704,305.11322536397654
1875000,3749.999999925148,-24085.62030390995,298.38458349856654
1880000,3759.9999999249117,-23947.16567212285,300.46777098302823
1885000,3769.999999924675,-24010.243022405004,291.3675784737141
1890000,3779.9999999244387,-23767.77799340796,297.192628692348
1895000,3789.9999999242023,-23990.992713672444,302.4501014408573
1900000,3799.999999923966,-23665.92033044163,300.930366575039
1905000,3809.9999999237293,-23887.094044585057,292.73769182165717
1910000,3819.999999923493,-23892.404801438184,295.19655549469445
1915000,3829.9999999232564,-24073.769510822312,304.9558158915148
1920000,3839.99999992302,-23743.442276121685,290.49288866134486
1925000,3849.9999999227834,-23721.497371211677,288.0879420902768
1930000,3859.999999922547,-23837.030321518134,285.03201910317824
1935000,3869.9999999223105,-23817.13974258081,302.10697245663675
1940000,3879.999999922074,-23962.896190310843,306.1465552982772
1945000,3889.9999999218376,-23597.89217506496,296.314142735331
1950000,3899.999999921601,-23902.215796256583,297.1158752694571
1955000,3909.9999999213646,-23751.367649344305,301.04925275606365
1960000,3919.999999921128,-23779.44506047154,314.1888040616721
1965000,3929.9999999208917,-23976.04138664274,303.1866664168036
1970000,3939.9999999206552,-23907.866957746286,305.248315573788
1975000,3949.9999999204188,-23885.697369553163,301.5590731339611
1980000,3959.9999999201823,-23727.20385807431,299.65609037852124
1985000,3969.999999919946,-23928.37430470009,292.5938811401481
1990000,3979.9999999197094,-24052.269733251087,292.97090337471866
1995000,3989.999999919473,-23965.69890775568,298.7342562695181
2000000,3999.9999999192364,-23876.511077298463,295.3716998497068
2005000,4009.999999919,-23786.521307759016,298.91839843733374
2010000,4019.9999999187635,-24009.156346460193,301.98521048058046
2015000,4029.999999918527,-24169.157030276794,306.67010131793495
2020000,4039.9999999182905,-23869.87794263303,301.0329230360621
2025000,4049.999999918054,-23841.328021224137,309.7825989174332
2030000,4059.9999999178176,-23685.013257550978,299.33533399500396
2035000,4069.999999917581,-23877.624014665562,304.0892279366949
2040000,4079.9999999173447,-23963.805057600403,294.0920021453841
2045000,4089.999999917108,-24093.27259761031,289.2672760136865
2050000,4099.999999917781,-23907.805988854976,299.3489601910374
2055000,4109.999999919818,-24051.30175058577,312.9495943536793
2060000,4119.999999921855,-24076.46684693529,302.3794579931707
2065000,4129.999999923893,-23906.20670916376,294.9691958009992
2070000,4139.99999992593,-24143.20460512147,288.96033083874045
2075000,4149.999999927967,-23939.349102173845,287.40343136172567
2080000,4159.999999930004,-23629.521344549605,303.1512859577046
2085000,4169.999999932042,-24111.369975730166,302.31602378571705
2090000,4179.999999934079,-23965.862516654117,303.91796365851746
2095000,4189.999999936116,-23652.150125633227,298.2563858055256
2100000,4199.999999938153,-23790.21635098262,298.27793075868004
2105000,4209.999999940191,-24090.272985525255,290.6323415695951
2110000,4219.999999942228,-23861.52922398482,298.1977169149701
2115000,4229.999999944265,-23860.420866536064,307.6610605856082
2120000,4239.9999999463025,-24204.918029586843,298.4807000263112
2125000,4249.99999994834,-23620.798158699487,290.07061742193116
2130000,4259.999999950377,-24033.21211038575,286.86453459904607
2135000,4269.999999952414,-24059.6945641324,294.31001468437375
2140000,4279.999999954452,-23552.621213914725,296.45068352288035
2145000,4289.999999956489,-23963.72976426124,300.57108653817767
2150000,4299.999999958526,-23912.23497037425,297.63114958013466
2155000,4309.999999960563,-24199.00665500271,287.5223177170759
2160000,4319.999999962601,-24147.460741850853,304.2588086243504
2165000,4329.999999964638,-23947.514052910818,298.9033799744215
2170000,4339.999999966675,-23872.62101384955,290.0550016644108
2175000,4349.9999999687125,-23724.37073888765,295.2560343188635
2180000,4359.99999997075,-24044.04677308447,303.495739143618
2185000,4369.999999972787,-24005.885422320207,304.1442544578237
2190000,4379.999999974824,-23842.937936391114,298.93860176319635
2195000,4389.999999976862,-23764.109135955645,289.8904176490393
2200000,4399.999999978899,-24094.671686791044,294.8243346800764
2205000,4409.999999980936,-23784.921547502614,302.85500617231247
2210000,4419.999999982973,-23748.4220039887,303.2641693388216
2215000,4429.999999985011,-24173.689873686017,305.10580737213684
2220000,4439.999999987048,-23826.41053462689,292.3157209316928
2225000,4449.999999989085,-24203.229591385243,301.60092709853944
2230000,4459.999999991122,-23923.011786817035,306.33831686837516
2235000,4469.99999999316,-23943.65281641655,294.2085628060816
2240000,4479.999999995197,-23717.76113830837,295.37525424470635
2245000,4489.999999997234,-23862.946620768853,289.86389786831893
2250000,4499.9999999992715,-24011.060880506586,297.1442312355131
2255000,4510.000000001309,-23858.598839089318,295.15112326234396
2260000,4520.000000003346,-24076.096115742854,304.95600230335083
2265000,4530.000000005383,-23965.643436278595,289.9768588854694
2270000,4540.000000007421,-24043.182894104713,294.95782089313826
2275000,4550.000000009458,-23968.6239920198,298.7264306112203
2280000,4560.000000011495,-23861.18482955228,302.4024653370926
2285000,4570.000000013532,-23789.12390231328,299.7040366943518
2290000,4580.00000001557,-23881.882120172726,295.8452557108098
2295000,4590.000000017607,-23684.73112783367,297.9557453473026
2300000,4600.000000019644,-23909.64496839163,295.36542877774843
2305000,4610.000000021681,-24043.75480994962,302.3329973439841
2310000,4620.000000023719,-23892.62007664409,303.7259349145754
2315000,4630.000000025756,-23918.49930407929,297.6656784131973
2320000,4640.000000027793,-24007.424297378457,303.7158997649598
2325000,4650.0000000298305,-23958.51279117947,294.2884498612272
2330000,4660.000000031868,-23924.29822035067,285.8608449204066
2335000,4670.000000033905,-23957.831983336495,305.40879747392705
2340000,4680.000000035942,-23816.472872507453,293.3939862115945
2345000,4690.00000003798,-24137.3612272029,304.1354254437649
2350000,4700.000000040017,-23919.50928649468,293.28245952805247
2355000,4710.000000042054,-24077.651017525117,300.15447232937566
2360000,4720.000000044091,-23518.113162054287,300.64394499693225
2365000,4730.000000046129,-23953.178948285364,298.3896276129169
2370000,4740.000000048166,-23763.082805794038,289.7897445396847
2375000,4750.000000050203,-23720.92538538795,306.71407033892643
2380000,4760.0000000522405,-24025.042477079725,301.34212061652573
2385000,4770.000000054278,-24090.593922060914,297.0777225902966
2390000,4780.000000056315,-23993.844748624557,290.23303780676974
2395000,4790.000000058352,-23884.653026725035,291.85784116291705
2400000,4800.0000000603895,-23710.379845001095,299.18286789217
2405000,4810.000000062427,-23877.21286266725,311.5959511957994
2410000,4820.000000064464,-23837.009235484336,294.2520413134299
2415000,4830.000000066501,-24043.678453336048,286.6791173996464
2420000,4840.000000068539,-23791.58858756878,301.966316674529
2425000,4850.000000070576,-23776.232861043725,305.1727996410756
2430000,4860.000000072613,-23934.25531873769,294.0778403077532
2435000,4870.00000007465,-23951.520559963712,294.9350517243688
2440000,4880.000000076688,-23729.67164020204,295.7526434165406
2445000,4890.000000078725,-24027.756461128592,301.1397591020929
2450000,4900.000000080762,-24056.34404481844,295.8139445365179
2455000,4910.0000000827995,-23935.823937656387,306.2807523545672
2460000,4920.000000084837,-23848.258574317515,295.32189822678004
2465000,4930.000000086874,-23647.510855360248,306.3390107811084
2470000,4940.000000088911,-23909.614306102987,287.40595827007513
2475000,4950.000000090949,-23980.90542101898,304.4173388644535
2480000,4960.000000092986,-24016.688050618104,295.44463480111443
2485000,4970.000000095023,-24007.643853990463,302.17630115666685
2490000,4980.00000009706,-23913.66583318745,293.8443615504101
2495000,4990.000000099098,-23686.93307407078,301.23275849800166
2500000,5000.000000101135,-23912.436028326905,285.5049914991786
2505000,5010.000000103172,-23976.05624507698,297.5144452598661
2510000,5020.000000105209,-23750.29740469168,302.8410914053662
2515000,5030.000000107247,-23968.374626315926,290.0877330296154
2520000,5040.000000109284,-24111.85401264213,291.27957399301806
2525000,5050.000000111321,-24000.657850241216,302.6925281165333
2530000,5060.0000001133585,-23954.24828762308,301.6500391698139
2535000,5070.000000115396,-23894.905353940805,303.0622820009318
2540000,5080.000000117433,-24070.59584780752,290.1353297812336
2545000,5090.00000011947,-23867.55044398972,285.3957875472879
2550000,5100.000000121508,-23781.07872976213,293.87398652273407
2555000,5110.000000123545,-23994.10047668098,299.22274052028604
2560000,5120.000000125582,-24080.585762009636,306.3654072961496
2565000,5130.000000127619,-23710.902853751104,306.4723975805668
2570000,5140.000000129657,-23795.8298613801,297.82997360073523
2575000,5150.000000131694,-23880.304003950165,306.74289851072245
2580000,5160.000000133731,-23871.7657436531,305.2659435576156
2585000,5170.0000001357685,-23706.05563456098,306.3620250041554
2590000,5180.000000137806,-24020.224607768396,293.4191721041763
2595000,5190.000000139843,-24192.824544578863,299.23529861946685
2600000,5200.00000014188,-24058.523160352415,293.4712935822518
2605000,5210.0000001439175,-23789.525074721765,291.2623464524134
2610000,5220.000000145955,-23958.971246767207,294.6821508216199
2615000,5230.000000147992,-23697.52454184502,294.32931658613774
2620000,5240.000000150029,-24066.0677821407,302.06049346988686
2625000,5250.000000152067,-24177.291289138535,305.38216860378935
2630000,5260.000000154104,-23940.112213532382,290.3924477650396
2635000,5270.000000156141,-23848.127235177075,294.26335774736543
2640000,5280.000000158178,-23491.916777869556,288.23189142372763
2645000,5290.000000160216,-23790.756750308836,293.47412238340456
2650000,5300.000000162253,-24017.300965852235,303.9989773048756
2655000,5310.00000016429,-23878.555185231467,308.5283806115948
2660000,5320.0000001663275,-24039.51532540728,290.5627704190977
2665000,5330.000000168365,-24138.07839025426,308.7140652713419
2670000,5340.000000170402,-24168.640515848732,302.9303967234558
2675000,5350.000000172439,-23969.43955541411,300.70881814589984
2680000,5360.000000174477,-23702.47665291498,295.372084958408
2685000,5370.000000176514,-23869.78731875225,297.16900669834547
2690000,5380.000000178551,-23822.137334737054,298.4890035265474
2695000,5390.000000180588,-24091.00397161112,287.0637423670108
2700000,5400.000000182626,-24053.39641191541,294.6034440059621
2705000,5410.000000184663,-23994.06529303585,289.1131601081547
2710000,5420.0000001867,-23638.783465042477,306.8236401464329
2715000,5430.000000188737,-23846.46540562692,296.92129080442567
2720000,5440.000000190775,-24114.641978593063,295.62227957923784
2725000,5450.000000192812,-23978.308812179836,297.29114517703164
2730000,5460.000000194849,-23927.78562223891,291.46634188505607
2735000,5470.0000001968865,-23633.455846363882,306.83029135988585
2740000,5480.000000198924,-24104.80374487801,310.76931110866343
2745000,5490.000000200961,-23905.5892650061,295.00133855573034
2750000,5500.000000202998,-23718.73007413566,312.3410613946409
2755000,5510.000000205036,-23941.71584779209,291.4468376972097
2760000,5520.000000207073,-23704.52039051139,297.2356150654432
2765000,5530.00000020911,-24193.351816902854,300.10237419559223
2770000,5540.000000211147,-23650.509278286452,308.39564337760567
2775000,5550.000000213185,-23804.30683544716,296.4070184599769
2780000,5560.000000215222,-23984.45644499584,297.02091002616413
2785000,5570.000000217259,-23786.222365726833,302.93133724058004
2790000,5580.000000219296,-23772.708222660338,295.8804203585525
2795000,5590.000000221334,-23747.20089831503,282.6972682660866
2800000,5600.000000223371,-23978.663217694528,292.97415404799153
2805000,5610.000000225408,-24022.55730448611,301.84361746222424
2810000,5620.0000002274455,-23650.31759115307,293.76115156066237
2815000,5630.000000229483,-24188.047387375045,304.470243848213
2820000,5640.00000023152,-24043.49998352288,298.60133224313375
2825000,5650.000000233557,-24164.67165604842,297.50045815496446
2830000,5660.000000235595,-23961.219132936967,301.1693743375532
2835000,5670.000000237632,-23954.382431574122,318.7199669030729
2840000,5680.000000239669,-23760.806090590253,314.8643764617314
2845000,5690.000000241706,-24136.06173064637,304.4586175835553
2850000,5700.000000243744,-23724.50320260077,305.2642323946367
2855000,5710.000000245781,-24034.576796404304,292.10873372167185
2860000,5720.000000247818,-24011.720841838818,297.93535474326166
2865000,5730.0000002498555,-24063.866101468273,289.7259084367938
2870000,5740.000000251893,-24088.69597327037,288.1594136912053
2875000,5750.00000025393,-23934.38809449527,296.52220302119304
2880000,5760.000000255967,-23921.483506223434,311.0871255463725
2885000,5770.000000258005,-24119.317922311486,300.5160774089572
2890000,5780.000000260042,-23669.792990188827,300.6398187665868
2895000,5790.000000262079,-24074.031711520074,296.0716635251004
2900000,5800.000000264116,-24055.572227123368,305.47254097778034
2905000,5810.000000266154,-23873.8795488341,295.74225537960024
2910000,5820.000000268191,-24031.614775655864,290.9445655482438
2915000,5830.000000270228,-23893.602697015158,293.09980241599646
2920000,5840.000000272265,-24090.848443695664,293.17733006694584
2925000,5850.000000274303,-23889.359541445592,296.4307619586676
2930000,5860.00000027634,-24059.53720429186,305.02214088571714
2935000,5870.000000278377,-23919.228308455815,290.2889333916623
2940000,5880.0000002804145,-23942.447585738337,299.8758218148379
2945000,5890.000000282452,-23749.52913467247,299.5435632510303
2950000,5900.000000284489,-23715.763373410766,297.1893550605748
2955000,5910.000000286526,-24125.5013494514,286.79522436600837
2960000,5920.000000288564,-23882.062924829865,311.22266572333376
2965000,5930.000000290601,-23910.276217738516,298.594226237138
2970000,5940.000000292638,-23924.732608591803,304.2122176139242
2975000,5950.000000294675,-24004.31732206924,288.35903735978604
2980000,5960.000000296713,-23931.76093667827,306.5629216661847
2985000,5970.00000029875,-23802.659311679177,295.8148004912009
2990000,5980.000000300787,-24284.209014040505,295.106751973599
2995000,5990.000000302824,-23849.571105050854,311.1201081500112
3000000,6000.000000304862,-23941.888857197162,297.62266393035844
3005000,6010.000000306899,-23904.7474572653,299.7084734383724
3010000,6020.000000308936,-24006.55729499842,297.8475644270539
3015000,6030.0000003109735,-23944.961960254863,287.69207708203135
3020000,6040.000000313011,-23699.5673502266,295.83224173172005
3025000,6050.000000315048,-23734.806768095877,290.6789032854938
3030000,6060.000000317085,-23958.97568530425,290.403101181312
3035000,6070.000000319123,-23897.194735216428,302.5250076573855
3040000,6080.00000032116,-24099.28068511399,298.8598668470061
3045000,6090.000000323197,-23759.01438634614,302.2408385870491
3050000,6100.000000325234,-23984.032164339995,291.9592631177641
3055000,6110.000000327272,-23951.935266245026,296.4171700465496
3060000,6120.000000329309,-24172.444355611457,295.29553301167203
3065000,6130.000000331346,-23613.453959868682,292.7680683000768
3070000,6140.0000003333835,-23673.591026948066,298.4527654189172
3075000,6150.000000335421,-23627.664184428577,303.1099878631266
3080000,6160.000000337458,-23845.033963764174,304.8161227441119
3085000,6170.000000339495,-24070.381763758312,301.40056758687916
3090000,6180.0000003415325,-23644.308360991927,300.0264923480148
3095000,6190.00000034357,-23726.55505898726,294.0128829168248
3100000,6200.000000345607,-23734.407711315565,302.12199391286345
3105000,6210.000000347644,-24176.104711371867,299.58674591472186
3110000,6220.000000349682,-23771.03032754718,303.48130314151246
3115000,6230.000000351719,-23973.107573009504,298.9540099490923
3120000,6240.000000353756,-23747.488833079013,302.92846803566687
3125000,6250.000000355793,-23979.01509312961,311.8108987137991
3130000,6260.000000357831,-23962.224586853015,298.7001862582561
3135000,6270.000000359868,-23924.756489223946,295.99972403285483
3140000,6280.000000361905,-23743.126241655875,294.6344262599964
3145000,6290.0000003639425,-24057.72301486894,303.14235560351807
3150000,6300.00000036598,-23628.352557942504,303.9338752646075
3155000,6310.000000368017,-23716.135617757725,291.93716142536994
3160000,6320.000000370054,-23933.092441369416,289.4496076943702
3165000,6330.000000372092,-23825.536258920183,296.3500319894666
3170000,6340.000000374129,-23963.901953480294,294.1536298528683
3175000,6350.000000376166,-23988.07852803389,301.19824079149276
3180000,6360.000000378203,-23918.85770152716,305.1138296974482
3185000,6370.000000380241,-23819.497111233635,299.72183948277814
3190000,6380.000000382278,-24137.58260311387,299.41289405325443
3195000,6390.000000384315,-23806.068712966997,294.26029708551806
3200000,6400.000000386352,-23768.507022028236,296.834918151564
3205000,6410.00000038839,-23693.561828598366,296.4384916496895
3210000,6420.000000390427,-24041.536988825537,304.6980819934149
3215000,6430.000000392464,-24140.737218643786,291.56389045872425
3220000,6440.0000003945015,-23922.33952595957,302.1407020311086
3225000,6450.000000396539,-23856.727249314208,294.48331992631614
3230000,6460.000000398576,-23970.599326911193,305.1574028749846
3235000,6470.000000400613,-24039.776811939853,290.68320953826947
3240000,6480.000000402651,-23856.434021869325,305.53184067861815
3245000,6490.000000404688,-23765.11315303517,294.59137079049674
3250000,6500.000000406725,-24152.01200238458,292.1774201667068
3255000,6510.000000408762,-23968.588782495324,310.336804555579
3260000,6520.0000004108,-23835.4030406213,299.8340323182898
3265000,6530.000000412837,-23755.943910548667,298.3838294144057
3270000,6540.000000414874,-23727.5713225457,302.9153248938852
3275000,6550.0000004169115,-23817.22286612638,282.9765170720078
3280000,6560.000000418949,-23962.3371423535,297.46811179759493
3285000,6570.000000420986,-23708.765929946472,296.1809397733059
3290000,6580.000000423023,-23741.856235849744,294.98029056656503
3295000,6590.0000004250605,-23714.21650406906,296.58018561199924
3300000,6600.000000427098,-23654.415940362014,296.8879372135154
3305000,6610.000000429135,-24083.70926600744,301.6193499160692
3310000,6620.000000431172,-23870.959641351757,296.32702476565845
3315000,6630.00000043321,-23951.95150187571,296.0306716214749
3320000,6640.000000435247,-23876.66505192031,294.80000398107376
3325000,6650.000000437284,-24195.15131190284,290.79955124039265
3330000,6660.000000439321,-24053.094172710917,298.56990821371096
3335000,6670.000000441359,-23863.434893934056,296.95073676298705
3340000,6680.000000443396,-24060.869676051138,288.3264801363045
3345000,6690.000000445433,-23759.99375058312,307.0956019068783
3350000,6700.0000004474705,-23880.333404384422,293.62805785981453
3355000,6710.000000449508,-23623.929364447147,282.2375687226153
3360000,6720.000000451545,-24118.989250550134,305.5515082308775
3365000,6730.000000453582,-23905.194685488008,303.01351293509936
3370000,6740.00000045562,-24027.13638991052,304.23907073077163
3375000,6750.000000457657,-23668.19328305422,297.03868587956947
3380000,6760.000000459694,-24015.898302350266,305.43954914703573
3385000,6770.000000461731,-23742.904833819775,293.88582335530583
3390000,6780.000000463769,-23926.669264829994,301.0656312078896
3395000,6790.000000465806,-24017.297311190938,312.24789747728676
3400000,6800.000000467843,-24304.328132912386,309.6550750162056
3405000,6810.00000046988,-24206.333631070753,294.1993299386842
3410000,6820.000000471918,-23985.97248134289,294.1422711913896
3415000,6830.000000473955,-24068.600367665087,297.53003623396216
3420000,6840.000000475992,-23830.790009059026,300.20395072476566
3425000,6850.0000004780295,-24014.442220466386,289.0630860724475
3430000,6860.000000480067,-23737.761686175174,303.4706712955317
3435000,6870.000000482104,-24111.135871672494,291.65611671505184
3440000,6880.000000484141,-24045.70065972631,302.90120406632604
3445000,6890.000000486179,-23872.934119971047,294.4061189395545
3450000,6900.000000488216,-23912.521296773804,286.8349797810374
3455000,6910.000000490253,-23855.392233744336,298.9475924703006
3460000,6920.00000049229,-24001.61953301358,293.78969621902746
3465000,6930.000000494328,-23987.776035488336,298.016391996498
3470000,6940.000000496365,-23848.459406038775,300.8789208300193
3475000,6950.000000498402,-24260.023703902232,296.3942449793087
3480000,6960.0000005004395,-23812.828596824766,297.5547011863125
3485000,6970.000000502477,-23698.813897984088,307.1287666633359
3490000,6980.000000504514,-23790.10931972292,284.90855409663067
3495000,6990.000000506551,-23826.043889218054,296.6580930400676
3500000,7000.0000005085885,-23984.058404478725,295.4480830718995
3505000,7010.000000510626,-23861.00172425159,298.98345641167106
3510000,7020.000000512663,-23914.352114598354,294.4004414603268
3515000,7030.0000005147,-23857.86659083415,297.43223290081744
3520000,7040.000000516738,-23882.781311947678,293.7913074434968
3525000,7050.000000518775,-24016.193535551924,295.2693659783194
3530000,7060.000000520812,-24193.057970628564,298.66675585349793
3535000,7070.000000522849,-23990.73826374694,313.4098857323841
3540000,7080.000000524887,-23876.48496154444,294.0128952988545
3545000,7090.000000526924,-23868.638399525254,301.58935780402703
3550000,7100.000000528961,-23832.114214334797,290.92179649323964
3555000,7110.0000005309985,-24018.666352148197,300.99853209480864
3560000,7120.000000533036,-23862.736079273294,300.8733690894078
3565000,7130.000000535073,-23947.81974718829,310.11473733160204
3570000,7140.00000053711,-23764.22780368624,296.75343793423696
3575000,7150.000000539148,-24002.495671267112,294.06494147019924
3580000,7160.000000541185,-23834.477520143075,299.4796711782448
3585000,7170.000000543222,-23944.242126076322,302.8213076352559
3590000,7180.000000545259,-23809.59954920433,294.0359766546755
3595000,7190.000000547297,-23991.84941329308,306.2239191234095
3600000,7200.000000549334,-23908.033171243165,304.34478376478717
3605000,7210.000000551371,-24017.07967092452,294.8681487049191
3610000,7220.000000553408,-23767.235543221454,291.4815823254058
3615000,7230.000000555446,-23891.09034467666,307.9647346337163
3620000,7240.000000557483,-23922.872959379412,306.0269129529869
3625000,7250.00000055952,-23870.608445771257,293.30118630018455
3630000,7260.0000005615575,-23983.854289150142,301.60425159617404
3635000,7270.000000563595,-23796.233310108117,303.510213845905
3640000,7280.000000565632,-24245.893214541473,294.45217482819174
3645000,7290.000000567669,-24047.75511375397,305.2351986529962
3650000,7300.000000569707,-23691.011311409326,306.539413792636
3655000,7310.000000571744,-23677.611432710895,296.8786982009187
3660000,7320.000000573781,-23919.44346506246,296.51038118498076
3665000,7330.000000575818,-24005.697844812836,312.23186843731736
3670000,7340.000000577856,-24033.769908576156,306.86533727731387
3675000,7350.000000579893,-24176.53107852953,295.5857270798198
3680000,7360.00000058193,-23803.6034104508,304.66594610355315
3685000,7370.000000583967,-24047.768993387755,297.50469749459074
3690000,7380.000000586005,-23823.509583106337,297.69681108348226
3695000,7390.000000588042,-24006.139808018954,308.2973674594314
3700000,7400.000000590079,-23860.875711164437,295.8621624335616
3705000,7410.0000005921165,-23761.08354005996,289.32844684347936
3710000,7420.000000594154,-23883.078791250795,298.8259806062471
3715000,7430.000000596191,-23969.372463573323,301.6615850327057
3720000,7440.000000598228,-23918.300449814255,298.1714294031883
3725000,7450.000000600266,-24038.632944583456,295.6135383727683
3730000,7460.000000602303,-23734.1308839212,299.11067541108036
3735000,7470.00000060434,-23781.007399970506,283.10886456533075
3740000,7480.000000606377,-23947.863364398305,290.5160683416831
3745000,7490.000000608415,-23776.15394347174,293.7983356765853
3750000,7500.000000610452,-23971.082342658527,298.3191403758591
3755000,7510.000000612489,-23872.999936001623,308.0408174577883
3760000,7520.0000006145265,-23777.067049947247,293.718064913715
3765000,7530.000000616564,-24017.73294989654,307.7699440418346
3770000,7540.000000618601,-23865.027898332686,299.42164026222184
3775000,7550.000000620638,-23782.944816408766,302.56783620878144
3780000,7560.0000006226755,-24089.275262746,310.4194860768788
3785000,7570.000000624713,-24011.001967717195,296.29909019533414
3790000,7580.00000062675,-23853.05532434673,297.0027029335012
3795000,7590.000000628787,-23897.96527949015,304.4060529142874
3800000,7600.000000630825,-23771.21858884064,292.68455240337653
3805000,7610.000000632862,-23868.395360772585,299.16251495396665
3810000,7620.000000634899,-24027.694965906936,299.6269888947429
3815000,7630.000000636936,-23980.894661928352,300.2981925152229
3820000,7640.000000638974,-23786.27667197265,306.4241404288202
3825000,7650.000000641011,-23697.033572870307,295.2934112563847
3830000,7660.000000643048,-23842.744202935442,295.1752154306077
3835000,7670.0000006450855,-23959.286345348155,295.04469880441206
3840000,7680.000000647123,-24021.408749241833,299.8707594915409
3845000,7690.00000064916,-23883.125948979592,298.4928831836333
3850000,7700.000000651197,-23840.378739843713,305.32471779108505
3855000,7710.000000653235,-24253.661699083925,285.34037229476456
3860000,7720.000000655272,-23842.315298399917,297.163823765055
3865000,7730.000000657309,-23814.20086003098,289.8207764543055
3870000,7740.000000659346,-23934.939806232054,294.2830796578683
3875000,7750.000000661384,-23526.326558383007,306.3778265300925
3880000,7760.000000663421,-24108.750781858398,301.12408661744536
3885000,7770.000000665458,-24175.10252412909,289.5618928779885
3890000,7780.000000667495,-23840.89859224533,295.35249417797087
3895000,7790.000000669533,-23528.442637432745,299.4858069001299
3900000,7800.00000067157,-23995.15707091961,305.1110184766143
3905000,7810.000000673607,-23983.478284172685,296.89848182014657
3910000,7820.0000006756445,-24061.77662231434,297.766897862489
3915000,7830.000000677682,-23762.210111457913,283.6591515659099
3920000,7840.000000679719,-23889.390804415845,313.8735295632503
3925000,7850.000000681756,-23897.872496387048,302.2761934481643
3930000,7860.000000683794,-24061.260046446594,305.0988133319895
3935000,7870.000000685831,-24032.15543011934,303.2057434358734
3940000,7880.000000687868,-23672.963534374343,313.4737559430761
3945000,7890.000000689905,-23818.674016578283,299.2762338087525
3950000,7900.000000691943,-23929.31348219054,312.9765460180546
3955000,7910.00000069398,-23967.751122869362,295.45254441376505
3960000,7920.000000696017,-24081.32154068096,303.4733704470038
3965000,7930.0000006980545,-24027.858168755512,304.7969666474913
3970000,7940.000000700092,-23809.29785107533,306.6954384414791
3975000,7950.000000702129,-23839.527119677383,295.7451933985111
3980000,7960.000000704166,-24211.61744427572,298.58752896410897
3985000,7970.0000007062035,-24023.34961561598,294.67028171763513
3990000,7980.000000708241,-23855.564611489346,287.1183738920448
3995000,7990.000000710278,-23896.990736055144,300.9155699642019
4000000,8000.000000712315,-23932.711358656103,304.1009248541606
4005000,8010.000000714353,-23743.51869525145,295.90247553368556
4010000,8020.00000071639,-23882.913389168374,302.28789103093317
4015000,8030.000000718427,-23630.17287207929,295.35189060088067
4020000,8040.000000720464,-23748.040589386874,296.42995951953094
4025000,8050.000000722502,-23919.63994476707,305.2038651924838
4030000,8060.000000724539,-23745.12767989094,302.3036743881152
4035000,8070.000000726576,-23998.310626513572,308.2635060100551
4040000,8080.0000007286135,-23943.483582674802,303.3461861024893
4045000,8090.000000730651,-24041.15818920257,285.6048059606253
4050000,8100.000000732688,-23954.82830050899,294.9687666973419
4055000,8110.000000734725,-23980.04986222046,297.9865434848404
4060000,8120.000000736763,-23766.993196632742,288.46411385325797
4065000,8130.0000007388,-24243.856432191344,290.6213471346737
4070000,8140.000000740837,-23842.64093558975,302.87081965685485
4075000,8150.000000742874,-23918.116619178298,293.768961961319
4080000,8160.000000744912,-23888.29383643964,305.3150405698099
4085000,8170.000000746949,-23783.93575729293,303.67283726949165
4090000,8180.000000748986,-23888.741351087854,306.8731780055826
4095000,8190.000000751023,-23735.734236330347,290.7394149244313
4100000,8200.00000075306,-23911.678045710665,304.52507266847437
4105000,8210.000000755097,-23660.005493130768,296.8607752568703
4110000,8220.000000757134,-23934.18115647322,293.3140809568261
4115000,8230.000000759172,-24001.482703043293,308.9866211413716
4120000,8240.000000761209,-23770.93094785213,302.96298143717354
4125000,8250.000000763246,-23946.742171034406,301.1313901561081
4130000,8260.000000765283,-23870.68873232181,305.89763774413683
4135000,8270.00000076732,-23939.189594281706,287.3397733426122
4140000,8280.000000769358,-24100.400426917782,285.3179687524494
4145000,8290.000000771395,-23900.01221799715,299.86383285948597
4150000,8300.000000773432,-23750.465536346106,305.6000649312937
4155000,8310.00000077547,-23854.179319814444,316.4530403372381
4160000,8320.000000777507,-23762.470255493405,295.59071723592626
4165000,8330.000000779544,-23946.271822438823,308.3686570163156
4170000,8340.000000781582,-23911.835277331338,294.39634549489756
4175000,8350.000000783619,-23885.869973239664,295.09443889366014
4180000,8360.000000785656,-23757.2301575023,278.03412589824956
4185000,8370.000000787693,-23946.109504373395,300.0637005745898
4190000,8380.00000078973,-23735.404052253492,293.570847146224
4195000,8390.000000791768,-24138.170247653878,298.69252106942736
4200000,8400.000000793805,-23948.74342768306,306.81517940817196
4205000,8410.000000795842,-23833.598077236893,289.7650062115345
4210000,8420.00000079788,-23472.504948088856,299.901380918284
4215000,8430.000000799917,-24114.267492326297,293.03785424633793
4220000,8440.000000801954,-23850.088107471383,300.620000172009
4225000,8450.000000803991,-24142.16307968831,309.1864632389585
4230000,8460.000000806029,-23792.815976858998,292.8902755160169
4235000,8470.000000808066,-23942.966729399588,308.90455076041513
4240000,8480.000000810103,-23882.044484985527,289.8366847347178
4245000,8490.00000081214,-23976.3776956737,291.2056233042176
4250000,8500.000000814178,-23713.779599731526,308.9499015182385
4255000,8510.000000816215,-24034.297050586465,305.6273418607797
4260000,8520.000000818252,-23951.502956784796,298.8605029751707
4265000,8530.00000082029,-23840.74020101373,294.2922977593059
4270000,8540.000000822327,-23774.506248015823,300.07517960120026
4275000,8550.000000824364,-23956.374477943536,288.3934336221242
4280000,8560.000000826401,-23933.860653189113,299.4986128679036
4285000,8570.000000828439,-24122.284814310464,307.51355189232913
4290000,8580.000000830476,-23886.343348590817,307.8212428407045
4295000,8590.000000832513,-23851.973640187265,315.1489463597265
4300000,8600.00000083455,-24043.91238588834,307.7916103902706
4305000,8610.000000836588,-24102.74532701807,301.124220136031
4310000,8620.000000838625,-24037.015037715362,295.4554767112439
4315000,8630.000000840662,-23995.82610726889,289.1821845665406
4320000,8640.0000008427,-24034.5341162821,300.06505985490423
4325000,8650.000000844737,-23870.10625010368,300.343834817642
4330000,8660.000000846774,-24044.692074636143,285.45840353397034
4335000,8670.000000848811,-23650.932360454288,297.43502865361046
4340000,8680.000000850849,-24026.191495335224,306.20352085104156
4345000,8690.000000852886,-24042.598577814497,299.0124664088568
4350000,8700.000000854923,-23822.717184258217,282.484344367262
4355000,8710.00000085696,-23830.43415179469,291.7851692874616
4360000,8720.000000858998,-23792.29513327402,295.98361975207587
4365000,8730.000000861035,-23900.89755316962,290.2759914808859
4370000,8740.000000863072,-24283.995311722552,297.7943084068707
4375000,8750.00000086511,-23875.736329223742,296.062904005826
4380000,8760.000000867147,-23842.95243394385,305.7706055503232
4385000,8770.000000869184,-23779.480919755064,298.6518040730404
4390000,8780.000000871221,-23794.225224168913,302.35782766660685
4395000,8790.000000873259,-23920.160823000508,291.8561388804994
4400000,8800.000000875296,-24026.444152689743,293.39437081129984
4405000,8810.000000877333,-23996.42275070338,290.34383550842335
4410000,8820.00000087937,-23815.580647784358,301.0879685242373
4415000,8830.000000881408,-24004.81106938001,288.3241642954148
4420000,8840.000000883445,-23888.699460757387,310.0383901499639
4425000,8850.000000885482,-23848.59145802306,293.59224103241394
4430000,8860.00000088752,-23710.47933215447,308.23432608036853
4435000,8870.000000889557,-24106.791760793843,300.2297446228878
4440000,8880.000000891594,-24080.09221507692,306.4200799057015
4445000,8890.000000893631,-24002.120993552016,310.38249691769704
4450000,8900.000000895669,-24092.481744011428,300.5615824222676
4455000,8910.000000897706,-23765.842799766295,303.3378700899222
4460000,8920.000000899743,-23957.429971340185,305.65840668225115
4465000,8930.00000090178,-23668.026863278414,304.43044676268624
4470000,8940.000000903818,-23980.734459470856,292.42073118156304
4475000,8950.000000905855,-23817.781853078966,296.86791562136625
4480000,8960.000000907892,-23990.855813561633,294.8245468162371
4485000,8970.00000090993,-24012.79299831568,289.23531875431
4490000,8980.000000911967,-24214.916303187056,300.5876688092614
4495000,8990.000000914004,-23951.458584555265,302.44287873540975
4500000,9000.000000916041,-24218.389881287367,291.1447673774294
4505000,9010.000000918079,-24034.326796439258,296.4027999932942
4510000,9020.000000920116,-23752.08006433808,291.68955229532713
4515000,9030.000000922153,-23841.982969507677,299.36152653405946
4520000,9040.00000092419,-23996.865518742925,310.6254140961445
4525000,9050.000000926228,-23834.529063492548,303.22242213898727
4530000,9060.000000928265,-23734.49577444118,276.3942328559329
4535000,9070.000000930302,-23961.73185299574,294.4828999679082
4540000,9080.00000093234,-23899.733157293143,310.84148162541703
4545000,9090.000000934377,-23783.281799803095,299.8581897316648
4550000,9100.000000936414,-24048.369683772937,295.7779561031139
4555000,9110.000000938451,-23870.99041724429,296.69476082997073
4560000,9120.000000940488,-23919.55742410691,301.24916573892637
4565000,9130.000000942526,-23996.584041008144,286.16823816175383
4570000,9140.000000944563,-24108.877730725362,303.42117958512813
4575000,9150.0000009466,-23935.05048871973,307.382568528255
4580000,9160.000000948638,-24073.357167847324,300.3450069621999
4585000,9170.000000950675,-24201.324679506448,289.2166340988178
4590000,9180.000000952712,-24072.20735561126,295.225739037227
4595000,9190.00000095475,-23853.14718473074,295.10950445750416
4600000,9200.000000956787,-23925.002184055033,307.99626684710455
4605000,9210.000000958824,-23861.385260418,303.25803356694115
4610000,9220.000000960861,-23882.53266576561,300.29684927682126
4615000,9230.000000962898,-23853.127677708893,301.8343582842719
4620000,9240.000000964936,-23907.26999801425,301.62359263063024
4625000,9250.000000966973,-23894.76406827355,295.7064025378313
4630000,9260.00000096901,-23795.99615930204,296.3730374711471
4635000,9270.000000971047,-24017.75607955594,289.7818193556655
4640000,9280.000000973085,-23868.94772252145,300.7421383236623
4645000,9290.000000975122,-24120.610704205188,291.6499856418214
4650000,9300.00000097716,-24247.17830480037,284.2791130224955
4655000,9310.000000979197,-23636.570197893336,297.47294147298265
4660000,9320.000000981234,-24026.604187913326,287.6594389991124
4665000,9330.000000983271,-23702.155209743025,297.3099837223042
4670000,9340.000000985308,-24140.42162964704,291.64296832007614
4675000,9350.000000987346,-24146.73777881515,308.85558190708224
4680000,9360.000000989383,-24101.17423228589,301.91601122455705
4685000,9370.00000099142,-24098.94874756341,293.12652702516044
4690000,9380.000000993457,-23946.007365823476,297.89075571462456
4695000,9390.000000995495,-23330.496115142043,306.4427599596426
4700000,9400.000000997532,-24048.58902082387,297.46162786513383
4705000,9410.00000099957,-24033.985087177905,298.2854483671796
4710000,9420.000001001607,-23882.81353137287,310.8990695524452
4715000,9430.000001003644,-23886.785351142913,297.4773804232572
4720000,9440.000001005681,-23812.756728033346,301.1430501984702
4725000,9450.000001007718,-23944.3028492734,303.58769365676017
4730000,9460.000001009756,-23906.2966530009,295.1595529780843
4735000,9470.000001011793,-23861.69967710653,300.76105778456554
4740000,9480.00000101383,-24079.231766125973,291.9330218315787
4745000,9490.000001015867,-23976.58474367266,307.02891741466067
4750000,9500.000001017905,-24029.91233273936,298.8248607394937
4755000,9510.000001019942,-23781.07454684013,289.99043812157646
4760000,9520.00000102198,-23993.21613148009,296.27434608326394
4765000,9530.000001024016,-23355.72991270534,298.27513712340505
4770000,9540.000001026054,-23821.885511403365,306.6255026363566
4775000,9550.000001028091,-23722.153819175946,300.6759672892102
4780000,9560.000001030128,-23825.760108188988,307.9501574131304
4785000,9570.000001032166,-23722.08789455425,297.972514282424
4790000,9580.000001034203,-24114.708184064933,297.0355333206869
4795000,9590.00000103624,-24248.533881104595,299.1837701589231
4800000,9600.000001038277,-24031.703038433465,292.39127093071374
4805000,9610.000001040315,-23856.533881754964,303.2799665317112
4810000,9620.000001042352,-23645.949999377335,289.3698778963552
4815000,9630.00000104439,-24007.46504886083,289.03478487894546
4820000,9640.000001046426,-23982.763174437277,295.0792736724151
4825000,9650.000001048464,-23959.415094436234,290.8586187062452
4830000,9660.000001050501,-23731.776914688802,292.9213422630627
4835000,9670.000001052538,-23965.52313724997,300.33036159011436
4840000,9680.000001054575,-23816.46517167297,302.79065648569645
4845000,9690.000001056613,-23843.847318812404,298.4954044511041
4850000,9700.00000105865,-23814.17631456282,300.8175482035772
4855000,9710.000001060687,-23872.26196720473,282.68268817423956
4860000,9720.000001062725,-23841.36145119813,283.1594579038735
4865000,9730.000001064762,-23690.8834495864,303.7882761260041
4870000,9740.000001066799,-24003.0666937708,292.94621115700164
4875000,9750.000001068836,-23876.12904849145,302.66772847040653
4880000,9760.000001070874,-24034.833880957056,289.2422269582526
4885000,9770.00000107291,-23926.576917757993,292.1261937020999
4890000,9780.000001074948,-23772.76267897901,292.93435427860027
4895000,9790.000001076985,-23927.07524102922,300.4285833615336
4900000,9800.000001079023,-23586.853975252656,301.14183498785275
4905000,9810.00000108106,-23634.43540892609,301.2368653827529
4910000,9820.000001083097,-23964.410841668825,301.56356944337745
4915000,9830.000001085134,-23732.411315926453,282.33524859274695
4920000,9840.000001087172,-23982.938734918498,311.63916719280184
4925000,9850.000001089209,-23904.134642245743,294.22722293230004
4930000,9860.000001091246,-24363.616285245793,289.0779578270957
4935000,9870.000001093284,-23764.114036060157,287.8518536084955
4940000,9880.00000109532,-24154.824123230457,301.22390681230513
4945000,9890.000001097358,-24078.38925842609,294.0730335666869
4950000,9900.000001099395,-24118.930134508235,301.4339214645843
4955000,9910.000001101433,-23923.30288568404,301.3969145317802
4960000,9920.00000110347,-24018.742039297125,306.7133735886134
4965000,9930.000001105507,-23861.257576389326,294.73747564609056
4970000,9940.000001107544,-24123.038263269438,306.69281583071387
4975000,9950.000001109582,-23986.76097793768,307.7752166407454
4980000,9960.000001111619,-24001.012918021865,294.0412911850774
4985000,9970.000001113656,-23731.434164633232,296.35525204744533
4990000,9980.000001115694,-23725.790665679597,303.5595737293789
4995000,9990.00000111773,-23854.593905361762,309.69929236775477
5000000,10000.000001119768,-24071.000655470125,295.4442643349023
5005000,10010.000001121805,-24145.863694198895,299.41146364297356
5010000,10020.000001123843,-23790.857794636875,299.73543934311635
5015000,10030.00000112588,-23704.31975120878,295.62929596077134
5020000,10040.000001127917,-23813.793993207568,304.0440272380498
5025000,10050.000001129954,-24192.962333265983,288.3769811012615
5030000,10060.000001131992,-24132.889153554308,304.4916296800339
5035000,10070.000001134029,-24175.948877330637,298.3839412729806
5040000,10080.000001136066,-24036.797849913666,295.2865864981231
5045000,10090.000001138103,-23981.384712584826,295.94261292102493
5050000,10100.00000114014,-23924.06683379892,299.064910582839
5055000,10110.000001142178,-24042.37875842364,295.39197093858076
5060000,10120.000001144215,-23868.593184651152,303.1290230618254
5065000,10130.000001146253,-23911.52021805638,303.8186467753045
5070000,10140.00000114829,-24014.269305634516,293.43544351020034
5075000,10150.000001150327,-23916.35925888484,311.5060653324654
5080000,10160.000001152364,-24117.40228736245,289.20145861328757
5085000,10170.000001154402,-23727.734657977766,296.644185123874
5090000,10180.000001156439,-24001.416030349996,295.419690253302
5095000,10190.000001158476,-24008.360013813523,292.6723281108283
5100000,10200.000001160513,-23792.729266861745,311.195268246458
5105000,10210.00000116255,-23819.881894989143,301.14834646608256
5110000,10220.000001164588,-23926.40026341054,311.56415130090585
5115000,10230.000001166625,-23966.679744453417,295.9492924705423
5120000,10240.000001168662,-23837.155231390643,287.6574332749696
5125000,10250.0000011707,-23689.89648535548,296.42982664407043
5130000,10260.000001172737,-23850.57971647149,285.00017419182694
5135000,10270.000001174774,-23887.94418442699,305.9500240195341
5140000,10280.000001176812,-24022.208302698506,310.0108872787405
5145000,10290.000001178849,-23861.245664603804,307.36027384210564
5150000,10300.000001180886,-23971.021463823374,304.1530577160455
5155000,10310.000001182923,-23776.728663671747,297.8602828909971
5160000,10320.00000118496,-24215.22305459321,304.3365060457221
5165000,10330.000001186998,-23635.69285070349,300.4055091650255
5170000,10340.000001189035,-23940.679253821727,301.2935114805229
5175000,10350.000001191072,-24221.77592609766,298.5643642113897
5180000,10360.00000119311,-23676.112755924303,291.0754471079407
5185000,10370.000001195147,-24066.274907049185,293.2611542274257
5190000,10380.000001197184,-23813.497309568294,293.73113656080324
5195000,10390.000001199222,-24096.05846693454,301.57383381236576
5200000,10400.000001201259,-23668.64086731519,297.56710996662576
5205000,10410.000001203296,-23905.76228688372,307.56034084588646
5210000,10420.000001205333,-23790.569179671584,304.04172170616306
5215000,10430.00000120737,-24160.145588975385,297.4899296414365
5220000,10440.000001209408,-23963.720030891243,301.7110250961682
5225000,10450.000001211445,-23930.50882308645,303.07065726708794
5230000,10460.000001213482,-23648.127005618226,296.24645416470577
5235000,10470.00000121552,-23917.61967075955,298.14661427084195
5240000,10480.000001217557,-23813.69107066476,302.8614312401313
5245000,10490.000001219594,-23738.542905240713,304.09063593254416
5250000,10500.000001221631,-23751.53617434441,290.52785730377707
5255000,10510.000001223669,-23763.845487110433,315.0574531936933
5260000,10520.000001225706,-24080.049530322576,302.2174518810759
5265000,10530.000001227743,-23700.39033255978,293.56856508019723
5270000,10540.00000122978,-23704.26272499049,294.0978123636549
5275000,10550.000001231818,-23859.209767766602,302.78483532334855
5280000,10560.000001233855,-23999.218510601,294.4341341064924
5285000,10570.000001235892,-23867.077789919364,302.99627008681733
5290000,10580.00000123793,-23944.34774470242,297.50402533997345
5295000,10590.000001239967,-24052.38184931205,301.9673044350804
5300000,10600.000001242004,-23957.567099359105,278.01614405761137
5305000,10610.000001244041,-23796.343805761833,306.44250813990794
5310000,10620.000001246079,-23780.42425611925,294.3649605436927
5315000,10630.000001248116,-23921.910824037303,304.0158338179743
5320000,10640.000001250153,-23956.625405252227,304.8005156367353
5325000,10650.00000125219,-23936.215460648207,304.7996517972765
5330000,10660.000001254228,-23734.55986074191,295.2783688647613
5335000,10670.000001256265,-23784.95514273757,296.45473735535813
5340000,10680.000001258302,-23777.23450369305,295.7898273912147
5345000,10690.00000126034,-24082.907775998145,303.21901393560165
5350000,10700.000001262377,-23938.57651541801,300.25926090345916
5355000,10710.000001264414,-23874.483716987743,290.52334473390073
5360000,10720.000001266451,-24131.92722382766,304.9192532387325
5365000,10730.000001268489,-24263.931598775234,294.91829112882334
5370000,10740.000001270526,-23753.50575002926,294.1432382495421
5375000,10750.000001272563,-23950.97432655064,297.8501843743584
5380000,10760.0000012746,-23918.223557389603,316.54670677334576
5385000,10770.000001276638,-23832.498910450173,292.9051878550296
5390000,10780.000001278675,-23966.163982339407,296.2623566457947
5395000,10790.000001280712,-23961.11693723123,293.21675664689565
5400000,10800.00000128275,-23982.008440701247,303.7185519372655
5405000,10810.000001284787,-23728.27191673714,304.5231872723765
5410000,10820.000001286824,-23782.240159455905,301.457955226093
5415000,10830.000001288861,-23939.02639769831,296.13222753396786
5420000,10840.000001290899,-23652.02219023771,306.05203481027337
5425000,10850.000001292936,-23540.912081674862,299.56258555911626
5430000,10860.000001294973,-23667.03344125302,307.03763946774967
5435000,10870.00000129701,-24045.630460605607,304.222572511275
5440000,10880.000001299048,-24031.505576490512,294.70893588024927
5445000,10890.000001301085,-23849.271134946976,308.11518592741305
5450000,10900.000001303122,-23931.049640940386,320.8156328988883
5455000,10910.00000130516,-23957.430722338686,296.57380787102943
5460000,10920.000001307197,-24015.193934158626,295.93987404268375
5465000,10930.000001309234,-24024.629385156775,301.7154427976828
5470000,10940.000001311271,-24227.1596188884,297.2133937654389
5475000,10950.000001313309,-24086.9382538199,314.1757418414003
5480000,10960.000001315346,-23771.870742864063,304.77363957945823
5485000,10970.000001317383,-23847.066680938908,296.93721386863604
5490000,10980.00000131942,-24045.9331372999,313.0058653135688
5495000,10990.000001321458,-24036.969706669624,298.7504554695375
5500000,11000.000001323495,-23863.048757958604,297.4869489210037
5505000,11010.000001325532,-23831.705686255387,298.31332691743853
5510000,11020.00000132757,-23905.765107395608,306.4580512782794
5515000,11030.000001329607,-23665.957490523157,304.35144135959985
5520000,11040.000001331644,-24058.2817716883,284.1712229046826
5525000,11050.000001333681,-23894.270174369725,291.7095806582106
5530000,11060.000001335718,-23950.039243121282,289.41297237511526
5535000,11070.000001337756,-24216.703930590433,298.2850454356846
5540000,11080.000001339793,-24089.6808784804,297.35940683483904
5545000,11090.00000134183,-23975.404906147043,286.8625772852842
5550000,11100.000001343868,-23625.513579456572,296.0379325719121
5555000,11110.000001345905,-23836.52543215282,302.5467991135189
5560000,11120.000001347942,-23764.13747567746,303.7546623225283
5565000,11130.00000134998,-24026.832022713992,291.65232228884736
5570000,11140.000001352017,-24000.59492377205,302.3566742184871
5575000,11150.000001354054,-23898.871354879637,304.0294153762367
5580000,11160.000001356091,-23956.913152569832,285.3646424685812
5585000,11170.000001358128,-24019.10703895615,297.1893790658937
5590000,11180.000001360166,-24023.97485491942,293.5758006615661
5595000,11190.000001362203,-23765.122085913914,321.98977815847724
5600000,11200.00000136424,-24081.8466417483,294.93760934711463
5605000,11210.000001366278,-23686.270035696056,291.7606000762114
5610000,11220.000001368315,-23835.212065317086,294.63270934057607
5615000,11230.000001370352,-23846.397049125866,287.75974101942927
5620000,11240.00000137239,-24104.345100059712,302.9078247560553
5625000,11250.000001374427,-23819.72908766965,305.333172589625
5630000,11260.000001376464,-23950.435337507137,287.81047267344013
5635000,11270.000001378501,-23861.801478078793,302.59792664507125
5640000,11280.000001380538,-23878.708600475496,312.6028836766814
5645000,11290.000001382576,-23845.704654586094,291.6031994223944
5650000,11300.000001384613,-23805.788994628427,306.70138307333673
5655000,11310.00000138665,-23952.991668262563,295.5336621931521
5660000,11320.000001388687,-24277.726998296814,298.08220322927366
5665000,11330.000001390725,-24008.34552852153,302.0970435961042
5670000,11340.000001392762,-24025.186505225414,289.089266956797
5675000,11350.0000013948,-23829.556009706386,301.948525521081
5680000,11360.000001396837,-23655.4582135019,290.32605878689606
5685000,11370.000001398874,-24040.608031514756,297.3210752901951
5690000,11380.000001400911,-24068.268556455805,285.1672573341994
5695000,11390.000001402948,-23661.321495496275,307.47680594697937
5700000,11400.000001404986,-23749.9260258773,300.462136295062
5705000,11410.000001407023,-23946.89237248464,291.5417995219443
5710000,11420.00000140906,-23857.990811427953,311.5045795086914
5715000,11430.000001411097,-23734.17067102529,305.424004263475
5720000,11440.000001413135,-23978.270762919972,285.63036507718357
5725000,11450.000001415172,-23819.83452766054,310.06459588475434
5730000,11460.00000141721,-23919.095909631913,297.6010214918879
5735000,11470.000001419246,-24064.166188050716,287.6735181927894
5740000,11480.000001421284,-23966.09117833145,301.5032551079129
5745000,11490.000001423321,-23669.017534167215,299.05262414278394
5750000,11500.000001425358,-24010.4840982171,299.36420830586775
5755000,11510.000001427396,-23843.53057205677,294.7522028552622
5760000,11520.000001429433,-23817.665526872006,314.6524843274429
5765000,11530.00000143147,-23635.728748789537,293.3130851066792
5770000,11540.000001433507,-23807.504699413606,285.8565795010979
5775000,11550.000001435545,-24104.04091314583,289.305381839753
5780000,11560.000001437582,-23743.432432028887,299.8891536612576
5785000,11570.00000143962,-23892.720881934176,291.6035990864942
5790000,11580.000001441656,-24069.779761915008,298.73266675128605
5795000,11590.000001443694,-23971.79031455127,292.38195248155256
5800000,11600.000001445731,-24024.487712872724,286.2733742351938
5805000,11610.000001447768,-23855.406413664663,300.7425633266398
5810000,11620.000001449805,-23780.944689878612,298.33483716511523
5815000,11630.000001451843,-23908.445736741167,308.86272953488253
5820000,11640.00000145388,-24059.703776538998,305.54582253022966
5825000,11650.000001455917,-23678.038789865648,302.6405049199952
5830000,11660.000001457955,-24096.66565198115,288.4725096254915
5835000,11670.000001459992,-24086.57827509052,305.7394399567408
5840000,11680.00000146203,-23792.700697008244,280.9479034454505
5845000,11690.000001464066,-23913.487566328287,293.7048466607671
5850000,11700.000001466104,-23735.239634378653,318.3732276096475
5855000,11710.00000146814,-23969.309472535257,300.2307294655862
5860000,11720.000001470178,-23998.00502368786,296.1502259646393
5865000,11730.000001472215,-24150.700638217706,298.77374794682964
5870000,11740.000001474253,-23824.719690833765,294.7216252885801
5875000,11750.00000147629,-23771.369202766626,304.79568825685175
5880000,11760.000001478327,-24033.260564536744,297.3047821344562
5885000,11770.000001480365,-23707.706283909312,304.7639088384345
5890000,11780.000001482402,-23732.55729901677,299.70282094814064
5895000,11790.000001484439,-23824.923580460716,297.34137138975774
5900000,11800.000001486476,-23956.26454220967,304.18314150084655
5905000,11810.000001488514,-24189.62245851365,298.3886169384247
5910000,11820.00000149055,-23930.32912482829,301.44399316961835
5915000,11830.000001492588,-23795.492916372605,292.76811471105134
5920000,11840.000001494625,-24028.218103570238,290.80845982319954
5925000,11850.000001496663,-23710.335334355375,297.66848870636767
5930000,11860.0000014987,-23961.095840948095,298.026602628376
5935000,11870.000001500737,-23907.54758519899,291.8916622226468
5940000,11880.000001502774,-24173.60358215969,283.31749787820934
5945000,11890.000001504812,-23613.439886642052,303.6493710998011
5950000,11900.000001506849,-23893.07045537264,297.21211275843024
5955000,11910.000001508886,-23772.5741298544,301.7508882750334
5960000,11920.000001510924,-23809.409315814744,290.54226714955746
5965000,11930.00000151296,-24126.454133865816,299.8678116226342
5970000,11940.000001514998,-23845.340085526244,311.57846894247547
5975000,11950.000001517035,-23965.291084876822,285.46753696631305
5980000,11960.000001519073,-23839.674035390955,290.6336001138359
5985000,11970.00000152111,-23799.941392485416,300.0835896482884
5990000,11980.000001523147,-23929.18291594085,293.82561980554414
5995000,11990.000001525184,-24035.045199738946,292.1029183843237
6000000,12000.000001527222,-24122.944472550997,300.81106607685496
6005000,12010.000001529259,-23720.93910686081,298.00589016465176
6010000,12020.000001531296,-23904.948148680633,293.6762006585718
6015000,12030.000001533333,-23536.152831688887,280.5519838001053
6020000,12040.00000153537,-24198.904814304784,296.7881456417783
6025000,12050.000001537408,-23917.488876511692,293.5606928594205
6030000,12060.000001539445,-24180.40520936993,301.7972217669862
6035000,12070.000001541483,-23883.51818294049,307.9549700461063
6040000,12080.00000154352,-24025.370481353122,291.24993721133006
6045000,12090.000001545557,-23816.24220282366,293.4882153526766
6050000,12100.000001547594,-23818.242445407508,308.8245694000039
6055000,12110.000001549632,-24191.04003766291,294.65601830669567
6060000,12120.000001551669,-24030.652699751197,304.51547211991954
6065000,12130.000001553706,-24059.6457974863,300.80718177115574
6070000,12140.000001555743,-23864.311068809053,298.9913571243699
6075000,12150.00000155778,-23767.79958416878,291.42181814976226
6080000,12160.000001559818,-23804.633994390126,302.30997170475047
6085000,12170.000001561855,-23948.137107467322,305.7196617100318
6090000,12180.000001563893,-24041.04698801863,283.66324588468603
6095000,12190.00000156593,-23883.225192782833,305.02297877528923
6100000,12200.000001567967,-23760.08557560126,293.2357929499423
6105000,12210.000001570004,-24152.029126115827,291.4580386196222
6110000,12220.000001572042,-23526.136873629686,298.32688054706887
6115000,12230.000001574079,-23987.304638027534,293.91486215768646
6120000,12240.000001576116,-23996.25974291723,288.49644654701524
6125000,12250.000001578153,-23886.149886957937,294.8586171287295
6130000,12260.00000158019,-23873.019786349032,298.49640197949793
6135000,12270.000001582228,-23724.437582650964,300.2543632823405
6140000,12280.000001584265,-23568.759797035833,296.6817422755355
6145000,12290.000001586302,-23892.430189681545,288.6613976084002
6150000,12300.00000158834,-23842.219888914784,309.0591636997335
6155000,12310.000001590377,-23738.089799412905,303.140844133232
6160000,12320.000001592414,-23881.18438020321,308.5213468661238
6165000,12330.000001594452,-23868.996069625922,313.2838648247063
6170000,12340.000001596489,-23890.64814722087,308.5447456324753
6175000,12350.000001598526,-24172.6923524039,293.2411264038737
6180000,12360.000001600563,-23818.062402926065,297.4749065962097
6185000,12370.0000016026,-24048.448368671903,297.12196165680996
6190000,12380.000001604638,-23825.634448271812,292.8823970383449
6195000,12390.000001606675,-24114.26623070579,286.31306572770495
6200000,12400.000001608712,-24017.545434222266,298.3729195879853
6205000,12410.00000161075,-23871.707433178977,303.40693800870514
6210000,12420.000001612787,-23625.36850671978,294.22454007727094
6215000,12430.000001614824,-23886.64812548991,311.9152790164145
6220000,12440.000001616861,-24168.14078845791,298.8712694628584
6225000,12450.000001618899,-23744.3109843688,295.8874169103523
6230000,12460.000001620936,-24008.5280717711,302.761228630497
6235000,12470.000001622973,-23705.38298045624,301.74354111397736
6240000,12480.00000162501,-23918.031432131247,290.1891559199745
6245000,12490.000001627048,-24043.659350273767,292.57850380794076
6250000,12500.000001629085,-24195.95815234512,299.684967232728
6255000,12510.000001631122,-23694.178969561617,299.51719857807166
6260000,12520.00000163316,-24052.13122881284,293.7123754394896
6265000,12530.000001635197,-23866.9334395912,285.0666668464386
6270000,12540.000001637234,-24012.720661630432,297.25382960304614
6275000,12550.000001639271,-23930.549988233004,306.38246873053123
6280000,12560.000001641309,-23842.289216386504,286.04420180905737
6285000,12570.000001643346,-23953.521027791794,304.53572730451884
6290000,12580.000001645383,-23740.41776485766,295.50992685076363
6295000,12590.00000164742,-23898.32035052593,297.8166386245106
6300000,12600.000001649458,-24128.82101474458,288.0270293655986
6305000,12610.000001651495,-23987.26720337558,299.8797365379296
6310000,12620.000001653532,-23811.83089467301,293.99294489563886
6315000,12630.00000165557,-23640.420486502277,309.3107809770257
6320000,12640.000001657607,-24048.469025918486,306.586352080042
6325000,12650.000001659644,-23741.03993753642,307.4260266481341
6330000,12660.000001661681,-23971.51566545006,296.969109954443
6335000,12670.000001663719,-24121.07143271115,294.45493999757105
6340000,12680.000001665756,-23771.174741993178,303.0514435278812
6345000,12690.000001667793,-23738.789821244674,295.2507667886126
6350000,12700.00000166983,-24019.470569675686,292.390367232335
6355000,12710.000001671868,-24239.78393171991,285.1048710093659
6360000,12720.000001673905,-23910.181718006686,290.79003974238503
6365000,12730.000001675942,-23969.71917806493,303.96155150571974
6370000,12740.00000167798,-24001.280706608057,306.7670373842271
6375000,12750.000001680017,-23753.674151292842,297.5149333647546
6380000,12760.000001682054,-24144.89389418198,296.4545741654466
6385000,12770.000001684091,-23777.918656590104,300.1035134738149
6390000,12780.000001686129,-24118.28877816054,285.90722873008366
6395000,12790.000001688166,-23867.888876919635,293.5229414509424
6400000,12800.000001690203,-23915.907325341643,298.4363350720292
6405000,12810.00000169224,-23788.189668234903,298.27245179191476
6410000,12820.000001694278,-23965.953629477386,305.64833981209637
6415000,12830.000001696315,-23805.74237611782,294.2413978734202
6420000,12840.000001698352,-23733.984257590753,298.12566604223247
6425000,12850.00000170039,-23805.69850837963,302.0034459910031
6430000,12860.000001702427,-24015.118234133464,301.1457128255316
6435000,12870.000001704464,-23788.065661206434,284.98033491512064
6440000,12880.000001706501,-23735.175854538466,298.7872401299742
6445000,12890.000001708539,-23894.216798925016,296.17011063369864
6450000,12900.000001710576,-24249.367283055908,296.6383556881627
6455000,12910.000001712613,-23949.125663461644,299.39920748536235
6460000,12920.00000171465,-24153.033388551878,299.541874864382
6465000,12930.000001716688,-24197.98863504907,296.2348499394002
6470000,12940.000001718725,-24036.107324062832,293.59648317920795
6475000,12950.000001720762,-23944.100138280497,287.6654823954917
6480000,12960.0000017228,-24123.45858164101,301.1585348384082
6485000,12970.000001724837,-23749.863928608203,296.843639097045
6490000,12980.000001726874,-23889.996676977695,301.4474903994932
6495000,12990.000001728911,-24075.232606350386,297.3635001415631
6500000,13000.000001730948,-23864.20788765434,299.7584011132049
6505000,13010.000001732986,-23961.450416125575,295.1998017817078
6510000,13020.000001735023,-24062.501151090313,299.8713669238783
6515000,13030.00000173706,-23938.032051502087,296.4762800250278
6520000,13040.000001739098,-23999.115729052777,303.0887305983458
6525000,13050.000001741135,-23766.41332871963,294.9437710180157
6530000,13060.000001743172,-23738.840618301954,286.9192189166079
6535000,13070.00000174521,-23902.75266789511,297.95700507750695
6540000,13080.000001747247,-23827.17650402333,283.8565676244689
6545000,13090.000001749284,-23963.91524928018,300.5864357027231
6550000,13100.000001751321,-24120.72658705563,290.2547088309847
6555000,13110.000001753358,-23983.146381883213,301.9404428517035
6560000,13120.000001755396,-23932.451207842183,301.3533415266867
6565000,13130.000001757433,-23934.668374147135,298.71492222724225
6570000,13140.00000175947,-23683.497958011314,299.4220236066366
6575000,13150.000001761508,-23815.5204363527,290.9277127747247
6580000,13160.000001763545,-23935.061989767317,295.61338753783684
6585000,13170.000001765582,-23437.639566053185,299.8493770418761
6590000,13180.00000176762,-23834.484538752848,309.39352142508096
6595000,13190.000001769657,-23823.122667058138,304.7472141786665
6600000,13200.000001771694,-23660.16900254549,290.9442138864601
6605000,13210.000001773731,-23973.474987530964,303.2152157569591
6610000,13220.000001775768,-23984.75170227907,294.77807827150906
6615000,13230.000001777806,-23794.964325680237,298.9158043687422
6620000,13240.000001779843,-24021.2169163317,319.43563960722554
6625000,13250.00000178188,-24007.00475554775,280.76412116762805
6630000,13260.000001783917,-23938.405091767723,296.18336395004854
6635000,13270.000001785955,-24050.67020527777,300.9243603712918
6640000,13280.000001787992,-23928.764593323067,296.7916883511545
6645000,13290.00000179003,-23940.784929077156,292.0655856414305
6650000,13300.000001792067,-24012.877394412484,293.54747375144893
6655000,13310.000001794104,-23799.45332281638,293.1713164689658
6660000,13320.000001796141,-24075.61006743247,299.2616899112126
6665000,13330.000001798178,-23747.458309188238,308.11121845384
6670000,13340.000001800216,-23759.22267852894,298.9893976036333
6675000,13350.000001802253,-23695.071979256725,291.7639137905072
6680000,13360.00000180429,-23803.63517852759,297.92771329615005
6685000,13370.000001806327,-23718.75760797791,304.68835265066485
6690000,13380.000001808365,-24049.4675592586,296.4001359397003
6695000,13390.000001810402,-23960.769307708062,296.84034318714873
6700000,13400.00000181244,-23920.159842848094,280.8605805686561
6705000,13410.000001814476,-23926.985976467447,300.4803886152599
6710000,13420.000001816514,-23739.518484173037,298.1466344244658
6715000,13430.000001818551,-23942.979373721915,305.49923740068255
6720000,13440.000001820588,-24262.386966482503,299.5247924205358
6725000,13450.000001822626,-23839.19805703452,295.2869882571289
6730000,13460.000001824663,-23937.671969106,300.46428602485105
6735000,13470.0000018267,-23794.257274194722,289.65231728125207
6740000,13480.000001828737,-24109.77311465543,289.5685160191536
6745000,13490.000001830775,-23708.28715843716,301.47253186027325
6750000,13500.000001832812,-23973.651870487418,304.46768670340765
6755000,13510.00000183485,-24164.73897175977,293.489931814331
6760000,13520.000001836886,-24055.179545714665,290.14940472395773
6765000,13530.000001838924,-23868.19521224941,309.1999749792799
6770000,13540.000001840961,-23666.488587159605,303.5807584151583
6775000,13550.000001842998,-23976.365914033784,303.97027830811686
6780000,13560.000001845036,-23812.8135297079,294.8851268949701
6785000,13570.000001847073,-24005.324906895898,306.9749827343897
6790000,13580.00000184911,-23963.831827689864,307.9181758599938
6795000,13590.000001851147,-23822.677042151146,306.013539408505
6800000,13600.000001853185,-24091.269656390024,301.9986371204042
6805000,13610.000001855222,-23992.444746153822,301.28591143285513
6810000,13620.00000185726,-24210.009717538764,298.963293470343
6815000,13630.000001859296,-23824.398408181718,300.92071619150886
6820000,13640.000001861334,-24041.55529606364,298.69726638690287
6825000,13650.000001863371,-23969.40098057808,312.06042884874364
6830000,13660.000001865408,-23637.8879427199,299.1835259462784
6835000,13670.000001867445,-23991.438141474282,289.80123654981793
6840000,13680.000001869483,-23818.722991013245,299.3920333068171
6845000,13690.00000187152,-23936.173510584995,288.52421796751577
6850000,13700.000001873557,-23814.182990366695,300.850084485491
6855000,13710.000001875595,-23713.33639837023,304.6206122963096
6860000,13720.000001877632,-24069.987612712634,293.2227039971715
6865000,13730.000001879669,-23616.800906285775,293.67137061929355
6870000,13740.000001881706,-23984.044170850204,306.7714302469842
6875000,13750.000001883744,-23789.12576763153,288.209252406584
6880000,13760.00000188578,-23865.254892614757,295.69446665422777
6885000,13770.000001887818,-23824.83368418801,293.1986112822409
6890000,13780.000001889855,-23816.65153521068,311.5025824759674
6895000,13790.000001891893,-23941.017027112044,295.2735422418984
6900000,13800.00000189393,-23863.93531302041,303.7979136606552
6905000,13810.000001895967,-23862.61667322305,305.4330374092449
6910000,13820.000001898004,-24030.27574621442,313.5741702428531
6915000,13830.000001900042,-23968.038785163415,288.2943162785253
6920000,13840.000001902079,-24151.56934973075,305.3630285511357
6925000,13850.000001904116,-24165.56302704994,282.82372805423137
6930000,13860.000001906154,-23994.41686097863,295.8115272373229
6935000,13870.00000190819,-23883.412947509132,294.50712902489033
6940000,13880.000001910228,-23661.319805720137,300.8429270403184
6945000,13890.000001912265,-23702.039110907193,289.49719592171516
6950000,13900.000001914303,-23875.754914520046,303.7747081904499
6955000,13910.00000191634,-23628.814168278856,297.8147590273673
6960000,13920.000001918377,-23999.889139359177,306.93403770680254
6965000,13930.000001920414,-23919.877298103456,301.9438584655865
6970000,13940.000001922452,-23886.88052587048,301.520709483604
6975000,13950.000001924489,-24048.19833087601,305.4270959972242
6980000,13960.000001926526,-23957.25467634808,300.5497910947286
6985000,13970.000001928564,-23894.742071368557,292.4260302283392
6990000,13980.0000019306,-23719.662560389712,308.39889545827936
6995000,13990.000001932638,-24214.87648047447,298.5622984515655
7000000,14000.000001934675,-23811.044828208396,290.09733349982616
7005000,14010.000001936713,-23724.79243467505,300.9416291015797
7010000,14020.00000193875,-23658.771699587087,296.5915127980701
7015000,14030.000001940787,-23941.398802429132,297.8244361778193
7020000,14040.000001942824,-23868.436753117334,302.8631675294725
7025000,14050.000001944862,-24015.484592884677,288.322344391981
7030000,14060.000001946899,-23966.31175767802,302.5993699789679
7035000,14070.000001948936,-24032.578061182183,292.6173153844183
7040000,14080.000001950973,-24009.429066798926,291.0367265352076
7045000,14090.00000195301,-23903.071081650298,292.5010700627625
7050000,14100.000001955048,-23878.876692568912,298.13828145583915
7055000,14110.000001957085,-23894.111186012713,308.5862550886847
7060000,14120.000001959123,-24074.779069408367,303.50945884992757
7065000,14130.00000196116,-23862.935184060756,303.1157577432016
7070000,14140.000001963197,-23689.902001324634,293.9262657446969
7075000,14150.000001965234,-23651.882788420276,301.38228920843176
7080000,14160.000001967272,-23874.623926633605,298.18326248756046
7085000,14170.000001969309,-23840.053383742736,293.53489169878753
7090000,14180.000001971346,-24073.771380708582,298.033741851547
7095000,14190.000001973383,-24019.053214217944,298.98115820192334
7100000,14200.00000197542,-23780.928363505955,293.43554262522855
7105000,14210.000001977458,-23930.759460177855,293.3991937516323
7110000,14220.000001979495,-23859.494666274928,296.08791842084105
7115000,14230.000001981532,-23819.62264254068,280.68250622795546
7120000,14240.00000198357,-24010.78904292072,303.3173309346506
7125000,14250.000001985607,-23697.86286045074,289.6370920790325
7130000,14260.000001987644,-24065.769778744172,314.31766814007995
7135000,14270.000001989682,-23968.876921389325,305.28447602229494
7140000,14280.000001991719,-24014.33242904699,294.21346549775006
7145000,14290.000001993756,-23869.35309942886,288.2978247547758
7150000,14300.000001995793,-23929.530539828324,279.9687384287246
7155000,14310.00000199783,-23607.416242915147,304.9040876696399
7160000,14320.000001999868,-23967.297524540816,287.21877501274713
7165000,14330.000002001905,-23957.871609604306,294.8305657226599
7170000,14340.000002003942,-23857.833249104544,301.40706931746627
7175000,14350.00000200598,-24084.467994845865,298.64217835336865
7180000,14360.000002008017,-24058.218778819617,295.34555957136155
7185000,14370.000002010054,-23896.751759522565,293.41741947592436
7190000,14380.000002012091,-23664.685011546026,298.5066007855644
7195000,14390.000002014129,-24106.18331555983,291.55145267258985
7200000,14400.000002016166,-23803.909409619635,296.2255918440226
7205000,14410.000002018203,-23821.5676813343,290.67576116119324
7210000,14420.00000202024,-23958.14309441732,306.47131567057363
7215000,14430.000002022278,-23975.617755475003,301.9322648125965
7220000,14440.000002024315,-23929.417984211395,305.95369308690323
7225000,14450.000002026352,-23919.574956537617,302.10004074621753
7230000,14460.00000202839,-23755.55767569659,305.52402991461366
7235000,14470.000002030427,-23794.542751555957,297.2529610744794
7240000,14480.000002032464,-23703.121276708524,301.61473517219036
7245000,14490.000002034501,-23940.33465269764,286.2689862957461
7250000,14500.000002036539,-24413.83660320872,297.413086794934
7255000,14510.000002038576,-23835.663685090825,300.4159621859259
7260000,14520.000002040613,-23998.473916750474,300.2744665176641
7265000,14530.00000204265,-24190.92011554155,293.93453096698016
7270000,14540.000002044688,-23652.21087757738,301.4434883349427
7275000,14550.000002046725,-23858.885250566673,294.04529812599503
7280000,14560.000002048762,-24037.066791097255,302.14504510017787
7285000,14570.0000020508,-23948.838619161674,294.2110694267397
7290000,14580.000002052837,-23974.682056685677,300.2087098411696
7295000,14590.000002054874,-23877.468161038953,300.6542187269215
7300000,14600.000002056911,-23811.509768114265,301.04031776275855
7305000,14610.000002058949,-24050.51474689046,310.3934168060303
7310000,14620.000002060986,-23787.478235110597,294.3066706404435
7315000,14630.000002063023,-23781.088597996728,302.6259458182822
7320000,14640.00000206506,-23724.873028685033,297.61393359843095
7325000,14650.000002067098,-23899.207861770847,297.58327673084324
7330000,14660.000002069135,-23959.771783481832,295.7043544281513
7335000,14670.000002071172,-23868.589171313826,303.3558343712177
7340000,14680.00000207321,-23876.513221945643,308.7739305614145
7345000,14690.000002075247,-24160.153529345567,305.8452995152872
7350000,14700.000002077284,-24030.71389597369,291.42345741388283
7355000,14710.000002079321,-23813.31055912083,311.31026662990547
7360000,14720.000002081359,-23646.183997838627,302.98235627705793
7365000,14730.000002083396,-23798.75331654244,293.5428130045406
7370000,14740.000002085433,-23986.117219414562,292.0890021386643
7375000,14750.00000208747,-23706.757311422465,289.06975466194126
7380000,14760.000002089508,-23997.47818075976,296.77312282825255
7385000,14770.000002091545,-23873.84960927967,298.7000976098979
7390000,14780.000002093582,-24021.075778722967,306.45722427716174
7395000,14790.00000209562,-23829.02997749843,298.75643240608485
7400000,14800.000002097657,-23851.459636700718,298.99492910341
7405000,14810.000002099694,-23902.88702917652,300.0741981315708
7410000,14820.000002101731,-23902.80054684177,299.85819878636636
7415000,14830.000002103769,-23915.57202475205,309.8095810102355
7420000,14840.000002105806,-23717.2426406453,295.1529027669041
7425000,14850.000002107843,-23872.014356332656,301.817363135209
7430000,14860.00000210988,-23799.349349281605,299.69105258311714
7435000,14870.000002111918,-24006.575563813545,300.51517292449444
7440000,14880.000002113955,-23871.3973873988,301.4226280358348
7445000,14890.000002115992,-23883.29287345319,307.30647831683206
7450000,14900.00000211803,-23812.019378217097,284.791308725089
7455000,14910.000002120067,-23658.090380478257,312.4536489781082
7460000,14920.000002122104,-23768.56843631019,303.8941250468977
7465000,14930.000002124141,-23969.650778696436,306.7393507952235
7470000,14940.000002126179,-24158.006885001945,292.54990446727265
7475000,14950.000002128216,-23906.92528520628,302.1731383019845
7480000,14960.000002130253,-23859.866368014336,300.50646809911785
7485000,14970.00000213229,-23858.91195509542,300.63777032390453
7490000,14980.000002134328,-23978.338746829395,301.94547140131056
7495000,14990.000002136365,-23811.48620547376,296.0846309908442
7500000,15000.000002138402,-23832.840708367556,294.95165221274664
7505000,15010.00000214044,-23872.27423696233,294.98334979627316
7510000,15020.000002142477,-23787.769647405745,305.2158192127822
7515000,15030.000002144514,-23857.636321130965,304.02766410756146
7520000,15040.000002146551,-23827.649190433352,309.16931509649817
7525000,15050.000002148588,-24182.861921128817,302.19561533864464
7530000,15060.000002150626,-23769.444660365203,292.6724870928288
7535000,15070.000002152663,-23910.661316516038,298.80524810077304
7540000,15080.0000021547,-24083.871003661945,302.60033185090526
7545000,15090.000002156738,-23771.80745002831,295.43779195633914
7550000,15100.000002158775,-24145.74028211589,296.04548543512703
7555000,15110.000002160812,-23761.286787981822,297.87089402274705
7560000,15120.00000216285,-23932.23572283126,297.4022068251209
7565000,15130.000002164887,-23940.1057754934,285.8885063656693
7570000,15140.000002166924,-23940.509240045416,310.34885994129263
7575000,15150.000002168961,-24036.920637081,305.9316041570993
7580000,15160.000002170998,-23674.08310188919,295.77778894376826
7585000,15170.000002173036,-23908.44640549975,292.0325543737936
7590000,15180.000002175073,-23799.611603918747,295.862073030708
7595000,15190.00000217711,-23999.268425816554,301.5275944559149
7600000,15200.000002179147,-23773.244436140376,303.1238629309513
7605000,15210.000002181185,-24116.904074200123,294.8294868393345
7610000,15220.000002183222,-24013.273424476647,293.1502015088258
7615000,15230.00000218526,-23842.103686424656,291.6300068921794
7620000,15240.000002187297,-23970.971497884108,296.2940526589177
7625000,15250.000002189334,-23710.8296539914,300.72317462229125
7630000,15260.000002191371,-24140.26594274398,307.91553123101386
7635000,15270.000002193408,-23931.59547894413,285.89463371002813
7640000,15280.000002195446,-23555.21039441609,307.10306858575353
7645000,15290.000002197483,-23905.04614272603,282.16489394630656
7650000,15300.00000219952,-23913.086488916335,293.2710045873718
7655000,15310.000002201557,-24111.604122930265,291.46614579681494
7660000,15320.000002203595,-23708.223625868763,301.22197282218247
7665000,15330.000002205632,-23949.51586168843,292.77777976872005
7670000,15340.00000220767,-23784.96983435181,298.22753279363695
7675000,15350.000002209707,-23852.324499778682,288.10529187900676
7680000,15360.000002211744,-23992.57839031612,298.60221683951875
7685000,15370.000002213781,-24023.47330418558,300.10351538656454
7690000,15380.000002215818,-23793.852884778564,300.54320047408413
7695000,15390.000002217856,-24029.43122141408,300.80568255236994
7700000,15400.000002219893,-23795.895555902316,291.307585027892
7705000,15410.00000222193,-23653.227695567213,303.34068307881125
7710000,15420.000002223967,-24139.278478454056,290.122317314469
7715000,15430.000002226005,-23925.857835877672,293.4044148401903
7720000,15440.000002228042,-24199.29387914177,296.28201768339466
7725000,15450.00000223008,-23912.278868447596,290.0740669651222
7730000,15460.000002232116,-23820.986358915616,299.93543068314915
7735000,15470.000002234154,-24000.58928035818,299.26793825896164
7740000,15480.000002236191,-24034.851419173123,292.49930711408206
7745000,15490.000002238228,-23963.098724017982,298.26574465276445
7750000,15500.000002240266,-23814.637725841836,292.49076933663906
7755000,15510.000002242303,-23891.587270815115,291.3999217167107
7760000,15520.00000224434,-23750.61302639528,299.7754239546175
7765000,15530.000002246377,-23954.23663334528,302.033515842554
7770000,15540.000002248415,-24225.74808041389,299.69579080280204
7775000,15550.000002250452,-24004.37122042736,285.0286608495113
7780000,15560.00000225249,-24005.220698168036,287.8269501812298
7785000,15570.000002254526,-23703.997585646925,294.33311679430375
7790000,15580.000002256564,-24048.776663319935,299.5261277132265
7795000,15590.000002258601,-23730.01264587196,299.69758976239774
7800000,15600.000002260638,-23645.59520006305,299.0839379575272
7805000,15610.000002262675,-23890.600529183837,303.44187811329255
7810000,15620.000002264713,-24154.063846618315,295.25728642566355
7815000,15630.00000226675,-23975.231110876863,291.95274969390823
7820000,15640.000002268787,-23910.977428218874,288.87902210514306
7825000,15650.000002270825,-23642.33748524844,292.766690012377
7830000,15660.000002272862,-24054.449225469405,289.72993226740425
7835000,15670.000002274899,-24306.50713818075,307.7808596218932
7840000,15680.000002276936,-23745.725326959524,295.9350068344723
7845000,15690.000002278974,-23560.592310855005,290.5458999230886
7850000,15700.00000228101,-24014.971729203753,291.874982382134
7855000,15710.000002283048,-23775.20868065006,309.0042487423219
7860000,15720.000002285085,-23972.96011976991,299.0820369341907
7865000,15730.000002287123,-23605.518918920483,298.50092391738985
7870000,15740.00000228916,-23971.66817372141,302.32534535007966
7875000,15750.000002291197,-23965.907695960545,300.5551799970008
7880000,15760.000002293235,-23592.41018620167,305.41007686274787
7885000,15770.000002295272,-24108.942940674286,307.2439574897996
7890000,15780.000002297309,-23794.922338735967,292.0360602039105
7895000,15790.000002299346,-24033.35565993913,304.58962196351075
7900000,15800.000002301384,-23938.462906975998,307.84227834057117
7905000,15810.00000230342,-23913.32327517637,308.2895353661827
7910000,15820.000002305458,-23855.999371424055,314.562470253272
7915000,15830.000002307495,-23990.127837487715,294.3269916913091
7920000,15840.000002309533,-23629.566952888825,297.694628422583
7925000,15850.00000231157,-23822.84434904947,301.86915847324786
7930000,15860.000002313607,-23946.56722778418,291.6747255850049
7935000,15870.000002315644,-23719.24915513044,298.1240998523562
7940000,15880.000002317682,-24037.526235545884,303.3998121199339
7945000,15890.000002319719,-23939.201328563227,291.49622031153046
7950000,15900.000002321756,-23962.18796861032,296.4152168438255
7955000,15910.000002323794,-23888.41997710237,298.15719355259915
7960000,15920.00000232583,-23881.12316663294,285.8466771226376
7965000,15930.000002327868,-24260.962721784832,291.4858495170356
7970000,15940.000002329905,-24045.920936249677,300.79275076494446
7975000,15950.000002331943,-23998.543673773485,295.81571158107
7980000,15960.00000233398,-24019.029467893924,300.5659378084823
7985000,15970.000002336017,-24060.83441567245,292.5592966896981
7990000,15980.000002338054,-24021.961699651743,292.21382818169474
7995000,15990.000002340092,-23943.13562412301,300.119721010051
8000000,16000.000002342129,-23892.06978643102,298.9430529993558
8005000,16010.000002344166,-23970.681488611663,300.6881755893848
8010000,16020.000002346203,-23778.869823621077,304.5639666759375
8015000,16030.00000234824,-24025.99253983835,307.59915038560297
8020000,16040.000002350278,-24258.416706611184,308.201138372985
8025000,16050.000002352315,-24045.608459619558,298.8374424907808
8030000,16060.000002354353,-23756.50856908728,293.1734948157766
8035000,16070.00000235639,-24124.238975044573,299.3189371917274
8040000,16080.000002358427,-23640.974971024974,303.8860122208592
8045000,16090.000002360464,-23781.158249516375,292.00300893994444
8050000,16100.000002362502,-23984.59537732297,304.48643803834557
8055000,16110.000002364539,-23795.084880267837,294.09133440480986
8060000,16120.000002366576,-24005.3194082619,291.1928580811227
8065000,16130.000002368613,-23907.269971879767,294.17193151705186
8070000,16140.00000237065,-23760.73029167614,292.3481912638557
8075000,16150.000002372688,-23793.751633108666,297.6142830223645
8080000,16160.000002374725,-24021.54643614689,303.9896535043712
8085000,16170.000002376762,-24320.809132113776,292.8534765115842
8090000,16180.0000023788,-23976.194402755267,296.49115830222024
8095000,16190.000002380837,-23640.43866328345,305.55645545958214
8100000,16200.000002382874,-24022.975754699262,305.3746001036412
8105000,16210.000002384912,-23778.587707952276,296.01848519927773
8110000,16220.000002386949,-23836.92595753612,297.3196671227843
8115000,16230.000002388986,-24063.395337304843,307.7784480069526
8120000,16240.000002391023,-24115.618699307583,294.6709940738893
8125000,16250.00000239306,-23748.817526872517,310.24361253023733
8130000,16260.000002395098,-23895.387147323767,287.4662530238669
8135000,16270.000002397135,-23796.286968906003,290.6381627542197
8140000,16280.000002399172,-24075.979837037798,295.61144197570235
8145000,16290.00000240121,-23935.81707086113,302.6951561728882
8150000,16300.000002403247,-23963.358111753027,296.8179477479204
8155000,16310.000002405284,-23671.4485761713,306.81799929677294
8160000,16320.000002407322,-23879.28171819393,290.1994108061433
8165000,16330.000002409359,-23602.603539921693,302.7870431306003
8170000,16340.000002411396,-23841.28062315291,291.8993004003959
8175000,16350.000002413433,-23828.87214258907,312.14797356868434
8180000,16360.00000241547,-23686.637433137425,299.73214298448227
8185000,16370.000002417508,-23811.73204098684,288.47887336906376
8190000,16380.000002419545,-23927.676270746888,296.9407842374151
8195000,16390.00000242158,-23932.74187892473,293.3404455834638
8200000,16400.000002423618,-24041.804951413447,292.92984384197615
8205000,16410.000002425655,-24086.411886072063,299.89765981012914
8210000,16420.000002427692,-24058.957997872945,303.5076437570329
8215000,16430.00000242973,-23756.101990019262,294.71671982138497
8220000,16440.000002431767,-24079.889775794087,300.7059299171566
8225000,16450.000002433804,-23744.45952309211,303.4715630086471
8230000,16460.00000243584,-24036.004664850465,294.6933844634867
8235000,16470.00000243788,-23856.020396548978,296.80737169974975
8240000,16480.000002439916,-23957.490017050615,302.0554862808093
8245000,16490.000002441953,-24200.57177871751,294.1171059916297
8250000,16500.00000244399,-23896.038483140583,303.043128611801
8255000,16510.000002446028,-23776.17257221142,286.0609779926083
8260000,16520.000002448065,-23813.80310081037,292.50494286660194
8265000,16530.000002450102,-24076.514268347615,286.35128959945723
8270000,16540.00000245214,-24005.58790444219,303.66495805523454
8275000,16550.000002454177,-23709.76849879742,295.54804067242867
8280000,16560.000002456214,-23858.233914223107,291.16619617271994
8285000,16570.00000245825,-24104.873184935263,296.0081055563334
8290000,16580.00000246029,-23933.494038189543,306.74705100937825
8295000,16590.000002462326,-23918.244781911664,306.628135390404
8300000,16600.000002464363,-24117.155528615447,296.14287292826805
8305000,16610.0000024664,-23850.68093246629,294.32836134561245
8310000,16620.000002468438,-23843.18252197279,300.97341317142093
8315000,16630.000002470475,-23887.391436518345,291.63786087486346
8320000,16640.000002472512,-23819.0044548249,309.47035574925115
8325000,16650.00000247455,-23883.958321858474,307.4085947771845
8330000,16660.000002476587,-23798.443578747014,302.392305256365
8335000,16670.000002478624,-23863.402405205998,299.51633776598607
8340000,16680.00000248066,-23616.18294658314,297.7488790000243
8345000,16690.0000024827,-24232.505676378612,301.5853551863426
8350000,16700.000002484736,-23902.725105968464,304.3701192906125
8355000,16710.000002486773,-23605.71491028108,296.887112258009
8360000,16720.00000248881,-23850.04164483647,301.5171259580136
8365000,16730.000002490848,-23938.061348657517,315.70322850191417
8370000,16740.000002492885,-24132.27380829396,292.798713759283
8375000,16750.000002494922,-23916.07359973619,306.8410957745784
8380000,16760.00000249696,-23635.4673737978,298.52765420126207
8385000,16770.000002498997,-23929.481682878788,285.88689690936707
8390000,16780.000002501034,-23942.127773829372,297.16050541195096
8395000,16790.00000250307,-23933.581200274726,302.2680349076039
8400000,16800.00000250511,-23686.65882423638,299.9948402567243
8405000,16810.000002507146,-23982.62240414982,283.0136904592813
8410000,16820.000002509183,-23768.752482770506,302.1467797319354
8415000,16830.00000251122,-23864.335361946694,306.2634358955181
8420000,16840.000002513258,-23912.358727715982,301.8834374891728
8425000,16850.000002515295,-24145.509538501952,284.486221661222
8430000,16860.000002517332,-24111.551863847257,304.30774946867786
8435000,16870.00000251937,-24063.88669277396,297.1355847570913
8440000,16880.000002521407,-24230.796258646093,292.0597652843717
8445000,16890.000002523444,-24124.12051099159,299.28150814216343
8450000,16900.00000252548,-23834.305011014614,299.3760734447074
8455000,16910.00000252752,-23879.02381818647,292.4673708367207
8460000,16920.000002529556,-23870.005774144898,296.5728860005055
8465000,16930.000002531593,-23927.009822198204,311.18075346847627
8470000,16940.00000253363,-23808.826399364538,298.1954417136277
8475000,16950.000002535668,-24042.30963228103,296.81848207858843
8480000,16960.000002537705,-23802.28374164163,302.2137185382785
8485000,16970.000002539742,-23989.46420923261,302.89659888738146
8490000,16980.00000254178,-23893.155260326486,293.4534162694512
8495000,16990.000002543817,-24037.674151020896,303.4513010858016
8500000,17000.000002545854,-24076.90918711244,302.63571271212226
8505000,17010.00000254789,-23861.161700513272,302.97371847215743
8510000,17020.00000254993,-23927.58324040522,294.0972793171209
8515000,17030.000002551966,-23994.047998104375,287.7502834637372
8520000,17040.000002554003,-24017.614441692058,305.53473534896625
8525000,17050.00000255604,-23994.40803135636,297.4288378476592
8530000,17060.000002558078,-23966.283311255305,290.26110865144204
8535000,17070.000002560115,-23855.37983412828,295.01236881329237
8540000,17080.000002562152,-24129.029473817587,294.78593236963655
8545000,17090.00000256419,-24042.055925816865,290.60777351032135
8550000,17100.000002566227,-24053.012428364935,298.7642876250364
8555000,17110.000002568264,-23931.581394305045,298.69024916480953
8560000,17120.0000025703,-23770.44602896119,300.3766457716445
8565000,17130.00000257234,-23701.894818263492,290.734111937713
8570000,17140.000002574376,-24103.365816532038,317.7867094263795
8575000,17150.000002576413,-24041.897445683935,288.18338202062665
8580000,17160.00000257845,-24102.272409507175,299.51885815469467
8585000,17170.000002580487,-24024.87012836621,298.45898250113436
8590000,17180.000002582525,-23890.349767857348,297.4118717478832
8595000,17190.000002584562,-23564.878363800744,300.5078261810048
8600000,17200.0000025866,-23958.091333102726,297.5279925273277
8605000,17210.000002588637,-23806.964556039908,304.49117910508977
8610000,17220.000002590674,-23865.4997493641,297.2794577049179
8615000,17230.00000259271,-23996.28944359529,291.1442349492117
8620000,17240.00000259475,-24110.245007403995,301.3907297614678
8625000,17250.000002596786,-23805.301285094567,298.5009798688349
8630000,17260.000002598823,-23580.3495613822,298.2600984710575
8635000,17270.00000260086,-23711.337424456666,305.8017604017228
8640000,17280.000002602897,-23973.50372079303,307.05970697653737
8645000,17290.000002604935,-23673.98032070622,299.0728016702151
8650000,17300.000002606972,-23815.8921652008,301.0118714418983
8655000,17310.00000260901,-23943.560080419382,287.69827174946215
8660000,17320.000002611047,-23760.158453252705,293.7562399501156
8665000,17330.000002613084,-23866.09782204122,300.36898395055204
8670000,17340.00000261512,-24073.48192005999,305.8052535091188
8675000,17350.00000261716,-23976.491195479743,299.5064011975122
8680000,17360.000002619196,-23553.259670102983,286.4747885547558
8685000,17370.000002621233,-23842.00616793573,301.9556333169224
8690000,17380.00000262327,-24066.596179577216,299.2725403292684
8695000,17390.000002625307,-24095.880641678945,294.200788128641
8700000,17400.000002627345,-23665.107042971504,297.0911406784581
8705000,17410.000002629382,-23747.911860272943,291.8687517428931
8710000,17420.00000263142,-23852.444306209363,310.01924059602106
8715000,17430.000002633456,-23536.74623573778,299.71630997986523
8720000,17440.000002635494,-23798.2798257206,298.16443834903595
8725000,17450.00000263753,-23988.95845455554,300.2212118549508
8730000,17460.00000263957,-24107.982169963187,307.7087310182736
8735000,17470.000002641606,-23777.070607733243,306.84348187764056
8740000,17480.000002643643,-24123.077111434046,299.50435578444916
8745000,17490.00000264568,-24125.67224196349,302.5159724652651
8750000,17500.000002647717,-23700.507554474243,292.38964765837596
8755000,17510.000002649755,-23820.282597470155,313.15219500153347
8760000,17520.000002651792,-23801.152608494638,306.3580441549291
8765000,17530.00000265383,-23894.241728712455,295.27777268918317
8770000,17540.000002655866,-23801.306346419864,292.1906347840391
8775000,17550.000002657904,-23720.928654654665,303.10558330005034
8780000,17560.00000265994,-23630.684667293244,287.6963230129751
8785000,17570.00000266198,-23844.027710679526,306.8322567626854
8790000,17580.000002664015,-23870.909362647275,292.7726111407546
8795000,17590.000002666053,-23897.440562243457,287.9615324453007
8800000,17600.00000266809,-24003.54257115317,290.1601917750442
8805000,17610.000002670127,-23870.006807810874,301.47878351977477
8810000,17620.000002672165,-23959.75650301027,301.1611811230515
8815000,17630.000002674202,-23610.21603586871,296.1931527615256
8820000,17640.00000267624,-23741.789562932987,307.5986575257031
8825000,17650.000002678276,-23798.575504285327,302.1758536311818
8830000,17660.000002680314,-23801.296899491615,307.47651601095976
8835000,17670.00000268235,-23835.599722447238,303.5966679115936
8840000,17680.000002684388,-24001.16205564339,294.8325669382231
8845000,17690.000002686425,-23723.893742028667,291.0675283676999
8850000,17700.000002688463,-23956.601298394322,307.12489388932204
8855000,17710.0000026905,-24010.09367450836,299.7533424332744
8860000,17720.000002692537,-24146.00520064126,307.8119102985961
8865000,17730.000002694575,-23944.179798302765,290.1816029781148
8870000,17740.00000269661,-23768.184892407357,292.57733448520105
8875000,17750.00000269865,-23904.319318100635,302.2238604343895
8880000,17760.000002700686,-23872.695073327326,300.0225102041116
8885000,17770.000002702724,-23888.127002602254,294.03870697305365
8890000,17780.00000270476,-23878.993222104094,288.90730815729614
8895000,17790.000002706798,-23845.61827901927,294.45043853005404
8900000,17800.000002708835,-24058.991265212535,299.1111794862372
8905000,17810.000002710873,-24137.044589067096,284.9717308824548
8910000,17820.00000271291,-23876.388399316085,299.51760414106593
8915000,17830.000002714947,-23721.672861683473,286.4117777354879
8920000,17840.000002716984,-24069.672776439664,304.325526349629
8925000,17850.00000271902,-23968.06615524621,292.94475384181516
8930000,17860.00000272106,-24033.403986122386,299.2161439002622
8935000,17870.000002723096,-23808.874335607485,294.34409705178365
8940000,17880.000002725134,-24001.248883826556,305.26366778208836
8945000,17890.00000272717,-24233.79835065981,294.8195282275265
8950000,17900.000002729208,-23969.492660511212,281.63543370956495
8955000,17910.000002731245,-23801.029411259908,289.13246770608225
8960000,17920.000002733283,-23963.240929388674,279.197689178257
8965000,17930.00000273532,-23923.36906590537,300.62795296145345
8970000,17940.000002737357,-23877.11236831431,294.8978184485319
8975000,17950.000002739394,-24048.866946417635,292.8862980771784
8980000,17960.00000274143,-23857.855880985502,305.6253970577501
8985000,17970.00000274347,-23862.04224280668,302.5477074229926
8990000,17980.000002745506,-23931.01966152838,295.32310118373437
8995000,17990.000002747543,-23918.495233250098,291.161560900347
9000000,18000.00000274958,-23969.02589880905,306.04827148057944
9005000,18010.000002751618,-24046.01098094393,300.1246152785329
9010000,18020.000002753655,-23825.933216684978,297.43329354962196
9015000,18030.000002755693,-23968.70658359668,292.8648781464383
9020000,18040.00000275773,-23714.196150732503,286.14759974136064
9025000,18050.000002759767,-23820.046996966863,290.90825002213984
9030000,18060.000002761804,-23944.509161203387,311.5730849532072
9035000,18070.00000276384,-23944.469277468175,302.79221235631104
9040000,18080.00000276588,-23982.059229392413,308.3414395779503
9045000,18090.000002767916,-24085.59988491019,288.47344382547163
9050000,18100.000002769953,-23975.58568325825,305.9347294805502
9055000,18110.00000277199,-23772.705906261894,308.6938788332262
9060000,18120.000002774028,-23952.712289176838,295.51732671129673
9065000,18130.000002776065,-23875.41389726194,303.3476878683804
9070000,18140.000002778102,-23998.430421499565,296.7131564931637
9075000,18150.00000278014,-23918.45764323909,312.5204937673313
9080000,18160.000002782177,-23650.63797309698,302.09157943611183
9085000,18170.000002784214,-23794.349385395006,285.66799971016536
9090000,18180.00000278625,-23881.934154520044,300.39225765826683
9095000,18190.00000278829,-23918.83680014586,289.09869086460293
9100000,18200.000002790326,-23893.50257963255,298.4336521575095
9105000,18210.000002792363,-23597.660127128867,299.8614246485734
9110000,18220.0000027944,-23731.19058207111,298.7214653221764
9115000,18230.000002796438,-23876.559413717187,295.8825987292014
9120000,18240.000002798475,-23967.347668565417,296.2674912142426
9125000,18250.000002800512,-24058.28988372715,296.07932069138053
9130000,18260.00000280255,-23925.60605681935,298.02224868785834
9135000,18270.000002804587,-23832.78881260038,293.37535442691313
9140000,18280.000002806624,-24039.815216876857,292.30350016810183
9145000,18290.00000280866,-23831.77900992203,298.480452388512
9150000,18300.0000028107,-24058.600539316947,298.5157237055452
9155000,18310.000002812736,-24142.321223143008,292.03412025798445
9160000,18320.000002814773,-23947.062460545916,296.75350567122956
9165000,18330.00000281681,-24054.857453689765,309.06579509636697
9170000,18340.000002818848,-23913.60051456238,301.2062541877186
9175000,18350.000002820885,-23944.279955263293,298.38437921160596
9180000,18360.000002822922,-23777.42013990096,293.9870888811741
9185000,18370.00000282496,-23771.018457648854,302.16906622346835
9190000,18380.000002826997,-23781.376236685508,292.41024928068384
9195000,18390.000002829034,-23569.20027498844,300.86303474179226
9200000,18400.00000283107,-23637.571063211843,309.833327672556
9205000,18410.00000283311,-23652.31872193412,297.31110517883667
9210000,18420.000002835146,-23732.63296267508,299.9414149356681
9215000,18430.000002837183,-23786.611506928646,301.50905801203777
9220000,18440.00000283922,-23954.034126046914,298.62598338263024
9225000,18450.000002841258,-24094.290176763243,302.3121107601599
9230000,18460.000002843295,-23681.12701067851,284.8014654416623
9235000,18470.000002845332,-24167.901998175264,296.97513820272025
9240000,18480.00000284737,-23826.390202079012,309.98528926087977
9245000,18490.000002849407,-23833.490849920578,293.618548019328
9250000,18500.000002851444,-23943.94003090693,303.62315942593307
9255000,18510.00000285348,-23931.883173858252,288.5837242618155
9260000,18520.00000285552,-24044.55975774971,298.4432829201176
9265000,18530.000002857556,-23866.968080759965,305.07833591815483
9270000,18540.000002859593,-24047.46064608451,299.0558703852683
9275000,18550.00000286163,-24061.394412062175,284.9034475284252
9280000,18560.000002863668,-23884.356016907026,303.8363145130551
9285000,18570.000002865705,-23975.26517273528,295.4611771302
9290000,18580.000002867742,-23624.03533963923,296.5754730783825
9295000,18590.00000286978,-23608.6260410838,305.13648483060643
9300000,18600.000002871817,-23800.98677018263,306.72250977117415
9305000,18610.000002873854,-23841.063626692747,295.6453969401495
9310000,18620.00000287589,-23956.389692232668,298.7617008659801
9315000,18630.00000287793,-24117.85852587648,295.2055459793497
9320000,18640.000002879966,-23887.71066977689,296.06106418098904
9325000,18650.000002882003,-24086.69777629974,302.1686852329551
9330000,18660.00000288404,-24117.695975310213,294.73777612457917
9335000,18670.000002886078,-24107.09259739812,299.4008851154084
9340000,18680.000002888115,-23915.325178577157,296.980000430968
9345000,18690.000002890152,-24142.214388290755,299.74223416807627
9350000,18700.00000289219,-23727.63747068224,290.8540235074226
9355000,18710.000002894227,-24013.15473417948,299.0960681171885
9360000,18720.000002896264,-24147.98006012023,296.62664236835076
9365000,18730.0000028983,-23860.743314696505,308.0932005100105
9370000,18740.00000290034,-23923.41256347364,293.4114549074251
9375000,18750.000002902376,-23669.63921395599,299.1797926123526
9380000,18760.000002904413,-23635.671355086597,297.63009479793885
9385000,18770.00000290645,-23811.23011986811,296.7055165948313
9390000,18780.000002908488,-23864.053056550998,297.98270507111175
9395000,18790.000002910525,-23826.76507149602,307.79601222064395
9400000,18800.000002912562,-24141.752093548406,303.96906467171306
9405000,18810.0000029146,-24036.02817790935,297.16975859898906
9410000,18820.000002916637,-23898.9592937852,294.70556646220126
9415000,18830.000002918674,-23905.63393705002,298.0181851784725
9420000,18840.00000292071,-24069.320028212664,310.0201955551623
9425000,18850.00000292275,-24193.970404898835,287.04127013602994
9430000,18860.000002924786,-24031.551556528968,300.8813406490875
9435000,18870.000002926823,-24119.981736999005,292.7003117780585
9440000,18880.00000292886,-23677.1838321954,283.84644731520183
9445000,18890.000002930898,-23978.597698580736,293.32006970269214
9450000,18900.000002932935,-23810.074160986565,289.41016965561715
9455000,18910.000002934972,-23972.316914625713,303.30769602073315
9460000,18920.00000293701,-24086.598757580505,297.49115369294475
9465000,18930.000002939047,-23942.6391609259,299.2469272307232
9470000,18940.000002941084,-23874.00133694998,274.99463530909645
9475000,18950.00000294312,-23861.078753529204,314.89408318324564
9480000,18960.00000294516,-24031.920051750276,300.99961703481085
9485000,18970.000002947196,-23957.770056066438,300.84558741214437
9490000,18980.000002949233,-24002.851378100226,289.4526085135901
9495000,18990.00000295127,-24201.911803070674,307.6789316121938
9500000,19000.000002953308,-23966.66113411545,301.11205604483246
9505000,19010.000002955345,-23848.40392539445,298.157720732423
9510000,19020.000002957382,-23839.65950801586,305.6910327829435
9515000,19030.00000295942,-24085.081546465008,299.500425010965
9520000,19040.000002961457,-23852.959317101675,295.65918772006177
9525000,19050.000002963494,-23787.92655258297,300.22424164985796
9530000,19060.00000296553,-24078.536322651475,305.9580258582619
9535000,19070.00000296757,-23761.398212675922,301.08954267009443
9540000,19080.000002969606,-23786.997752106996,297.9680921993522
9545000,19090.000002971643,-23768.819881400515,290.613081562756
9550000,19100.00000297368,-23978.91189731985,298.7919604807641
9555000,19110.000002975718,-23836.588424398113,302.414267648542
9560000,19120.000002977755,-23921.074490726736,305.22482983534087
9565000,19130.000002979792,-23671.669776111987,305.4989417756328
9570000,19140.00000298183,-23812.165842733448,292.73939926052236
9575000,19150.000002983867,-24067.994799322594,306.7195240501161
9580000,19160.000002985904,-23928.060062575067,297.8404309645879
9585000,19170.00000298794,-23818.496181861163,302.4436676851162
9590000,19180.00000298998,-23696.99074903826,303.27445716128784
9595000,19190.000002992016,-24054.33785530737,310.62907721170643
9600000,19200.000002994053,-23780.34657230052,303.8059130121069
9605000,19210.00000299609,-24109.59388956864,302.92512889870954
9610000,19220.000002998127,-23913.571007365885,299.18960931395185
9615000,19230.000003000165,-23923.513443248128,296.46333218466356
9620000,19240.000003002202,-23912.372282124998,286.99088171378156
9625000,19250.00000300424,-23766.91296548494,289.6629522015704
9630000,19260.000003006277,-23970.285680731788,301.10391509251696
9635000,19270.000003008314,-23814.750145977116,290.37372634374935
9640000,19280.00000301035,-24222.789023378442,286.16523377228845
9645000,19290.00000301239,-23727.42608093674,323.0800263527553
9650000,19300.000003014426,-23837.259937668772,303.3958050226625
9655000,19310.000003016463,-23844.513917916236,296.28793042422234
9660000,19320.0000030185,-23829.165536440516,292.2699423287599
9665000,19330.000003020537,-24334.49807223062,303.39592032206326
9670000,19340.000003022575,-23893.37720878706,303.476639775071
9675000,19350.000003024612,-23910.00839304745,294.7401818555267
9680000,19360.00000302665,-23802.282268545183,298.85827652980504
9685000,19370.000003028686,-23758.617614420655,296.0165393224003
9690000,19380.000003030724,-23981.35533389385,295.4197462471872
9695000,19390.00000303276,-23752.111655489934,303.98026490548557
9700000,19400.0000030348,-23801.26907225362,306.3986658339053
9705000,19410.000003036836,-24114.208933728092,310.3413189719605
9710000,19420.000003038873,-23765.04997133919,296.1222064392986
9715000,19430.00000304091,-24158.49177404704,297.0534935278164
9720000,19440.000003042947,-24163.856224027448,295.67338232685347
9725000,19450.000003044985,-23939.819130531163,298.98017003409234
9730000,19460.000003047022,-23874.98682234375,281.26432118501543
9735000,19470.00000304906,-23946.59083429139,295.5590729536775
9740000,19480.000003051096,-23860.645478747057,298.6339879106668
9745000,19490.000003053134,-23709.89802030695,299.93362743206166
9750000,19500.00000305517,-24099.933473323603,297.1711412368617
9755000,19510.00000305721,-23853.316582221363,296.0911164671643
9760000,19520.000003059246,-23898.47295992983,297.8866805503141
9765000,19530.000003061283,-23870.25303144318,288.03997704296114
9770000,19540.00000306332,-23686.328262917814,301.73217698076195
9775000,19550.000003065357,-23718.507590034482,300.8044295847659
9780000,19560.000003067395,-23909.586274557936,296.56849121492866
9785000,19570.000003069432,-23937.976985011337,295.0645385432906
9790000,19580.00000307147,-24076.133270307328,289.00758883511395
9795000,19590.000003073506,-23960.61633752854,312.4025022299671
9800000,19600.000003075544,-24036.93250689248,307.2216176510389
9805000,19610.00000307758,-23677.560269689493,292.9847060533247
9810000,19620.00000307962,-23732.29750567129,305.088795931881
9815000,19630.000003081655,-23878.993902588045,295.2711970228217
9820000,19640.000003083693,-24216.010430072783,288.17862578842556
9825000,19650.00000308573,-23896.582056763058,297.78483367430925
9830000,19660.000003087767,-23741.27167871043,296.21533708881617
9835000,19670.000003089805,-24057.939938337906,294.32036535465943
9840000,19680.00000309184,-23782.74813734401,291.77527060587374
9845000,19690.00000309388,-23844.826438126096,291.1856801190102
9850000,19700.000003095916,-23777.33887237491,291.3414763614763
9855000,19710.000003097954,-24103.510328239747,308.9530638668658
9860000,19720.00000309999,-24027.61292899189,308.6355099733849
9865000,19730.000003102028,-23941.573811654584,294.35191369370307
9870000,19740.000003104065,-24062.252278463056,300.09908692340105
9875000,19750.000003106103,-23616.20138293138,290.64372517374835
9880000,19760.00000310814,-23974.104557581188,295.3686298076293
9885000,19770.000003110177,-23707.5343094492,303.3507692090532
9890000,19780.000003112214,-23984.70901615449,293.7687644889567
9895000,19790.00000311425,-23846.30848181185,292.1365559817243
9900000,19800.00000311629,-23872.28609666812,298.26699282801417
9905000,19810.000003118326,-23854.39909871723,285.42955094370643
9910000,19820.000003120364,-24037.873118120915,292.93614472358337
9915000,19830.0000031224,-24027.96800876966,297.21041586306404
9920000,19840.000003124438,-23923.681088393147,305.9227985954594
9925000,19850.000003126475,-23789.42838995908,298.40729080778186
9930000,19860.000003128513,-23536.05715979151,288.52897985103243
9935000,19870.00000313055,-23907.286635223165,310.6688631503525
9940000,19880.000003132587,-23963.6559896018,290.2131157636273
9945000,19890.000003134624,-23941.628225060762,296.6487104303439
9950000,19900.00000313666,-23651.496437332185,300.3227868546067
9955000,19910.0000031387,-23776.213195842938,302.84309903143014
9960000,19920.000003140736,-24016.229267015384,298.88848192071356
9965000,19930.000003142773,-24085.000439495154,299.8784678252697
9970000,19940.00000314481,-23872.67265257612,290.6025226585755
9975000,19950.000003146848,-23943.55987660715,295.3564750389026
9980000,19960.000003148885,-24065.740342039106,309.26422812879355
9985000,19970.000003150923,-23847.664503617692,296.3199141078566
9990000,19980.00000315296,-23837.036770874314,300.74359180309085
9995000,19990.000003154997,-23740.168608813445,293.40813032609606
10000000,20000.000003157034,-23727.303132095825,297.03204673004717
10005000,20010.00000315907,-23936.118663944755,289.2957968253867
10010000,20020.00000316111,-23867.561753286922,312.73361117937975
10015000,20030.000003163146,-24185.03615892335,301.11781681770833
10020000,20040.000003165183,-23990.813613472943,296.95096213221393
10025000,20050.00000316722,-24007.746160100898,290.1488453309711
10030000,20060.000003169258,-23732.397597729505,287.5160859459454
10035000,20070.000003171295,-24103.129540888636,304.4947042735989
10040000,20080.000003173333,-23673.46831785544,301.2750934238982
10045000,20090.00000317537,-23923.834619133166,291.6935964796202
10050000,20100.000003177407,-24049.506324847316,311.64480673826023
10055000,20110.000003179444,-23857.88806160554,292.3057870480617
10060000,20120.00000318148,-23936.796109216884,289.3168833004163
10065000,20130.00000318352,-23867.860748235165,297.1860066232415
10070000,20140.000003185556,-23708.932599432825,306.3850711854899
10075000,20150.000003187593,-23804.954504255904,294.1608459650118
10080000,20160.00000318963,-23789.900811071275,302.48818696336565
10085000,20170.000003191668,-23848.686766990068,295.57931171096504
10090000,20180.000003193705,-23715.240924475904,293.4143993753551
10095000,20190.000003195742,-23869.052050168582,288.12090652426724
10100000,20200.00000319778,-24080.35266099726,292.4680253931043
10105000,20210.000003199817,-23797.388758892295,290.0387933934512
10110000,20220.000003201854,-23848.239229637897,291.7380552359526
10115000,20230.00000320389,-23902.654956482627,289.61901379421727
10120000,20240.00000320593,-23858.12018073596,295.97881477612844
10125000,20250.000003207966,-23882.827673569453,296.4098331531402
10130000,20260.000003210003,-24152.618173601193,298.1173692014437
10135000,20270.00000321204,-23963.097344625683,295.289406442491
10140000,20280.000003214078,-23955.41734877792,299.3457910596435
10145000,20290.000003216115,-23897.950375647168,296.9407936656403
10150000,20300.000003218152,-24012.19006377943,305.58985059954455
10155000,20310.00000322019,-23635.15047027715,309.62060830880284
10160000,20320.000003222227,-23962.275843281386,303.1857443498596
10165000,20330.000003224264,-23760.85632725092,301.4766419546826
10170000,20340.0000032263,-24043.181821223785,304.34068281715713
10175000,20350.00000322834,-23907.89126214826,301.35497528015986
10180000,20360.000003230376,-23819.483083588813,302.2799906377697
10185000,20370.000003232413,-24298.109699625056,304.0966307978049
10190000,20380.00000323445,-24154.48296313727,295.1246943401018
10195000,20390.000003236488,-23687.446830395318,292.95910156204343
10200000,20400.000003238525,-23917.414442656125,311.0063170354269
10205000,20410.000003240562,-23672.0506089696,290.10966012751965
10210000,20420.0000032426,-24046.137396593025,291.1766401272548
10215000,20430.000003244637,-24190.162377456945,288.9904514369692
10220000,20440.000003246674,-23921.142955149786,292.03652108580576
10225000,20450.00000324871,-23738.651137201465,311.2216560279119
10230000,20460.00000325075,-23979.899276309443,292.6277064253238
10235000,20470.000003252786,-23813.548356658604,297.4347735956176
10240000,20480.000003254823,-23631.38380477199,304.22807470630966
10245000,20490.00000325686,-23618.751087465367,285.3006844460059
10250000,20500.000003258898,-24209.89006427978,298.07498672469546
10255000,20510.000003260935,-23983.045122127718,299.6523948699996
10260000,20520.000003262972,-23975.94898678067,299.9324292142428
10265000,20530.00000326501,-23918.68085046507,300.6706431904595
10270000,20540.000003267047,-23976.11593077764,295.36491748245896
10275000,20550.000003269084,-23812.834130823816,291.6651738337906
10280000,20560.00000327112,-23667.48136254483,303.5420639658263
10285000,20570.00000327316,-23718.100954381327,294.54470140318574
10290000,20580.000003275196,-23863.261301174556,303.36817908426536
10295000,20590.000003277233,-23837.403983333905,289.6511742386825
10300000,20600.00000327927,-23894.305588761606,297.5478340657009
10305000,20610.000003281308,-23763.92095789712,296.52066963578505
10310000,20620.000003283345,-24046.26256339965,300.2826736931577
10315000,20630.000003285382,-24039.97496224832,297.2225189045817
10320000,20640.00000328742,-23871.463267115687,295.5933656450883
10325000,20650.000003289457,-23793.2080316152,304.1911298997403
10330000,20660.000003291494,-23734.986700171605,300.97581336287055
10335000,20670.00000329353,-23950.485495924207,293.21987746835885
10340000,20680.00000329557,-23805.7480628231,308.1948708792008
10345000,20690.000003297606,-24114.95850675476,298.2684148237041
10350000,20700.000003299643,-24015.46914722887,296.0386754902989
10355000,20710.00000330168,-23677.50667243694,296.75529476111825
10360000,20720.000003303718,-23899.673637971035,300.3706861397222
10365000,20730.000003305755,-23675.331285399632,293.97915928955746
10370000,20740.000003307792,-23935.780494476945,298.01499209717076
10375000,20750.00000330983,-24152.61947156262,289.53605769724436
10380000,20760.000003311867,-23860.056896517926,310.26700788072486
10385000,20770.000003313904,-23908.365213367986,304.6721135568087
10390000,20780.00000331594,-23955.812202381043,296.8114021095062
10395000,20790.00000331798,-23864.485864620932,291.96432170508234
10400000,20800.000003320016,-23542.781010762148,292.26501882890665
10405000,20810.000003322053,-23957.937110013212,296.23675654585213
10410000,20820.00000332409,-23833.55196177651,300.9151728515762
10415000,20830.000003326128,-23989.14474433282,314.0545059225646
10420000,20840.000003328165,-23759.115622691344,301.92254120869876
10425000,20850.000003330202,-23968.669537409558,301.7790022551906
10430000,20860.00000333224,-23858.397293538932,294.1796495496742
10435000,20870.000003334277,-24096.231696615578,298.883484875587
10440000,20880.000003336314,-23760.27589352854,303.79065103635656
10445000,20890.00000333835,-23771.709787265107,293.8103242989755
10450000,20900.00000334039,-23871.75814478456,300.48661809086434
10455000,20910.000003342426,-23780.848547477886,298.9513204920436
10460000,20920.000003344463,-23803.996765337128,293.12936961351585
10465000,20930.0000033465,-24061.60781705068,301.66436392697904
10470000,20940.000003348538,-24091.610053159195,302.89613749919846
10475000,20950.000003350575,-24070.41084034623,299.2477596962188
10480000,20960.000003352612,-23783.811279632006,296.74934995842983
10485000,20970.00000335465,-24000.57696413943,305.5886573518637
10490000,20980.000003356687,-23906.903394726964,305.7486195050634
10495000,20990.000003358724,-23783.52343342158,294.0875539068528
10500000,21000.00000336076,-23853.395528449284,297.194715393723
10505000,21010.0000033628,-23881.63009977879,304.7694465696748
10510000,21020.000003364836,-23871.12212820603,302.9746032053516
10515000,21030.000003366873,-23924.185704917312,312.6454258924098
10520000,21040.00000336891,-23918.669047910036,303.06088104383923
10525000,21050.000003370948,-23880.476836784437,297.39207358976324
10530000,21060.000003372985,-23941.738786247544,294.826973094568
10535000,21070.000003375022,-24033.617821638152,290.11117099611806
10540000,21080.00000337706,-23952.363833010953,300.0916590247188
10545000,21090.000003379097,-24136.693483765863,293.48983049171295
10550000,21100.000003381134,-23522.648561816415,304.5313704167417
10555000,21110.00000338317,-23880.758743942002,302.57942004533356
10560000,21120.00000338521,-24113.44346940989,285.8005189011868
10565000,21130.000003387246,-24089.683854904215,294.29333218088806
10570000,21140.000003389283,-23969.49276347553,298.0418413783786
10575000,21150.00000339132,-24292.700926598758,302.5733241829244
10580000,21160.000003393357,-24076.891527699554,303.2320565372978
10585000,21170.000003395395,-24193.364903965805,295.28919899276224
10590000,21180.000003397432,-23955.429229210684,297.9587303292307
10595000,21190.00000339947,-23991.61656871962,296.29579643809495
10600000,21200.000003401507,-23896.459619904053,303.83016569568787
10605000,21210.000003403544,-24043.52897706964,296.116841407949
10610000,21220.00000340558,-23970.810470512923,302.61108663709325
10615000,21230.00000340762,-23707.233192483953,301.3567669037064
10620000,21240.000003409656,-24008.874632987543,303.88823264294217
10625000,21250.000003411693,-23952.464008807947,301.83459922288495
10630000,21260.00000341373,-24057.47767709031,285.94368853376966
10635000,21270.000003415767,-23744.441894300413,305.12942671092355
10640000,21280.000003417805,-23896.043432345323,298.61298601021895
10645000,21290.000003419842,-23979.772791058815,287.6280704858507
10650000,21300.00000342188,-23854.393685910734,303.81662472406583
10655000,21310.000003423916,-23775.489175053313,288.94354142062355
10660000,21320.000003425954,-23839.44633419701,300.657072106689
10665000,21330.00000342799,-23925.042918831663,298.3757616266576
10670000,21340.00000343003,-23969.758536294918,298.2560515422967
10675000,21350.000003432066,-23863.399354022666,307.9826505017097
10680000,21360.000003434103,-23753.998754308865,297.7861742549311
10685000,21370.00000343614,-24035.17188055429,303.26573605847176
10690000,21380.000003438177,-23902.043076952687,300.7118953881447
10695000,21390.000003440215,-23579.993127077105,295.1456455437855
10700000,21400.000003442252,-23823.507826816873,291.55640244976803
10705000,21410.00000344429,-23819.46953269765,309.8670278407969
10710000,21420.000003446326,-24111.70784972531,296.42150618230386
10715000,21430.000003448364,-23763.016245748207,308.5842096134513
10720000,21440.0000034504,-23709.072912396136,307.0994813198655
10725000,21450.00000345244,-23892.87470631959,297.8614352237224
10730000,21460.000003454476,-23902.705348879084,299.5662641874103
10735000,21470.000003456513,-23947.4019120593,300.11840783416574
10740000,21480.00000345855,-23717.99218267604,288.34784686134543
10745000,21490.000003460587,-23611.938108961418,301.5872196520773
10750000,21500.000003462625,-23992.315460444355,300.97002112275106
10755000,21510.000003464662,-23756.32086529676,302.4411055310661
10760000,21520.0000034667,-23878.137808180298,285.2794112550571
10765000,21530.000003468736,-23793.242590203678,297.7763984351617
10770000,21540.000003470774,-24001.51789458547,292.8849798640413
10775000,21550.00000347281,-24021.013105997743,300.0935558204691
10780000,21560.00000347485,-23992.30815501022,308.19777934051353
10785000,21570.000003476885,-24068.70871379925,292.7326711416395
10790000,21580.000003478923,-24109.21833469202,304.3882947103026
10795000,21590.00000348096,-23946.71090001239,299.3505385746021
10800000,21600.000003482997,-24190.77386157756,293.6442659245752
10805000,21610.000003485035,-23755.899285591237,306.2772414230899
10810000,21620.00000348707,-23823.861194279787,298.9477919401628
10815000,21630.00000348911,-23924.098011111084,311.23986174615203
10820000,21640.000003491146,-23955.36972959379,293.2965323159123
10825000,21650.000003493184,-23703.07455615305,293.42806139575384
10830000,21660.00000349522,-23921.249575236667,295.6471458256359
10835000,21670.000003497258,-23938.5838578611,302.11054512813956
10840000,21680.000003499295,-23870.43559364989,296.98227411514256
10845000,21690.000003501333,-23683.87570628959,303.639926092306
10850000,21700.00000350337,-23943.03337452383,297.4924881773344
10855000,21710.000003505407,-23753.85626717913,304.4242958782701
10860000,21720.000003507444,-23787.80742638561,292.5538855106872
10865000,21730.00000350948,-23879.898383303007,294.37519557199136
10870000,21740.00000351152,-23885.534838111605,297.38302025482204
10875000,21750.000003513556,-24093.807460524826,285.1133307095949
10880000,21760.000003515594,-23851.688122794498,303.37305629993807
10885000,21770.00000351763,-24037.36100204289,305.495492557635
10890000,21780.000003519668,-23995.259368328698,291.9746089330412
10895000,21790.000003521705,-23835.458985573263,298.6973172047462
10900000,21800.000003523743,-24104.832926672374,304.17870421195624
10905000,21810.00000352578,-23908.199753983718,293.2290238399714
10910000,21820.000003527817,-23850.325590298948,313.57460488239786
10915000,21830.000003529854,-24068.998145143007,294.11877726476854
10920000,21840.00000353189,-23921.15780210821,311.517135521235
10925000,21850.00000353393,-23998.592575204515,300.87445855992866
10930000,21860.000003535966,-23764.391705979608,304.3133207985541
10935000,21870.000003538004,-24102.934114516378,302.1361382390567
10940000,21880.00000354004,-24013.06017188038,293.94274997972525
10945000,21890.000003542078,-23831.328785536505,290.0022618412286
10950000,21900.000003544115,-24089.560543978645,291.76022959894743
10955000,21910.000003546153,-23766.5896409291,311.79624487490656
10960000,21920.00000354819,-23767.938001658593,293.38027825022516
10965000,21930.000003550227,-23696.526941455435,296.58670163932334
10970000,21940.000003552264,-23755.045579880374,295.9925801626199
10975000,21950.0000035543,-23984.980520894664,301.6186663859137
10980000,21960.00000355634,-23870.057592737023,307.9505027714999
10985000,21970.000003558376,-23704.389970842298,299.63039891478644
10990000,21980.000003560413,-23804.99481641683,299.26897591636305
10995000,21990.00000356245,-23807.034718532304,304.24097664235444
11000000,22000.000003564488,-23836.383778111456,289.8375513730498
11005000,22010.000003566525,-24052.820973278518,311.58745478749296
11010000,22020.000003568563,-23959.614364317546,289.59132961014046
11015000,22030.0000035706,-23827.688148966336,301.7251629091623
11020000,22040.000003572637,-23637.604124951395,290.3900764639282
11025000,22050.000003574674,-23545.05062436196,294.1481863715272
11030000,22060.00000357671,-24272.63860296966,303.2985307988157
11035000,22070.00000357875,-23721.562778298045,310.06046850855904
11040000,22080.000003580786,-23983.28411481563,296.2488673543611
11045000,22090.000003582823,-23951.89623569038,298.56715969184
11050000,22100.00000358486,-23599.393890849547,318.3779508524693
11055000,22110.000003586898,-23935.789570723122,296.4856720919995
11060000,22120.000003588935,-23830.008092381322,301.31432087463173
11065000,22130.000003590972,-23951.95117334272,282.1078785988691
11070000,22140.00000359301,-23629.13661443196,291.9264394733413
11075000,22150.000003595047,-23881.822232754042,297.947217131454
11080000,22160.000003597084,-23861.680889288313,311.79460857456996
11085000,22170.00000359912,-24084.9276491504,302.95385733945653
11090000,22180.00000360116,-23827.550549483407,295.5179723093983
11095000,22190.000003603196,-23980.119676693444,298.1858716016584
11100000,22200.000003605233,-23804.256280972637,302.6261917488165
11105000,22210.00000360727,-23940.987422944163,298.04639104831205
11110000,22220.000003609308,-23957.94724434307,298.58855379748326
11115000,22230.000003611345,-23874.250946477987,293.5722492916294
11120000,22240.000003613382,-23944.47571709531,302.8119570860453
11125000,22250.00000361542,-23589.603104209717,280.8489597264496
11130000,22260.000003617457,-23722.7762912435,296.98003605247914
11135000,22270.000003619494,-24121.037593036832,301.9003247088625
11140000,22280.00000362153,-23961.495705571142,296.38015137523377
11145000,22290.00000362357,-24321.743685160473,293.8939592937386
11150000,22300.000003625606,-23757.928714542082,294.4863523633168
11155000,22310.000003627643,-23950.087622528736,298.2101202960849
11160000,22320.00000362968,-23849.97849685578,292.62461098025847
11165000,22330.000003631718,-23934.09090672784,301.1173490838463
11170000,22340.000003633755,-24079.65248418186,295.015615884572
11175000,22350.000003635792,-23914.48154295316,300.6265762528652
11180000,22360.00000363783,-23901.154968075818,308.4662161446556
11185000,22370.000003639867,-23967.949232103478,302.5422717339096
11190000,22380.000003641904,-24112.110745645696,292.3860030950376
11195000,22390.00000364394,-23963.15367659187,299.42519734457045
11200000,22400.00000364598,-23996.820251717072,297.0300695708303
11205000,22410.000003648016,-23727.205524618505,297.4891007750164
11210000,22420.000003650053,-23907.886037499193,298.5963437628423
11215000,22430.00000365209,-23857.001313647008,298.4399701256509
11220000,22440.000003654128,-23921.05303606979,294.37372699081425
11225000,22450.000003656165,-23858.16880223021,303.361000404943
11230000,22460.000003658202,-24223.924724349927,311.3027744745966
11235000,22470.00000366024,-23889.989227584025,305.4040176660622
11240000,22480.000003662277,-23824.786911496558,295.8227628719228
11245000,22490.000003664314,-23787.97336276548,310.4030878322008
11250000,22500.00000366635,-23769.391261310084,291.6465808538857
11255000,22510.00000366839,-23965.70651920262,297.08977817644757
11260000,22520.000003670426,-23890.249013816792,302.90701906486095
11265000,22530.000003672463,-23795.135776104245,304.3729197368224
11270000,22540.0000036745,-23769.742181663765,296.2857334799824
11275000,22550.000003676538,-24249.40408372956,291.1675351854819
11280000,22560.000003678575,-23929.601045916264,300.18234479506197
11285000,22570.000003680612,-24028.780904638377,311.619761848129
11290000,22580.00000368265,-23736.04843339855,295.91767370828745
11295000,22590.000003684687,-23970.923818005904,311.9057454717537
11300000,22600.000003686724,-23834.10059268803,302.48966126258836
11305000,22610.00000368876,-24086.203521680334,303.4724775376996
11310000,22620.0000036908,-23769.87248104412,298.58509588188156
11315000,22630.000003692836,-24137.182677814053,297.09503384426677
11320000,22640.000003694873,-23866.899538287224,302.31089052786547
11325000,22650.00000369691,-23830.983618566708,301.32098356493384
11330000,22660.000003698948,-24179.579918230083,293.86848298816784
11335000,22670.000003700985,-23793.69281821874,294.909405740607
11340000,22680.000003703022,-24077.77883874459,290.4826316966115
11345000,22690.00000370506,-23788.6396964273,298.0681596036545
11350000,22700.000003707097,-23814.901941005417,288.8545025633108
11355000,22710.000003709134,-23816.155915477328,288.0766881014744
11360000,22720.00000371117,-23765.34197102423,290.5328122684748
11365000,22730.00000371321,-23710.651320165125,295.24062289158553
11370000,22740.000003715246,-23900.466095322947,304.255337812969
11375000,22750.000003717283,-24001.901588426743,294.1747098472875
11380000,22760.00000371932,-23868.73895489103,295.85551166856754
11385000,22770.000003721358,-24008.463880255033,304.6772800423615
11390000,22780.000003723395,-24121.383688438713,317.52193958651384
11395000,22790.000003725432,-23935.240052536028,295.98639974602594
11400000,22800.00000372747,-23842.56481616918,298.27393145424276
11405000,22810.000003729507,-23942.801300561056,304.4789753136408
11410000,22820.000003731544,-23884.829065475016,297.6770806758058
11415000,22830.00000373358,-23743.19442956723,292.4578541164916
11420000,22840.00000373562,-24306.934679652346,299.99487555232736
11425000,22850.000003737656,-23911.86715004494,298.58329305340806
11430000,22860.000003739693,-23821.562873312098,313.8571057943705
11435000,22870.00000374173,-24020.92205457446,296.48669802914304
11440000,22880.000003743768,-23969.70093380478,287.0165619021433
11445000,22890.000003745805,-23862.85937797818,295.97339757807725
11450000,22900.000003747842,-23885.3353540003,289.32266427056646
11455000,22910.00000374988,-23946.07023561628,308.64613637764666
11460000,22920.000003751917,-24032.948891525913,308.9133324248083
11465000,22930.000003753954,-24018.45631473814,305.38345951647847
11470000,22940.00000375599,-24021.61282941165,297.4645020054856
11475000,22950.00000375803,-23729.178268487332,297.80825792990413
11480000,22960.000003760066,-24121.715478265585,315.45463339310055
11485000,22970.000003762103,-23729.503744408925,301.3356732450816
11490000,22980.00000376414,-23985.55780377757,300.09592360581337
11495000,22990.000003766178,-23939.070040929568,299.138851545298
11500000,23000.000003768215,-23898.646588069052,294.16263297727284
11505000,23010.000003770252,-24077.080814449713,295.79995465245213
11510000,23020.00000377229,-24083.095129740657,292.5062763601036
11515000,23030.000003774327,-23846.657917789853,304.50368706696884
11520000,23040.000003776364,-23990.60320968082,291.33399795339085
11525000,23050.0000037784,-23973.915803565033,292.705561507648
11530000,23060.00000378044,-24166.322434759422,298.5460014931721
11535000,23070.000003782476,-24077.37185964221,309.16325396630884
11540000,23080.000003784513,-24038.745147992246,295.0004488869479
11545000,23090.00000378655,-23923.987910352575,298.4161347537422
11550000,23100.000003788587,-23818.279445128457,298.7899938639561
11555000,23110.000003790625,-24016.545584736203,298.95419257984224
11560000,23120.000003792662,-23747.124993983496,300.79766356959175
11565000,23130.0000037947,-24021.638836684244,292.6515432756948
11570000,23140.000003796737,-23993.193267930692,302.69165796853264
11575000,23150.000003798774,-23656.784657738215,315.46992264504235
11580000,23160.00000380081,-23853.612540373346,300.87295592454
11585000,23170.00000380285,-23806.01402358034,299.66220069437395
11590000,23180.000003804886,-23729.048886363104,294.9729691481299
11595000,23190.000003806923,-24063.360099044876,307.3489780097048
11600000,23200.00000380896,-23874.575144930728,284.8768688465999
11605000,23210.000003810997,-23837.986228257738,303.9104573279757
11610000,23220.000003813035,-24010.705052361285,301.23749533776703
11615000,23230.000003815072,-23718.48368780945,296.66716693813106
11620000,23240.00000381711,-23925.761377659073,296.5821762020272
11625000,23250.000003819147,-23934.248703597157,295.87781095692185
11630000,23260.000003821184,-24010.368749062138,299.4320746505388
11635000,23270.00000382322,-23938.724693707787,301.49941894425007
11640000,23280.00000382526,-23686.254875607585,298.27753824436854
11645000,23290.000003827296,-23860.064484349947,291.6287849551583
11650000,23300.000003829333,-23606.435781239008,294.58396607396116
11655000,23310.00000383137,-23778.863032553054,301.7538632590144
11660000,23320.000003833407,-24098.695498708184,298.69242122074036
11665000,23330.000003835445,-24078.036642031497,300.26045243195694
11670000,23340.000003837482,-23958.15486517329,288.65891395037704
11675000,23350.00000383952,-24087.023765309277,304.90068551628315
11680000,23360.000003841556,-23792.661985034807,302.98019732759417
11685000,23370.000003843594,-23826.55204348074,296.5738170376674
11690000,23380.00000384563,-23805.234921113894,312.6626735976748
11695000,23390.00000384767,-23840.00982459841,289.8283572484898
11700000,23400.000003849706,-24086.32481800721,297.6616386948584
11705000,23410.000003851743,-23739.158023410768,304.92834172651703
11710000,23420.00000385378,-23985.473560111626,286.4855060967296
11715000,23430.000003855817,-23993.516087964963,300.95884003391814
11720000,23440.000003857855,-24137.709243098565,298.3515479901709
11725000,23450.000003859892,-23884.802138217186,290.5092322565058
11730000,23460.00000386193,-23565.603605426877,306.90687918085416
11735000,23470.000003863966,-23860.693456009118,293.6847596249066
11740000,23480.000003866004,-23928.560226415342,291.60256189061613
11745000,23490.00000386804,-23769.500017827246,300.2708498371832
11750000,23500.00000387008,-24001.158610434315,309.2810416747326
11755000,23510.000003872115,-23832.923544995283,300.7717872997843
11760000,23520.000003874153,-23943.26784476523,301.39375044161426
11765000,23530.00000387619,-23767.494788414842,299.64297375342363
11770000,23540.000003878227,-23757.723596384312,311.078672943042
11775000,23550.000003880265,-23921.615294059986,297.1602418225868
11780000,23560.000003882302,-23911.814512291923,308.5070184668838
11785000,23570.00000388434,-24049.40858163561,309.60983423978035
11790000,23580.000003886376,-23817.75351912185,291.54577506058
11795000,23590.000003888414,-23528.338316113455,296.1694617164234
11800000,23600.00000389045,-24019.58627123192,303.8708392654641
11805000,23610.000003892488,-23914.040819786605,303.42088496685204
11810000,23620.000003894525,-23879.183040569245,295.4126081761041
11815000,23630.000003896563,-24090.311765618855,305.5080040528992
11820000,23640.0000038986,-23910.20146826956,295.0119040431441
11825000,23650.000003900637,-23718.034805053117,301.12730680360085
11830000,23660.000003902675,-23827.96509697278,294.94847142410606
11835000,23670.00000390471,-23932.041798760576,292.7446746154856
11840000,23680.00000390675,-23844.415803978758,293.1574682169044
11845000,23690.000003908786,-23841.72802993552,291.51344752227266
11850000,23700.000003910824,-24191.445447833117,286.621451469609
11855000,23710.00000391286,-23828.467008710577,292.39631284799844
11860000,23720.000003914898,-24042.58622951529,298.8631371712764
11865000,23730.000003916935,-23809.84573941806,299.04425769633974
11870000,23740.000003918973,-23973.496122369965,304.7162112634899
11875000,23750.00000392101,-23624.8950421373,290.2916810272543
11880000,23760.000003923047,-23840.09887196662,297.14595003932584
11885000,23770.000003925084,-24202.29323454044,302.32277387849155
11890000,23780.00000392712,-24053.854894564065,300.1344069330302
11895000,23790.00000392916,-23781.73685090679,291.60744997773327
11900000,23800.000003931196,-23748.50735791793,307.87288047545843
11905000,23810.000003933234,-24096.04870598967,297.73719743643255
11910000,23820.00000393527,-23739.14598912245,308.4543925706949
11915000,23830.000003937308,-23941.290218064896,286.2654249168268
11920000,23840.000003939345,-24063.4742300004,291.1463060288565
11925000,23850.000003941383,-23770.829600656507,298.5194689735866
11930000,23860.00000394342,-23979.7443585757,296.5110107395823
11935000,23870.000003945457,-23913.164060142575,302.1013469418003
11940000,23880.000003947494,-23926.67339804965,305.31323449314635
11945000,23890.00000394953,-23905.1501129096,299.0323302124174
11950000,23900.00000395157,-23933.202727826356,283.67663162374845
11955000,23910.000003953606,-23625.09414582576,302.5783427823705
11960000,23920.000003955643,-23820.55511370406,303.38865989011725
11965000,23930.00000395768,-24079.105638344932,297.7616661723849
11970000,23940.000003959718,-23723.537645531265,301.5851869340303
11975000,23950.000003961755,-23910.668436322012,301.7260642770508
11980000,23960.000003963793,-23855.81454257184,304.0329019663345
11985000,23970.00000396583,-24190.807979896505,303.0878018378756
11990000,23980.000003967867,-23730.79709445733,296.5827130970081
11995000,23990.000003969904,-24045.261077204195,297.78936743252007
12000000,24000.00000397194,-23844.617524717425,301.7101540565428
12005000,24010.00000397398,-23621.418345274098,287.7262027035631
12010000,24020.000003976016,-23834.87710006158,284.9796911570305
12015000,24030.000003978053,-23775.97025522501,293.1833285805558
12020000,24040.00000398009,-23783.82429144044,298.04533323769607
12025000,24050.000003982128,-24264.772825978856,284.85449563846606
12030000,24060.000003984165,-23704.595795740723,285.05112677499176
12035000,24070.000003986203,-23811.450182028464,294.5110872481646
12040000,24080.00000398824,-23753.785648188757,285.4364333214494
12045000,24090.000003990277,-24207.25052732283,305.163921085478
12050000,24100.000003992314,-23765.997759895254,300.9301382700223
12055000,24110.00000399435,-24016.015303253545,283.209403300649
12060000,24120.00000399639,-23985.524465470182,298.53159024750045
12065000,24130.000003998426,-23797.921128092712,297.53159704608646
12070000,24140.000004000463,-24032.266117878942,301.0765497135225
12075000,24150.0000040025,-23940.51804770461,304.9278959718695
12080000,24160.000004004538,-23852.062603090482,306.99291099014295
12085000,24170.000004006575,-23836.17160157075,301.27591940868916
12090000,24180.000004008612,-23535.294527226128,294.139321835681
12095000,24190.00000401065,-23825.566296072662,306.69718438357415
12100000,24200.000004012687,-24027.149583009537,310.8229835400414
12105000,24210.000004014724,-23817.799296126235,295.3097191549518
12110000,24220.00000401676,-23955.05761103501,297.6172004173519
12115000,24230.0000040188,-23656.35953715729,300.90522180188594
12120000,24240.000004020836,-24073.922046857915,293.2824665876348
12125000,24250.000004022873,-23944.38949871248,291.4926958095106
12130000,24260.00000402491,-24183.266613736065,295.4996476656036
12135000,24270.000004026948,-23978.343998852855,297.46471238896754
12140000,24280.000004028985,-23932.105120891836,303.2973210260218
12145000,24290.000004031022,-24077.721228552648,312.991916612589
12150000,24300.00000403306,-23723.096071259904,301.6804688765144
12155000,24310.000004035097,-23833.406873912216,308.8367558756028
12160000,24320.000004037134,-24171.186860019967,298.52485195254116
12165000,24330.00000403917,-23965.087581117026,288.91415873958
12170000,24340.00000404121,-24033.700665122713,283.20098652289045
12175000,24350.000004043246,-23887.57001285706,299.5227706296561
12180000,24360.000004045283,-23800.426856522172,289.95372193188877
12185000,24370.00000404732,-23920.44253094135,308.0048375195279
12190000,24380.000004049358,-23811.76147530989,296.1433316729814
12195000,24390.000004051395,-23978.785770699105,289.1777159509302
12200000,24400.000004053432,-23671.929965650736,303.58237571892244
12205000,24410.00000405547,-24070.538665329732,306.8785347257436
12210000,24420.000004057507,-23895.032992061533,289.11925617057136
12215000,24430.000004059544,-23892.387222823963,307.7005503883204
12220000,24440.00000406158,-23857.468689525253,304.5915482656847
12225000,24450.00000406362,-23921.460067704393,293.4172697428836
12230000,24460.000004065656,-23980.946180023224,292.49155930459585
12235000,24470.000004067693,-24014.565917642816,293.2840965007927
12240000,24480.00000406973,-23824.097966284404,303.9149041884421
12245000,24490.000004071768,-23988.03943353452,297.2540529222704
12250000,24500.000004073805,-23767.167548901445,295.3842598771722
12255000,24510.000004075842,-23722.20000135075,298.81106480094746
12260000,24520.00000407788,-23790.47391376026,308.17370946484283
12265000,24530.000004079917,-23931.0804378561,303.31115599014674
12270000,24540.000004081954,-23722.288462442128,311.2047002886356
12275000,24550.00000408399,-23801.202821387342,291.1003035086118
12280000,24560.00000408603,-24051.595060372987,296.0921873685607
12285000,24570.000004088066,-23868.715323764176,285.93075111661227
12290000,24580.000004090103,-24079.744899089113,308.8123839530835
12295000,24590.00000409214,-24296.298384058013,301.8839423020912
12300000,24600.000004094178,-23715.62254049447,300.76285284620764
12305000,24610.000004096215,-23975.30900063881,301.9007102627731
12310000,24620.000004098252,-24017.993185760526,301.06467824647376
12315000,24630.00000410029,-23912.813199750308,293.7307200082908
12320000,24640.000004102327,-23849.079833796146,289.04423707477025
12325000,24650.000004104364,-23897.1594282633,293.09050940519353
12330000,24660.0000041064,-24226.08717135983,304.4341598873604
12335000,24670.00000410844,-23932.895472104385,304.0166291503214
12340000,24680.000004110476,-23769.543240970772,300.07642455591673
12345000,24690.000004112513,-24044.20709172651,297.4223454563571
12350000,24700.00000411455,-23984.083658072166,289.6821593313971
12355000,24710.000004116588,-23917.4090698683,299.63175988967345
12360000,24720.000004118625,-24000.420067206636,295.4486802950135
12365000,24730.000004120662,-23811.826400928985,292.87997500218216
12370000,24740.0000041227,-23708.925555347043,292.71968075749385
12375000,24750.000004124737,-24215.403390774023,301.09067097151274
12380000,24760.000004126774,-23790.318625130298,293.0500317850577
12385000,24770.00000412881,-23997.170411656945,290.46638737713835
12390000,24780.00000413085,-24022.259929457694,292.430283916534
12395000,24790.000004132886,-24161.222882766422,294.00255161645845
12400000,24800.000004134923,-24339.367512238634,288.63004801800184
12405000,24810.00000413696,-24062.991247535043,297.50791197294257
12410000,24820.000004138998,-23800.6232404217,295.78315269757076
12415000,24830.000004141035,-23815.50652849648,291.54215049369765
12420000,24840.000004143072,-23982.47770570872,309.08543615989225
12425000,24850.00000414511,-24000.87932092676,308.35562819381676
12430000,24860.000004147147,-23866.482624279364,314.3668367938719
12435000,24870.000004149184,-24025.224544389275,302.54226815310557
12440000,24880.00000415122,-23966.191969564126,295.3626358902312
12445000,24890.00000415326,-23534.643624871853,300.0371576208619
12450000,24900.000004155296,-23989.600831435688,304.97666514858554
12455000,24910.000004157333,-24077.018686630196,299.5486272290516
12460000,24920.00000415937,-24187.872831584653,306.9788651022095
12465000,24930.000004161408,-23912.425426374466,303.1757218345128
12470000,24940.000004163445,-23938.206606732667,293.0274610100812
12475000,24950.000004165482,-24045.839427856292,295.1145141117644
12480000,24960.00000416752,-23992.968303996895,291.94334905316583
12485000,24970.000004169557,-24084.404749828464,303.14674757282694
12490000,24980.000004171594,-23695.408104904098,305.9590232991238
12495000,24990.00000417363,-24076.35377522657,316.69945632387623
12500000,25000.00000417567,-24119.094654994173,292.17361650522275
12505000,25010.000004177706,-23936.968362488682,299.4149593834458
12510000,25020.000004179743,-24356.934993431598,298.19938161562277
12515000,25030.00000418178,-23931.772156727908,305.8736666791338
12520000,25040.000004183818,-23852.242493224257,290.45429833410844
12525000,25050.000004185855,-23900.031651090685,295.5863031749817
12530000,25060.000004187892,-24143.594063028737,306.23515393768
12535000,25070.00000418993,-24194.794138532423,302.1101394105757
12540000,25080.000004191967,-23864.170405488825,308.12237089774175
12545000,25090.000004194004,-24047.18195708259,312.280390445601
12550000,25100.00000419604,-23909.987537898938,305.58146077422015
12555000,25110.00000419808,-24179.511167165416,296.2388251407356
12560000,25120.000004200116,-23667.134921167162,299.50038568452874
12565000,25130.000004202153,-23828.902286410594,300.2518747285147
12570000,25140.00000420419,-23934.935653864944,293.4721408424403
12575000,25150.000004206227,-23675.591724453174,298.27577469333886
12580000,25160.000004208265,-23911.005046034,303.69616880228534
12585000,25170.000004210302,-23741.46475244331,298.38773060073146
12590000,25180.00000421234,-23728.450519843187,300.75855888188755
12595000,25190.000004214377,-24096.756545357668,304.6028506067657
12600000,25200.000004216414,-23944.50400125637,292.2457552623108
12605000,25210.00000421845,-23777.00400112623,298.43613687601965
12610000,25220.00000422049,-23913.569950590216,304.2876736675652
12615000,25230.000004222526,-23559.884531678792,298.1250989122634
12620000,25240.000004224563,-23813.992028334294,306.1130320443497
12625000,25250.0000042266,-24099.455538128008,304.30180510194566
12630000,25260.000004228637,-23928.219815715027,304.00523337373113
12635000,25270.000004230675,-23982.04249838239,300.83706829200185
12640000,25280.000004232712,-24079.818438541275,300.05703779089066
12645000,25290.00000423475,-23943.839181483825,297.4952210408927
12650000,25300.000004236786,-23951.089661438134,308.37087622427237
12655000,25310.000004238824,-23726.94538646494,286.58579818778827
12660000,25320.00000424086,-24037.769995941417,298.27056676415884
12665000,25330.0000042429,-24014.55468788944,305.208459814011
12670000,25340.000004244936,-23870.26243200383,298.02576953273814
12675000,25350.000004246973,-23582.717183460758,302.7475518414551
12680000,25360.00000424901,-24163.879542215655,300.43924706535836
12685000,25370.000004251047,-23803.768562766098,285.9484406676494
12690000,25380.000004253085,-23924.592495112636,293.2187799606083
12695000,25390.000004255122,-23807.040579237626,286.10254879735567
12700000,25400.00000425716,-23920.68731604365,298.15256432904687
12705000,25410.000004259196,-23861.50802942134,297.5502682389294
12710000,25420.000004261234,-24330.8235133158,307.5304628502597
12715000,25430.00000426327,-23845.51672658515,296.429318933811
12720000,25440.00000426531,-24146.630753364952,301.06589173367007
12725000,25450.000004267346,-23929.822509400692,314.320659564742
12730000,25460.000004269383,-23773.983859510656,300.1575115425837
12735000,25470.00000427142,-24098.175720440413,300.3856576887916
12740000,25480.000004273457,-23923.515529742435,298.233511427993
12745000,25490.000004275495,-24059.144287130795,306.6203222290102
12750000,25500.000004277532,-23754.421489505694,288.16176518855656
12755000,25510.00000427957,-23957.66461341339,295.85179079870124
12760000,25520.000004281606,-23806.905078942378,303.08252407149155
12765000,25530.000004283644,-23781.337735936904,303.56382594158373
12770000,25540.00000428568,-23509.571621970346,290.4889419607712
12775000,25550.00000428772,-23864.187218304025,296.71831077690433
12780000,25560.000004289755,-24072.691199188615,316.92328026992595
12785000,25570.000004291793,-24013.395835129064,304.2131364174606
12790000,25580.00000429383,-24101.620928092627,300.158116547613
12795000,25590.000004295867,-23785.864355640297,304.7414053041632
12800000,25600.000004297905,-24096.570396128605,290.8967879523465
12805000,25610.00000429994,-23623.207019726746,293.21709666965654
12810000,25620.00000430198,-23979.604490706974,290.5691082767906
12815000,25630.000004304016,-24097.825335018366,294.14581786151257
12820000,25640.000004306054,-23662.395250893256,302.2311967048696
12825000,25650.00000430809,-24247.547129089886,309.5500874673318
12830000,25660.000004310128,-23872.296973882054,296.07487647989257
12835000,25670.000004312165,-23999.659729621548,293.84806398264124
12840000,25680.000004314203,-23674.30090956627,290.3818093229074
12845000,25690.00000431624,-23914.748264718422,293.37260243919604
12850000,25700.000004318277,-24119.801439842922,294.21165218908527
12855000,25710.000004320314,-23960.527492317997,288.59930901294354
12860000,25720.00000432235,-23855.638859980085,295.21456093527644
12865000,25730.00000432439,-23926.648201445205,289.4781820114006
12870000,25740.000004326426,-23900.76970432322,304.24386866864944
12875000,25750.000004328464,-23953.16785762168,288.97402671205145
12880000,25760.0000043305,-23980.11860735259,319.7570728011161
12885000,25770.000004332538,-23957.496498500317,292.94560357617445
12890000,25780.000004334575,-23878.21539073407,300.97870213654954
12895000,25790.000004336613,-24030.184382685897,289.20410279753685
12900000,25800.00000433865,-24047.380141823363,300.7483520170924
12905000,25810.000004340687,-23644.141776584103,297.04639963737867
12910000,25820.000004342724,-23734.35716141149,290.6788282755564
12915000,25830.00000434476,-24125.860459869204,303.55409361638175
12920000,25840.0000043468,-23957.379327483315,298.58713247094767
12925000,25850.000004348836,-24183.502911698204,294.13484831385216
12930000,25860.000004350873,-24036.47024144685,282.4312831944745
12935000,25870.00000435291,-24147.03557711348,301.85466804802587
12940000,25880.000004354948,-23971.079622938123,295.5080496927487
12945000,25890.000004356985,-23904.16311451736,295.3662802443122
12950000,25900.000004359023,-23943.312807334572,304.9031069556076
12955000,25910.00000436106,-23972.436129806374,306.2566172902506
12960000,25920.000004363097,-23745.45167720318,295.2152602838042
12965000,25930.000004365134,-23635.27458826438,309.3301253123423
12970000,25940.00000436717,-23912.785825988103,300.7523632891507
12975000,25950.00000436921,-23958.775272106854,297.9458882923531
12980000,25960.000004371246,-23713.754683277148,301.5668065916447
12985000,25970.000004373283,-23895.2375004434,301.1180155250062
12990000,25980.00000437532,-24261.9831539218,293.1581297467835
12995000,25990.000004377358,-23948.84880924897,307.34275698079335
13000000,26000.000004379395,-23799.041125450385,284.4952897497831
13005000,26010.000004381433,-23917.901437924258,289.97218132968396
13010000,26020.00000438347,-24020.502878166953,293.23505176822795
13015000,26030.000004385507,-23894.448370817263,300.13423082565055
13020000,26040.000004387544,-24056.546666930837,299.65337405286266
13025000,26050.00000438958,-23745.40445658962,321.50670287590924
13030000,26060.00000439162,-23986.399553560477,286.0519597447319
13035000,26070.000004393656,-24008.6461534134,302.6831189167965
13040000,26080.000004395693,-23682.037573231777,293.76794163308614
13045000,26090.00000439773,-24020.347163353435,291.0827217511323
13050000,26100.000004399768,-23680.31576296629,302.8025197931515
13055000,26110.000004401805,-23896.86013360627,295.7677139949643
13060000,26120.000004403842,-23971.824096406694,295.16015612054986
13065000,26130.00000440588,-23929.47472485929,291.5122771353607
13070000,26140.000004407917,-24005.916793965618,301.3276452715483
13075000,26150.000004409954,-24067.595945147114,289.19552228512447
13080000,26160.00000441199,-23932.747175642042,285.2792378903907
13085000,26170.00000441403,-23685.34675975256,297.18402146653256
13090000,26180.000004416066,-24000.283952731552,305.930989510504
13095000,26190.000004418103,-23859.74117012546,304.4360314545032
13100000,26200.00000442014,-24090.572689883382,285.59743580712933
13105000,26210.000004422178,-23767.53198618388,304.2774747579471
13110000,26220.000004424215,-23998.643420239183,299.7795526626971
13115000,26230.000004426252,-24090.147316494753,303.6235546321294
13120000,26240.00000442829,-24062.051996012757,301.3169837557578
13125000,26250.000004430327,-23815.63880102901,300.4662617251794
13130000,26260.000004432364,-24169.241573855878,294.81675871179095
13135000,26270.0000044344,-23861.380484337176,291.8228402782735
13140000,26280.00000443644,-23746.439912515925,293.7065600738484
13145000,26290.000004438476,-24095.431441567824,305.3907014402373
13150000,26300.000004440513,-23797.010314054773,303.080287694623
13155000,26310.00000444255,-23802.248918654397,300.26034638447953
13160000,26320.000004444588,-23887.327707027303,293.3336838700127
13165000,26330.000004446625,-23921.057685572276,307.82409473844115
13170000,26340.000004448662,-24208.141058693116,301.1727384492045
13175000,26350.0000044507,-24021.562491470977,293.30779158065315
13180000,26360.000004452737,-23527.46253004069,300.9822400115822
13185000,26370.000004454774,-23725.155159874223,307.3843758299386
13190000,26380.00000445681,-24071.479291193784,297.12118439135156
13195000,26390.00000445885,-24098.64976326075,302.00910103797935
13200000,26400.000004460886,-24038.874812378403,309.51509470341415
13205000,26410.000004462923,-23616.684428851906,296.68620569446364
13210000,26420.00000446496,-23893.200403879862,294.2098439286808
13215000,26430.000004466998,-23905.702500746585,299.06370854373597
13220000,26440.000004469035,-23815.5676261864,302.5331080345488
13225000,26450.000004471072,-24049.86613291496,300.9209185134547
13230000,26460.00000447311,-23837.977322973093,291.87073562140046
13235000,26470.000004475147,-23979.545645006598,299.1280534537698
13240000,26480.000004477184,-23648.760487086227,318.004345672478
13245000,26490.00000447922,-23957.475262680513,303.619861839635
13250000,26500.00000448126,-23815.32963693292,301.745414215267
13255000,26510.000004483296,-23624.973101071126,295.6062154544352
13260000,26520.000004485333,-23683.1010388953,296.7496820144518
13265000,26530.00000448737,-23873.02474596232,301.9644582773694
13270000,26540.000004489408,-24066.557731020905,293.9189941496638
13275000,26550.000004491445,-24025.789648300837,306.3962237064495
13280000,26560.000004493482,-23786.284688851214,305.56271720196713
13285000,26570.00000449552,-23857.681985736708,287.14249243045543
13290000,26580.000004497557,-23914.156709334566,309.4839054403322
13295000,26590.000004499594,-23982.153202705915,306.06691771306424
13300000,26600.00000450163,-23931.951609134398,297.3231093520891
13305000,26610.00000450367,-24069.72570854881,290.7824730905242
13310000,26620.000004505706,-24039.199458508083,310.7607110775597
13315000,26630.000004507743,-23743.6323820509,299.23470147839146
13320000,26640.00000450978,-23886.4293238378,293.30628677496065
13325000,26650.000004511818,-23719.275536696616,291.2656091084256
13330000,26660.000004513855,-23777.57168148535,304.53708031400146
13335000,26670.000004515892,-24040.603687711802,302.345884910161
13340000,26680.00000451793,-23786.295710921957,294.9588594273044
13345000,26690.000004519967,-24037.111131153273,299.3663275296604
13350000,26700.000004522004,-23981.014187992245,297.5692466684566
13355000,26710.00000452404,-24041.71516944561,300.71416999086017
13360000,26720.00000452608,-23891.394801541683,300.96828730026795
13365000,26730.000004528116,-24036.33072159029,292.6876153599683
13370000,26740.000004530153,-23846.53710899345,305.9725537379716
13375000,26750.00000453219,-24174.918999846108,296.16738058084616
13380000,26760.000004534228,-23896.652484908,308.8299242979049
13385000,26770.000004536265,-23642.731174783155,297.33573692777827
13390000,26780.000004538302,-23584.707539097188,305.5098252018741
13395000,26790.00000454034,-23900.339474198627,302.97230673006055
13400000,26800.000004542377,-24005.571945305317,295.2847679737287
13405000,26810.000004544414,-23823.47613344471,292.58549298799574
13410000,26820.00000454645,-23864.69027760782,304.9694501766052
13415000,26830.00000454849,-24086.631344949783,298.3604043711771
13420000,26840.000004550526,-23755.434801869458,307.2662647357495
13425000,26850.000004552563,-23870.247574820954,308.9405983985068
13430000,26860.0000045546,-24133.33392503418,301.2011323659058
13435000,26870.000004556638,-24001.98989754368,292.92413974613106
13440000,26880.000004558675,-24140.602920853446,298.36875698480117
13445000,26890.000004560712,-23926.309448760934,302.8948999528171
13450000,26900.00000456275,-23801.74855584264,288.6876407117094
13455000,26910.000004564787,-23899.501826578256,291.6799052149727
13460000,26920.000004566824,-23676.819245293227,291.0623308579031
13465000,26930.00000456886,-23499.646340253385,295.52175880473715
13470000,26940.0000045709,-23678.679953556115,302.24707319249643
13475000,26950.000004572936,-23816.269608196744,310.2090623697462
13480000,26960.000004574973,-23923.71508944816,295.75918938577564
13485000,26970.00000457701,-24213.08934478536,302.1052839806432
13490000,26980.000004579048,-23792.838798136232,296.6064428132253
13495000,26990.000004581085,-23821.364482965568,293.46996616031186
13500000,27000.000004583122,-24283.778584497675,298.8994851303693
13505000,27010.00000458516,-23875.729689306652,301.34458807002636
13510000,27020.000004587197,-23822.983754326735,295.67238591387564
13515000,27030.000004589234,-23901.2566376591,294.4302650102909
13520000,27040.00000459127,-23816.27786436031,297.3736300481779
13525000,27050.00000459331,-24328.213241909907,305.4800912697407
13530000,27060.000004595346,-23919.324230898288,303.84909524968344
13535000,27070.000004597383,-23831.24492654657,294.47628846607194
13540000,27080.00000459942,-23868.64213384365,295.1093487617635
13545000,27090.000004601457,-23873.724780868128,286.43805513138784
13550000,27100.000004603495,-23768.577925901656,302.6195162131889
13555000,27110.000004605532,-24112.383262592033,297.45057473664275
13560000,27120.00000460757,-23589.357999936066,300.37043712007556
13565000,27130.000004609607,-23892.767143369434,293.81959465669837
13570000,27140.000004611644,-24252.32124577918,292.391909031461
13575000,27150.00000461368,-23905.2975633335,301.37776949063647
13580000,27160.00000461572,-23895.39756968405,296.0387738608498
13585000,27170.000004617756,-23950.292204573227,298.78105466245574
13590000,27180.000004619793,-23928.977341609178,302.8879868831142
13595000,27190.00000462183,-23798.060948270853,297.71866105667823
13600000,27200.000004623867,-24270.94533943702,311.2495155560848
13605000,27210.000004625905,-23902.900850969527,302.2361344969906
13610000,27220.000004627942,-23744.59416882899,297.79295199447074
13615000,27230.00000462998,-24013.983600837455,295.94351922818316
13620000,27240.000004632016,-23917.986213277196,302.2623397536646
13625000,27250.000004634054,-23696.346874710376,291.9457066454189
13630000,27260.00000463609,-24234.782012914002,297.7009996518954
13635000,27270.00000463813,-23773.888535883292,298.6344286638901
13640000,27280.000004640166,-24084.943001353182,288.2150364691387
13645000,27290.000004642203,-24023.26711270977,292.7124425719876
13650000,27300.00000464424,-23969.603222883903,296.4705734325532
13655000,27310.000004646277,-23847.203883228474,293.6688144287371
13660000,27320.000004648315,-23860.895583182355,292.15639093174485
13665000,27330.000004650352,-23783.91627486165,297.3628919927098
13670000,27340.00000465239,-23933.516091763842,301.40321803750373
13675000,27350.000004654426,-24036.64289051894,297.8140049038928
13680000,27360.000004656464,-23710.729804918155,291.6305367754183
13685000,27370.0000046585,-23961.813125266257,305.4253664150137
13690000,27380.00000466054,-23952.423736435027,297.8798077747574
13695000,27390.000004662576,-24202.63536123361,293.6338889555412
13700000,27400.000004664613,-23963.907374314163,286.74129317363037
13705000,27410.00000466665,-23712.114667271017,301.72393983334644
13710000,27420.000004668687,-23793.960349109417,305.73383305272114
13715000,27430.000004670725,-23930.767982719262,306.7403984803865
13720000,27440.000004672762,-23817.93299616041,303.66746459684254
13725000,27450.0000046748,-24192.786096469907,289.1967686678044
13730000,27460.000004676836,-23736.24305761553,290.3425540078751
13735000,27470.000004678874,-23642.021409465407,303.0416786549545
13740000,27480.00000468091,-24189.113399950176,296.98579506672115
13745000,27490.00000468295,-23657.98319779917,295.9531840651601
13750000,27500.000004684985,-24055.326367422735,302.1449811554878
13755000,27510.000004687023,-23526.109648671947,303.36366641265914
13760000,27520.00000468906,-24178.55147878053,295.21156507466344
13765000,27530.000004691097,-23948.22118364621,298.41334391273165
13770000,27540.000004693135,-23809.412374810956,296.591736516265
13775000,27550.00000469517,-24112.816548506424,284.00842914824733
13780000,27560.00000469721,-24104.247014108158,294.0722641814355
13785000,27570.000004699246,-23896.81708652292,310.23532833411815
13790000,27580.000004701284,-24182.189464323645,298.34675947593314
13795000,27590.00000470332,-23904.513060577505,299.1731183981378
13800000,27600.000004705358,-23789.020427133248,313.7740124251529
13805000,27610.000004707395,-23735.17267272099,302.6991986408416
13810000,27620.000004709433,-23774.98119986923,306.31729252314045
13815000,27630.00000471147,-23848.50162732332,291.2516723004112
13820000,27640.000004713507,-24048.541302173166,294.72917979864076
13825000,27650.000004715544,-24068.007422874638,301.67080994187717
13830000,27660.00000471758,-23980.715946569617,298.177501310294
13835000,27670.00000471962,-24049.069249920547,300.58558690627626
13840000,27680.000004721656,-24029.750767736332,292.18573292831525
13845000,27690.000004723694,-23895.657793525155,296.4569056837815
13850000,27700.00000472573,-23900.446278127725,293.3186596748087
13855000,27710.000004727768,-23886.074696823154,307.8426336017307
13860000,27720.000004729805,-24010.66793811423,285.3254775086596
13865000,27730.000004731843,-23925.94049165037,304.2662745635487
13870000,27740.00000473388,-24090.737585172552,301.0938127191209
13875000,27750.000004735917,-23805.37751371028,298.78105218711175
13880000,27760.000004737954,-23480.469120985494,294.2413101670675
13885000,27770.00000473999,-24085.90081260407,291.0915747108022
13890000,27780.00000474203,-23934.424889540154,303.54083878682286
13895000,27790.000004744066,-23666.743154825934,292.9027593151654
13900000,27800.000004746104,-24054.18397049613,292.72221057997075
13905000,27810.00000474814,-23811.668795407677,298.03324523082784
13910000,27820.000004750178,-23795.275534989167,298.50528824543693
13915000,27830.000004752215,-23687.654256217327,312.59304613434364
13920000,27840.000004754253,-23716.223262493368,286.1560075379832
13925000,27850.00000475629,-23865.17847860008,293.98812050312824
13930000,27860.000004758327,-23914.417794632027,307.23566980416916
13935000,27870.000004760364,-23894.127333834433,305.34311264023097
13940000,27880.0000047624,-23938.755317650328,291.2621688752875
13945000,27890.00000476444,-23927.200042805678,319.521513632812
13950000,27900.000004766476,-24035.47378630846,294.1615105655377
13955000,27910.000004768513,-24354.144057870784,295.1790293455616
13960000,27920.00000477055,-23887.11710385319,296.7687721046944
13965000,27930.000004772588,-23934.069035916415,295.19051496389477
13970000,27940.000004774625,-23714.954953529814,279.5196209193661
13975000,27950.000004776663,-23738.228856048343,295.6037427752629
13980000,27960.0000047787,-23892.55927339816,303.78623323553194
13985000,27970.000004780737,-23939.51442254224,299.7256080750109
13990000,27980.000004782774,-24146.979757690002,302.99722581328274
13995000,27990.00000478481,-23678.32516846698,311.21740197138524
14000000,28000.00000478685,-23731.329694125554,288.32412450299836
14005000,28010.000004788886,-24058.296595988606,284.4648740301134
14010000,28020.000004790923,-23767.878975572632,287.55464491252246
14015000,28030.00000479296,-23565.95468403367,289.51091211551363
14020000,28040.000004794998,-23574.992042202633,309.17563739279655
14025000,28050.000004797035,-23691.652506379673,295.9235323232538
14030000,28060.000004799072,-24001.483578981613,304.0202026257068
14035000,28070.00000480111,-23801.58448730952,293.89221826775736
14040000,28080.000004803147,-23755.771239259528,301.9721025002057
14045000,28090.000004805184,-23909.258015888714,295.5591933806081
14050000,28100.00000480722,-24183.507915762093,291.5872883780506
14055000,28110.00000480926,-23894.707678508305,306.3226041869402
14060000,28120.000004811296,-24306.569467822483,286.7968009501476
14065000,28130.000004813333,-23972.007311766967,296.7793332134367
14070000,28140.00000481537,-23757.81286931559,301.82264284351766
14075000,28150.000004817408,-23937.10176059346,298.9357957962714
14080000,28160.000004819445,-23937.670777497915,288.3080285968251
14085000,28170.000004821482,-23775.0612990316,288.10867656377553
14090000,28180.00000482352,-24006.60753280166,296.41586793437904
14095000,28190.000004825557,-24036.445718376723,301.1575064364316
14100000,28200.000004827594,-24000.259436583787,293.0135881445268
14105000,28210.00000482963,-23866.704170974102,288.9425824805962
14110000,28220.00000483167,-23971.523540721653,301.0447856043224
14115000,28230.000004833706,-23916.164922764423,291.5878950519058
14120000,28240.000004835743,-23966.529710481176,289.2579319826546
14125000,28250.00000483778,-23941.942435726945,300.2914258621973
14130000,28260.000004839818,-24099.67561918187,309.39912457260857
14135000,28270.000004841855,-24142.531568527847,298.404332968283
14140000,28280.000004843892,-23717.784019149767,292.29394886034225
14145000,28290.00000484593,-23934.649013704155,298.675663202136
14150000,28300.000004847967,-23695.874302235054,294.46200093574
14155000,28310.000004850004,-23732.46853682639,300.3568472045341
14160000,28320.00000485204,-24004.709706838796,289.6960379121567
14165000,28330.00000485408,-23892.52427006606,293.70477067619146
14170000,28340.000004856116,-23836.948539689445,303.42590968846076
14175000,28350.000004858153,-24252.545835966856,284.30346749218137
14180000,28360.00000486019,-23662.536722989535,299.1967268747762
14185000,28370.000004862228,-23964.752404606043,298.7968336790324
14190000,28380.000004864265,-23728.72782594734,286.6435915658021
14195000,28390.000004866302,-23927.30336542586,301.0070710284408
14200000,28400.00000486834,-23997.716714850263,298.30040601600734
14205000,28410.000004870377,-23737.548305097633,295.8253265260348
14210000,28420.000004872414,-23942.395075216366,297.81724860468546
14215000,28430.00000487445,-23952.11197923444,286.8752868418949
14220000,28440.00000487649,-23918.486599794793,283.1544146681096
14225000,28450.000004878526,-24013.004526922654,306.2049043922319
14230000,28460.000004880563,-23805.89403170804,312.2096300189331
14235000,28470.0000048826,-23922.38864120157,296.99184694819866
14240000,28480.000004884638,-23801.067971687575,304.40046685608297
14245000,28490.000004886675,-23762.003061012525,291.18161655802936
14250000,28500.000004888712,-24062.819706494658,301.6595483460694
14255000,28510.00000489075,-23906.541303231905,293.7043932395941
14260000,28520.000004892787,-24096.784422887446,296.2952478654429
14265000,28530.000004894824,-23997.27552869705,299.54191249219036
14270000,28540.00000489686,-23922.682076340003,299.3706096509326
14275000,28550.0000048989,-23695.15149895099,299.1843829351331
14280000,28560.000004900936,-23956.861720459492,295.384791944804
14285000,28570.000004902973,-23965.585633618743,294.9980431192593
14290000,28580.00000490501,-23770.08791003817,296.0633865202316
14295000,28590.000004907048,-23851.45278090927,302.50772266183543
14300000,28600.000004909085,-23771.718129218294,307.3377888221869
14305000,28610.000004911122,-23847.890086398387,288.6704368160347
14310000,28620.00000491316,-23947.54878571925,294.3531080316602
14315000,28630.000004915197,-23892.778306397435,290.46170618894877
14320000,28640.000004917234,-23967.284325603003,290.1142384547093
14325000,28650.00000491927,-23937.830791290573,289.54855553370925
14330000,28660.00000492131,-23856.119636115225,301.8251223719338
14335000,28670.000004923346,-24020.126062009032,306.76545960536725
14340000,28680.000004925383,-23958.189990438652,295.696946036125
14345000,28690.00000492742,-23590.28666727722,310.66385125970567
14350000,28700.000004929458,-24009.557508382204,294.2931587903892
14355000,28710.000004931495,-24093.954205733855,304.3344683064962
14360000,28720.000004933532,-23765.890108899737,299.42542731999544
14365000,28730.00000493557,-23940.072971062167,284.4901968189691
14370000,28740.000004937607,-23899.80279407899,296.79003059043833
14375000,28750.000004939644,-23862.1665063915,289.551016776534
14380000,28760.00000494168,-23790.217958886657,303.9159386229725
14385000,28770.00000494372,-23926.182341451015,305.80124129695565
14390000,28780.000004945756,-24032.004649438764,306.6511448220571
14395000,28790.000004947793,-23667.945705453734,301.51358038558044
14400000,28800.00000494983,-24013.575935819885,297.71480121106094
14405000,28810.000004951868,-24030.013275000136,301.25961059959536
14410000,28820.000004953905,-24099.35308527318,300.0055791452202
14415000,28830.000004955942,-24172.519149566535,290.3580142431423
14420000,28840.00000495798,-23710.98849992176,301.0172392104079
14425000,28850.000004960017,-23977.432328917144,296.1508192003598
14430000,28860.000004962054,-23920.25498343815,295.1886418994173
14435000,28870.00000496409,-23961.68674408637,296.75421383367825
14440000,28880.00000496613,-24035.96455743436,301.362245396089
14445000,28890.000004968166,-23958.456136310837,306.23978012547843
14450000,28900.000004970203,-23952.997219948214,292.97743721625307
14455000,28910.00000497224,-23990.84661679402,304.6908313879031
14460000,28920.000004974278,-23822.808163296693,296.6378962094241
14465000,28930.000004976315,-23684.66261647857,288.71120927199115
14470000,28940.000004978352,-24098.58731211642,294.87147177362203
14475000,28950.00000498039,-23737.50977570079,297.43046876969953
14480000,28960.000004982427,-23777.32246442008,298.2277717810824
14485000,28970.000004984464,-23925.579149827085,300.99299762901995
14490000,28980.0000049865,-23981.58732780887,300.29933427842604
14495000,28990.00000498854,-24167.186277408662,293.2836609127071
14500000,29000.000004990576,-23860.871106750536,297.1247412749269
14505000,29010.000004992613,-23956.46065813086,285.155348241571
14510000,29020.00000499465,-24146.9480584244,289.0842558557758
14515000,29030.000004996687,-23737.91336816382,293.77379493750897
14520000,29040.000004998725,-23909.96305896963,301.08595842299934
14525000,29050.000005000762,-24026.01882593587,298.75396584195494
14530000,29060.0000050028,-23965.106580385414,298.44744038659735
14535000,29070.000005004837,-23815.795132854022,292.8607398521131
14540000,29080.000005006874,-23888.662708436445,293.6142111095871
14545000,29090.00000500891,-23863.901993024047,303.05688885222855
14550000,29100.00000501095,-23891.57567240318,298.6961984517467
14555000,29110.000005012986,-23784.09952816846,292.02368533669716
14560000,29120.000005015023,-23864.584487855594,297.8258670611516
14565000,29130.00000501706,-23847.484205917746,289.8626777357572
14570000,29140.000005019097,-23685.938848083635,287.6967116910287
14575000,29150.000005021135,-24052.16115794916,304.2932260368065
14580000,29160.000005023172,-23970.485194732595,300.53339821284686
14585000,29170.00000502521,-23820.719861357633,304.02677253675654
14590000,29180.000005027247,-23858.940487883985,297.6380524361032
14595000,29190.000005029284,-23737.838493720454,290.6560208222852
14600000,29200.00000503132,-23883.11410604205,300.5020422184632
14605000,29210.00000503336,-24282.005074881512,299.2919692561285
14610000,29220.000005035396,-23923.915196164395,290.28801160749214
14615000,29230.000005037433,-23941.2468790274,304.1640353679581
14620000,29240.00000503947,-23867.982711620323,301.0320473464948
14625000,29250.000005041507,-23835.441922085665,298.7946614012142
14630000,29260.000005043545,-23835.946314998873,284.1551493955021
14635000,29270.000005045582,-23745.021681546452,301.4522521739632
14640000,29280.00000504762,-23763.7531948369,308.50686392384307
14645000,29290.000005049656,-23904.947986497224,294.7293667496751
14650000,29300.000005051694,-23760.51742365143,293.2628713590223
14655000,29310.00000505373,-23923.831145204487,299.0033702927258
14660000,29320.00000505577,-23834.54166226444,300.3264740989349
14665000,29330.000005057806,-24055.088287506864,299.33543268106644
14670000,29340.000005059843,-23746.68818461326,298.1214483176454
14675000,29350.00000506188,-23904.157299255952,305.5149268859716
14680000,29360.000005063917,-23576.010870906393,295.3280228502416
14685000,29370.000005065955,-23770.557947845155,299.2447740984402
14690000,29380.000005067992,-23712.099529080515,291.8049650197536
14695000,29390.00000507003,-23990.57637094699,292.22001518402755
14700000,29400.000005072066,-23912.574814477382,303.63183565311294
14705000,29410.000005074104,-23744.65423975233,294.91534052760284
14710000,29420.00000507614,-24086.14616415098,300.9067903130037
14715000,29430.00000507818,-23673.350061253223,308.2514299716512
14720000,29440.000005080215,-23778.93397228449,299.4941273840357
14725000,29450.000005082253,-23808.365963334654,292.7362348412505
14730000,29460.00000508429,-23805.635727896864,303.6203077696765
14735000,29470.000005086327,-23782.380098018853,294.71666094189476
14740000,29480.000005088365,-23807.90669804663,293.9722983968921
14745000,29490.000005090402,-24005.23148806514,306.04107455504504
14750000,29500.00000509244,-23785.47300826457,296.4545426694761
14755000,29510.000005094476,-23717.02150789775,290.2920998738449
14760000,29520.000005096514,-24078.579155683197,292.08339908163464
14765000,29530.00000509855,-24129.804885002857,302.89036226602207
14770000,29540.000005100588,-23767.118484044622,302.9825497043009
14775000,29550.000005102625,-23761.583643573103,307.01170314814345
14780000,29560.000005104663,-23811.077279113393,311.6824132325833
14785000,29570.0000051067,-23653.869218437787,301.9098306669014
14790000,29580.000005108737,-23867.643129884018,303.88877679520516
14795000,29590.000005110775,-24026.685859129924,287.28294273472926
14800000,29600.00000511281,-24059.042160307465,305.4864890476703
14805000,29610.00000511485,-24175.861711162448,286.07312995095157
14810000,29620.000005116886,-23962.554852739297,304.0433141566295
14815000,29630.000005118924,-23701.42677483172,313.77882704190284
14820000,29640.00000512096,-24077.301571235308,288.80124976928204
14825000,29650.000005122998,-23667.867926437146,297.6950794246414
14830000,29660.000005125035,-23779.994280267536,296.90852065552286
14835000,29670.000005127073,-23867.471723150637,305.1015308211139
14840000,29680.00000512911,-23818.192594467357,304.4238485241685
14845000,29690.000005131147,-23823.907206631615,291.7034053542137
14850000,29700.000005133184,-23737.806609039384,303.5233031966544
14855000,29710.00000513522,-23831.520383987838,301.442480470109
14860000,29720.00000513726,-24016.7843632327,296.4016098340315
14865000,29730.000005139296,-24050.708932455804,299.6607411127269
14870000,29740.000005141334,-23764.5418837958,293.7160394108591
14875000,29750.00000514337,-23974.637833045606,306.1824966178278
14880000,29760.000005145408,-23749.06419818681,295.87469860741334
14885000,29770.000005147445,-23951.43773665611,301.43542941693346
14890000,29780.000005149483,-24147.338941158392,290.7453819415208
14895000,29790.00000515152,-23701.574221540606,308.85286473862084
14900000,29800.000005153557,-23992.324475327303,300.47480085532715
14905000,29810.000005155594,-23919.377267987613,293.8076909583856
14910000,29820.00000515763,-24072.02974189959,297.59079407664734
14915000,29830.00000515967,-23858.01438764292,301.4127741444706
14920000,29840.000005161706,-24038.023332804965,300.5620594114925
14925000,29850.000005163743,-23887.217014299415,294.9402870850309
14930000,29860.00000516578,-23939.736739896704,299.8834518337994
14935000,29870.000005167818,-24304.612764293037,301.6061245955485
14940000,29880.000005169855,-23727.657017757854,300.45767589974025
14945000,29890.000005171893,-23939.514056406522,311.8950532948895
14950000,29900.00000517393,-24083.217224458218,293.62344375047655
14955000,29910.000005175967,-24114.672610976297,311.05840660547324
14960000,29920.000005178004,-23778.102400810283,298.782438775554
14965000,29930.00000518004,-23802.517729611907,297.7268146173195
14970000,29940.00000518208,-23734.564566943794,302.53801886725773
14975000,29950.000005184116,-23860.96170904355,306.74965041130855
14980000,29960.000005186153,-23636.441822761422,289.7438885885361
14985000,29970.00000518819,-23799.52175803903,299.77432052665586
14990000,29980.000005190228,-23950.62710406953,304.0343990299539
14995000,29990.000005192265,-23818.643988873766,293.8722779948509
15000000,30000.000005194303,-23878.508375318765,304.6906426795012
15005000,30010.00000519634,-24111.842654854074,302.1322352245623
15010000,30020.000005198377,-23984.803456284266,297.3827512691704
15015000,30030.000005200414,-24074.411092359398,290.09839387019593
15020000,30040.00000520245,-23810.92073647004,294.94171899042834
15025000,30050.00000520449,-23882.01014034562,299.729542735158
15030000,30060.000005206526,-24045.25260363515,301.40207793696254
15035000,30070.000005208563,-23558.732673847073,290.1252978358849
15040000,30080.0000052106,-24176.7917380469,284.0700606149817
15045000,30090.000005212638,-23891.552631914034,300.7611441919328
15050000,30100.000005214675,-23931.249262431767,282.9464131495488
15055000,30110.000005216712,-23907.222622336427,300.1896784673567
15060000,30120.00000521875,-24003.203991707152,301.99248172823724
15065000,30130.000005220787,-23825.820966730796,299.3140079657873
15070000,30140.000005222824,-23751.07008261711,304.1715743030519
15075000,30150.00000522486,-23844.28487163142,286.0350828466429
15080000,30160.0000052269,-23980.032923201143,310.0373503601458
15085000,30170.000005228936,-23706.969669456957,304.65108245952166
15090000,30180.000005230973,-23807.99789501411,289.45062896027645
15095000,30190.00000523301,-23789.350733562533,294.366767543704
15100000,30200.000005235048,-24174.6809457958,298.19782884583327
15105000,30210.000005237085,-23878.65399038617,301.87966047295555
15110000,30220.000005239122,-23928.463413727397,304.75133317453935
15115000,30230.00000524116,-23739.751960562135,300.436128132288
15120000,30240.000005243197,-23756.640023861342,316.2333869305597
15125000,30250.000005245234,-23852.807987601802,301.9309292978605
15130000,30260.00000524727,-23740.355735147838,299.7597320889257
15135000,30270.00000524931,-23866.60557295948,289.1512655082434
15140000,30280.000005251346,-23916.063715622804,296.07133304029355
15145000,30290.000005253383,-23602.399431516184,295.7384961037469
15150000,30300.00000525542,-23934.707277564405,287.1516848666509
15155000,30310.000005257458,-23918.255370701518,311.0635643624521
15160000,30320.000005259495,-23966.857392122227,280.04715566757477
15165000,30330.000005261532,-23942.55110331552,291.53027286366563
15170000,30340.00000526357,-24220.774183990987,292.4203875301291
15175000,30350.000005265607,-23965.358661158185,292.4539737972199
15180000,30360.000005267644,-23885.294427187982,305.9701224518112
15185000,30370.00000526968,-23717.96125237721,309.04945860646075
15190000,30380.00000527172,-23892.58418795101,312.8329550914564
15195000,30390.000005273756,-23859.129710647016,297.421343135049
15200000,30400.000005275793,-23859.57550078341,291.30365194121333
15205000,30410.00000527783,-23666.980589841725,298.8235231573219
15210000,30420.000005279868,-23934.63715665802,300.8467827900994
15215000,30430.000005281905,-23769.449301157685,307.11405630605867
15220000,30440.000005283942,-23882.55680658022,285.63828188676996
15225000,30450.00000528598,-23883.32889371505,292.551828653013
15230000,30460.000005288017,-24291.12436205626,295.2800530825305
15235000,30470.000005290054,-23865.547237087638,291.18197021187376
15240000,30480.00000529209,-24355.285827082305,306.7176766042862
15245000,30490.00000529413,-23915.351663747424,298.54658063601516
15250000,30500.000005296166,-24093.061006565287,294.8627509989993
15255000,30510.000005298203,-23870.015975546252,300.4632282671771
15260000,30520.00000530024,-23908.534866279617,284.79537195002746
15265000,30530.000005302278,-23761.56714455079,297.38998944420916
15270000,30540.000005304315,-23854.681606185724,309.7749979332682
15275000,30550.000005306352,-24032.385241770695,301.1442521832122
15280000,30560.00000530839,-23891.67906679382,303.89992182175394
15285000,30570.000005310427,-24017.220383253953,301.8767933019041
15290000,30580.000005312464,-23797.27349337934,304.6456400100744
15295000,30590.0000053145,-24078.3560870699,303.1262616856395
15300000,30600.00000531654,-24018.01959967405,300.6825060490809
15305000,30610.000005318576,-24149.021124535968,293.26972793771995
15310000,30620.000005320613,-23728.57526211992,298.71987799007564
15315000,30630.00000532265,-24120.018212907133,300.9364170780561
15320000,30640.000005324688,-24021.425070336918,300.57765249265367
15325000,30650.000005326725,-24151.99096490127,297.82071037088355
15330000,30660.000005328762,-23837.536728440842,299.059432195279
15335000,30670.0000053308,-24157.529461482467,286.16559195587985
15340000,30680.000005332837,-23923.522362144664,299.9635286867974
15345000,30690.000005334874,-23892.550019912233,286.6396106187647
15350000,30700.00000533691,-23750.056036125578,294.4462249537168
15355000,30710.00000533895,-23784.784701112178,300.5040111014673
15360000,30720.000005340986,-23709.122771796683,310.4220005779323
15365000,30730.000005343023,-23848.900733565824,306.0348599093263
15370000,30740.00000534506,-23693.860318926716,303.7092171342943
15375000,30750.000005347098,-23877.782094369846,301.718973745891
15380000,30760.000005349135,-23821.707640978813,289.91025360235506
15385000,30770.000005351172,-23695.121978134935,302.0953016912946
15390000,30780.00000535321,-23797.127379553305,299.87925215160965
15395000,30790.000005355247,-23973.7157014462,290.51410835034443
15400000,30800.000005357284,-24079.871455961867,298.48018868010746
15405000,30810.00000535932,-23890.214899473198,302.5744979288954
15410000,30820.00000536136,-23939.02838324607,306.26210408824284
15415000,30830.000005363396,-24007.681269398847,290.26533051601035
15420000,30840.000005365433,-23996.61618213638,303.70438377181233
15425000,30850.00000536747,-24130.917453460075,293.064142385598
15430000,30860.000005369508,-23934.915008965894,304.75552660410375
15435000,30870.000005371545,-24009.70558679926,305.7836482149731
15440000,30880.000005373582,-23984.10120465947,293.26844797955306
15445000,30890.00000537562,-23904.50087763669,301.4638389593461
15450000,30900.000005377657,-23957.90407187144,300.30866797606336
15455000,30910.000005379694,-24001.22716272471,289.1460297402749
15460000,30920.00000538173,-23939.754935733406,316.36655987709645
15465000,30930.00000538377,-23695.857465456036,314.81459047688463
15470000,30940.000005385806,-23864.28344352753,305.0465660520876
15475000,30950.000005387843,-23784.22149103094,291.76676891853606
15480000,30960.00000538988,-23853.072265359806,303.3903272966914
15485000,30970.000005391918,-23954.936311892685,299.18869373690285
15490000,30980.000005393955,-24032.471588775006,295.24298923429586
15495000,30990.000005395992,-23583.355501081693,307.6688134913711
15500000,31000.00000539803,-23879.816514185004,296.2945638961447
15505000,31010.000005400067,-23762.652866490418,293.08271891048224
15510000,31020.000005402104,-23670.99123633976,296.43349929322653
15515000,31030.00000540414,-23820.820528001335,289.5303093369563
15520000,31040.00000540618,-23936.80902252237,295.5686010624021
15525000,31050.000005408216,-23932.758866680582,288.7093568060217
15530000,31060.000005410253,-23819.822983952618,299.90264556955754
15535000,31070.00000541229,-23788.985732065164,298.4065834937263
15540000,31080.000005414327,-23968.318647529843,293.8574643510507
15545000,31090.000005416365,-24061.040343253393,299.4089414289
15550000,31100.000005418402,-24111.5450881265,306.6590385813143
15555000,31110.00000542044,-23707.665651869887,281.34294416525927
15560000,31120.000005422477,-24085.50607040302,311.40425967331134
15565000,31130.000005424514,-23786.13190636615,308.0459706448011
15570000,31140.00000542655,-23995.50370781275,306.52362511356154
15575000,31150.00000542859,-23676.067457046767,292.75321876745227
15580000,31160.000005430626,-23841.69837948357,304.3183010513749
15585000,31170.000005432663,-24072.457815545,302.7138013918907
15590000,31180.0000054347,-23812.795730638594,303.0854311743444
15595000,31190.000005436737,-23804.374048200654,300.64433480409997
15600000,31200.000005438775,-23814.725549217022,305.8983925116837
15605000,31210.000005440812,-23931.071661998038,299.4908180356252
15610000,31220.00000544285,-23902.00740203676,295.28572881386754
15615000,31230.000005444886,-23873.747896647503,306.99993738664875
15620000,31240.000005446924,-23711.70312942787,286.5831291595114
15625000,31250.00000544896,-23851.346683527765,298.06884602659557
15630000,31260.000005451,-24131.890615576558,293.2408652812718
15635000,31270.000005453036,-24027.129962685343,294.85582986045347
15640000,31280.000005455073,-23993.619004593595,298.27688649763513
15645000,31290.00000545711,-24064.739230363717,290.29354153393865
15650000,31300.000005459147,-24013.39215060709,299.5615480026769
15655000,31310.000005461185,-24080.782839978157,307.4395206561631
15660000,31320.000005463222,-23815.023816885383,293.0849733105956
15665000,31330.00000546526,-23921.61211024545,294.9399424994195
15670000,31340.000005467296,-23863.13231707776,290.6704530478759
15675000,31350.000005469334,-23620.41920300087,295.4493987668337
15680000,31360.00000547137,-23995.44378945489,277.10458507495986
15685000,31370.00000547341,-24027.567069579527,303.2260852687237
15690000,31380.000005475446,-24038.358549101045,303.02071497554545
15695000,31390.000005477483,-23825.253975291605,307.40707925645023
15700000,31400.00000547952,-23836.470694338437,289.15041521448535
15705000,31410.000005481557,-23810.16615072536,296.1981216669685
15710000,31420.000005483595,-23799.369649494343,302.3729399620907
15715000,31430.000005485632,-23959.431113189974,298.9431017807156
15720000,31440.00000548767,-23705.434281984286,299.60245121704
15725000,31450.000005489706,-23745.838076289583,291.3552208376102
15730000,31460.000005491744,-23922.767138552183,295.9944463189642
15735000,31470.00000549378,-23648.40851952591,308.4070920778433
15740000,31480.00000549582,-23697.57274580418,312.61382243773744
15745000,31490.000005497855,-24025.59040878761,299.6955449756234
15750000,31500.000005499893,-24185.531857685215,302.80998766764304
15755000,31510.00000550193,-23845.26751979375,304.6303896288233
15760000,31520.000005503967,-23886.009954670895,295.7597658132124
15765000,31530.000005506005,-23560.838653352082,303.74504409779826
15770000,31540.00000550804,-24054.46173002405,293.94565034199445
15775000,31550.00000551008,-23938.07867111676,300.81861916933013
15780000,31560.000005512116,-23588.00297379181,314.7347326878986
15785000,31570.000005514154,-23947.801096871728,294.9241752757419
15790000,31580.00000551619,-23620.17329229464,290.1012538191555
15795000,31590.000005518228,-23921.228649975455,287.68782643510184
15800000,31600.000005520265,-23721.32635353507,291.74926709372374
15805000,31610.000005522303,-23832.434236619738,313.17935690354733
15810000,31620.00000552434,-23688.803157152943,291.4877967568971
15815000,31630.000005526377,-23979.65192185741,303.77092107802684
15820000,31640.000005528414,-23998.137425324996,294.8505299305679
15825000,31650.00000553045,-23902.54604827336,295.87772142675425
15830000,31660.00000553249,-23715.418314171286,303.10751347468783
15835000,31670.000005534526,-23748.95607167654,307.5377297322554
15840000,31680.000005536564,-24089.998799151203,302.3173918840065
15845000,31690.0000055386,-23959.55609029188,301.34189127143117
15850000,31700.000005540638,-23704.485616554724,296.93280429840735
15855000,31710.000005542675,-23749.797394437235,301.73676278070616
15860000,31720.000005544713,-23783.14579657487,298.0998657878089
15865000,31730.00000554675,-23837.52108582668,290.2735133689588
15870000,31740.000005548787,-24022.22188345663,299.6557811109741
15875000,31750.000005550824,-23784.547454482657,302.7704481150278
15880000,31760.00000555286,-23909.687329784705,302.1363290823883
15885000,31770.0000055549,-23806.757427893564,307.13577220011445
15890000,31780.000005556936,-23740.924958223477,295.95337465783825
15895000,31790.000005558973,-23637.554546240863,296.86952117077914
15900000,31800.00000556101,-23973.368420460785,313.5502887736589
15905000,31810.000005563048,-24101.008613810278,303.90224376477613
15910000,31820.000005565085,-23730.02986228402,295.88301284346227
15915000,31830.000005567123,-23755.044367629744,285.1826136776936
15920000,31840.00000556916,-24051.339780353985,300.0952043088277
15925000,31850.000005571197,-23915.606645094842,291.742771731799
15930000,31860.000005573234,-23819.21212793741,299.79332531026887
15935000,31870.00000557527,-23848.48551186564,300.4391959942347
15940000,31880.00000557731,-23970.10084941631,289.5223064136557
15945000,31890.000005579346,-23927.769105146494,296.4529268319974
15950000,31900.000005581383,-23902.810011651585,291.75499316555675
15955000,31910.00000558342,-23922.40982545272,295.1854649548981
15960000,31920.000005585458,-24100.173098642743,294.94383112066714
15965000,31930.000005587495,-23904.789386452234,303.6735256224519
15970000,31940.000005589533,-24102.089383586324,289.6644209000573
15975000,31950.00000559157,-23866.969090074796,290.8287841954597
15980000,31960.000005593607,-24221.34867932473,301.82093812190385
15985000,31970.000005595644,-24275.725702034353,301.07917645754225
15990000,31980.00000559768,-24163.428421470395,294.29716531688
15995000,31990.00000559972,-23806.630652873588,299.48191313709805
16000000,32000.000005601756,-23930.095632181037,307.5264728598502
16005000,32010.000005603793,-23985.831992839405,304.8743504842752
16010000,32020.00000560583,-23698.12378385318,295.72552117112883
16015000,32030.000005607868,-23512.72904842782,295.48282763408804
16020000,32040.000005609905,-23757.998903360058,300.9399762552514
16025000,32050.000005611942,-23938.215305292862,310.6506201748678
16030000,32060.00000561398,-23794.99368148981,298.11302992826
16035000,32070.000005616017,-23966.78157599397,300.2908964478068
16040000,32080.000005618054,-23760.761166835306,293.2146380664206
16045000,32090.00000562009,-24151.572642304658,301.17618661668706
16050000,32100.00000562213,-23869.473944852274,300.6193254640333
16055000,32110.000005624166,-23914.968258430847,302.8939811521496
16060000,32120.000005626203,-23967.20533290111,299.254668932886
16065000,32130.00000562824,-24157.172896206146,309.86384773943735
16070000,32140.000005630278,-23563.626505484543,308.91563688899896
16075000,32150.000005632315,-23660.746429579027,283.789502098268
16080000,32160.000005634352,-23888.95985347648,291.4920961447158
16085000,32170.00000563639,-24118.676398514435,292.3705902523625
16090000,32180.000005638427,-23846.49436979863,293.44716185586987
16095000,32190.000005640464,-24024.43969521331,293.91079045670017
16100000,32200.0000056425,-23948.920027962056,304.81395467652857
16105000,32210.00000564454,-23823.511395912734,306.6006541021081
16110000,32220.000005646576,-24041.247835398695,298.8418986849022
16115000,32230.000005648613,-23806.52444637011,305.5832236475881
16120000,32240.00000565065,-23730.363769608855,288.9473616490211
16125000,32250.000005652688,-24073.158197375466,297.5038908890303
16130000,32260.000005654725,-23809.101359327484,306.6177782468009
16135000,32270.000005656762,-23977.659177308917,303.7140160767754
16140000,32280.0000056588,-24050.16215884684,291.4454877138898
16145000,32290.000005660837,-24020.73197574228,291.7884465746492
16150000,32300.000005662874,-23599.80322141238,305.48863633048944
16155000,32310.00000566491,-23820.633331563542,307.33643908970697
16160000,32320.00000566695,-23822.385663440364,295.57358645410284
16165000,32330.000005668986,-23586.779454746124,317.7080945999148
16170000,32340.000005671023,-23814.828702447878,295.24368182148385
16175000,32350.00000567306,-23882.002880740765,295.787697526195
16180000,32360.000005675098,-23871.302218099096,288.4081295855194
16185000,32370.000005677135,-24140.91759430703,294.745861021911
16190000,32380.000005679172,-23929.144541810252,304.27055978116533
16195000,32390.00000568121,-23948.43682246373,293.7478530336748
16200000,32400.000005683247,-23663.749935527987,300.734225926169
16205000,32410.000005685284,-23913.435616162446,304.9606597856997
16210000,32420.00000568732,-23968.11802651419,294.8811889754002
16215000,32430.00000568936,-23573.749728163602,292.7654173580602
16220000,32440.000005691396,-24246.008841054994,305.0873653347071
16225000,32450.000005693433,-23761.82443484504,297.8744986354326
16230000,32460.00000569547,-24111.51098331451,291.159137128397
16235000,32470.000005697508,-24103.05387195952,300.4709306844829
16240000,32480.000005699545,-23656.202696203807,295.8461348336092
16245000,32490.000005701582,-23865.801157515656,293.8862108735288
16250000,32500.00000570362,-23956.779807040468,295.73245064816655
16255000,32510.000005705657,-23867.120560807118,291.96157960051045
16260000,32520.000005707694,-23758.636970144216,292.04770738621403
16265000,32530.00000570973,-24082.529305159464,296.8002086561341
16270000,32540.00000571177,-24046.16194309345,300.56099357448653
16275000,32550.000005713806,-23839.96082862912,303.9655461610474
16280000,32560.000005715843,-23780.593454908376,300.0277046064034
16285000,32570.00000571788,-23827.781299640745,306.6526292664773
16290000,32580.000005719918,-23759.084669564065,296.45585682726664
16295000,32590.000005721955,-23897.43760777531,300.0094679765549
16300000,32600.000005723992,-23875.283350340935,299.99464512765945
16305000,32610.00000572603,-24045.66028468928,289.2373844305427
16310000,32620.000005728067,-23990.30365982039,290.4021448419166
16315000,32630.000005730104,-23937.196366303164,302.4856649403126
16320000,32640.00000573214,-24013.72202175128,301.160470483109
16325000,32650.00000573418,-23964.870776198994,296.0480618648109
16330000,32660.000005736216,-23971.844798642196,289.623627114616
16335000,32670.000005738253,-23996.68542666924,294.3325991333318
16340000,32680.00000574029,-23848.72741594375,304.910485442613
16345000,32690.000005742328,-23867.81602839158,292.57826821723
16350000,32700.000005744365,-23945.96492616387,298.28863067685995
16355000,32710.000005746402,-24022.33946372004,292.9132896445293
16360000,32720.00000574844,-23750.213521847778,302.3158256057387
16365000,32730.000005750477,-24016.910815162802,297.3088780422525
16370000,32740.000005752514,-24080.145714915838,295.280311842953
16375000,32750.00000575455,-23849.17427514454,300.111936640129
16380000,32760.00000575659,-23794.714286019895,294.7839891549477
16385000,32770.00000575862,-24030.476375253973,283.60286557739346
16390000,32780.00000576066,-24188.944043394178,292.18268166482574
16395000,32790.0000057627,-23890.16260849024,301.54273065897434
16400000,32800.000005764734,-23792.646397102057,303.99496991863464
16405000,32810.00000576677,-23905.931548156164,303.67419506108314
16410000,32820.00000576881,-23791.158600535447,307.392206508688
16415000,32830.000005770846,-23845.322187021084,307.03126942553047
16420000,32840.00000577288,-24035.355071351805,297.23296897033674
16425000,32850.00000577492,-23717.77694758284,289.32555775033603
16430000,32860.00000577696,-24039.141181978674,300.1451972481447
16435000,32870.000005778995,-23865.14721991733,288.6915491927178
16440000,32880.00000578103,-23852.49929593914,299.33365866133556
16445000,32890.00000578307,-24144.217806723813,300.02852024756015
16450000,32900.00000578511,-23737.31336071412,290.99249537652247
16455000,32910.000005787144,-23895.877983432365,295.8574528506
16460000,32920.00000578918,-23925.85503339868,293.5065840630372
16465000,32930.00000579122,-23637.738586696258,308.9527499840067
16470000,32940.000005793256,-23983.358960653364,305.940393443605
16475000,32950.00000579529,-24028.090950242928,298.7547107688185
16480000,32960.00000579733,-23873.169409846596,296.08372830613035
16485000,32970.00000579937,-23990.13264382785,300.89650734666986
16490000,32980.000005801405,-23867.84191490519,295.0125661821515
16495000,32990.00000580344,-23812.100851848372,294.5139270678085
16500000,33000.00000580548,-23931.942960006592,292.42497774974817
16505000,33010.00000580752,-23524.75523358988,321.99837903352847
16510000,33020.000005809554,-23902.69461630381,307.7304299389839
16515000,33030.00000581159,-24000.8773305613,290.7214121080016
16520000,33040.00000581363,-23653.83693215491,292.56117814029915
16525000,33050.000005815666,-24003.653323847437,302.02615533540086
16530000,33060.0000058177,-23794.66586507979,300.3223715111534
16535000,33070.00000581974,-24105.67787437394,287.5891029659857
16540000,33080.00000582178,-24168.69328630461,285.9985220416857
16545000,33090.000005823815,-23821.44053386469,295.9209991823576
16550000,33100.00000582585,-23692.513195949374,291.1738525788935
16555000,33110.00000582789,-23640.393599945193,295.1578153197669
16560000,33120.00000582993,-24131.673743342166,295.7349574569591
16565000,33130.000005831964,-23855.463297832917,298.23010947757723
16570000,33140.000005834,-23907.66653976393,288.8909762732019
16575000,33150.00000583604,-24239.191069330453,288.3462571714652
16580000,33160.000005838076,-23672.91669573255,307.93365613878836
16585000,33170.00000584011,-24250.708776674714,299.97289619455097
16590000,33180.00000584215,-24002.69902373466,294.9847398569009
16595000,33190.00000584419,-23958.867520984466,310.3157834347502
16600000,33200.000005846225,-23799.188823300734,300.87035992653614
16605000,33210.00000584826,-23903.206591733557,304.64546287611046
16610000,33220.0000058503,-23736.7535049265,297.62864113884086
16615000,33230.00000585234,-23753.34554391906,309.5682035908954
16620000,33240.000005854374,-23783.4122382747,291.9835451555995
16625000,33250.00000585641,-24003.175062571376,320.8937592486137
16630000,33260.00000585845,-24096.982178333506,295.1704392500129
16635000,33270.000005860486,-23824.653534892437,293.89608312326004
16640000,33280.00000586252,-23832.054253033668,300.3655638940328
16645000,33290.00000586456,-23909.961399555134,286.26976993427627
16650000,33300.0000058666,-23705.462229580167,306.59454785672676
16655000,33310.000005868635,-23857.8152837339,299.45378971105055
16660000,33320.00000587067,-23903.078656991245,292.24421178928833
16665000,33330.00000587271,-24146.17089946731,297.0792626409302
16670000,33340.00000587475,-23969.615714200874,299.33438864825047
16675000,33350.000005876784,-23989.524703751056,301.5432495787159
16680000,33360.00000587882,-23823.379480908654,295.9328229370929
16685000,33370.00000588086,-23843.62102561623,304.3207878288299
16690000,33380.000005882895,-23699.01076159523,312.24422060748213
16695000,33390.00000588493,-23998.828767861123,303.74990496925864
16700000,33400.00000588697,-23858.466422271915,299.66026940084873
16705000,33410.00000588901,-23836.20820329507,291.57752952587765
16710000,33420.000005891045,-23830.910747414455,300.49963465339266
16715000,33430.00000589308,-24031.60601591575,304.87551670078216
16720000,33440.00000589512,-23782.896335739075,310.78666906754484
16725000,33450.00000589716,-23847.83727470762,312.48693340795137
16730000,33460.000005899194,-24239.115116150788,305.84050582213223
16735000,33470.00000590123,-23867.080753626316,303.450697518913
16740000,33480.00000590327,-23948.222268302547,297.17075999706003
16745000,33490.000005905305,-23895.69561912665,302.1530460534915
16750000,33500.00000590734,-23993.473429564532,294.44543036364485
16755000,33510.00000590938,-23935.41291521692,300.2372062559027
16760000,33520.00000591142,-23727.723011977898,291.78316548797545
16765000,33530.000005913455,-23689.028073488138,297.4898463163908
16770000,33540.00000591549,-24033.86130223608,297.9208295020628
16775000,33550.00000591753,-23771.703583766226,303.79530815153794
16780000,33560.000005919566,-23939.23932553678,290.71604092316875
16785000,33570.0000059216,-23919.126224597276,302.99609297925537
16790000,33580.00000592364,-23470.093555595027,308.98343695784905
16795000,33590.00000592568,-23758.160378026325,304.820555923664
16800000,33600.000005927715,-23562.816337619923,291.0208948568441
16805000,33610.00000592975,-24039.66085819299,295.06572626717303
16810000,33620.00000593179,-23879.385960394866,300.1717647885217
16815000,33630.00000593383,-24079.032508403718,306.8556002478182
16820000,33640.000005935864,-24023.458436162953,301.34256979627884
16825000,33650.0000059379,-23965.110687819382,301.69542334005723
16830000,33660.00000593994,-24021.779289589,303.36666500194264
16835000,33670.000005941976,-23802.456413174645,307.9552658091286
16840000,33680.00000594401,-23873.919228822764,302.83381722119424
16845000,33690.00000594605,-23768.776147932018,300.72148974884215
16850000,33700.00000594809,-23913.710622693863,291.92001856749545
16855000,33710.000005950125,-23738.70488783343,292.73794344005796
16860000,33720.00000595216,-23819.074091132294,297.16496186896126
16865000,33730.0000059542,-23832.732249070614,306.46601617405713
16870000,33740.00000595624,-23668.683821381535,301.18724726209217
16875000,33750.000005958274,-24015.89543028851,292.67079513176947
16880000,33760.00000596031,-23838.419885593175,309.5578465439483
16885000,33770.00000596235,-23871.899951002648,301.4392263108824
16890000,33780.000005964386,-23944.10147480326,294.9553815383469
16895000,33790.00000596642,-23899.11270138694,291.04366973355394
16900000,33800.00000596846,-23934.339669229375,298.6609946205837
16905000,33810.0000059705,-23837.25594634714,305.6957746613818
16910000,33820.000005972535,-23926.142438617797,293.6463010423153
16915000,33830.00000597457,-23935.860526665143,296.16774419284457
16920000,33840.00000597661,-23998.03584574016,289.2460561592391
16925000,33850.00000597865,-23811.566781739297,304.75226827327174
16930000,33860.000005980684,-23919.418882269194,296.36493199088954
16935000,33870.00000598272,-23822.9087984519,302.0587217417904
16940000,33880.00000598476,-23709.57741571669,293.05439689425566
16945000,33890.000005986796,-23912.83887100288,295.8848075196264
16950000,33900.00000598883,-23856.677650164012,301.1207090820724
16955000,33910.00000599087,-23658.012531203538,301.6200767841691
16960000,33920.00000599291,-23757.75285729351,304.2858174808838
16965000,33930.000005994945,-23904.212140284348,305.08259180331993
16970000,33940.00000599698,-24053.180270312092,307.4084158295983
16975000,33950.00000599902,-24099.353175869517,295.19328429015275
16980000,33960.00000600106,-23869.039872416688,297.2604958623116
16985000,33970.000006003094,-23871.066293210868,306.2348520224174
16990000,33980.00000600513,-23888.19922905766,301.1708317518783
16995000,33990.00000600717,-23889.848373194982,297.37217849417743
17000000,34000.000006009206,-24036.196538031538,302.0442696944407
17005000,34010.00000601124,-24036.592924989192,309.66771997644804
17010000,34020.00000601328,-23994.909937706267,297.99285809410964
17015000,34030.00000601532,-23925.104204428295,291.82580479066996
17020000,34040.000006017355,-23939.482587427163,298.37948746692905
17025000,34050.00000601939,-23871.610268210003,299.45850344685454
17030000,34060.00000602143,-23792.51620290884,301.8863675390549
17035000,34070.00000602347,-23974.09331811873,295.3026437958744
17040000,34080.000006025504,-23975.306504253647,301.13906661331305
17045000,34090.00000602754,-23877.113430656158,297.1453261957988
17050000,34100.00000602958,-23759.393728306648,300.5911891813447
17055000,34110.000006031616,-24347.39335427557,292.4323069209068
17060000,34120.00000603365,-23534.686634086407,299.6931432699631
17065000,34130.00000603569,-23948.725018767378,308.427293090182
17070000,34140.00000603773,-23918.436264395976,299.6227972428466
17075000,34150.000006039765,-23873.04938396442,296.7735080502975
17080000,34160.0000060418,-24145.794897589367,305.3200223076385
17085000,34170.00000604384,-24148.098781172273,304.189572080464
17090000,34180.00000604588,-23858.26646898569,312.01305068208194
17095000,34190.000006047914,-24021.37167981456,290.3350685691064
17100000,34200.00000604995,-24048.876780759078,305.41516497178674
17105000,34210.00000605199,-24040.5850058871,298.0403353619136
17110000,34220.000006054026,-23997.30896204662,300.91562001291004
17115000,34230.00000605606,-23916.035472810356,306.53605005729105
17120000,34240.0000060581,-23912.163862136527,295.9708883493277
17125000,34250.00000606014,-23923.916457117564,287.44637149257557
17130000,34260.000006062175,-23846.470586207826,298.3099458012059
17135000,34270.00000606421,-24056.246864196408,289.7503450411444
17140000,34280.00000606625,-24091.570339365077,293.9864136239513
17145000,34290.00000606829,-23627.35445637931,291.49440872657567
17150000,34300.000006070324,-23703.693652673697,292.2721260959178
17155000,34310.00000607236,-23837.429848183398,300.2420247963932
17160000,34320.0000060744,-23965.71324063887,289.73282114787816
17165000,34330.000006076436,-23758.921168221903,287.8828654012895
17170000,34340.00000607847,-23740.243668566618,302.9548650202396
17175000,34350.00000608051,-23920.642076333956,309.3605691723165
17180000,34360.00000608255,-23936.99414567495,296.7060699593278
17185000,34370.000006084585,-24109.82009665259,312.90027897781096
17190000,34380.00000608662,-23653.42945647506,310.4830691463654
17195000,34390.00000608866,-23960.178779725844,296.8828536468216
17200000,34400.0000060907,-23706.953041288856,309.8125972317598
17205000,34410.000006092734,-24146.215958012952,287.6709978612842
17210000,34420.00000609477,-23908.308944397853,290.7120384904466
17215000,34430.00000609681,-24020.631505381636,288.63284217382363
17220000,34440.000006098846,-23903.74524320924,303.0038823941882
17225000,34450.00000610088,-23994.64813890864,296.6814675558915
17230000,34460.00000610292,-23488.890370231093,292.62995785271164
17235000,34470.00000610496,-23817.390773689272,303.9505552719039
17240000,34480.000006106995,-24202.37526289148,303.3630670637542
17245000,34490.00000610903,-23989.204123819567,284.600926069276
17250000,34500.00000611107,-23602.962997521856,302.5520502524424
17255000,34510.00000611311,-23978.924032633877,311.3324427833406
17260000,34520.000006115144,-24182.31391228533,290.1998351570438
17265000,34530.00000611718,-24054.940433757278,296.5128164004381
17270000,34540.00000611922,-23752.142057747085,303.7042017495827
17275000,34550.000006121256,-23717.09896050472,302.99413518450956
17280000,34560.00000612329,-23913.99119945873,305.06901254134306
17285000,34570.00000612533,-23777.506929969968,312.42679098103696
17290000,34580.00000612737,-23974.24854265817,311.6171177487781
17295000,34590.000006129405,-24070.00976881321,306.9305411677842
17300000,34600.00000613144,-23950.740702991447,294.35983966279815
17305000,34610.00000613348,-23792.413136887655,288.5268702122239
17310000,34620.00000613552,-23990.927582588833,283.0733702626655
17315000,34630.000006137554,-23757.043403153366,293.3477276678628
17320000,34640.00000613959,-23999.706013868563,307.23213420383104
17325000,34650.00000614163,-23914.267940647478,295.1163052735099
17330000,34660.000006143666,-23979.749390374796,300.4326247445539
17335000,34670.0000061457,-23981.509902254023,300.90621593863335
17340000,34680.00000614774,-23958.875278635067,309.8877636139823
17345000,34690.00000614978,-24131.087689008928,303.4427473544243
17350000,34700.000006151815,-23914.108439228105,295.51681078266523
17355000,34710.00000615385,-24158.81477646863,304.14957466109445
17360000,34720.00000615589,-23656.502108004497,291.1054493286685
17365000,34730.00000615793,-23942.782516493127,300.1161722826979
17370000,34740.000006159964,-23869.46537511723,301.7844932835932
17375000,34750.000006162,-24043.076002681366,303.504189166833
17380000,34760.00000616404,-23845.842316554073,299.99432752776937
17385000,34770.000006166076,-23968.163578769352,290.83840950362037
17390000,34780.00000616811,-23983.058187265255,296.7396070113447
17395000,34790.00000617015,-23916.50226702771,299.86582113982877
17400000,34800.00000617219,-23835.313247643513,293.8348031512516
17405000,34810.000006174225,-23901.94288646667,288.67296861643774
17410000,34820.00000617626,-24061.455006209,289.1436979767538
17415000,34830.0000061783,-24110.814998699658,289.80760257979694
17420000,34840.00000618034,-23960.006302159178,312.82439479662037
17425000,34850.000006182374,-23566.837318368183,291.77913248155687
17430000,34860.00000618441,-24034.328025405484,296.8455870807889
17435000,34870.00000618645,-23599.351409026887,300.2651601938341
17440000,34880.000006188486,-23685.046860951785,304.44381728081163
17445000,34890.00000619052,-23665.949178012306,293.92982376341996
17450000,34900.00000619256,-23848.814491098194,296.00593389721945
17455000,34910.0000061946,-23970.87232220912,312.23382880280207
17460000,34920.000006196635,-23967.81425592587,310.35613521534003
17465000,34930.00000619867,-23454.134404149052,303.7927027133172
17470000,34940.00000620071,-23607.77281956216,299.9096132090786
17475000,34950.00000620275,-23699.748309251358,309.8319029413003
17480000,34960.000006204784,-24059.12168278628,308.78408200912673
17485000,34970.00000620682,-23852.5274009719,290.63662198093186
17490000,34980.00000620886,-24287.142780492024,303.64317614994224
17495000,34990.000006210896,-23958.74555976632,304.44969361248593
17500000,35000.00000621293,-23955.980708693154,301.2958907128142
17505000,35010.00000621497,-24075.905291245654,298.6538061299372
17510000,35020.00000621701,-23620.541107354642,292.4707561809833
17515000,35030.000006219045,-23889.68762614073,291.3366220088912
17520000,35040.00000622108,-23949.073209813127,302.35175705249026
17525000,35050.00000622312,-23565.909395229814,304.1472734320183
17530000,35060.00000622516,-23859.934383614236,296.571652574781
17535000,35070.000006227194,-23894.613116109744,296.024041123747
17540000,35080.00000622923,-23889.296612133534,287.99078066131244
17545000,35090.00000623127,-23740.362818868365,296.24188864541924
17550000,35100.000006233306,-23556.125999599113,291.4578837539133
17555000,35110.00000623534,-24019.802267924155,285.6469888457697
17560000,35120.00000623738,-24057.37260543785,302.4392858569854
17565000,35130.00000623942,-23805.66232864812,296.44984976361025
17570000,35140.000006241455,-23908.52519647467,288.6710488479088
17575000,35150.00000624349,-23995.91009857104,307.40058404748976
17580000,35160.00000624553,-23868.66824413676,307.0146732916506
17585000,35170.00000624757,-23890.964116489806,308.33679348466006
17590000,35180.000006249604,-24029.10889242757,303.08853134469786
17595000,35190.00000625164,-23955.479968548767,307.3191954776346
17600000,35200.00000625368,-23952.44851709128,301.7113600442397
17605000,35210.000006255716,-23954.23401756803,302.64193254240837
17610000,35220.00000625775,-23910.83910305411,292.05126987392873
17615000,35230.00000625979,-23927.24002046237,295.9058106067417
17620000,35240.00000626183,-23982.619945148894,305.9179498034387
17625000,35250.000006263865,-24001.611576215088,307.4234777396343
17630000,35260.0000062659,-23868.459072710524,307.06438351571165
17635000,35270.00000626794,-24089.975795694758,303.11736940451226
17640000,35280.00000626998,-23868.798367277137,298.6082768923537
17645000,35290.000006272014,-23692.676161917334,297.72435169335847
17650000,35300.00000627405,-23972.546015626896,301.67447533720656
17655000,35310.00000627609,-23962.162261456702,297.9664663341117
17660000,35320.000006278126,-24187.033212696944,296.99260561571
17665000,35330.00000628016,-23942.64411782089,301.1290835263043
17670000,35340.0000062822,-23752.607367819786,296.12250276629067
17675000,35350.00000628424,-23922.853249770982,310.1808745378162
17680000,35360.000006286275,-23758.919905277784,293.5835456710965
17685000,35370.00000628831,-23895.965738775034,310.7840990430911
17690000,35380.00000629035,-24184.438249530227,311.02337425329165
17695000,35390.00000629239,-23929.72871790368,297.03587391328006
17700000,35400.000006294424,-23827.88748636961,298.67288567561417
17705000,35410.00000629646,-23908.907846839225,301.93695992633394
17710000,35420.0000062985,-24028.80001644128,296.10150901760807
17715000,35430.000006300535,-23729.14114231107,294.0082360074336
17720000,35440.00000630257,-24090.471983902215,298.7816710972928
17725000,35450.00000630461,-23852.014313447944,285.85779807912274
17730000,35460.00000630665,-23765.482172978693,291.1957395057915
17735000,35470.000006308685,-23950.27214670567,292.7256826634924
17740000,35480.00000631072,-23969.466777153153,294.0766517353774
17745000,35490.00000631276,-24001.829466855343,306.7519223927312
17750000,35500.000006314796,-23819.424176881323,294.80820648193514
17755000,35510.00000631683,-24017.422045346015,314.2205871134101
17760000,35520.00000631887,-24026.037604917685,303.0417141479706
17765000,35530.00000632091,-23706.580360542037,296.6246537952313
17770000,35540.000006322945,-24115.76066803462,287.24079813075673
17775000,35550.00000632498,-23946.45612342842,305.03826486103327
17780000,35560.00000632702,-24055.033044173964,290.8479215819212
17785000,35570.00000632906,-23791.253261594917,299.91774355698846
17790000,35580.000006331094,-23838.99677499845,295.6675558992031
17795000,35590.00000633313,-23528.972776582086,289.52605226970155
17800000,35600.00000633517,-24155.90097615501,305.6597082444494
17805000,35610.000006337206,-23876.426681496116,300.32397634511096
17810000,35620.00000633924,-23883.61238782048,284.4838100741853
17815000,35630.00000634128,-23932.182712024864,290.6352873089914
17820000,35640.00000634332,-23950.547175498097,293.703725232523
17825000,35650.000006345355,-23966.086203283427,288.11516146290734
17830000,35660.00000634739,-24014.51244564839,298.81520674011125
17835000,35670.00000634943,-23772.831102520766,293.73707379021477
17840000,35680.00000635147,-23822.227079967823,304.7828808845849
17845000,35690.000006353504,-23964.496736181172,298.1514367894394
17850000,35700.00000635554,-23854.696024106,286.6843631081294
17855000,35710.00000635758,-23851.87772013698,298.0690228437947
17860000,35720.000006359616,-23895.48124818674,311.6218384004013
17865000,35730.00000636165,-24159.279626567586,291.87687734017413
17870000,35740.00000636369,-23801.717207917507,310.80600675425563
17875000,35750.00000636573,-23555.07514243097,291.34378293286085
17880000,35760.000006367765,-24367.675458853293,290.1833247518556
17885000,35770.0000063698,-23878.98065026164,296.7647248490187
17890000,35780.00000637184,-23962.689410268285,297.57438880232746
17895000,35790.00000637388,-24018.571668519013,303.82457315895766
17900000,35800.000006375914,-24058.569516902237,298.9520363031539
17905000,35810.00000637795,-23898.442672453355,303.49437581542696
17910000,35820.00000637999,-24213.110826998512,304.25424181571964
17915000,35830.000006382026,-23821.874764726395,297.55769779138546
17920000,35840.00000638406,-23976.873606773617,291.7772444118553
17925000,35850.0000063861,-23860.0010134693,310.17473660287
17930000,35860.00000638814,-24024.926806566655,280.9247403536724
17935000,35870.000006390175,-23710.49590778057,296.44776713852457
17940000,35880.00000639221,-24204.2013741251,308.54611358956396
17945000,35890.00000639425,-23747.883064990412,304.96028389481205
17950000,35900.00000639629,-24176.736810015354,317.0549387612037
17955000,35910.000006398324,-23623.170268768692,296.16565782385203
17960000,35920.00000640036,-23800.549800708934,291.3459347603338
17965000,35930.0000064024,-23948.04381870551,296.8947113105302
17970000,35940.000006404436,-23751.290338356863,307.4751584579418
17975000,35950.00000640647,-23875.46148962254,303.6435649527102
17980000,35960.00000640851,-23924.171526223276,297.4243556296927
17985000,35970.00000641055,-23810.163829527926,290.3275152301847
17990000,35980.000006412585,-23696.102977611445,301.4181824493918
17995000,35990.00000641462,-23923.027118633792,311.4045208739199
18000000,36000.00000641666,-24118.70431305465,286.4115917163377
18005000,36010.0000064187,-24084.682422522703,285.92307753303425
18010000,36020.000006420734,-23715.68986162747,297.39216397186397
18015000,36030.00000642277,-23730.300666431518,305.6187406705462
18020000,36040.00000642481,-23872.114810563668,300.9581795139704
18025000,36050.000006426846,-23560.456176707317,292.99349186427014
18030000,36060.00000642888,-23761.103766877743,300.2236383333609
18035000,36070.00000643092,-24032.72267343344,301.92060633472005
18040000,36080.00000643296,-24063.028521946704,294.7702235036066
18045000,36090.000006434995,-24067.967927262274,296.7410114386867
18050000,36100.00000643703,-24008.07370078696,290.4095638921001
18055000,36110.00000643907,-24137.872479000347,298.1716382913303
18060000,36120.00000644111,-23811.24516072299,296.19287606324446
18065000,36130.000006443144,-23916.27961889263,297.9508761012039
18070000,36140.00000644518,-23542.428291371194,303.3149394281778
18075000,36150.00000644722,-24094.415690078007,301.92105365185455
18080000,36160.000006449256,-24005.726595522996,306.48525996727375
18085000,36170.00000645129,-23767.21409073916,285.23126172598114
18090000,36180.00000645333,-23968.81330109261,303.80685683518664
18095000,36190.00000645537,-24016.256676780045,298.36672454559505
18100000,36200.000006457405,-23674.83209509516,304.511895599345
18105000,36210.00000645944,-23994.608887394133,304.40527835193285
18110000,36220.00000646148,-23990.709869017417,302.8988081140446
18115000,36230.00000646352,-23877.25358966217,302.99050241534434
18120000,36240.000006465554,-23724.329434496205,304.42891124732137
18125000,36250.00000646759,-23770.40011768647,310.3317781424887
18130000,36260.00000646963,-23665.142075470867,282.80100250610786
18135000,36270.000006471666,-23828.399933853478,296.60509717749613
18140000,36280.0000064737,-23740.49102101635,297.8841988196046
18145000,36290.00000647574,-24082.112856671258,302.4135896360896
18150000,36300.00000647778,-24001.27556009902,292.73575228938176
18155000,36310.000006479815,-24244.49068506845,295.86857704300655
18160000,36320.00000648185,-23987.572063905696,301.3370943667717
18165000,36330.00000648389,-24048.77007147239,297.07740174734295
18170000,36340.00000648593,-23716.23600238045,302.4877076524958
18175000,36350.000006487964,-24107.619316244323,284.61598898548806
18180000,36360.00000649,-23988.100373495152,291.70182921910896
18185000,36370.00000649204,-23953.910440057196,301.91336329210435
18190000,36380.000006494076,-23713.698739016938,295.79478869638854
18195000,36390.00000649611,-23722.117329966175,295.64618432798835
18200000,36400.00000649815,-23823.59510252514,298.03335346687965
18205000,36410.00000650019,-24264.52504667513,302.03457245580097
18210000,36420.000006502225,-23745.61427519674,299.97592422091805
18215000,36430.00000650426,-23723.305661396953,302.65770777320023
18220000,36440.0000065063,-23727.200078985145,302.27609033432077
18225000,36450.00000650834,-24143.19678016477,305.2214941059627
18230000,36460.000006510374,-24096.458904371204,294.0262415818124
18235000,36470.00000651241,-23638.991999637976,294.9202182869577
18240000,36480.00000651445,-23956.365832342533,294.9348955386876
18245000,36490.000006516486,-24074.910894284156,281.4848084364965
18250000,36500.00000651852,-24155.85177281841,294.07318038654927
18255000,36510.00000652056,-23897.93508665818,297.4296195102026
18260000,36520.0000065226,-23733.915116940203,302.6253562755115
18265000,36530.000006524635,-23739.512952677178,309.2709140098899
18270000,36540.00000652667,-23748.908110718403,299.1493533228725
18275000,36550.00000652871,-23625.99088053363,303.8201274445329
18280000,36560.00000653075,-24024.929728938354,296.1700201492206
18285000,36570.000006532784,-23899.560207376344,299.2978987233045
18290000,36580.00000653482,-23769.423106209113,305.90795066523276
18295000,36590.00000653686,-23964.623951504997,300.72180250440283
18300000,36600.000006538896,-23942.946164449415,295.7672491940366
18305000,36610.00000654093,-23943.64986089262,294.02736860954866
18310000,36620.00000654297,-23836.408418785897,300.36425771706706
18315000,36630.00000654501,-23935.84646197612,284.9248201602539
18320000,36640.000006547045,-23671.136898675075,296.4119714876441
18325000,36650.00000654908,-23970.9023877188,295.1335441556575
18330000,36660.00000655112,-23805.39147873575,305.3516976638187
18335000,36670.00000655316,-23889.096786421404,299.99522673405795
18340000,36680.000006555194,-23751.65212638407,295.5026887140542
18345000,36690.00000655723,-23860.35328545673,297.8623183248104
18350000,36700.00000655927,-23928.479613953343,293.8336653843116
18355000,36710.000006561306,-23919.82931307539,307.1146669604273
18360000,36720.00000656334,-23905.94593908776,295.49599296711096
18365000,36730.00000656538,-24035.64447544742,301.7334080546438
18370000,36740.00000656742,-23890.73548506791,303.78473278414276
18375000,36750.000006569455,-24023.641085805924,295.2812718519091
18380000,36760.00000657149,-23964.268647705874,295.45577482252
18385000,36770.00000657353,-23790.784296625206,299.470074492746
18390000,36780.00000657557,-24047.84904080724,281.07769036224533
18395000,36790.000006577604,-23862.93592084429,295.16908080047807
18400000,36800.00000657964,-23502.914164811024,315.23583026090137
18405000,36810.00000658168,-23727.234029621817,299.4964530429106
18410000,36820.000006583716,-24093.26835133476,297.2869337119709
18415000,36830.00000658575,-23900.556370358783,292.64893293589927
18420000,36840.00000658779,-23820.66712541478,307.1941901382751
18425000,36850.00000658983,-23832.715008956846,302.94331129639687
18430000,36860.000006591865,-23860.226934410122,292.72935318388477
18435000,36870.0000065939,-23821.947864095404,299.25257277647626
18440000,36880.00000659594,-23631.371860269952,296.22451342785075
18445000,36890.00000659798,-23817.008799738906,306.77504960548634
18450000,36900.000006600014,-23912.855355255175,302.70287234238344
18455000,36910.00000660205,-24378.53200553867,290.4224854382575
18460000,36920.00000660409,-23889.07453043478,305.7259244780735
18465000,36930.000006606126,-23895.577328406303,304.14754102351617
18470000,36940.00000660816,-23684.76853898396,299.14144845539255
18475000,36950.0000066102,-24317.103641007256,293.8168762495658
18480000,36960.00000661224,-24107.602679893535,302.8033945462594
18485000,36970.000006614275,-23964.050210330883,286.4514959360524
18490000,36980.00000661631,-23747.49855623921,292.606852854953
18495000,36990.00000661835,-23952.91648903719,296.9721770633131
18500000,37000.00000662039,-23990.55026440941,296.5407433836323
18505000,37010.000006622424,-23359.284211705017,302.9812968969949
18510000,37020.00000662446,-24020.787061157855,297.329290972639
18515000,37030.0000066265,-23943.51183652258,302.56863603031235
18520000,37040.000006628536,-24055.541452782956,305.59732866140956
18525000,37050.00000663057,-23919.54025086522,294.52006773137447
18530000,37060.00000663261,-24004.014655700797,309.52832142471016
18535000,37070.00000663465,-23926.74911246306,294.215052472216
18540000,37080.000006636685,-23773.810913399677,295.4097572216102
18545000,37090.00000663872,-23842.631961829597,299.9665267406761
18550000,37100.00000664076,-23895.228219746554,295.4026831211329
18555000,37110.0000066428,-23918.902399576444,298.39753478211975
18560000,37120.000006644834,-23858.58710416482,297.42013571333706
18565000,37130.00000664687,-24042.203701846447,291.37267599875514
18570000,37140.00000664891,-24173.79012489351,290.03793232172154
18575000,37150.000006650946,-23844.442269982595,304.00360802801225
18580000,37160.00000665298,-23874.22705615053,300.06711052274545
18585000,37170.00000665502,-24068.901342046665,284.98476391665343
18590000,37180.00000665706,-23835.04026955471,296.75097322697445
18595000,37190.000006659095,-23927.454402058705,297.3497953311686
18600000,37200.00000666113,-24101.38511897951,303.2800316367068
18605000,37210.00000666317,-24007.329273648094,301.7449239812056
18610000,37220.00000666521,-23717.05184671645,281.41206157875405
18615000,37230.000006667244,-24002.211273281384,307.4013271836879
18620000,37240.00000666928,-23971.188429291316,298.8616764351665
18625000,37250.00000667132,-24019.609781837353,300.18579906676615
18630000,37260.000006673356,-24148.163347870926,296.1154336086592
18635000,37270.00000667539,-23915.556761051936,306.43566119636444
18640000,37280.00000667743,-23764.446790761576,296.23675149585034
18645000,37290.00000667947,-23910.03345443371,322.0306855952172
18650000,37300.000006681505,-24006.854802009926,292.7460240863356
18655000,37310.00000668354,-23864.68893454915,309.9878664541598
18660000,37320.00000668558,-23827.56718854698,312.9030877143331
18665000,37330.00000668762,-23743.42033472116,290.94148079305046
18670000,37340.000006689654,-23711.574892842036,304.84417057245093
18675000,37350.00000669169,-23925.11263027189,291.08479555592254
18680000,37360.00000669373,-23949.644904294866,306.95724484183614
18685000,37370.000006695765,-23846.87395456899,295.4630108850229
18690000,37380.0000066978,-23840.092137308064,285.3073166910157
18695000,37390.00000669984,-23914.1219601084,294.8197362477257
18700000,37400.00000670188,-23910.75079158647,293.5884620969131
18705000,37410.000006703915,-24264.40132385958,307.6703292559813
18710000,37420.00000670595,-23997.74513072506,295.9366979829026
18715000,37430.00000670799,-23874.908944608644,292.31114728873854
18720000,37440.000006710026,-24176.07131469254,309.15217957004967
18725000,37450.00000671206,-23576.012988504328,293.7149906438673
18730000,37460.0000067141,-24089.33987357421,304.5534655080937
18735000,37470.00000671614,-23835.51841865822,291.5791091545026
18740000,37480.000006718175,-24006.03562542,298.604672664192
18745000,37490.00000672021,-23752.488575556083,306.58965187073926
18750000,37500.00000672225,-23877.974654671445,300.87017036169044
18755000,37510.00000672429,-23750.563005636068,293.93668154501626
18760000,37520.000006726325,-23902.720159355362,314.15784925015987
18765000,37530.00000672836,-23811.596721827766,298.35653092144184
18770000,37540.0000067304,-23768.206953775298,298.58755648129653
18775000,37550.000006732436,-23910.275139819554,303.8982406101351
18780000,37560.00000673447,-23779.70601081474,294.53748418098246
18785000,37570.00000673651,-23868.763731514904,290.92147538583316
18790000,37580.00000673855,-23822.037596138223,292.6994823434643
18795000,37590.000006740585,-23966.49250342739,301.2954716494562
18800000,37600.00000674262,-23909.978823406884,287.5584823646767
18805000,37610.00000674466,-23923.019078714104,301.9233751032472
18810000,37620.0000067467,-24014.461761294762,302.73086110515425
18815000,37630.000006748734,-23797.50938559808,304.9354104427426
18820000,37640.00000675077,-23662.311518454677,289.7701419561891
18825000,37650.00000675281,-23990.249404653194,287.5777918992123
18830000,37660.000006754846,-24103.960003265995,296.92718033752675
18835000,37670.00000675688,-23872.639590934923,311.76617761893107
18840000,37680.00000675892,-23853.690915637068,304.25054429371573
18845000,37690.00000676096,-23962.369206774718,297.2916851400046
18850000,37700.000006762995,-23900.282381155223,292.7020824048387
18855000,37710.00000676503,-23581.594352285363,292.3426329728637
18860000,37720.00000676707,-23908.18720345832,308.23265550214285
18865000,37730.00000676911,-23999.999015713867,305.33488236195814
18870000,37740.000006771144,-23934.291052867702,291.45321958021276
18875000,37750.00000677318,-24121.286451776585,307.3145085597256
18880000,37760.00000677522,-23865.10086732918,301.97953587738226
18885000,37770.000006777256,-23816.405861974577,293.1280104747411
18890000,37780.00000677929,-24128.22479503497,308.8957970468122
18895000,37790.00000678133,-24204.230443189284,306.42910273035983
18900000,37800.00000678337,-23906.15862996962,295.5934622251521
18905000,37810.000006785405,-23896.492366430204,290.3537328861883
18910000,37820.00000678744,-24062.063116054473,307.1608558439127
18915000,37830.00000678948,-23880.99076624775,308.3538066299077
18920000,37840.00000679152,-23852.281647268348,289.9079178842828
18925000,37850.000006793554,-24028.230464845255,305.85875461774407
18930000,37860.00000679559,-23886.629678024066,304.50024561312733
18935000,37870.00000679763,-23791.497252429996,295.2511894907678
18940000,37880.000006799666,-23878.8097789398,284.28080874553325
18945000,37890.0000068017,-23965.35180177279,295.53011892861457
18950000,37900.00000680374,-24078.509637003037,305.3432168170315
18955000,37910.00000680578,-24297.704742091548,300.7617111931659
18960000,37920.000006807815,-23769.349784756763,287.389354637322
18965000,37930.00000680985,-24006.365793947727,283.2985829042798
18970000,37940.00000681189,-23828.787214148862,311.9313207270339
18975000,37950.00000681393,-24250.012763181905,298.08579344272187
18980000,37960.000006815964,-24043.45479975213,293.0504283947743
18985000,37970.000006818,-24034.5896071202,311.3056078016057
18990000,37980.00000682004,-23857.617807443734,296.7755173406718
18995000,37990.000006822076,-23879.75521409468,296.8761776755489
19000000,38000.00000682411,-23825.465942576877,299.62708841372284
19005000,38010.00000682615,-23796.343622489134,305.5270793112746
19010000,38020.00000682819,-23923.40089936166,301.63157217295134
19015000,38030.000006830225,-23948.349929714677,300.3798549615516
19020000,38040.00000683226,-23922.544905453993,294.10769480122565
19025000,38050.0000068343,-23994.052408354037,286.3617738261593
19030000,38060.00000683634,-23889.457726690467,291.81915940914655
19035000,38070.000006838374,-23784.87890867688,289.171662133408
19040000,38080.00000684041,-23725.50164311666,307.4092174902449
19045000,38090.00000684245,-24085.673618532514,300.0554157210711
19050000,38100.000006844486,-23790.349506154627,305.60363594665466
19055000,38110.00000684652,-24081.7365415354,287.6960075750335
19060000,38120.00000684856,-23905.388520130437,282.9960330585547
19065000,38130.0000068506,-23729.152638063853,304.6034325185893
19070000,38140.000006852635,-23733.478844841404,302.4045760126977
19075000,38150.00000685467,-24123.876502492683,293.6870506210965
19080000,38160.00000685671,-23956.593999050674,286.8976665688447
19085000,38170.00000685875,-24061.881407099732,299.05650095903343
19090000,38180.000006860784,-23435.24204294513,301.5589106277724
19095000,38190.00000686282,-23943.704171527323,286.7876472640521
19100000,38200.00000686486,-23801.5999403709,299.76205953841884
19105000,38210.000006866896,-23902.266633653024,292.8880828197103
19110000,38220.00000686893,-23797.662366483724,296.16178722655064
19115000,38230.00000687097,-23629.568404468344,307.333367392339
19120000,38240.00000687301,-23727.607000477205,314.9149289577672
19125000,38250.000006875045,-24139.847833068066,290.31722823725687
19130000,38260.00000687708,-23971.1951108106,302.99120429484515
19135000,38270.00000687912,-23568.51824466375,298.16227760039067
19140000,38280.00000688116,-24010.816751290127,304.15614173808444
19145000,38290.000006883194,-23792.077335053124,311.2121076585057
19150000,38300.00000688523,-24014.09049816146,315.1211795172673
19155000,38310.00000688727,-24054.624995650345,291.70278400419033
19160000,38320.000006889306,-23757.184902262496,297.98654216704983
19165000,38330.00000689134,-23892.19934954011,293.0613521273729
19170000,38340.00000689338,-23618.70123204119,301.139638993609
19175000,38350.00000689542,-23900.66612601826,287.52990215442964
19180000,38360.000006897455,-23973.48695464585,298.2842233547922
19185000,38370.00000689949,-23998.975573423377,298.4743617854758
19190000,38380.00000690153,-23732.030348754473,298.3672889102439
19195000,38390.00000690357,-23897.40674006811,293.68698765713395
19200000,38400.000006905604,-23774.93196960415,297.94481443355863
19205000,38410.00000690764,-23760.939706376143,302.36609533998154
19210000,38420.00000690968,-24209.973726823373,312.5972808693309
19215000,38430.000006911716,-23792.020397993852,304.27169681246994
19220000,38440.00000691375,-23788.213857383293,279.8366791324573
19225000,38450.00000691579,-23809.818220018584,298.61579072809167
19230000,38460.00000691783,-23864.86859574505,291.81146217812744
19235000,38470.000006919865,-24120.149955770466,299.7429704890064
19240000,38480.0000069219,-23772.088840556564,298.0844236086704
19245000,38490.00000692394,-23786.884316973694,299.60819278126445
19250000,38500.00000692598,-23784.365547067806,300.6610232902416
19255000,38510.000006928014,-23950.187053595335,291.0699030046618
19260000,38520.00000693005,-23851.95059896444,299.1527158310435
19265000,38530.00000693209,-23771.92442568307,285.40742464893594
19270000,38540.000006934126,-24019.14908269138,301.3180410910212
19275000,38550.00000693616,-23592.7100563594,302.2015444668016
19280000,38560.0000069382,-23814.31736614775,311.4229972322397
19285000,38570.00000694024,-23967.3909860172,293.97797969617454
19290000,38580.000006942275,-24042.66980539015,307.0264685424186
19295000,38590.00000694431,-23641.983208650694,305.96307815081167
19300000,38600.00000694635,-23919.075018499716,290.06138368457977
19305000,38610.00000694839,-23818.06782405026,302.1560432626054
19310000,38620.000006950424,-24002.94689025529,297.5782144137598
19315000,38630.00000695246,-24078.850141701158,294.17996308999017
19320000,38640.0000069545,-24107.505477351995,285.40990995318333
19325000,38650.000006956536,-23951.459226833045,293.75110659778903
19330000,38660.00000695857,-24089.88044005705,287.5874386184234
19335000,38670.00000696061,-24126.534571320648,308.84124107811124
19340000,38680.00000696265,-24057.33911601652,292.23837408808754
19345000,38690.000006964685,-23980.562110509505,306.4447327122167
19350000,38700.00000696672,-23915.35861446745,296.4660970079806
19355000,38710.00000696876,-23727.353238021373,288.9137570224994
19360000,38720.0000069708,-24059.33461546994,298.1759076388561
19365000,38730.000006972834,-23714.46394805053,298.6534377633021
19370000,38740.00000697487,-23526.707628799573,297.25712504488075
19375000,38750.00000697691,-23885.420360379372,282.32437513711886
19380000,38760.000006978946,-23765.790933483004,299.0192997969267
19385000,38770.00000698098,-23674.767487000747,288.45630006876746
19390000,38780.00000698302,-23992.03649388798,299.11924733563336
19395000,38790.00000698506,-24064.271802397125,286.7635043457816
19400000,38800.000006987095,-23997.655739091846,296.19541606718894
19405000,38810.00000698913,-23997.00103486242,296.8665068123132
19410000,38820.00000699117,-24059.856230750927,296.98325864076116
19415000,38830.00000699321,-24388.285646180288,303.4674388809996
19420000,38840.000006995244,-23784.43037048698,301.081768515212
19425000,38850.00000699728,-23788.49693825553,288.904698132272
19430000,38860.00000699932,-24060.161254954917,292.0200733675276
19435000,38870.000007001356,-23930.45292760685,304.52839626050036
19440000,38880.00000700339,-24182.546569496393,303.96031270223096
19445000,38890.00000700543,-24087.42475328062,290.5921649944206
19450000,38900.00000700747,-24117.057970291324,312.3116986917756
19455000,38910.000007009505,-23766.36954901935,293.2755594592859
19460000,38920.00000701154,-23951.544688614915,306.48653643040535
19465000,38930.00000701358,-23818.119954935362,306.72248178529486
19470000,38940.00000701562,-23863.357533551592,294.9957817908707
19475000,38950.000007017654,-23939.180645058732,299.0136354957296
19480000,38960.00000701969,-24049.85480523207,289.6048995351898
19485000,38970.00000702173,-23776.942415461934,292.38674349248856
19490000,38980.000007023766,-23992.449150950837,305.77695297352307
19495000,38990.0000070258,-23779.05320120878,302.15936619307956
19500000,39000.00000702784,-23626.884121670868,304.75721354018464
19505000,39010.00000702988,-23794.79034762834,309.51282283677915
19510000,39020.000007031915,-23979.4184587279,293.11737503244467
19515000,39030.00000703395,-24361.10065079482,299.00929745662546
19520000,39040.00000703599,-24163.41726769939,286.17528641576746
19525000,39050.00000703803,-23542.276256367404,305.16099661441575
19530000,39060.000007040064,-23805.18651546593,302.30948095280377
19535000,39070.0000070421,-23713.412152472825,302.55376743970993
19540000,39080.00000704414,-23642.667336297396,299.6752869859343
19545000,39090.000007046176,-23781.812194152197,294.1089048227036
19550000,39100.00000704821,-23851.35827304976,293.5938748709269
19555000,39110.00000705025,-24081.682255191845,297.2544460318258
19560000,39120.00000705229,-23885.203976735997,281.9386444933292
19565000,39130.000007054325,-23771.395306738166,311.8203299394074
19570000,39140.00000705636,-23828.237625896334,290.09571664460447
19575000,39150.0000070584,-23737.222281973634,301.8253395499255
19580000,39160.00000706044,-23905.492376627546,298.1196183879516
19585000,39170.000007062474,-23875.937793388395,297.1194598455029
19590000,39180.00000706451,-23976.03637685845,297.13049310353637
19595000,39190.00000706655,-23839.389514430688,304.5801700918405
19600000,39200.000007068586,-23766.368681237756,310.8224208156754
19605000,39210.00000707062,-23786.539889502514,309.6811806434046
19610000,39220.00000707266,-24122.166466067327,308.44891449217977
19615000,39230.0000070747,-23992.497439573417,296.5029449695085
19620000,39240.000007076735,-23985.167468685453,296.8079285223949
19625000,39250.00000707877,-23757.42810818291,300.19737750112273
19630000,39260.00000708081,-24140.768055534747,295.556496083771
19635000,39270.00000708285,-23881.00353311804,291.96067768984665
19640000,39280.000007084884,-23716.667101520317,297.4099695829275
19645000,39290.00000708692,-24008.54304852712,299.47302453144636
19650000,39300.00000708896,-23755.134533036617,301.25505700753183
19655000,39310.000007090995,-23847.724735972544,297.02893378947084
19660000,39320.00000709303,-23677.905211956037,299.08714565812863
19665000,39330.00000709507,-23911.363029602944,298.1887163309809
19670000,39340.00000709711,-23821.7349741308,294.9737873046388
19675000,39350.000007099145,-23834.65654753291,292.2830719226552
19680000,39360.00000710118,-24239.286996687748,296.54899879277315
19685000,39370.00000710322,-23856.758437287586,298.09081236431734
19690000,39380.00000710526,-23961.949849858996,305.0904813773004
19695000,39390.000007107294,-24065.03410260353,305.46994278573277
19700000,39400.00000710933,-23886.97642801558,307.3137481506032
19705000,39410.00000711137,-23794.00456018871,303.438022317278
19710000,39420.000007113405,-24130.744445403543,291.11741569440784
19715000,39430.00000711544,-23896.778375897513,298.90865735462484
19720000,39440.00000711748,-24144.371556976374,297.38984388881056
19725000,39450.00000711952,-23990.026540283507,315.3034618117575
19730000,39460.000007121555,-23811.166824949585,304.44975834042583
19735000,39470.00000712359,-23740.784253859674,301.02890605679937
19740000,39480.00000712563,-24104.760414760036,297.0518781318923
19745000,39490.000007127666,-23730.82065410049,311.6311671401708
19750000,39500.0000071297,-24033.208096459508,295.1943315161919
19755000,39510.00000713174,-23909.38223364472,294.41917169379195
19760000,39520.00000713378,-23954.621672096648,310.40647098468406
19765000,39530.000007135815,-23748.087208742305,301.34006173029303
19770000,39540.00000713785,-23936.22812700318,292.1455204160216
19775000,39550.00000713989,-23822.243013026397,302.6610472511104
19780000,39560.00000714193,-24150.432136178657,305.49687909434726
19785000,39570.000007143964,-23699.07035343039,301.5068176480331
19790000,39580.000007146,-24040.6805003787,291.4048778957756
19795000,39590.00000714804,-23502.762732551113,307.23295047231966
19800000,39600.000007150076,-23772.90503125089,297.68431012396644
19805000,39610.00000715211,-23982.936496132083,302.02534962123525
19810000,39620.00000715415,-24002.022385457167,294.8031323459038
19815000,39630.00000715619,-24216.436091629395,298.08347964131445
19820000,39640.000007158225,-23857.27150431888,299.79019998922945
19825000,39650.00000716026,-23978.569013770233,287.56009632544044
19830000,39660.0000071623,-23977.92199788663,308.0930408447898
19835000,39670.00000716434,-23847.035555189286,308.4241026739151
19840000,39680.000007166374,-23962.218095148317,309.17841077357707
19845000,39690.00000716841,-23848.238136876316,301.7812042238902
19850000,39700.00000717045,-23679.742420979383,303.4608141223125
19855000,39710.000007172486,-23702.90516701227,295.45895182227
19860000,39720.00000717452,-23922.795141548515,292.6594193186186
19865000,39730.00000717656,-23802.79491364665,300.1972162377696
19870000,39740.0000071786,-23997.243164293774,296.64531724164493
19875000,39750.000007180635,-23587.69579798721,290.42616379356093
19880000,39760.00000718267,-23799.39800600044,291.2937867387495
19885000,39770.00000718471,-23933.63292430916,310.7503948828321
19890000,39780.00000718675,-24053.874941414455,302.426411672715
19895000,39790.000007188784,-24034.788999532102,292.5898602712711
19900000,39800.00000719082,-23992.093744022437,290.83943665010133
19905000,39810.00000719286,-24205.58825595719,308.3381902137563
19910000,39820.000007194896,-23851.544793142675,301.14731360171436
19915000,39830.00000719693,-24009.154145304332,306.553199136787
19920000,39840.00000719897,-23547.51956834647,297.7368304475953
19925000,39850.00000720101,-23619.859946848155,300.7283035540803
19930000,39860.000007203045,-24042.721041733064,300.70996499005844
19935000,39870.00000720508,-23949.249803621045,298.48743263495487
19940000,39880.00000720712,-23858.30299313384,299.3430497309694
19945000,39890.00000720916,-23886.766132190765,291.5726865235862
19950000,39900.000007211194,-23809.497805766383,297.5070603562568
19955000,39910.00000721323,-23776.626949992715,291.41704666279935
19960000,39920.00000721527,-23617.76130185218,293.054752595861
19965000,39930.000007217306,-23886.689261228385,295.83366108521426
19970000,39940.00000721934,-23950.750544005277,290.9542054726985
19975000,39950.00000722138,-23989.083568582995,310.3753793129418
19980000,39960.00000722342,-24117.70823361873,289.2950969194181
19985000,39970.000007225455,-24126.200695198946,296.01776848471496
19990000,39980.00000722749,-23890.89954327485,297.00288635168937
19995000,39990.00000722953,-23803.07212901702,302.58177523399854
20000000,40000.00000723157,-24077.487669293696,294.3077857662571
20005000,40010.000007233604,-23789.44577215152,292.120678051136
20010000,40020.00000723564,-24127.85650415375,303.04122444459176
20015000,40030.00000723768,-23672.239506577273,293.40483140262916
20020000,40040.000007239716,-23948.56085353624,286.6276899051198
20025000,40050.00000724175,-23709.615223956353,301.05747460068875
20030000,40060.00000724379,-23979.769557560823,297.5994551402802
20035000,40070.00000724583,-23942.566597040175,291.35029946294117
20040000,40080.000007247865,-23736.096250694565,301.93125232324144
20045000,40090.0000072499,-24157.1962457559,298.66903853610245
20050000,40100.00000725194,-23980.631205060054,307.0428181079802
20055000,40110.00000725398,-23781.601872941814,292.58873158478127
20060000,40120.000007256014,-23762.725314187075,284.1936864618011
20065000,40130.00000725805,-23679.42042994297,286.85007455904355
20070000,40140.00000726009,-23899.87564259098,294.1226721260058
20075000,40150.000007262126,-23731.432975053147,305.9760586069493
20080000,40160.00000726416,-23445.633394623554,296.34658781884167
20085000,40170.0000072662,-23781.373111372173,297.11019936957746
20090000,40180.00000726824,-23773.216623391694,298.16649132774126
20095000,40190.000007270275,-23950.258035949315,286.11626233807203
20100000,40200.00000727231,-24279.931077013243,302.50600965253
20105000,40210.00000727435,-23756.314112539156,290.275841982021
20110000,40220.00000727639,-24197.835551737517,297.58870328917897
20115000,40230.000007278424,-23671.214777116023,297.98184624015016
20120000,40240.00000728046,-23829.72025109973,294.88745658779277
20125000,40250.0000072825,-24157.648309571145,296.4190456309107
20130000,40260.000007284536,-24203.235729252585,299.05415298175654
20135000,40270.00000728657,-23934.102007644527,316.52274978689724
20140000,40280.00000728861,-23862.806801992163,304.1988988237859
20145000,40290.00000729065,-23773.50898996032,298.5047659857308
20150000,40300.000007292685,-23858.695677516094,292.82951724168186
20155000,40310.00000729472,-24007.82263484715,306.284106045286
20160000,40320.00000729676,-23992.995565237274,295.67025011717243
20165000,40330.0000072988,-23518.251748610608,296.1243854536294
20170000,40340.000007300834,-23993.149805668567,294.0824264747586
20175000,40350.00000730287,-24242.821542294478,306.8217909511763
20180000,40360.00000730491,-23952.636381087766,297.0311479265442
20185000,40370.000007306946,-23951.53864755291,300.16184761003944
20190000,40380.00000730898,-23719.545343043676,304.3259514975634
20195000,40390.00000731102,-23803.255989883473,305.07755054960546
20200000,40400.00000731306,-24004.398066006048,291.2795821139774
20205000,40410.000007315095,-23802.559137806777,300.88904492609845
20210000,40420.00000731713,-23777.347399615624,307.90764565748594
20215000,40430.00000731917,-23951.269669180532,285.67994605571437
20220000,40440.00000732121,-23681.57421907311,306.4549434110279
20225000,40450.000007323244,-23933.33587752466,303.5396617667494
20230000,40460.00000732528,-23638.323046428253,304.74343366802276
20235000,40470.00000732732,-23884.47668452184,287.01946609152026
20240000,40480.000007329356,-23876.762594911255,297.82336200418604
20245000,40490.00000733139,-24206.216529368015,303.01779774237707
20250000,40500.00000733343,-24026.623770733146,312.2100449955266
20255000,40510.00000733547,-23980.828500039235,305.6612346271973
20260000,40520.000007337505,-23910.624271550434,309.3698440625674
20265000,40530.00000733954,-23894.66696192058,292.9231565033815
20270000,40540.00000734158,-23873.095181985453,296.7511583054468
20275000,40550.00000734362,-23753.7245741323,300.2967979467877
20280000,40560.000007345654,-23795.246131946595,301.7109542808659
20285000,40570.00000734769,-23982.02924373545,288.52446366013686
20290000,40580.00000734973,-24084.03350442463,302.7347065449659
20295000,40590.000007351766,-24001.499322385833,293.90552647530586
20300000,40600.0000073538,-23829.459398182807,292.109258984312
20305000,40610.00000735584,-23635.50128325465,301.9169443059734
20310000,40620.00000735788,-23825.581080765012,302.68330858758526
20315000,40630.000007359915,-23883.79795727071,301.9086133204012
20320000,40640.00000736195,-23947.75439072572,296.3500950095066
20325000,40650.00000736399,-23668.399724254312,294.7489722444656
20330000,40660.00000736603,-23756.796990622024,294.33034151773956
20335000,40670.000007368064,-23942.319498450393,293.9193059187998
20340000,40680.0000073701,-23871.42509359779,299.9588071711862
20345000,40690.00000737214,-24289.941541335313,294.3789662957004
20350000,40700.000007374176,-24045.196998121566,304.3993632005818
20355000,40710.00000737621,-23908.705907062977,301.8638081552408
20360000,40720.00000737825,-23728.19267439276,293.0436162311871
20365000,40730.00000738029,-23703.102765461605,300.4511740527304
20370000,40740.000007382325,-23638.051074333693,299.66913915195346
20375000,40750.00000738436,-23775.475499695327,298.25163836266574
20380000,40760.0000073864,-23768.768707311217,293.9462921356279
20385000,40770.00000738844,-23732.14028903692,301.7065232573559
20390000,40780.000007390474,-23720.50836458837,310.0108246280647
20395000,40790.00000739251,-23891.708498752254,297.23856614604756
20400000,40800.00000739455,-23743.320569514995,301.319861293252
20405000,40810.000007396586,-23900.69723626641,284.5705904990526
20410000,40820.00000739862,-24093.407472863386,308.00198143409807
20415000,40830.00000740066,-23848.236255597556,295.3615657282102
20420000,40840.0000074027,-23915.426430910156,292.572048818566
20425000,40850.000007404735,-23948.5581348836,302.6361409477422
20430000,40860.00000740677,-23858.68623990468,301.6188850250373
20435000,40870.00000740881,-23886.4650939548,295.33234197592736
20440000,40880.00000741085,-23812.69677595982,303.4442585807396
20445000,40890.000007412884,-23912.09050293392,311.25734983614325
20450000,40900.00000741492,-23992.74898697679,304.8847689243523
20455000,40910.00000741696,-23879.434407528344,286.5538730768174
20460000,40920.000007418996,-24212.31339239514,298.03181839328005
20465000,40930.00000742103,-24048.17785442702,292.0791977585596
20470000,40940.00000742307,-23622.647108306817,305.39673357788905
20475000,40950.00000742511,-24045.24786001505,297.0974310411541
20480000,40960.000007427145,-23939.914589614506,301.7222654891008
20485000,40970.00000742918,-23659.573422708418,302.7823823703586
20490000,40980.00000743122,-23915.550252181085,288.26694856100744
20495000,40990.00000743326,-23826.510984268985,301.41145098360863
20500000,41000.000007435294,-24046.1062865063,284.2016432738902
20505000,41010.00000743733,-23784.849440498176,299.35256255790097
20510000,41020.00000743937,-23904.617547327638,291.9078044042778
20515000,41030.000007441406,-24123.193881613275,296.3684750006208
20520000,41040.00000744344,-24008.26831069785,300.62496021030876
20525000,41050.00000744548,-23939.260175539137,304.8878033118721
20530000,41060.00000744752,-23981.695444287703,295.3445997313529
20535000,41070.000007449555,-23631.865681259762,283.19188694657157
20540000,41080.00000745159,-24138.402822917546,309.34983076404063
20545000,41090.00000745363,-23828.37640820659,303.23047919978774
20550000,41100.00000745567,-23713.94216252827,292.49122437144536
20555000,41110.000007457704,-23942.500317656377,300.3160618987187
20560000,41120.00000745974,-23767.78154412785,297.76825404762184
20565000,41130.00000746178,-24085.14160142772,309.689967888876
20570000,41140.000007463816,-23737.66415852883,292.8773772983377
20575000,41150.00000746585,-23775.405756060558,297.7340751302462
20580000,41160.00000746789,-23551.236578372453,303.00389976938266
20585000,41170.00000746993,-23584.47392510576,295.6549313337305
20590000,41180.000007471965,-23925.92725533944,309.1762235135862
20595000,41190.000007474,-23937.316137612477,287.716328250928
20600000,41200.00000747604,-23838.925178541715,307.9604797895129
20605000,41210.00000747808,-24058.261275258206,297.60973451465554
20610000,41220.000007480114,-23966.56184078887,294.25566731361477
20615000,41230.00000748215,-23801.868172258502,296.2211511898722
20620000,41240.00000748419,-24027.896192267,296.70156334184963
20625000,41250.000007486226,-23817.858976130665,294.17980373213794
20630000,41260.00000748826,-23714.210207213182,289.6103934235466
20635000,41270.0000074903,-23940.20016562054,297.8566532685858
20640000,41280.00000749234,-23932.039695564963,302.97347393218945
20645000,41290.000007494375,-24058.540151633497,301.198877586181
20650000,41300.00000749641,-24097.596178660693,300.502671935772
20655000,41310.00000749845,-23946.211553163623,304.75871124821884
20660000,41320.00000750049,-24015.28648853123,296.45743200864837
20665000,41330.000007502524,-23932.616081596614,294.4861032333701
20670000,41340.00000750456,-23691.162244659412,306.07238230756946
20675000,41350.0000075066,-23918.035751406802,304.7177079001151
20680000,41360.000007508635,-24037.000925252738,303.3337695227886
20685000,41370.00000751067,-23896.800844849,289.55797328014927
20690000,41380.00000751271,-24052.513350562935,294.9015372839532
20695000,41390.00000751475,-23983.139814330178,290.6312577386267
20700000,41400.000007516785,-23788.575900123527,296.6117300223173
20705000,41410.00000751882,-23771.472165189974,296.69645889561036
20710000,41420.00000752086,-24090.677848909603,304.0844709573174
20715000,41430.000007522896,-24007.445956120166,303.24522199563177
20720000,41440.00000752493,-23857.739037806517,296.8748349322271
20725000,41450.00000752697,-24073.149328901418,298.3175492728415
20730000,41460.00000752901,-23644.993371770368,281.88266330346755
20735000,41470.000007531045,-23916.90214076682,284.6510366593695
20740000,41480.00000753308,-23886.95274690041,302.7415302685256
20745000,41490.00000753512,-23914.371701467157,313.0255810684021
20750000,41500.00000753716,-24188.805730361186,297.9050334029044
20755000,41510.000007539194,-23891.288584295573,303.56198094793876
20760000,41520.00000754123,-23860.418973019856,307.99711971118893
20765000,41530.00000754327,-23692.862720665755,305.35200877091603
20770000,41540.000007545306,-23713.441812798366,300.5184522830997
20775000,41550.00000754734,-24122.91265485561,303.7692841129401
20780000,41560.00000754938,-24082.308790969997,301.50227962020983
20785000,41570.00000755142,-23841.957955437436,295.5778689578591
20790000,41580.000007553455,-23958.391554324597,314.905527242715
20795000,41590.00000755549,-23728.194651960075,299.5881328342947
20800000,41600.00000755753,-23969.016679362278,291.28209284053855
20805000,41610.00000755957,-24047.074733059853,292.859176589641
20810000,41620.000007561604,-23934.363162970272,299.1012530993044
20815000,41630.00000756364,-23904.470451475703,293.3978670738963
20820000,41640.00000756568,-23829.007586210748,302.6800547246003
20825000,41650.000007567716,-23701.187363892415,298.1995389229659
20830000,41660.00000756975,-23790.950596016104,291.2573564498687
20835000,41670.00000757179,-24014.104736091555,296.653145750023
20840000,41680.00000757383,-23868.998733874614,290.7180682209031
20845000,41690.000007575865,-23986.785882522105,294.6263676915326
20850000,41700.0000075779,-23819.766606442674,295.68816360057656
20855000,41710.00000757994,-23957.913289306205,302.23332698075296
20860000,41720.00000758198,-23884.612340057865,299.330146395304
20865000,41730.000007584014,-23994.76937089718,300.1493629025903
20870000,41740.00000758605,-24029.02026878076,290.00918951132365
20875000,41750.00000758809,-23991.30909407772,291.72651930544185
20880000,41760.000007590126,-23984.984249571222,298.39780059060797
20885000,41770.00000759216,-24015.565955438826,307.01787574059625
20890000,41780.0000075942,-23803.59614687378,302.24595183889534
20895000,41790.00000759624,-23894.59071250973,301.2775266079778
20900000,41800.000007598275,-23784.631723316255,300.1291336616005
20905000,41810.00000760031,-23905.67792476859,306.5677071976756
20910000,41820.00000760235,-23941.799252769662,306.1573290468094
20915000,41830.00000760439,-23713.924147261438,304.7427997271967
20920000,41840.000007606424,-24014.934819831862,303.6288934499303
20925000,41850.00000760846,-23646.232143176196,311.42935931488205
20930000,41860.0000076105,-23744.81246714294,289.0673413790018
20935000,41870.000007612536,-24180.762056738356,291.478471133956
20940000,41880.00000761457,-23844.255534751108,298.1224593660638
20945000,41890.00000761661,-23633.89326411656,296.09338370470454
20950000,41900.00000761865,-24099.069515211348,303.4005750334547
20955000,41910.000007620685,-23774.980865107616,290.16387226390924
20960000,41920.00000762272,-23966.040765433834,288.2024283697715
20965000,41930.00000762476,-23752.051410575223,303.50530305925065
20970000,41940.0000076268,-23952.731857025778,302.91627094961405
20975000,41950.000007628834,-23638.65813371184,296.3352439579159
20980000,41960.00000763087,-24039.069114181926,292.98614119320297
20985000,41970.00000763291,-23818.3504033847,292.7289014995809
20990000,41980.000007634946,-23774.453682280786,295.91274781775996
20995000,41990.00000763698,-24125.272780910338,297.63029353609465
21000000,42000.00000763902,-23426.187703713615,290.18750971494035
21005000,42010.00000764106,-23697.563568025158,296.0266332730959
21010000,42020.000007643095,-23836.83882574906,290.8459117423625
21015000,42030.00000764513,-23871.15023567043,286.58209532384814
21020000,42040.00000764717,-23863.278242907254,297.60449014663817
21025000,42050.00000764921,-23687.489508098137,290.5628618115704
21030000,42060.000007651244,-23945.109333882923,308.90938621029625
21035000,42070.00000765328,-23666.722986447916,295.305384640434
21040000,42080.00000765532,-23931.481723653545,294.9723485091912
21045000,42090.000007657356,-23628.097846551085,312.8673560502692
21050000,42100.00000765939,-23968.661669155757,317.3633447202068
21055000,42110.00000766143,-23779.474970981988,300.6686661516021
21060000,42120.00000766347,-24060.509217929153,296.41977521105935
21065000,42130.000007665505,-23738.731773156018,297.37711466382274
21070000,42140.00000766754,-24033.53056053004,307.86781066455904
21075000,42150.00000766958,-23760.266639011912,297.57066365003845
21080000,42160.00000767162,-23840.679354602922,297.0886428291206
21085000,42170.000007673654,-23825.370926198215,298.8954568986811
21090000,42180.00000767569,-23815.830917595187,298.39207072517155
21095000,42190.00000767773,-24000.378247127126,297.585273478907
21100000,42200.000007679766,-23763.534782062707,296.9764173741244
21105000,42210.0000076818,-23958.312450029887,303.2950137400413
21110000,42220.00000768384,-23667.0648898442,300.56228747383386
21115000,42230.00000768588,-23758.859660722985,302.480099857326
21120000,42240.000007687915,-23782.9906432031,301.2050862495862
21125000,42250.00000768995,-23924.722263043557,297.7223655364344
21130000,42260.00000769199,-23783.779018393412,310.8449668196749
21135000,42270.00000769403,-23881.294848067177,303.86095766598083
21140000,42280.000007696064,-23560.398467733932,306.0180079539933
21145000,42290.0000076981,-23891.3979088543,295.8200983147443
21150000,42300.00000770014,-24023.72381363809,289.31138305805194
21155000,42310.000007702176,-23991.795953433262,303.4099110094168
21160000,42320.00000770421,-24030.100763587456,305.9855304607913
21165000,42330.00000770625,-23820.311522480057,297.7483079479827
21170000,42340.00000770829,-23988.105690321696,292.7747576253841
21175000,42350.000007710325,-23969.177472934956,292.5122891459933
21180000,42360.00000771236,-23828.139039074915,292.233461042595
21185000,42370.0000077144,-23664.92348081802,304.4802568719608
21190000,42380.00000771644,-23861.01935866142,300.97314332768474
21195000,42390.000007718474,-23832.006964997403,294.7454093106153
21200000,42400.00000772051,-23921.194740579012,294.1181470571077
21205000,42410.00000772255,-23899.22662345358,302.12616613724816
21210000,42420.000007724586,-24242.63807100877,292.11870530844163
21215000,42430.00000772662,-23646.15228444134,281.41325609006066
21220000,42440.00000772866,-23853.296078577667,295.304921187838
21225000,42450.0000077307,-23846.17731825575,302.4676161106794
21230000,42460.000007732735,-23906.926741391275,300.3196006173292
21235000,42470.00000773477,-23949.424599792183,303.0749348850209
21240000,42480.00000773681,-23859.41331679588,296.2889282086963
21245000,42490.00000773885,-23804.411527711272,291.4950851826825
21250000,42500.000007740884,-23947.687730660386,289.56455574872797
21255000,42510.00000774292,-24029.702675767243,298.63826982895336
21260000,42520.00000774496,-23942.567221610312,306.98324718689065
21265000,42530.000007746996,-23630.588504648913,298.05754847854996
21270000,42540.00000774903,-23950.61840392422,282.71722380188
21275000,42550.00000775107,-23887.59085018029,306.2416812461253
21280000,42560.00000775311,-23714.86957729049,296.4082923018742
21285000,42570.000007755145,-23860.511461048285,301.48566583298594
21290000,42580.00000775718,-23952.65029967096,303.07845173525504
21295000,42590.00000775922,-23833.287686231517,301.6215532868423
21300000,42600.00000776126,-24006.47122386517,308.36154302684884
21305000,42610.000007763294,-23810.189103479395,303.2875322281066
21310000,42620.00000776533,-23980.84531766649,288.87744185589725
21315000,42630.00000776737,-24034.668963945573,311.6234766566758
21320000,42640.000007769406,-23943.515695082417,298.62615009637426
21325000,42650.00000777144,-23833.556254321025,293.9638544306514
21330000,42660.00000777348,-23999.533553406975,304.0451198045902
21335000,42670.00000777552,-23909.24148327997,295.8098041483089
21340000,42680.000007777555,-23631.96899273641,295.3683724713806
21345000,42690.00000777959,-23914.68415811703,294.9506551615585
21350000,42700.00000778163,-23628.71484721586,302.2880817882405
21355000,42710.00000778367,-23867.353895703767,290.9331817445074
21360000,42720.000007785704,-23931.990501674532,294.38523968599713
21365000,42730.00000778774,-23932.67935681087,300.8537117840759
21370000,42740.00000778978,-23650.750376853233,299.13402980004753
21375000,42750.000007791816,-24209.597258939655,295.62755344157034
21380000,42760.00000779385,-23856.849133790383,318.75741680934794
21385000,42770.00000779589,-23877.87058073467,289.73859853166766
21390000,42780.00000779793,-23628.91261145477,296.2765255787997
21395000,42790.000007799965,-24150.28041403927,291.34040147909633
21400000,42800.000007802,-24167.157557044207,304.9047144927643
